#
# A fatal error has been detected by the Java Runtime Environment:
#
#  EXCEPTION_ACCESS_VIOLATION (0xc0000005) at pc=0x00007ffb55ca5990, pid=15320, tid=45232
#
# JRE version: Java(TM) SE Runtime Environment (21.0.10+8) (build 21.0.10+8-LTS-217)
# Java VM: Java HotSpot(TM) 64-Bit Server VM (21.0.10+8-LTS-217, mixed mode, sharing, tiered, compressed oops, compressed class ptrs, g1 gc, windows-amd64)
# Problematic frame:
# V  [jvm.dll+0x345990]
#
# No core dump will be written. Minidumps are not enabled by default on client versions of Windows
#
# If you would like to submit a bug report, please visit:
#   https://bugreport.java.com/bugreport/crash.jsp
#

---------------  S U M M A R Y ------------

Command Line: --add-opens=java.base/java.lang=ALL-UNNAMED --add-opens=java.base/java.lang.invoke=ALL-UNNAMED --add-opens=java.base/java.util=ALL-UNNAMED --add-opens=java.prefs/java.util.prefs=ALL-UNNAMED --add-exports=jdk.compiler/com.sun.tools.javac.api=ALL-UNNAMED --add-exports=jdk.compiler/com.sun.tools.javac.util=ALL-UNNAMED --add-opens=java.base/java.util=ALL-UNNAMED --add-opens=java.prefs/java.util.prefs=ALL-UNNAMED --add-opens=java.base/java.nio.charset=ALL-UNNAMED --add-opens=java.base/java.net=ALL-UNNAMED --add-opens=java.base/java.util.concurrent=ALL-UNNAMED --add-opens=java.base/java.util.concurrent.atomic=ALL-UNNAMED --add-opens=java.xml/javax.xml.namespace=ALL-UNNAMED --add-opens=java.base/java.time=ALL-UNNAMED -Xmx1G -Dfile.encoding=UTF-8 -Duser.country=US -Duser.language=en -Duser.variant -javaagent:C:\Users\Travis\.gradle\wrapper\dists\gradle-9.2.1-bin\2t0n5ozlw9xmuyvbp7dnzaxug\gradle-9.2.1\lib\agents\gradle-instrumentation-agent-9.2.1.jar org.gradle.launcher.daemon.bootstrap.GradleDaemon 9.2.1

Host: Intel(R) Core(TM) i9-9900K CPU @ 3.60GHz, 16 cores, 63G,  Windows 11 , 64 bit Build 26100 (10.0.26100.7920)
Time: Thu Feb 26 16:26:14 2026 Pacific Standard Time elapsed time: 33508.132566 seconds (0d 9h 18m 28s)

---------------  T H R E A D  ---------------

Current thread (0x000002a8ec8b1710):  WorkerThread "GC Thread#5"    [id=45232, stack(0x000000e742f00000,0x000000e743000000) (1024K)]

Stack: [0x000000e742f00000,0x000000e743000000],  sp=0x000000e742fff970,  free space=1022k
Native frames: (J=compiled Java code, j=interpreted, Vv=VM code, C=native code)
V  [jvm.dll+0x345990]
V  [jvm.dll+0x34cb91]
V  [jvm.dll+0x34c39b]
V  [jvm.dll+0x88d951]
V  [jvm.dll+0x80a83d]
V  [jvm.dll+0x6cf3fd]
C  [ucrtbase.dll+0x37b0]
C  [KERNEL32.DLL+0x2e8d7]
C  [ntdll.dll+0x8c48c]


siginfo: EXCEPTION_ACCESS_VIOLATION (0xc0000005), reading address 0x0000000000000009


Registers:
RAX=0x0000000000000002, RBX=0x0000000000000002, RCX=0x0000000000000b9e, RDX=0x000000e742fffa20
RSP=0x000000e742fff970, RBP=0x0000000000000009, RSI=0x000000e7418fef28, RDI=0x000002a8f34b27c8
R8 =0x0000000e00000b9e, R9 =0x0000000000000b9e, R10=0x000002a8f0dfd7b8, R11=0x0000000000000001
R12=0x000000000000001a, R13=0x0000000000000048, R14=0x0000000000000003, R15=0x000000e742fffa20
RIP=0x00007ffb55ca5990, EFLAGS=0x0000000000010246


Register to memory mapping:

RAX=0x0000000000000002 is an unknown value
RBX=0x0000000000000002 is an unknown value
RCX=0x0000000000000b9e is an unknown value
RDX=0x000000e742fffa20 points into unknown readable memory: 0x00000000c8d7a2d8 | d8 a2 d7 c8 00 00 00 00
RSP=0x000000e742fff970 points into unknown readable memory: 0x000002a8f34b2a90 | 90 2a 4b f3 a8 02 00 00
RBP=0x0000000000000009 is an unknown value
RSI=0x000000e7418fef28 points into unknown readable memory: 0x00007ffb56340468 | 68 04 34 56 fb 7f 00 00
RDI=0x000002a8f34b27c8 points into unknown readable memory: 0x0000000000000000 | 00 00 00 00 00 00 00 00
R8 =0x0000000e00000b9e is an unknown value
R9 =0x0000000000000b9e is an unknown value
R10=0x000002a8f0dfd7b8 points into unknown readable memory: 0x0000000000000000 | 00 00 00 00 00 00 00 00
R11=0x0000000000000001 is an unknown value
R12=0x000000000000001a is an unknown value
R13=0x0000000000000048 is an unknown value
R14=0x0000000000000003 is an unknown value
R15=0x000000e742fffa20 points into unknown readable memory: 0x00000000c8d7a2d8 | d8 a2 d7 c8 00 00 00 00

Top of Stack: (sp=0x000000e742fff970)
0x000000e742fff970:   000002a8f34b2a90 0000000000000002
0x000000e742fff980:   0000000000000000 0000000000000000
0x000000e742fff990:   000000e7418fef28 000000e7418fe570
0x000000e742fff9a0:   0000000000000000 000000e7418fef40
0x000000e742fff9b0:   00000000c91f4498 00007ffb55cacb91
0x000000e742fff9c0:   000002a8f34b27b0 00007ffb56529d98
0x000000e742fff9d0:   000000000000000c 000000e7418fe570
0x000000e742fff9e0:   00000000ce973de0 0000000000000000
0x000000e742fff9f0:   000002a8a65a5158 0000000000000009
0x000000e742fffa00:   000002a8f34b27b0 00000000000003d8
0x000000e742fffa10:   000002a8a65a4d80 00007ffb55cac39b
0x000000e742fffa20:   00000000c8d7a2d8 000002a8a65a4d70
0x000000e742fffa30:   000002a8ec83f4d0 000000e7418fe410
0x000000e742fffa40:   000002a8ec8b1710 000002a8eea82ee0
0x000000e742fffa50:   0000004e03fd90e3 00006db5b04075e2
0x000000e742fffa60:   0000004e03fd90e3 00006db5b04075e2
0x000000e742fffa70:   0000000000000000 0000000000000000
0x000000e742fffa80:   00007ffb56340988 000002a8f34b2d60
0x000000e742fffa90:   0000000000000000 0000000000000001
0x000000e742fffaa0:   0000000000000000 000002a8a694dfe0
0x000000e742fffab0:   0000000000000000 0000000000000000
0x000000e742fffac0:   0000000000000009 00007ffb561ed951
0x000000e742fffad0:   000002a88a0d1d38 000002a8ec8b1710
0x000000e742fffae0:   000002a8a694e020 0000000000000009
0x000000e742fffaf0:   000002a8ec8b1710 0000000000100000
0x000000e742fffb00:   0000000000000000 00007ffb5616a83d
0x000000e742fffb10:   000000e742f00000 00000000ffffffff
0x000000e742fffb20:   0000000000000000 0000000000000000
0x000000e742fffb30:   0000000000000004 0000000000001000
0x000000e742fffb40:   0000000400001000 0000000000020000
0x000000e742fffb50:   0000000000000000 00007ffc6c7fba9b
0x000000e742fffb60:   000002a8ec8b1710 0000000000000000 

Instructions: (pc=0x00007ffb55ca5990)
0x00007ffb55ca5890:   40 53 41 54 41 55 41 56 41 57 48 83 ec 20 49 8b
0x00007ffb55ca58a0:   d8 4c 8b ea 44 8b 41 10 4c 8b f9 48 8b d1 45 33
0x00007ffb55ca58b0:   c9 48 8b 8b 98 00 00 00 e8 33 fd ed ff 4c 63 93
0x00007ffb55ca58c0:   a0 00 00 00 4c 63 8b 14 01 00 00 49 83 c2 38 8b
0x00007ffb55ca58d0:   83 10 01 00 00 4d 03 d1 49 03 c2 4e 8d 34 d3 4c
0x00007ffb55ca58e0:   8d 24 c3 4d 3b f4 73 73 48 89 6c 24 50 48 89 74
0x00007ffb55ca58f0:   24 58 48 89 7c 24 60 66 0f 1f 84 00 00 00 00 00
0x00007ffb55ca5900:   49 63 1e 41 8b 46 04 49 03 dd 48 8d 2c c3 48 3b
0x00007ffb55ca5910:   dd 73 30 48 8b 3b 48 85 ff 74 1f 49 8b 77 18 48
0x00007ffb55ca5920:   8b d7 48 8b ce e8 56 1e 00 00 84 c0 74 0c 48 8d
0x00007ffb55ca5930:   4e 18 48 8b d7 e8 66 2b 00 00 48 83 c3 08 48 3b
0x00007ffb55ca5940:   dd 72 d0 49 83 c6 08 4d 3b f4 72 b4 48 8b 7c 24
0x00007ffb55ca5950:   60 48 8b 74 24 58 48 8b 6c 24 50 48 83 c4 20 41
0x00007ffb55ca5960:   5f 41 5e 41 5d 41 5c 5b c3 cc cc cc cc cc cc cc
0x00007ffb55ca5970:   40 53 41 54 41 55 41 56 41 57 48 83 ec 20 49 8b
0x00007ffb55ca5980:   d8 4c 8b ea 44 8b 41 10 4c 8b f9 48 8b d1 45 33
0x00007ffb55ca5990:   c9 48 8b 8b 98 00 00 00 e8 53 fc ed ff 4c 63 93
0x00007ffb55ca59a0:   a0 00 00 00 4c 63 8b 14 01 00 00 49 83 c2 38 8b
0x00007ffb55ca59b0:   83 10 01 00 00 4d 03 d1 49 03 c2 4e 8d 34 d3 4c
0x00007ffb55ca59c0:   8d 24 c3 4d 3b f4 0f 83 7f 00 00 00 48 89 6c 24
0x00007ffb55ca59d0:   50 48 89 74 24 58 48 89 7c 24 60 0f 1f 44 00 00
0x00007ffb55ca59e0:   49 63 1e 41 8b 46 04 49 03 dd 48 8d 2c 83 48 3b
0x00007ffb55ca59f0:   dd 73 40 8b 03 85 c0 74 31 8b 0d 89 35 88 00 8b
0x00007ffb55ca5a00:   f8 49 8b 77 18 48 d3 e7 48 8b ce 48 03 3d 6e 35
0x00007ffb55ca5a10:   88 00 48 8b d7 e8 66 1d 00 00 84 c0 74 0c 48 8d
0x00007ffb55ca5a20:   4e 18 48 8b d7 e8 76 2a 00 00 48 83 c3 04 48 3b
0x00007ffb55ca5a30:   dd 72 c0 49 83 c6 08 4d 3b f4 72 a4 48 8b 7c 24
0x00007ffb55ca5a40:   60 48 8b 74 24 58 48 8b 6c 24 50 48 83 c4 20 41
0x00007ffb55ca5a50:   5f 41 5e 41 5d 41 5c 5b c3 cc cc cc cc cc cc cc
0x00007ffb55ca5a60:   40 53 55 56 57 41 57 48 83 ec 20 49 8b d8 4c 89
0x00007ffb55ca5a70:   64 24 50 44 8b 41 10 4c 8b e2 4c 8b f9 4c 89 6c
0x00007ffb55ca5a80:   24 58 48 8b d1 4c 89 74 24 60 48 8b 8b 98 00 00 


Stack slot to memory mapping:

stack at sp + 0 slots: 0x000002a8f34b2a90 points into unknown readable memory: 0x0000000000000000 | 00 00 00 00 00 00 00 00
stack at sp + 1 slots: 0x0000000000000002 is an unknown value
stack at sp + 2 slots: 0x0 is null
stack at sp + 3 slots: 0x0 is null
stack at sp + 4 slots: 0x000000e7418fef28 points into unknown readable memory: 0x00007ffb56340468 | 68 04 34 56 fb 7f 00 00
stack at sp + 5 slots: 0x000000e7418fe570 points into unknown readable memory: 0x000000000000000d | 0d 00 00 00 00 00 00 00
stack at sp + 6 slots: 0x0 is null
stack at sp + 7 slots: 0x000000e7418fef40 points into unknown readable memory: 0x00007ffb56340478 | 78 04 34 56 fb 7f 00 00


---------------  P R O C E S S  ---------------

Threads class SMR info:
_java_thread_list=0x000002a8ee8f9a50, length=69, elements={
0x000002a887d38580, 0x000002a8a649a900, 0x000002a8a649b560, 0x000002a8a64ae110,
0x000002a8a64b0730, 0x000002a8a64af380, 0x000002a8a64b1450, 0x000002a8a64cb790,
0x000002a8a64ef740, 0x000002a8a64b0dc0, 0x000002a8a64b2170, 0x000002a8a64afa10,
0x000002a8a64aecf0, 0x000002a8a64b00a0, 0x000002a8ed6e2460, 0x000002a8ed6defe0,
0x000002a8ed6e0a20, 0x000002a8ed6e4530, 0x000002a8eed734a0, 0x000002a8eed73b30,
0x000002a8eed74850, 0x000002a8f3ca8900, 0x000002a8f1dc1250, 0x000002a8f6299750,
0x000002a8f3e19170, 0x000002a8f4667e80, 0x000002a8f4dee9c0, 0x000002a8f4df1120,
0x000002a8efe23640, 0x000002a8efe23cd0, 0x000002a8ecc55430, 0x000002a8ecc55ac0,
0x000002a8ecc57500, 0x000002a8ecc56150, 0x000002a8f0fa60d0, 0x000002a8f0fa6df0,
0x000002a8f0fa7480, 0x000002a8f0fa4000, 0x000002a8eed741c0, 0x000002a8eed71a60,
0x000002a8eed713d0, 0x000002a8eed75570, 0x000002a8eed72e10, 0x000002a8eed720f0,
0x000002a8f55ff6f0, 0x000002a8f5601130, 0x000002a8f55fdcb0, 0x000002a8f55ffd80,
0x000002a8f5600410, 0x000002a8f5600aa0, 0x000002a8edcf5750, 0x000002a8eed74ee0,
0x000002a8eed75c00, 0x000002a8eed72780, 0x000002a8eed76fb0, 0x000002a8eed76290,
0x000002a8eed77cd0, 0x000002a8eed76920, 0x000002a8eed78360, 0x000002a8eed77640,
0x000002a8eed789f0, 0x000002a8f3ca7550, 0x000002a8ee595860, 0x000002a8ee594b40,
0x000002a8ee5944b0, 0x000002a8eeac90b0, 0x000002a8eeac8a20, 0x000002a8eeac9740,
0x000002a8eeac8390
}

Java Threads: ( => current thread )
  0x000002a887d38580 JavaThread "main"                              [_thread_blocked, id=16592, stack(0x000000e741100000,0x000000e741200000) (1024K)]
  0x000002a8a649a900 JavaThread "Reference Handler"          daemon [_thread_blocked, id=45772, stack(0x000000e741900000,0x000000e741a00000) (1024K)]
  0x000002a8a649b560 JavaThread "Finalizer"                  daemon [_thread_blocked, id=41608, stack(0x000000e741a00000,0x000000e741b00000) (1024K)]
  0x000002a8a64ae110 JavaThread "Signal Dispatcher"          daemon [_thread_blocked, id=43108, stack(0x000000e741b00000,0x000000e741c00000) (1024K)]
  0x000002a8a64b0730 JavaThread "Attach Listener"            daemon [_thread_blocked, id=20200, stack(0x000000e741c00000,0x000000e741d00000) (1024K)]
  0x000002a8a64af380 JavaThread "Service Thread"             daemon [_thread_blocked, id=17668, stack(0x000000e741d00000,0x000000e741e00000) (1024K)]
  0x000002a8a64b1450 JavaThread "Monitor Deflation Thread"   daemon [_thread_blocked, id=43096, stack(0x000000e741e00000,0x000000e741f00000) (1024K)]
  0x000002a8a64cb790 JavaThread "C2 CompilerThread0"         daemon [_thread_blocked, id=10372, stack(0x000000e741f00000,0x000000e742000000) (1024K)]
  0x000002a8a64ef740 JavaThread "C1 CompilerThread0"         daemon [_thread_blocked, id=41136, stack(0x000000e742000000,0x000000e742100000) (1024K)]
  0x000002a8a64b0dc0 JavaThread "Common-Cleaner"             daemon [_thread_blocked, id=22724, stack(0x000000e742600000,0x000000e742700000) (1024K)]
  0x000002a8a64b2170 JavaThread "Notification Thread"        daemon [_thread_blocked, id=45072, stack(0x000000e742700000,0x000000e742800000) (1024K)]
  0x000002a8a64afa10 JavaThread "Daemon health stats"               [_thread_blocked, id=18760, stack(0x000000e742a00000,0x000000e742b00000) (1024K)]
  0x000002a8a64aecf0 JavaThread "Incoming local TCP Connector on port 51685"        [_thread_in_native, id=44164, stack(0x000000e743700000,0x000000e743800000) (1024K)]
  0x000002a8a64b00a0 JavaThread "Daemon periodic checks"            [_thread_blocked, id=7364, stack(0x000000e742900000,0x000000e742a00000) (1024K)]
  0x000002a8ed6e2460 JavaThread "Cache worker for journal cache (C:\Users\Travis\.gradle\caches\journal-1)"        [_thread_blocked, id=40476, stack(0x000000e742800000,0x000000e742900000) (1024K)]
  0x000002a8ed6defe0 JavaThread "File lock request listener"        [_thread_in_native, id=14668, stack(0x000000e743f00000,0x000000e744000000) (1024K)]
  0x000002a8ed6e0a20 JavaThread "Cache worker for file hash cache (C:\Users\Travis\.gradle\caches\9.2.1\fileHashes)"        [_thread_blocked, id=41708, stack(0x000000e744000000,0x000000e744100000) (1024K)]
  0x000002a8ed6e4530 JavaThread "Cache worker for file content cache (C:\Users\Travis\.gradle\caches\9.2.1\fileContent)"        [_thread_blocked, id=29572, stack(0x000000e744900000,0x000000e744a00000) (1024K)]
  0x000002a8eed734a0 JavaThread "File watcher server"        daemon [_thread_blocked, id=2844, stack(0x000000e744700000,0x000000e744800000) (1024K)]
  0x000002a8eed73b30 JavaThread "File watcher consumer"      daemon [_thread_blocked, id=17940, stack(0x000000e744800000,0x000000e744900000) (1024K)]
  0x000002a8eed74850 JavaThread "Memory manager"                    [_thread_blocked, id=43592, stack(0x000000e744d00000,0x000000e744e00000) (1024K)]
  0x000002a8f3ca8900 JavaThread "Cache worker for Java compile cache (C:\Users\Travis\.gradle\caches\9.2.1\javaCompile)"        [_thread_blocked, id=26900, stack(0x000000e746300000,0x000000e746400000) (1024K)]
  0x000002a8f1dc1250 JavaThread "Daemon worker Thread 4"            [_thread_blocked, id=45788, stack(0x000000e742400000,0x000000e742500000) (1024K)]
  0x000002a8f6299750 JavaThread "Exec process Thread 10"            [_thread_in_native, id=40868, stack(0x000000e745900000,0x000000e745a00000) (1024K)]
  0x000002a8f3e19170 JavaThread "Exec process Thread 12"            [_thread_in_native, id=2120, stack(0x000000e745b00000,0x000000e745c00000) (1024K)]
  0x000002a8f4667e80 JavaThread "Daemon Thread 14"                  [_thread_blocked, id=54576, stack(0x000000e741000000,0x000000e741100000) (1024K)]
  0x000002a8f4dee9c0 JavaThread "Handler for socket connection from /127.0.0.1:51685 to /127.0.0.1:58603"        [_thread_in_native, id=46016, stack(0x000000e740f00000,0x000000e741000000) (1024K)]
  0x000002a8f4df1120 JavaThread "Cancel handler"                    [_thread_blocked, id=49316, stack(0x000000e742100000,0x000000e742200000) (1024K)]
  0x000002a8efe23640 JavaThread "Asynchronous log dispatcher for DefaultDaemonConnection: socket connection from /127.0.0.1:51685 to /127.0.0.1:58603"        [_thread_blocked, id=54028, stack(0x000000e742200000,0x000000e742300000) (1024K)]
  0x000002a8efe23cd0 JavaThread "Stdin handler"                     [_thread_blocked, id=29536, stack(0x000000e742300000,0x000000e742400000) (1024K)]
  0x000002a8ecc55430 JavaThread "Daemon client event forwarder"        [_thread_blocked, id=54048, stack(0x000000e742500000,0x000000e742600000) (1024K)]
  0x000002a8ecc55ac0 JavaThread "Cache worker for file hash cache (D:\Google Drive\Project stuff\MInecraft Mods\EngineerMod\.gradle\9.2.1\fileHashes)"        [_thread_blocked, id=52552, stack(0x000000e743800000,0x000000e743900000) (1024K)]
  0x000002a8ecc57500 JavaThread "Cache worker for checksums cache (D:\Google Drive\Project stuff\MInecraft Mods\EngineerMod\.gradle\9.2.1\checksums)"        [_thread_blocked, id=38616, stack(0x000000e743900000,0x000000e743a00000) (1024K)]
  0x000002a8ecc56150 JavaThread "Cache worker for Build Output Cleanup Cache (D:\Google Drive\Project stuff\MInecraft Mods\EngineerMod\.gradle\buildOutputCleanup)"        [_thread_blocked, id=53388, stack(0x000000e743a00000,0x000000e743b00000) (1024K)]
  0x000002a8f0fa60d0 JavaThread "Cache worker for cache directory md-supplier (C:\Users\Travis\.gradle\caches\9.2.1\md-supplier)"        [_thread_blocked, id=53640, stack(0x000000e743b00000,0x000000e743c00000) (1024K)]
  0x000002a8f0fa6df0 JavaThread "Cache worker for cache directory md-rule (C:\Users\Travis\.gradle\caches\9.2.1\md-rule)"        [_thread_blocked, id=55292, stack(0x000000e743c00000,0x000000e743d00000) (1024K)]
  0x000002a8f0fa7480 JavaThread "Build operations"                  [_thread_blocked, id=51300, stack(0x000000e743d00000,0x000000e743e00000) (1024K)]
  0x000002a8f0fa4000 JavaThread "included builds"                   [_thread_blocked, id=15816, stack(0x000000e743e00000,0x000000e743f00000) (1024K)]
  0x000002a8eed741c0 JavaThread "Execution worker"                  [_thread_blocked, id=53064, stack(0x000000e744400000,0x000000e744500000) (1024K)]
  0x000002a8eed71a60 JavaThread "Execution worker Thread 2"         [_thread_blocked, id=42028, stack(0x000000e744500000,0x000000e744600000) (1024K)]
  0x000002a8eed713d0 JavaThread "Execution worker Thread 3"         [_thread_blocked, id=48604, stack(0x000000e744600000,0x000000e744700000) (1024K)]
  0x000002a8eed75570 JavaThread "Execution worker Thread 4"         [_thread_blocked, id=46860, stack(0x000000e744a00000,0x000000e744b00000) (1024K)]
  0x000002a8eed72e10 JavaThread "Execution worker Thread 5"         [_thread_blocked, id=39184, stack(0x000000e744b00000,0x000000e744c00000) (1024K)]
  0x000002a8eed720f0 JavaThread "Execution worker Thread 6"         [_thread_blocked, id=52292, stack(0x000000e744c00000,0x000000e744d00000) (1024K)]
  0x000002a8f55ff6f0 JavaThread "Execution worker Thread 7"         [_thread_blocked, id=53736, stack(0x000000e744e00000,0x000000e744f00000) (1024K)]
  0x000002a8f5601130 JavaThread "Execution worker Thread 8"         [_thread_blocked, id=45624, stack(0x000000e744f00000,0x000000e745000000) (1024K)]
  0x000002a8f55fdcb0 JavaThread "Execution worker Thread 9"         [_thread_blocked, id=51844, stack(0x000000e745000000,0x000000e745100000) (1024K)]
  0x000002a8f55ffd80 JavaThread "Execution worker Thread 10"        [_thread_blocked, id=48800, stack(0x000000e745100000,0x000000e745200000) (1024K)]
  0x000002a8f5600410 JavaThread "Execution worker Thread 11"        [_thread_blocked, id=52644, stack(0x000000e745200000,0x000000e745300000) (1024K)]
  0x000002a8f5600aa0 JavaThread "Execution worker Thread 12"        [_thread_blocked, id=31840, stack(0x000000e745300000,0x000000e745400000) (1024K)]
  0x000002a8edcf5750 JavaThread "Cache worker for execution history cache (D:\Google Drive\Project stuff\MInecraft Mods\EngineerMod\.gradle\9.2.1\executionHistory)"        [_thread_blocked, id=18744, stack(0x000000e745400000,0x000000e745500000) (1024K)]
  0x000002a8eed74ee0 JavaThread "Execution worker Thread 13"        [_thread_blocked, id=47616, stack(0x000000e745500000,0x000000e745600000) (1024K)]
  0x000002a8eed75c00 JavaThread "Execution worker Thread 14"        [_thread_blocked, id=48988, stack(0x000000e745600000,0x000000e745700000) (1024K)]
  0x000002a8eed72780 JavaThread "Execution worker Thread 15"        [_thread_blocked, id=47032, stack(0x000000e745700000,0x000000e745800000) (1024K)]
  0x000002a8eed76fb0 JavaThread "Build operations Thread 2"         [_thread_blocked, id=54052, stack(0x000000e745e00000,0x000000e745f00000) (1024K)]
  0x000002a8eed76290 JavaThread "Build operations Thread 3"         [_thread_blocked, id=6704, stack(0x000000e745f00000,0x000000e746000000) (1024K)]
  0x000002a8eed77cd0 JavaThread "Build operations Thread 4"         [_thread_blocked, id=49524, stack(0x000000e746000000,0x000000e746100000) (1024K)]
  0x000002a8eed76920 JavaThread "Build operations Thread 5"         [_thread_blocked, id=53448, stack(0x000000e746100000,0x000000e746200000) (1024K)]
  0x000002a8eed78360 JavaThread "Build operations Thread 6"         [_thread_blocked, id=52028, stack(0x000000e746200000,0x000000e746300000) (1024K)]
  0x000002a8eed77640 JavaThread "Build operations Thread 7"         [_thread_blocked, id=47504, stack(0x000000e746400000,0x000000e746500000) (1024K)]
  0x000002a8eed789f0 JavaThread "Build operations Thread 8"         [_thread_blocked, id=51992, stack(0x000000e746500000,0x000000e746600000) (1024K)]
  0x000002a8f3ca7550 JavaThread "Build operations Thread 9"         [_thread_blocked, id=51560, stack(0x000000e746600000,0x000000e746700000) (1024K)]
  0x000002a8ee595860 JavaThread "Build operations Thread 10"        [_thread_blocked, id=40060, stack(0x000000e746700000,0x000000e746800000) (1024K)]
  0x000002a8ee594b40 JavaThread "Build operations Thread 11"        [_thread_blocked, id=44456, stack(0x000000e746800000,0x000000e746900000) (1024K)]
  0x000002a8ee5944b0 JavaThread "Build operations Thread 12"        [_thread_blocked, id=51508, stack(0x000000e746900000,0x000000e746a00000) (1024K)]
  0x000002a8eeac90b0 JavaThread "Build operations Thread 13"        [_thread_blocked, id=40512, stack(0x000000e746a00000,0x000000e746b00000) (1024K)]
  0x000002a8eeac8a20 JavaThread "Build operations Thread 14"        [_thread_blocked, id=51276, stack(0x000000e746b00000,0x000000e746c00000) (1024K)]
  0x000002a8eeac9740 JavaThread "Build operations Thread 15"        [_thread_blocked, id=53764, stack(0x000000e746c00000,0x000000e746d00000) (1024K)]
  0x000002a8eeac8390 JavaThread "Build operations Thread 16"        [_thread_blocked, id=48352, stack(0x000000e746d00000,0x000000e746e00000) (1024K)]
Total: 69

Other Threads:
  0x000002a8a64825f0 VMThread "VM Thread"                           [id=43768, stack(0x000000e741800000,0x000000e741900000) (1024K)]
  0x000002a8a646d160 WatcherThread "VM Periodic Task Thread"        [id=4904, stack(0x000000e741700000,0x000000e741800000) (1024K)]
  0x000002a88a104dd0 WorkerThread "GC Thread#0"                     [id=44908, stack(0x000000e741200000,0x000000e741300000) (1024K)]
  0x000002a8ecad0430 WorkerThread "GC Thread#1"                     [id=12076, stack(0x000000e742b00000,0x000000e742c00000) (1024K)]
  0x000002a8ecad07e0 WorkerThread "GC Thread#2"                     [id=43612, stack(0x000000e742c00000,0x000000e742d00000) (1024K)]
  0x000002a8ecad0b90 WorkerThread "GC Thread#3"                     [id=41880, stack(0x000000e742d00000,0x000000e742e00000) (1024K)]
  0x000002a8ec8b0bc0 WorkerThread "GC Thread#4"                     [id=41288, stack(0x000000e742e00000,0x000000e742f00000) (1024K)]
=>0x000002a8ec8b1710 WorkerThread "GC Thread#5"                     [id=45232, stack(0x000000e742f00000,0x000000e743000000) (1024K)]
  0x000002a8ecac2bc0 WorkerThread "GC Thread#6"                     [id=4724, stack(0x000000e743000000,0x000000e743100000) (1024K)]
  0x000002a8ecac2f70 WorkerThread "GC Thread#7"                     [id=18044, stack(0x000000e743100000,0x000000e743200000) (1024K)]
  0x000002a8ecac36f0 WorkerThread "GC Thread#8"                     [id=40336, stack(0x000000e743200000,0x000000e743300000) (1024K)]
  0x000002a8ecaba1a0 WorkerThread "GC Thread#9"                     [id=39432, stack(0x000000e743300000,0x000000e743400000) (1024K)]
  0x000002a8ecac4680 WorkerThread "GC Thread#10"                    [id=8892, stack(0x000000e743400000,0x000000e743500000) (1024K)]
  0x000002a8eca4d980 WorkerThread "GC Thread#11"                    [id=44280, stack(0x000000e743500000,0x000000e743600000) (1024K)]
  0x000002a8ecbe0980 WorkerThread "GC Thread#12"                    [id=9060, stack(0x000000e743600000,0x000000e743700000) (1024K)]
  0x000002a88a10db70 ConcurrentGCThread "G1 Main Marker"            [id=44184, stack(0x000000e741300000,0x000000e741400000) (1024K)]
  0x000002a88a10f150 WorkerThread "G1 Conc#0"                       [id=45176, stack(0x000000e741400000,0x000000e741500000) (1024K)]
  0x000002a8ecbeac60 WorkerThread "G1 Conc#1"                       [id=38024, stack(0x000000e744100000,0x000000e744200000) (1024K)]
  0x000002a8ecbeb3c0 WorkerThread "G1 Conc#2"                       [id=5804, stack(0x000000e744200000,0x000000e744300000) (1024K)]
  0x000002a8a61be850 ConcurrentGCThread "G1 Refine#0"               [id=17240, stack(0x000000e741500000,0x000000e741600000) (1024K)]
  0x000002a8a6344410 ConcurrentGCThread "G1 Service"                [id=45684, stack(0x000000e741600000,0x000000e741700000) (1024K)]
Total: 21

Threads with active compile tasks:
Total: 0

VM state: at safepoint (normal execution)

VM Mutex/Monitor currently owned by a thread:  ([mutex/lock_event])
[0x00007ffb565a9f10] Threads_lock - owner thread: 0x000002a8a64825f0
[0x00007ffb565aa010] Heap_lock - owner thread: 0x000002a8a64afa10

OutOfMemory and StackOverflow Exception counts:
OutOfMemoryError java_heap_errors=3
LinkageErrors=499

Heap address: 0x00000000c0000000, size: 1024 MB, Compressed Oops mode: 32-bit

CDS archive(s) mapped at: [0x000002a8a7000000-0x000002a8a7c90000-0x000002a8a7c90000), size 13172736, SharedBaseAddress: 0x000002a8a7000000, ArchiveRelocationMode: 1.
Compressed class space mapped at: 0x000002a8a8000000-0x000002a8e8000000, reserved size: 1073741824
Narrow klass base: 0x000002a8a7000000, Narrow klass shift: 0, Narrow klass range: 0x100000000

GC Precious Log:
 CardTable entry size: 512
 Card Set container configuration: InlinePtr #cards 5 size 8 Array Of Cards #cards 12 size 40 Howl #buckets 4 coarsen threshold 1843 Howl Bitmap #cards 512 size 80 coarsen threshold 460 Card regions per heap region 1 cards per card region 2048
 CPUs: 16 total, 16 available
 Memory: 65465M
 Large Page Support: Disabled
 NUMA Support: Disabled
 Compressed Oops: Enabled (32-bit)
 Heap Region Size: 1M
 Heap Min Capacity: 8M
 Heap Initial Capacity: 1G
 Heap Max Capacity: 1G
 Pre-touch: Disabled
 Parallel Workers: 13
 Concurrent Workers: 3
 Concurrent Refinement Workers: 13
 Periodic GC: Disabled

Heap:
 garbage-first heap   total 1048576K, used 1048393K [0x00000000c0000000, 0x0000000100000000)
  region size 1024K, 0 young (0K), 0 survivors (0K)
 Metaspace       used 79358K, committed 81984K, reserved 1179648K
  class space    used 10130K, committed 11200K, reserved 1048576K

Heap Regions: E=young(eden), S=young(survivor), O=old, HS=humongous(starts), HC=humongous(continues), CS=collection set, F=free, TAMS=top-at-mark-start, PB=parsable bottom
|   0|0x00000000c0000000, 0x00000000c0100000, 0x00000000c0100000|100%|HS|  |TAMS 0x00000000c0000000| PB 0x00000000c0100000| Untracked 
|   1|0x00000000c0100000, 0x00000000c0200000, 0x00000000c0200000|100%|HC|  |TAMS 0x00000000c0100000| PB 0x00000000c0200000| Untracked 
|   2|0x00000000c0200000, 0x00000000c0300000, 0x00000000c0300000|100%|HC|  |TAMS 0x00000000c0200000| PB 0x00000000c0300000| Untracked 
|   3|0x00000000c0300000, 0x00000000c0400000, 0x00000000c0400000|100%|HC|  |TAMS 0x00000000c0300000| PB 0x00000000c0400000| Untracked 
|   4|0x00000000c0400000, 0x00000000c04fffe0, 0x00000000c0500000| 99%| O|  |TAMS 0x00000000c0400000| PB 0x00000000c04fffe0| Untracked 
|   5|0x00000000c0500000, 0x00000000c0600000, 0x00000000c0600000|100%|HS|  |TAMS 0x00000000c0500000| PB 0x00000000c0600000| Untracked 
|   6|0x00000000c0600000, 0x00000000c06fffd8, 0x00000000c0700000| 99%| O|  |TAMS 0x00000000c0600000| PB 0x00000000c06fffd8| Untracked 
|   7|0x00000000c0700000, 0x00000000c07fffe8, 0x00000000c0800000| 99%| O|  |TAMS 0x00000000c0700000| PB 0x00000000c07fffe8| Untracked 
|   8|0x00000000c0800000, 0x00000000c08fff98, 0x00000000c0900000| 99%| O|  |TAMS 0x00000000c0800000| PB 0x00000000c08fff98| Untracked 
|   9|0x00000000c0900000, 0x00000000c09ffff8, 0x00000000c0a00000| 99%| O|  |TAMS 0x00000000c0900000| PB 0x00000000c09ffff8| Untracked 
|  10|0x00000000c0a00000, 0x00000000c0afffd8, 0x00000000c0b00000| 99%| O|  |TAMS 0x00000000c0a00000| PB 0x00000000c0afffd8| Untracked 
|  11|0x00000000c0b00000, 0x00000000c0bffff0, 0x00000000c0c00000| 99%| O|  |TAMS 0x00000000c0b00000| PB 0x00000000c0bffff0| Untracked 
|  12|0x00000000c0c00000, 0x00000000c0cfffb8, 0x00000000c0d00000| 99%| O|  |TAMS 0x00000000c0c00000| PB 0x00000000c0cfffb8| Untracked 
|  13|0x00000000c0d00000, 0x00000000c0dfff88, 0x00000000c0e00000| 99%| O|  |TAMS 0x00000000c0d00000| PB 0x00000000c0dfff88| Untracked 
|  14|0x00000000c0e00000, 0x00000000c0f00000, 0x00000000c0f00000|100%| O|  |TAMS 0x00000000c0e00000| PB 0x00000000c0f00000| Untracked 
|  15|0x00000000c0f00000, 0x00000000c0fffab0, 0x00000000c1000000| 99%| O|  |TAMS 0x00000000c0f00000| PB 0x00000000c0fffab0| Untracked 
|  16|0x00000000c1000000, 0x00000000c1100000, 0x00000000c1100000|100%| O|  |TAMS 0x00000000c1000000| PB 0x00000000c1100000| Untracked 
|  17|0x00000000c1100000, 0x00000000c11fffc8, 0x00000000c1200000| 99%| O|  |TAMS 0x00000000c1100000| PB 0x00000000c11fffc8| Untracked 
|  18|0x00000000c1200000, 0x00000000c12ffff0, 0x00000000c1300000| 99%| O|  |TAMS 0x00000000c1200000| PB 0x00000000c12ffff0| Untracked 
|  19|0x00000000c1300000, 0x00000000c13ffff0, 0x00000000c1400000| 99%| O|  |TAMS 0x00000000c1300000| PB 0x00000000c13ffff0| Untracked 
|  20|0x00000000c1400000, 0x00000000c14fff98, 0x00000000c1500000| 99%| O|  |TAMS 0x00000000c1400000| PB 0x00000000c14fff98| Untracked 
|  21|0x00000000c1500000, 0x00000000c15ffff8, 0x00000000c1600000| 99%| O|  |TAMS 0x00000000c1500000| PB 0x00000000c15ffff8| Untracked 
|  22|0x00000000c1600000, 0x00000000c16ffff0, 0x00000000c1700000| 99%| O|  |TAMS 0x00000000c1600000| PB 0x00000000c16ffff0| Untracked 
|  23|0x00000000c1700000, 0x00000000c17ffff0, 0x00000000c1800000| 99%| O|  |TAMS 0x00000000c1700000| PB 0x00000000c17ffff0| Untracked 
|  24|0x00000000c1800000, 0x00000000c18ffff0, 0x00000000c1900000| 99%| O|  |TAMS 0x00000000c1800000| PB 0x00000000c18ffff0| Untracked 
|  25|0x00000000c1900000, 0x00000000c1a00000, 0x00000000c1a00000|100%| O|  |TAMS 0x00000000c1900000| PB 0x00000000c1a00000| Untracked 
|  26|0x00000000c1a00000, 0x00000000c1aff058, 0x00000000c1b00000| 99%| O|  |TAMS 0x00000000c1a00000| PB 0x00000000c1aff058| Untracked 
|  27|0x00000000c1b00000, 0x00000000c1bffff0, 0x00000000c1c00000| 99%| O|  |TAMS 0x00000000c1b00000| PB 0x00000000c1bffff0| Untracked 
|  28|0x00000000c1c00000, 0x00000000c1cffff8, 0x00000000c1d00000| 99%| O|  |TAMS 0x00000000c1c00000| PB 0x00000000c1cffff8| Untracked 
|  29|0x00000000c1d00000, 0x00000000c1e00000, 0x00000000c1e00000|100%| O|  |TAMS 0x00000000c1d00000| PB 0x00000000c1e00000| Untracked 
|  30|0x00000000c1e00000, 0x00000000c1eff5e0, 0x00000000c1f00000| 99%| O|  |TAMS 0x00000000c1e00000| PB 0x00000000c1eff5e0| Untracked 
|  31|0x00000000c1f00000, 0x00000000c2000000, 0x00000000c2000000|100%| O|  |TAMS 0x00000000c1f00000| PB 0x00000000c2000000| Untracked 
|  32|0x00000000c2000000, 0x00000000c20fffe0, 0x00000000c2100000| 99%| O|  |TAMS 0x00000000c2000000| PB 0x00000000c20fffe0| Untracked 
|  33|0x00000000c2100000, 0x00000000c21fffe0, 0x00000000c2200000| 99%| O|  |TAMS 0x00000000c2100000| PB 0x00000000c21fffe0| Untracked 
|  34|0x00000000c2200000, 0x00000000c22ffff0, 0x00000000c2300000| 99%| O|  |TAMS 0x00000000c2200000| PB 0x00000000c22ffff0| Untracked 
|  35|0x00000000c2300000, 0x00000000c23f8428, 0x00000000c2400000| 96%| O|  |TAMS 0x00000000c2300000| PB 0x00000000c23f8428| Untracked 
|  36|0x00000000c2400000, 0x00000000c2500000, 0x00000000c2500000|100%| O|  |TAMS 0x00000000c2400000| PB 0x00000000c2500000| Untracked 
|  37|0x00000000c2500000, 0x00000000c25fffe8, 0x00000000c2600000| 99%| O|  |TAMS 0x00000000c2500000| PB 0x00000000c25fffe8| Untracked 
|  38|0x00000000c2600000, 0x00000000c26ffff8, 0x00000000c2700000| 99%| O|  |TAMS 0x00000000c2600000| PB 0x00000000c26ffff8| Untracked 
|  39|0x00000000c2700000, 0x00000000c2800000, 0x00000000c2800000|100%| O|  |TAMS 0x00000000c2700000| PB 0x00000000c2800000| Untracked 
|  40|0x00000000c2800000, 0x00000000c28ffff8, 0x00000000c2900000| 99%| O|  |TAMS 0x00000000c2800000| PB 0x00000000c28ffff8| Untracked 
|  41|0x00000000c2900000, 0x00000000c29ffff8, 0x00000000c2a00000| 99%| O|  |TAMS 0x00000000c2900000| PB 0x00000000c29ffff8| Untracked 
|  42|0x00000000c2a00000, 0x00000000c2affff0, 0x00000000c2b00000| 99%| O|  |TAMS 0x00000000c2a00000| PB 0x00000000c2affff0| Untracked 
|  43|0x00000000c2b00000, 0x00000000c2bffff8, 0x00000000c2c00000| 99%| O|  |TAMS 0x00000000c2b00000| PB 0x00000000c2bffff8| Untracked 
|  44|0x00000000c2c00000, 0x00000000c2cfffe8, 0x00000000c2d00000| 99%| O|  |TAMS 0x00000000c2c00000| PB 0x00000000c2cfffe8| Untracked 
|  45|0x00000000c2d00000, 0x00000000c2dfffc0, 0x00000000c2e00000| 99%| O|  |TAMS 0x00000000c2d00000| PB 0x00000000c2dfffc0| Untracked 
|  46|0x00000000c2e00000, 0x00000000c2f00000, 0x00000000c2f00000|100%| O|  |TAMS 0x00000000c2e00000| PB 0x00000000c2f00000| Untracked 
|  47|0x00000000c2f00000, 0x00000000c2ffffe0, 0x00000000c3000000| 99%| O|  |TAMS 0x00000000c2f00000| PB 0x00000000c2ffffe0| Untracked 
|  48|0x00000000c3000000, 0x00000000c3100000, 0x00000000c3100000|100%| O|  |TAMS 0x00000000c3000000| PB 0x00000000c3100000| Untracked 
|  49|0x00000000c3100000, 0x00000000c31fffd8, 0x00000000c3200000| 99%| O|  |TAMS 0x00000000c3100000| PB 0x00000000c31fffd8| Untracked 
|  50|0x00000000c3200000, 0x00000000c32fff98, 0x00000000c3300000| 99%| O|  |TAMS 0x00000000c3200000| PB 0x00000000c32fff98| Untracked 
|  51|0x00000000c3300000, 0x00000000c33fff70, 0x00000000c3400000| 99%| O|  |TAMS 0x00000000c3300000| PB 0x00000000c33fff70| Untracked 
|  52|0x00000000c3400000, 0x00000000c34fffe8, 0x00000000c3500000| 99%| O|  |TAMS 0x00000000c3400000| PB 0x00000000c34fffe8| Untracked 
|  53|0x00000000c3500000, 0x00000000c35fff50, 0x00000000c3600000| 99%| O|  |TAMS 0x00000000c3500000| PB 0x00000000c35fff50| Untracked 
|  54|0x00000000c3600000, 0x00000000c3700000, 0x00000000c3700000|100%|HS|  |TAMS 0x00000000c3600000| PB 0x00000000c3700000| Untracked 
|  55|0x00000000c3700000, 0x00000000c3800000, 0x00000000c3800000|100%|HC|  |TAMS 0x00000000c3700000| PB 0x00000000c3800000| Untracked 
|  56|0x00000000c3800000, 0x00000000c38ffff8, 0x00000000c3900000| 99%| O|  |TAMS 0x00000000c3800000| PB 0x00000000c38ffff8| Untracked 
|  57|0x00000000c3900000, 0x00000000c39ffff0, 0x00000000c3a00000| 99%| O|  |TAMS 0x00000000c3900000| PB 0x00000000c39ffff0| Untracked 
|  58|0x00000000c3a00000, 0x00000000c3afffe8, 0x00000000c3b00000| 99%| O|  |TAMS 0x00000000c3a00000| PB 0x00000000c3afffe8| Untracked 
|  59|0x00000000c3b00000, 0x00000000c3bfffd0, 0x00000000c3c00000| 99%| O|  |TAMS 0x00000000c3b00000| PB 0x00000000c3bfffd0| Untracked 
|  60|0x00000000c3c00000, 0x00000000c3cfff80, 0x00000000c3d00000| 99%| O|  |TAMS 0x00000000c3c00000| PB 0x00000000c3cfff80| Untracked 
|  61|0x00000000c3d00000, 0x00000000c3e00000, 0x00000000c3e00000|100%| O|  |TAMS 0x00000000c3d00000| PB 0x00000000c3e00000| Untracked 
|  62|0x00000000c3e00000, 0x00000000c3effff8, 0x00000000c3f00000| 99%| O|  |TAMS 0x00000000c3e00000| PB 0x00000000c3effff8| Untracked 
|  63|0x00000000c3f00000, 0x00000000c4000000, 0x00000000c4000000|100%| O|  |TAMS 0x00000000c3f00000| PB 0x00000000c4000000| Untracked 
|  64|0x00000000c4000000, 0x00000000c40fffb0, 0x00000000c4100000| 99%| O|  |TAMS 0x00000000c4000000| PB 0x00000000c40fffb0| Untracked 
|  65|0x00000000c4100000, 0x00000000c41fff40, 0x00000000c4200000| 99%| O|  |TAMS 0x00000000c4100000| PB 0x00000000c41fff40| Untracked 
|  66|0x00000000c4200000, 0x00000000c4300000, 0x00000000c4300000|100%| O|  |TAMS 0x00000000c4200000| PB 0x00000000c4300000| Untracked 
|  67|0x00000000c4300000, 0x00000000c43fff30, 0x00000000c4400000| 99%| O|  |TAMS 0x00000000c4300000| PB 0x00000000c43fff30| Untracked 
|  68|0x00000000c4400000, 0x00000000c44fffe8, 0x00000000c4500000| 99%| O|  |TAMS 0x00000000c4400000| PB 0x00000000c44fffe8| Untracked 
|  69|0x00000000c4500000, 0x00000000c45ffff8, 0x00000000c4600000| 99%| O|  |TAMS 0x00000000c4500000| PB 0x00000000c45ffff8| Untracked 
|  70|0x00000000c4600000, 0x00000000c4700000, 0x00000000c4700000|100%| O|  |TAMS 0x00000000c4600000| PB 0x00000000c4700000| Untracked 
|  71|0x00000000c4700000, 0x00000000c47fff68, 0x00000000c4800000| 99%| O|  |TAMS 0x00000000c4700000| PB 0x00000000c47fff68| Untracked 
|  72|0x00000000c4800000, 0x00000000c48ffff8, 0x00000000c4900000| 99%| O|  |TAMS 0x00000000c4800000| PB 0x00000000c48ffff8| Untracked 
|  73|0x00000000c4900000, 0x00000000c49ffff8, 0x00000000c4a00000| 99%| O|  |TAMS 0x00000000c4900000| PB 0x00000000c49ffff8| Untracked 
|  74|0x00000000c4a00000, 0x00000000c4b00000, 0x00000000c4b00000|100%| O|  |TAMS 0x00000000c4a00000| PB 0x00000000c4b00000| Untracked 
|  75|0x00000000c4b00000, 0x00000000c4bffff0, 0x00000000c4c00000| 99%| O|  |TAMS 0x00000000c4b00000| PB 0x00000000c4bffff0| Untracked 
|  76|0x00000000c4c00000, 0x00000000c4d00000, 0x00000000c4d00000|100%| O|  |TAMS 0x00000000c4c00000| PB 0x00000000c4d00000| Untracked 
|  77|0x00000000c4d00000, 0x00000000c4e00000, 0x00000000c4e00000|100%| O|  |TAMS 0x00000000c4d00000| PB 0x00000000c4e00000| Untracked 
|  78|0x00000000c4e00000, 0x00000000c4efff58, 0x00000000c4f00000| 99%| O|  |TAMS 0x00000000c4e00000| PB 0x00000000c4efff58| Untracked 
|  79|0x00000000c4f00000, 0x00000000c4fffff8, 0x00000000c5000000| 99%| O|  |TAMS 0x00000000c4f00000| PB 0x00000000c4fffff8| Untracked 
|  80|0x00000000c5000000, 0x00000000c50ffff0, 0x00000000c5100000| 99%| O|  |TAMS 0x00000000c5000000| PB 0x00000000c50ffff0| Untracked 
|  81|0x00000000c5100000, 0x00000000c51ffff8, 0x00000000c5200000| 99%| O|  |TAMS 0x00000000c5100000| PB 0x00000000c51ffff8| Untracked 
|  82|0x00000000c5200000, 0x00000000c5300000, 0x00000000c5300000|100%| O|  |TAMS 0x00000000c5200000| PB 0x00000000c5300000| Untracked 
|  83|0x00000000c5300000, 0x00000000c53fffe0, 0x00000000c5400000| 99%| O|  |TAMS 0x00000000c5300000| PB 0x00000000c53fffe0| Untracked 
|  84|0x00000000c5400000, 0x00000000c54fffb8, 0x00000000c5500000| 99%| O|  |TAMS 0x00000000c5400000| PB 0x00000000c54fffb8| Untracked 
|  85|0x00000000c5500000, 0x00000000c5600000, 0x00000000c5600000|100%| O|  |TAMS 0x00000000c5500000| PB 0x00000000c5600000| Untracked 
|  86|0x00000000c5600000, 0x00000000c56fff88, 0x00000000c5700000| 99%| O|  |TAMS 0x00000000c5600000| PB 0x00000000c56fff88| Untracked 
|  87|0x00000000c5700000, 0x00000000c5800000, 0x00000000c5800000|100%| O|  |TAMS 0x00000000c5700000| PB 0x00000000c5800000| Untracked 
|  88|0x00000000c5800000, 0x00000000c58fffa0, 0x00000000c5900000| 99%| O|  |TAMS 0x00000000c5800000| PB 0x00000000c58fffa0| Untracked 
|  89|0x00000000c5900000, 0x00000000c59fff28, 0x00000000c5a00000| 99%| O|  |TAMS 0x00000000c5900000| PB 0x00000000c59fff28| Untracked 
|  90|0x00000000c5a00000, 0x00000000c5afffe0, 0x00000000c5b00000| 99%| O|  |TAMS 0x00000000c5a00000| PB 0x00000000c5afffe0| Untracked 
|  91|0x00000000c5b00000, 0x00000000c5bfffb0, 0x00000000c5c00000| 99%| O|  |TAMS 0x00000000c5b00000| PB 0x00000000c5bfffb0| Untracked 
|  92|0x00000000c5c00000, 0x00000000c5cffff8, 0x00000000c5d00000| 99%| O|  |TAMS 0x00000000c5c00000| PB 0x00000000c5cffff8| Untracked 
|  93|0x00000000c5d00000, 0x00000000c5dfffe8, 0x00000000c5e00000| 99%| O|  |TAMS 0x00000000c5d00000| PB 0x00000000c5dfffe8| Untracked 
|  94|0x00000000c5e00000, 0x00000000c5efffc8, 0x00000000c5f00000| 99%| O|  |TAMS 0x00000000c5e00000| PB 0x00000000c5efffc8| Untracked 
|  95|0x00000000c5f00000, 0x00000000c6000000, 0x00000000c6000000|100%| O|  |TAMS 0x00000000c5f00000| PB 0x00000000c6000000| Untracked 
|  96|0x00000000c6000000, 0x00000000c60fffa8, 0x00000000c6100000| 99%| O|  |TAMS 0x00000000c6000000| PB 0x00000000c60fffa8| Untracked 
|  97|0x00000000c6100000, 0x00000000c61fffb8, 0x00000000c6200000| 99%| O|  |TAMS 0x00000000c6100000| PB 0x00000000c61fffb8| Untracked 
|  98|0x00000000c6200000, 0x00000000c62ffff0, 0x00000000c6300000| 99%| O|  |TAMS 0x00000000c6200000| PB 0x00000000c62ffff0| Untracked 
|  99|0x00000000c6300000, 0x00000000c63ffff8, 0x00000000c6400000| 99%| O|  |TAMS 0x00000000c6300000| PB 0x00000000c63ffff8| Untracked 
| 100|0x00000000c6400000, 0x00000000c64ffff0, 0x00000000c6500000| 99%| O|  |TAMS 0x00000000c6400000| PB 0x00000000c64ffff0| Untracked 
| 101|0x00000000c6500000, 0x00000000c65ffff0, 0x00000000c6600000| 99%| O|  |TAMS 0x00000000c6500000| PB 0x00000000c65ffff0| Untracked 
| 102|0x00000000c6600000, 0x00000000c6700000, 0x00000000c6700000|100%| O|  |TAMS 0x00000000c6600000| PB 0x00000000c6700000| Untracked 
| 103|0x00000000c6700000, 0x00000000c67fffe8, 0x00000000c6800000| 99%| O|  |TAMS 0x00000000c6700000| PB 0x00000000c67fffe8| Untracked 
| 104|0x00000000c6800000, 0x00000000c68fffe8, 0x00000000c6900000| 99%| O|  |TAMS 0x00000000c6800000| PB 0x00000000c68fffe8| Untracked 
| 105|0x00000000c6900000, 0x00000000c69ffff8, 0x00000000c6a00000| 99%| O|  |TAMS 0x00000000c6900000| PB 0x00000000c69ffff8| Untracked 
| 106|0x00000000c6a00000, 0x00000000c6afff48, 0x00000000c6b00000| 99%| O|  |TAMS 0x00000000c6a00000| PB 0x00000000c6afff48| Untracked 
| 107|0x00000000c6b00000, 0x00000000c6bfffb0, 0x00000000c6c00000| 99%| O|  |TAMS 0x00000000c6b00000| PB 0x00000000c6bfffb0| Untracked 
| 108|0x00000000c6c00000, 0x00000000c6cffff0, 0x00000000c6d00000| 99%| O|  |TAMS 0x00000000c6c00000| PB 0x00000000c6cffff0| Untracked 
| 109|0x00000000c6d00000, 0x00000000c6dfffe0, 0x00000000c6e00000| 99%| O|  |TAMS 0x00000000c6d00000| PB 0x00000000c6dfffe0| Untracked 
| 110|0x00000000c6e00000, 0x00000000c6effff0, 0x00000000c6f00000| 99%| O|  |TAMS 0x00000000c6e00000| PB 0x00000000c6effff0| Untracked 
| 111|0x00000000c6f00000, 0x00000000c6fffff8, 0x00000000c7000000| 99%| O|  |TAMS 0x00000000c6f00000| PB 0x00000000c6fffff8| Untracked 
| 112|0x00000000c7000000, 0x00000000c70ffff0, 0x00000000c7100000| 99%| O|  |TAMS 0x00000000c7000000| PB 0x00000000c70ffff0| Untracked 
| 113|0x00000000c7100000, 0x00000000c7200000, 0x00000000c7200000|100%| O|  |TAMS 0x00000000c7100000| PB 0x00000000c7200000| Untracked 
| 114|0x00000000c7200000, 0x00000000c72ffff0, 0x00000000c7300000| 99%| O|  |TAMS 0x00000000c7200000| PB 0x00000000c72ffff0| Untracked 
| 115|0x00000000c7300000, 0x00000000c73fffc8, 0x00000000c7400000| 99%| O|  |TAMS 0x00000000c7300000| PB 0x00000000c73fffc8| Untracked 
| 116|0x00000000c7400000, 0x00000000c74ffff0, 0x00000000c7500000| 99%| O|  |TAMS 0x00000000c7400000| PB 0x00000000c74ffff0| Untracked 
| 117|0x00000000c7500000, 0x00000000c75fffb0, 0x00000000c7600000| 99%| O|  |TAMS 0x00000000c7500000| PB 0x00000000c75fffb0| Untracked 
| 118|0x00000000c7600000, 0x00000000c76fffe8, 0x00000000c7700000| 99%| O|  |TAMS 0x00000000c7600000| PB 0x00000000c76fffe8| Untracked 
| 119|0x00000000c7700000, 0x00000000c77ffff8, 0x00000000c7800000| 99%| O|  |TAMS 0x00000000c7700000| PB 0x00000000c77ffff8| Untracked 
| 120|0x00000000c7800000, 0x00000000c78ffff8, 0x00000000c7900000| 99%| O|  |TAMS 0x00000000c7800000| PB 0x00000000c78ffff8| Untracked 
| 121|0x00000000c7900000, 0x00000000c79ffff0, 0x00000000c7a00000| 99%| O|  |TAMS 0x00000000c7900000| PB 0x00000000c79ffff0| Untracked 
| 122|0x00000000c7a00000, 0x00000000c7afff58, 0x00000000c7b00000| 99%| O|  |TAMS 0x00000000c7a00000| PB 0x00000000c7afff58| Untracked 
| 123|0x00000000c7b00000, 0x00000000c7bffff0, 0x00000000c7c00000| 99%| O|  |TAMS 0x00000000c7b00000| PB 0x00000000c7bffff0| Untracked 
| 124|0x00000000c7c00000, 0x00000000c7cfff68, 0x00000000c7d00000| 99%| O|  |TAMS 0x00000000c7c00000| PB 0x00000000c7cfff68| Untracked 
| 125|0x00000000c7d00000, 0x00000000c7dfff78, 0x00000000c7e00000| 99%| O|  |TAMS 0x00000000c7d00000| PB 0x00000000c7dfff78| Untracked 
| 126|0x00000000c7e00000, 0x00000000c7effff0, 0x00000000c7f00000| 99%| O|  |TAMS 0x00000000c7e00000| PB 0x00000000c7effff0| Untracked 
| 127|0x00000000c7f00000, 0x00000000c7ffffe0, 0x00000000c8000000| 99%| O|  |TAMS 0x00000000c7f00000| PB 0x00000000c7ffffe0| Untracked 
| 128|0x00000000c8000000, 0x00000000c8100000, 0x00000000c8100000|100%| O|  |TAMS 0x00000000c8000000| PB 0x00000000c8100000| Untracked 
| 129|0x00000000c8100000, 0x00000000c81fffc8, 0x00000000c8200000| 99%| O|  |TAMS 0x00000000c8100000| PB 0x00000000c81fffc8| Untracked 
| 130|0x00000000c8200000, 0x00000000c82fffe0, 0x00000000c8300000| 99%| O|  |TAMS 0x00000000c8200000| PB 0x00000000c82fffe0| Untracked 
| 131|0x00000000c8300000, 0x00000000c83fff80, 0x00000000c8400000| 99%| O|  |TAMS 0x00000000c8300000| PB 0x00000000c83fff80| Untracked 
| 132|0x00000000c8400000, 0x00000000c84fffa8, 0x00000000c8500000| 99%| O|  |TAMS 0x00000000c8400000| PB 0x00000000c84fffa8| Untracked 
| 133|0x00000000c8500000, 0x00000000c85fffa8, 0x00000000c8600000| 99%| O|  |TAMS 0x00000000c8500000| PB 0x00000000c85fffa8| Untracked 
| 134|0x00000000c8600000, 0x00000000c86fffb0, 0x00000000c8700000| 99%| O|  |TAMS 0x00000000c8600000| PB 0x00000000c86fffb0| Untracked 
| 135|0x00000000c8700000, 0x00000000c87fff50, 0x00000000c8800000| 99%| O|  |TAMS 0x00000000c8700000| PB 0x00000000c87fff50| Untracked 
| 136|0x00000000c8800000, 0x00000000c88fffe8, 0x00000000c8900000| 99%| O|  |TAMS 0x00000000c8800000| PB 0x00000000c88fffe8| Untracked 
| 137|0x00000000c8900000, 0x00000000c89fffe8, 0x00000000c8a00000| 99%| O|  |TAMS 0x00000000c8900000| PB 0x00000000c89fffe8| Untracked 
| 138|0x00000000c8a00000, 0x00000000c8afff78, 0x00000000c8b00000| 99%| O|  |TAMS 0x00000000c8a00000| PB 0x00000000c8afff78| Untracked 
| 139|0x00000000c8b00000, 0x00000000c8c00000, 0x00000000c8c00000|100%| O|  |TAMS 0x00000000c8b00000| PB 0x00000000c8c00000| Untracked 
| 140|0x00000000c8c00000, 0x00000000c8d00000, 0x00000000c8d00000|100%| O|  |TAMS 0x00000000c8c00000| PB 0x00000000c8d00000| Untracked 
| 141|0x00000000c8d00000, 0x00000000c8dffff0, 0x00000000c8e00000| 99%| O|  |TAMS 0x00000000c8d00000| PB 0x00000000c8dffff0| Untracked 
| 142|0x00000000c8e00000, 0x00000000c8effff0, 0x00000000c8f00000| 99%| O|  |TAMS 0x00000000c8e00000| PB 0x00000000c8effff0| Untracked 
| 143|0x00000000c8f00000, 0x00000000c9000000, 0x00000000c9000000|100%| O|  |TAMS 0x00000000c8f00000| PB 0x00000000c9000000| Untracked 
| 144|0x00000000c9000000, 0x00000000c90ffff0, 0x00000000c9100000| 99%| O|  |TAMS 0x00000000c9000000| PB 0x00000000c90ffff0| Untracked 
| 145|0x00000000c9100000, 0x00000000c91fffe0, 0x00000000c9200000| 99%| O|  |TAMS 0x00000000c9100000| PB 0x00000000c91fffe0| Untracked 
| 146|0x00000000c9200000, 0x00000000c92fffe0, 0x00000000c9300000| 99%| O|  |TAMS 0x00000000c9200000| PB 0x00000000c92fffe0| Untracked 
| 147|0x00000000c9300000, 0x00000000c93fffc8, 0x00000000c9400000| 99%| O|  |TAMS 0x00000000c9300000| PB 0x00000000c93fffc8| Untracked 
| 148|0x00000000c9400000, 0x00000000c94fffd8, 0x00000000c9500000| 99%| O|  |TAMS 0x00000000c9400000| PB 0x00000000c94fffd8| Untracked 
| 149|0x00000000c9500000, 0x00000000c95fff70, 0x00000000c9600000| 99%| O|  |TAMS 0x00000000c9500000| PB 0x00000000c95fff70| Untracked 
| 150|0x00000000c9600000, 0x00000000c96ffff8, 0x00000000c9700000| 99%| O|  |TAMS 0x00000000c9600000| PB 0x00000000c96ffff8| Untracked 
| 151|0x00000000c9700000, 0x00000000c97ffff0, 0x00000000c9800000| 99%| O|  |TAMS 0x00000000c9700000| PB 0x00000000c97ffff0| Untracked 
| 152|0x00000000c9800000, 0x00000000c98fe148, 0x00000000c9900000| 99%| O|  |TAMS 0x00000000c9800000| PB 0x00000000c98fe148| Untracked 
| 153|0x00000000c9900000, 0x00000000c99f5470, 0x00000000c9a00000| 95%| O|  |TAMS 0x00000000c9900000| PB 0x00000000c99f5470| Untracked 
| 154|0x00000000c9a00000, 0x00000000c9afffe8, 0x00000000c9b00000| 99%| O|  |TAMS 0x00000000c9a00000| PB 0x00000000c9afffe8| Untracked 
| 155|0x00000000c9b00000, 0x00000000c9bfffb8, 0x00000000c9c00000| 99%| O|  |TAMS 0x00000000c9b00000| PB 0x00000000c9bfffb8| Untracked 
| 156|0x00000000c9c00000, 0x00000000c9cfffa8, 0x00000000c9d00000| 99%| O|  |TAMS 0x00000000c9c00000| PB 0x00000000c9cfffa8| Untracked 
| 157|0x00000000c9d00000, 0x00000000c9dffff0, 0x00000000c9e00000| 99%| O|  |TAMS 0x00000000c9d00000| PB 0x00000000c9dffff0| Untracked 
| 158|0x00000000c9e00000, 0x00000000c9efffa0, 0x00000000c9f00000| 99%| O|  |TAMS 0x00000000c9e00000| PB 0x00000000c9efffa0| Untracked 
| 159|0x00000000c9f00000, 0x00000000ca000000, 0x00000000ca000000|100%| O|  |TAMS 0x00000000c9f00000| PB 0x00000000ca000000| Untracked 
| 160|0x00000000ca000000, 0x00000000ca0ffff8, 0x00000000ca100000| 99%| O|  |TAMS 0x00000000ca000000| PB 0x00000000ca0ffff8| Untracked 
| 161|0x00000000ca100000, 0x00000000ca1fff80, 0x00000000ca200000| 99%| O|  |TAMS 0x00000000ca100000| PB 0x00000000ca1fff80| Untracked 
| 162|0x00000000ca200000, 0x00000000ca300000, 0x00000000ca300000|100%| O|  |TAMS 0x00000000ca200000| PB 0x00000000ca300000| Untracked 
| 163|0x00000000ca300000, 0x00000000ca3fff80, 0x00000000ca400000| 99%| O|  |TAMS 0x00000000ca300000| PB 0x00000000ca3fff80| Untracked 
| 164|0x00000000ca400000, 0x00000000ca500000, 0x00000000ca500000|100%| O|  |TAMS 0x00000000ca400000| PB 0x00000000ca500000| Untracked 
| 165|0x00000000ca500000, 0x00000000ca5fffe8, 0x00000000ca600000| 99%| O|  |TAMS 0x00000000ca500000| PB 0x00000000ca5fffe8| Untracked 
| 166|0x00000000ca600000, 0x00000000ca6fffd0, 0x00000000ca700000| 99%| O|  |TAMS 0x00000000ca600000| PB 0x00000000ca6fffd0| Untracked 
| 167|0x00000000ca700000, 0x00000000ca7fffe8, 0x00000000ca800000| 99%| O|  |TAMS 0x00000000ca700000| PB 0x00000000ca7fffe8| Untracked 
| 168|0x00000000ca800000, 0x00000000ca8fffe0, 0x00000000ca900000| 99%| O|  |TAMS 0x00000000ca800000| PB 0x00000000ca8fffe0| Untracked 
| 169|0x00000000ca900000, 0x00000000ca9ffff0, 0x00000000caa00000| 99%| O|  |TAMS 0x00000000ca900000| PB 0x00000000ca9ffff0| Untracked 
| 170|0x00000000caa00000, 0x00000000caaffff0, 0x00000000cab00000| 99%| O|  |TAMS 0x00000000caa00000| PB 0x00000000caaffff0| Untracked 
| 171|0x00000000cab00000, 0x00000000cabffff0, 0x00000000cac00000| 99%| O|  |TAMS 0x00000000cab00000| PB 0x00000000cabffff0| Untracked 
| 172|0x00000000cac00000, 0x00000000cacffff8, 0x00000000cad00000| 99%| O|  |TAMS 0x00000000cac00000| PB 0x00000000cacffff8| Untracked 
| 173|0x00000000cad00000, 0x00000000cae00000, 0x00000000cae00000|100%| O|  |TAMS 0x00000000cad00000| PB 0x00000000cae00000| Untracked 
| 174|0x00000000cae00000, 0x00000000caf00000, 0x00000000caf00000|100%| O|  |TAMS 0x00000000cae00000| PB 0x00000000caf00000| Untracked 
| 175|0x00000000caf00000, 0x00000000cafffff8, 0x00000000cb000000| 99%| O|  |TAMS 0x00000000caf00000| PB 0x00000000cafffff8| Untracked 
| 176|0x00000000cb000000, 0x00000000cb100000, 0x00000000cb100000|100%| O|  |TAMS 0x00000000cb000000| PB 0x00000000cb100000| Untracked 
| 177|0x00000000cb100000, 0x00000000cb1ffff0, 0x00000000cb200000| 99%| O|  |TAMS 0x00000000cb100000| PB 0x00000000cb1ffff0| Untracked 
| 178|0x00000000cb200000, 0x00000000cb2fffb0, 0x00000000cb300000| 99%| O|  |TAMS 0x00000000cb200000| PB 0x00000000cb2fffb0| Untracked 
| 179|0x00000000cb300000, 0x00000000cb3fff68, 0x00000000cb400000| 99%| O|  |TAMS 0x00000000cb300000| PB 0x00000000cb3fff68| Untracked 
| 180|0x00000000cb400000, 0x00000000cb4ffff8, 0x00000000cb500000| 99%| O|  |TAMS 0x00000000cb400000| PB 0x00000000cb4ffff8| Untracked 
| 181|0x00000000cb500000, 0x00000000cb5fffe8, 0x00000000cb600000| 99%| O|  |TAMS 0x00000000cb500000| PB 0x00000000cb5fffe8| Untracked 
| 182|0x00000000cb600000, 0x00000000cb6fffe8, 0x00000000cb700000| 99%| O|  |TAMS 0x00000000cb600000| PB 0x00000000cb6fffe8| Untracked 
| 183|0x00000000cb700000, 0x00000000cb7fff50, 0x00000000cb800000| 99%| O|  |TAMS 0x00000000cb700000| PB 0x00000000cb7fff50| Untracked 
| 184|0x00000000cb800000, 0x00000000cb8ffff8, 0x00000000cb900000| 99%| O|  |TAMS 0x00000000cb800000| PB 0x00000000cb8ffff8| Untracked 
| 185|0x00000000cb900000, 0x00000000cba00000, 0x00000000cba00000|100%| O|  |TAMS 0x00000000cb900000| PB 0x00000000cba00000| Untracked 
| 186|0x00000000cba00000, 0x00000000cbaffff8, 0x00000000cbb00000| 99%| O|  |TAMS 0x00000000cba00000| PB 0x00000000cbaffff8| Untracked 
| 187|0x00000000cbb00000, 0x00000000cbc00000, 0x00000000cbc00000|100%| O|  |TAMS 0x00000000cbb00000| PB 0x00000000cbc00000| Untracked 
| 188|0x00000000cbc00000, 0x00000000cbcffff0, 0x00000000cbd00000| 99%| O|  |TAMS 0x00000000cbc00000| PB 0x00000000cbcffff0| Untracked 
| 189|0x00000000cbd00000, 0x00000000cbdfff50, 0x00000000cbe00000| 99%| O|  |TAMS 0x00000000cbd00000| PB 0x00000000cbdfff50| Untracked 
| 190|0x00000000cbe00000, 0x00000000cbeffff8, 0x00000000cbf00000| 99%| O|  |TAMS 0x00000000cbe00000| PB 0x00000000cbeffff8| Untracked 
| 191|0x00000000cbf00000, 0x00000000cbffff80, 0x00000000cc000000| 99%| O|  |TAMS 0x00000000cbf00000| PB 0x00000000cbffff80| Untracked 
| 192|0x00000000cc000000, 0x00000000cc0fff88, 0x00000000cc100000| 99%| O|  |TAMS 0x00000000cc000000| PB 0x00000000cc0fff88| Untracked 
| 193|0x00000000cc100000, 0x00000000cc1ffff0, 0x00000000cc200000| 99%| O|  |TAMS 0x00000000cc100000| PB 0x00000000cc1ffff0| Untracked 
| 194|0x00000000cc200000, 0x00000000cc300000, 0x00000000cc300000|100%| O|  |TAMS 0x00000000cc200000| PB 0x00000000cc300000| Untracked 
| 195|0x00000000cc300000, 0x00000000cc3fff48, 0x00000000cc400000| 99%| O|  |TAMS 0x00000000cc300000| PB 0x00000000cc3fff48| Untracked 
| 196|0x00000000cc400000, 0x00000000cc4ffff8, 0x00000000cc500000| 99%| O|  |TAMS 0x00000000cc400000| PB 0x00000000cc4ffff8| Untracked 
| 197|0x00000000cc500000, 0x00000000cc5fff98, 0x00000000cc600000| 99%| O|  |TAMS 0x00000000cc500000| PB 0x00000000cc5fff98| Untracked 
| 198|0x00000000cc600000, 0x00000000cc6fffb0, 0x00000000cc700000| 99%| O|  |TAMS 0x00000000cc600000| PB 0x00000000cc6fffb0| Untracked 
| 199|0x00000000cc700000, 0x00000000cc7ffff8, 0x00000000cc800000| 99%| O|  |TAMS 0x00000000cc700000| PB 0x00000000cc7ffff8| Untracked 
| 200|0x00000000cc800000, 0x00000000cc8fffc0, 0x00000000cc900000| 99%| O|  |TAMS 0x00000000cc800000| PB 0x00000000cc8fffc0| Untracked 
| 201|0x00000000cc900000, 0x00000000cc9fffb8, 0x00000000cca00000| 99%| O|  |TAMS 0x00000000cc900000| PB 0x00000000cc9fffb8| Untracked 
| 202|0x00000000cca00000, 0x00000000ccafffa8, 0x00000000ccb00000| 99%| O|  |TAMS 0x00000000cca00000| PB 0x00000000ccafffa8| Untracked 
| 203|0x00000000ccb00000, 0x00000000ccbffff0, 0x00000000ccc00000| 99%| O|  |TAMS 0x00000000ccb00000| PB 0x00000000ccbffff0| Untracked 
| 204|0x00000000ccc00000, 0x00000000cccfff78, 0x00000000ccd00000| 99%| O|  |TAMS 0x00000000ccc00000| PB 0x00000000cccfff78| Untracked 
| 205|0x00000000ccd00000, 0x00000000ccdffff8, 0x00000000cce00000| 99%| O|  |TAMS 0x00000000ccd00000| PB 0x00000000ccdffff8| Untracked 
| 206|0x00000000cce00000, 0x00000000ccefff80, 0x00000000ccf00000| 99%| O|  |TAMS 0x00000000cce00000| PB 0x00000000ccefff80| Untracked 
| 207|0x00000000ccf00000, 0x00000000ccffff78, 0x00000000cd000000| 99%| O|  |TAMS 0x00000000ccf00000| PB 0x00000000ccffff78| Untracked 
| 208|0x00000000cd000000, 0x00000000cd0fffe0, 0x00000000cd100000| 99%| O|  |TAMS 0x00000000cd000000| PB 0x00000000cd0fffe0| Untracked 
| 209|0x00000000cd100000, 0x00000000cd1fff50, 0x00000000cd200000| 99%| O|  |TAMS 0x00000000cd100000| PB 0x00000000cd1fff50| Untracked 
| 210|0x00000000cd200000, 0x00000000cd2ffff0, 0x00000000cd300000| 99%| O|  |TAMS 0x00000000cd200000| PB 0x00000000cd2ffff0| Untracked 
| 211|0x00000000cd300000, 0x00000000cd3fff70, 0x00000000cd400000| 99%| O|  |TAMS 0x00000000cd300000| PB 0x00000000cd3fff70| Untracked 
| 212|0x00000000cd400000, 0x00000000cd4ffff0, 0x00000000cd500000| 99%| O|  |TAMS 0x00000000cd400000| PB 0x00000000cd4ffff0| Untracked 
| 213|0x00000000cd500000, 0x00000000cd5fffc0, 0x00000000cd600000| 99%| O|  |TAMS 0x00000000cd500000| PB 0x00000000cd5fffc0| Untracked 
| 214|0x00000000cd600000, 0x00000000cd700000, 0x00000000cd700000|100%| O|  |TAMS 0x00000000cd600000| PB 0x00000000cd700000| Untracked 
| 215|0x00000000cd700000, 0x00000000cd7ffff8, 0x00000000cd800000| 99%| O|  |TAMS 0x00000000cd700000| PB 0x00000000cd7ffff8| Untracked 
| 216|0x00000000cd800000, 0x00000000cd8fff50, 0x00000000cd900000| 99%| O|  |TAMS 0x00000000cd800000| PB 0x00000000cd8fff50| Untracked 
| 217|0x00000000cd900000, 0x00000000cd9fff80, 0x00000000cda00000| 99%| O|  |TAMS 0x00000000cd900000| PB 0x00000000cd9fff80| Untracked 
| 218|0x00000000cda00000, 0x00000000cdafffe0, 0x00000000cdb00000| 99%| O|  |TAMS 0x00000000cda00000| PB 0x00000000cdafffe0| Untracked 
| 219|0x00000000cdb00000, 0x00000000cdbfffe8, 0x00000000cdc00000| 99%| O|  |TAMS 0x00000000cdb00000| PB 0x00000000cdbfffe8| Untracked 
| 220|0x00000000cdc00000, 0x00000000cdcfff50, 0x00000000cdd00000| 99%| O|  |TAMS 0x00000000cdc00000| PB 0x00000000cdcfff50| Untracked 
| 221|0x00000000cdd00000, 0x00000000cddffff0, 0x00000000cde00000| 99%| O|  |TAMS 0x00000000cdd00000| PB 0x00000000cddffff0| Untracked 
| 222|0x00000000cde00000, 0x00000000cdefffe8, 0x00000000cdf00000| 99%| O|  |TAMS 0x00000000cde00000| PB 0x00000000cdefffe8| Untracked 
| 223|0x00000000cdf00000, 0x00000000cdfffff0, 0x00000000ce000000| 99%| O|  |TAMS 0x00000000cdf00000| PB 0x00000000cdfffff0| Untracked 
| 224|0x00000000ce000000, 0x00000000ce0fffe8, 0x00000000ce100000| 99%| O|  |TAMS 0x00000000ce000000| PB 0x00000000ce0fffe8| Untracked 
| 225|0x00000000ce100000, 0x00000000ce1fffc8, 0x00000000ce200000| 99%| O|  |TAMS 0x00000000ce100000| PB 0x00000000ce1fffc8| Untracked 
| 226|0x00000000ce200000, 0x00000000ce2ffff8, 0x00000000ce300000| 99%| O|  |TAMS 0x00000000ce200000| PB 0x00000000ce2ffff8| Untracked 
| 227|0x00000000ce300000, 0x00000000ce3fffe0, 0x00000000ce400000| 99%| O|  |TAMS 0x00000000ce300000| PB 0x00000000ce3fffe0| Untracked 
| 228|0x00000000ce400000, 0x00000000ce4ffff0, 0x00000000ce500000| 99%| O|  |TAMS 0x00000000ce400000| PB 0x00000000ce4ffff0| Untracked 
| 229|0x00000000ce500000, 0x00000000ce5fff68, 0x00000000ce600000| 99%| O|  |TAMS 0x00000000ce500000| PB 0x00000000ce5fff68| Untracked 
| 230|0x00000000ce600000, 0x00000000ce6fff48, 0x00000000ce700000| 99%| O|  |TAMS 0x00000000ce600000| PB 0x00000000ce6fff48| Untracked 
| 231|0x00000000ce700000, 0x00000000ce7ffff0, 0x00000000ce800000| 99%| O|  |TAMS 0x00000000ce700000| PB 0x00000000ce7ffff0| Untracked 
| 232|0x00000000ce800000, 0x00000000ce8ffff8, 0x00000000ce900000| 99%| O|  |TAMS 0x00000000ce800000| PB 0x00000000ce8ffff8| Untracked 
| 233|0x00000000ce900000, 0x00000000ce9fffa8, 0x00000000cea00000| 99%| O|  |TAMS 0x00000000ce900000| PB 0x00000000ce9fffa8| Untracked 
| 234|0x00000000cea00000, 0x00000000ceaffff8, 0x00000000ceb00000| 99%| O|  |TAMS 0x00000000cea00000| PB 0x00000000ceaffff8| Untracked 
| 235|0x00000000ceb00000, 0x00000000cebffff0, 0x00000000cec00000| 99%| O|  |TAMS 0x00000000ceb00000| PB 0x00000000cebffff0| Untracked 
| 236|0x00000000cec00000, 0x00000000ced00000, 0x00000000ced00000|100%| O|  |TAMS 0x00000000cec00000| PB 0x00000000ced00000| Untracked 
| 237|0x00000000ced00000, 0x00000000cee00000, 0x00000000cee00000|100%| O|  |TAMS 0x00000000ced00000| PB 0x00000000cee00000| Untracked 
| 238|0x00000000cee00000, 0x00000000ceeffff0, 0x00000000cef00000| 99%| O|  |TAMS 0x00000000cee00000| PB 0x00000000ceeffff0| Untracked 
| 239|0x00000000cef00000, 0x00000000cefffff8, 0x00000000cf000000| 99%| O|  |TAMS 0x00000000cef00000| PB 0x00000000cefffff8| Untracked 
| 240|0x00000000cf000000, 0x00000000cf0ffff8, 0x00000000cf100000| 99%| O|  |TAMS 0x00000000cf000000| PB 0x00000000cf0ffff8| Untracked 
| 241|0x00000000cf100000, 0x00000000cf1fffa8, 0x00000000cf200000| 99%| O|  |TAMS 0x00000000cf100000| PB 0x00000000cf1fffa8| Untracked 
| 242|0x00000000cf200000, 0x00000000cf2fffe8, 0x00000000cf300000| 99%| O|  |TAMS 0x00000000cf200000| PB 0x00000000cf2fffe8| Untracked 
| 243|0x00000000cf300000, 0x00000000cf3fff78, 0x00000000cf400000| 99%| O|  |TAMS 0x00000000cf300000| PB 0x00000000cf3fff78| Untracked 
| 244|0x00000000cf400000, 0x00000000cf4fffd0, 0x00000000cf500000| 99%| O|  |TAMS 0x00000000cf400000| PB 0x00000000cf4fffd0| Untracked 
| 245|0x00000000cf500000, 0x00000000cf5fffa0, 0x00000000cf600000| 99%| O|  |TAMS 0x00000000cf500000| PB 0x00000000cf5fffa0| Untracked 
| 246|0x00000000cf600000, 0x00000000cf700000, 0x00000000cf700000|100%| O|  |TAMS 0x00000000cf600000| PB 0x00000000cf700000| Untracked 
| 247|0x00000000cf700000, 0x00000000cf7fffd0, 0x00000000cf800000| 99%| O|  |TAMS 0x00000000cf700000| PB 0x00000000cf7fffd0| Untracked 
| 248|0x00000000cf800000, 0x00000000cf8ffff8, 0x00000000cf900000| 99%| O|  |TAMS 0x00000000cf800000| PB 0x00000000cf8ffff8| Untracked 
| 249|0x00000000cf900000, 0x00000000cf9ffff8, 0x00000000cfa00000| 99%| O|  |TAMS 0x00000000cf900000| PB 0x00000000cf9ffff8| Untracked 
| 250|0x00000000cfa00000, 0x00000000cfb00000, 0x00000000cfb00000|100%| O|  |TAMS 0x00000000cfa00000| PB 0x00000000cfb00000| Untracked 
| 251|0x00000000cfb00000, 0x00000000cfbfff90, 0x00000000cfc00000| 99%| O|  |TAMS 0x00000000cfb00000| PB 0x00000000cfbfff90| Untracked 
| 252|0x00000000cfc00000, 0x00000000cfd00000, 0x00000000cfd00000|100%| O|  |TAMS 0x00000000cfc00000| PB 0x00000000cfd00000| Untracked 
| 253|0x00000000cfd00000, 0x00000000cfdffff0, 0x00000000cfe00000| 99%| O|  |TAMS 0x00000000cfd00000| PB 0x00000000cfdffff0| Untracked 
| 254|0x00000000cfe00000, 0x00000000cfefffe0, 0x00000000cff00000| 99%| O|  |TAMS 0x00000000cfe00000| PB 0x00000000cfefffe0| Untracked 
| 255|0x00000000cff00000, 0x00000000cffffff8, 0x00000000d0000000| 99%| O|  |TAMS 0x00000000cff00000| PB 0x00000000cffffff8| Untracked 
| 256|0x00000000d0000000, 0x00000000d0100000, 0x00000000d0100000|100%| O|  |TAMS 0x00000000d0000000| PB 0x00000000d0100000| Untracked 
| 257|0x00000000d0100000, 0x00000000d01fff50, 0x00000000d0200000| 99%| O|  |TAMS 0x00000000d0100000| PB 0x00000000d01fff50| Untracked 
| 258|0x00000000d0200000, 0x00000000d02ffff8, 0x00000000d0300000| 99%| O|  |TAMS 0x00000000d0200000| PB 0x00000000d02ffff8| Untracked 
| 259|0x00000000d0300000, 0x00000000d0400000, 0x00000000d0400000|100%| O|  |TAMS 0x00000000d0300000| PB 0x00000000d0400000| Untracked 
| 260|0x00000000d0400000, 0x00000000d04ffff8, 0x00000000d0500000| 99%| O|  |TAMS 0x00000000d0400000| PB 0x00000000d04ffff8| Untracked 
| 261|0x00000000d0500000, 0x00000000d05fffe0, 0x00000000d0600000| 99%| O|  |TAMS 0x00000000d0500000| PB 0x00000000d05fffe0| Untracked 
| 262|0x00000000d0600000, 0x00000000d06ffff0, 0x00000000d0700000| 99%| O|  |TAMS 0x00000000d0600000| PB 0x00000000d06ffff0| Untracked 
| 263|0x00000000d0700000, 0x00000000d07fff80, 0x00000000d0800000| 99%| O|  |TAMS 0x00000000d0700000| PB 0x00000000d07fff80| Untracked 
| 264|0x00000000d0800000, 0x00000000d0900000, 0x00000000d0900000|100%| O|  |TAMS 0x00000000d0800000| PB 0x00000000d0900000| Untracked 
| 265|0x00000000d0900000, 0x00000000d09f3d90, 0x00000000d0a00000| 95%| O|  |TAMS 0x00000000d0900000| PB 0x00000000d09f3d90| Untracked 
| 266|0x00000000d0a00000, 0x00000000d0b00000, 0x00000000d0b00000|100%| O|  |TAMS 0x00000000d0a00000| PB 0x00000000d0b00000| Untracked 
| 267|0x00000000d0b00000, 0x00000000d0bffff0, 0x00000000d0c00000| 99%| O|  |TAMS 0x00000000d0b00000| PB 0x00000000d0bffff0| Untracked 
| 268|0x00000000d0c00000, 0x00000000d0cffff8, 0x00000000d0d00000| 99%| O|  |TAMS 0x00000000d0c00000| PB 0x00000000d0cffff8| Untracked 
| 269|0x00000000d0d00000, 0x00000000d0dfffe8, 0x00000000d0e00000| 99%| O|  |TAMS 0x00000000d0d00000| PB 0x00000000d0dfffe8| Untracked 
| 270|0x00000000d0e00000, 0x00000000d0efff68, 0x00000000d0f00000| 99%| O|  |TAMS 0x00000000d0e00000| PB 0x00000000d0efff68| Untracked 
| 271|0x00000000d0f00000, 0x00000000d0ffffc0, 0x00000000d1000000| 99%| O|  |TAMS 0x00000000d0f00000| PB 0x00000000d0ffffc0| Untracked 
| 272|0x00000000d1000000, 0x00000000d10fffe8, 0x00000000d1100000| 99%| O|  |TAMS 0x00000000d1000000| PB 0x00000000d10fffe8| Untracked 
| 273|0x00000000d1100000, 0x00000000d11fffb0, 0x00000000d1200000| 99%| O|  |TAMS 0x00000000d1100000| PB 0x00000000d11fffb0| Untracked 
| 274|0x00000000d1200000, 0x00000000d12fff68, 0x00000000d1300000| 99%| O|  |TAMS 0x00000000d1200000| PB 0x00000000d12fff68| Untracked 
| 275|0x00000000d1300000, 0x00000000d13ffff0, 0x00000000d1400000| 99%| O|  |TAMS 0x00000000d1300000| PB 0x00000000d13ffff0| Untracked 
| 276|0x00000000d1400000, 0x00000000d1500000, 0x00000000d1500000|100%| O|  |TAMS 0x00000000d1400000| PB 0x00000000d1500000| Untracked 
| 277|0x00000000d1500000, 0x00000000d15fff88, 0x00000000d1600000| 99%| O|  |TAMS 0x00000000d1500000| PB 0x00000000d15fff88| Untracked 
| 278|0x00000000d1600000, 0x00000000d16fffb0, 0x00000000d1700000| 99%| O|  |TAMS 0x00000000d1600000| PB 0x00000000d16fffb0| Untracked 
| 279|0x00000000d1700000, 0x00000000d17fffc8, 0x00000000d1800000| 99%| O|  |TAMS 0x00000000d1700000| PB 0x00000000d17fffc8| Untracked 
| 280|0x00000000d1800000, 0x00000000d18fff68, 0x00000000d1900000| 99%| O|  |TAMS 0x00000000d1800000| PB 0x00000000d18fff68| Untracked 
| 281|0x00000000d1900000, 0x00000000d19ffff8, 0x00000000d1a00000| 99%| O|  |TAMS 0x00000000d1900000| PB 0x00000000d19ffff8| Untracked 
| 282|0x00000000d1a00000, 0x00000000d1affff8, 0x00000000d1b00000| 99%| O|  |TAMS 0x00000000d1a00000| PB 0x00000000d1affff8| Untracked 
| 283|0x00000000d1b00000, 0x00000000d1bffff0, 0x00000000d1c00000| 99%| O|  |TAMS 0x00000000d1b00000| PB 0x00000000d1bffff0| Untracked 
| 284|0x00000000d1c00000, 0x00000000d1d00000, 0x00000000d1d00000|100%| O|  |TAMS 0x00000000d1c00000| PB 0x00000000d1d00000| Untracked 
| 285|0x00000000d1d00000, 0x00000000d1dffff8, 0x00000000d1e00000| 99%| O|  |TAMS 0x00000000d1d00000| PB 0x00000000d1dffff8| Untracked 
| 286|0x00000000d1e00000, 0x00000000d1efffc0, 0x00000000d1f00000| 99%| O|  |TAMS 0x00000000d1e00000| PB 0x00000000d1efffc0| Untracked 
| 287|0x00000000d1f00000, 0x00000000d2000000, 0x00000000d2000000|100%| O|  |TAMS 0x00000000d1f00000| PB 0x00000000d2000000| Untracked 
| 288|0x00000000d2000000, 0x00000000d2100000, 0x00000000d2100000|100%| O|  |TAMS 0x00000000d2000000| PB 0x00000000d2100000| Untracked 
| 289|0x00000000d2100000, 0x00000000d21fffe8, 0x00000000d2200000| 99%| O|  |TAMS 0x00000000d2100000| PB 0x00000000d21fffe8| Untracked 
| 290|0x00000000d2200000, 0x00000000d22fffe8, 0x00000000d2300000| 99%| O|  |TAMS 0x00000000d2200000| PB 0x00000000d22fffe8| Untracked 
| 291|0x00000000d2300000, 0x00000000d23fff88, 0x00000000d2400000| 99%| O|  |TAMS 0x00000000d2300000| PB 0x00000000d23fff88| Untracked 
| 292|0x00000000d2400000, 0x00000000d24ffff0, 0x00000000d2500000| 99%| O|  |TAMS 0x00000000d2400000| PB 0x00000000d24ffff0| Untracked 
| 293|0x00000000d2500000, 0x00000000d25fffe0, 0x00000000d2600000| 99%| O|  |TAMS 0x00000000d2500000| PB 0x00000000d25fffe0| Untracked 
| 294|0x00000000d2600000, 0x00000000d26fffb8, 0x00000000d2700000| 99%| O|  |TAMS 0x00000000d2600000| PB 0x00000000d26fffb8| Untracked 
| 295|0x00000000d2700000, 0x00000000d27ffff0, 0x00000000d2800000| 99%| O|  |TAMS 0x00000000d2700000| PB 0x00000000d27ffff0| Untracked 
| 296|0x00000000d2800000, 0x00000000d28fff78, 0x00000000d2900000| 99%| O|  |TAMS 0x00000000d2800000| PB 0x00000000d28fff78| Untracked 
| 297|0x00000000d2900000, 0x00000000d29fffe8, 0x00000000d2a00000| 99%| O|  |TAMS 0x00000000d2900000| PB 0x00000000d29fffe8| Untracked 
| 298|0x00000000d2a00000, 0x00000000d2afff58, 0x00000000d2b00000| 99%| O|  |TAMS 0x00000000d2a00000| PB 0x00000000d2afff58| Untracked 
| 299|0x00000000d2b00000, 0x00000000d2bfffe8, 0x00000000d2c00000| 99%| O|  |TAMS 0x00000000d2b00000| PB 0x00000000d2bfffe8| Untracked 
| 300|0x00000000d2c00000, 0x00000000d2cfffb8, 0x00000000d2d00000| 99%| O|  |TAMS 0x00000000d2c00000| PB 0x00000000d2cfffb8| Untracked 
| 301|0x00000000d2d00000, 0x00000000d2dfff60, 0x00000000d2e00000| 99%| O|  |TAMS 0x00000000d2d00000| PB 0x00000000d2dfff60| Untracked 
| 302|0x00000000d2e00000, 0x00000000d2effff8, 0x00000000d2f00000| 99%| O|  |TAMS 0x00000000d2e00000| PB 0x00000000d2effff8| Untracked 
| 303|0x00000000d2f00000, 0x00000000d2ffff80, 0x00000000d3000000| 99%| O|  |TAMS 0x00000000d2f00000| PB 0x00000000d2ffff80| Untracked 
| 304|0x00000000d3000000, 0x00000000d30fffe8, 0x00000000d3100000| 99%| O|  |TAMS 0x00000000d3000000| PB 0x00000000d30fffe8| Untracked 
| 305|0x00000000d3100000, 0x00000000d31ffff0, 0x00000000d3200000| 99%| O|  |TAMS 0x00000000d3100000| PB 0x00000000d31ffff0| Untracked 
| 306|0x00000000d3200000, 0x00000000d32fffb0, 0x00000000d3300000| 99%| O|  |TAMS 0x00000000d3200000| PB 0x00000000d32fffb0| Untracked 
| 307|0x00000000d3300000, 0x00000000d33fffa8, 0x00000000d3400000| 99%| O|  |TAMS 0x00000000d3300000| PB 0x00000000d33fffa8| Untracked 
| 308|0x00000000d3400000, 0x00000000d34fffe8, 0x00000000d3500000| 99%| O|  |TAMS 0x00000000d3400000| PB 0x00000000d34fffe8| Untracked 
| 309|0x00000000d3500000, 0x00000000d35fffd0, 0x00000000d3600000| 99%| O|  |TAMS 0x00000000d3500000| PB 0x00000000d35fffd0| Untracked 
| 310|0x00000000d3600000, 0x00000000d36fff50, 0x00000000d3700000| 99%| O|  |TAMS 0x00000000d3600000| PB 0x00000000d36fff50| Untracked 
| 311|0x00000000d3700000, 0x00000000d3800000, 0x00000000d3800000|100%| O|  |TAMS 0x00000000d3700000| PB 0x00000000d3800000| Untracked 
| 312|0x00000000d3800000, 0x00000000d38fff80, 0x00000000d3900000| 99%| O|  |TAMS 0x00000000d3800000| PB 0x00000000d38fff80| Untracked 
| 313|0x00000000d3900000, 0x00000000d39fff68, 0x00000000d3a00000| 99%| O|  |TAMS 0x00000000d3900000| PB 0x00000000d39fff68| Untracked 
| 314|0x00000000d3a00000, 0x00000000d3affff0, 0x00000000d3b00000| 99%| O|  |TAMS 0x00000000d3a00000| PB 0x00000000d3affff0| Untracked 
| 315|0x00000000d3b00000, 0x00000000d3bffff8, 0x00000000d3c00000| 99%| O|  |TAMS 0x00000000d3b00000| PB 0x00000000d3bffff8| Untracked 
| 316|0x00000000d3c00000, 0x00000000d3cffff8, 0x00000000d3d00000| 99%| O|  |TAMS 0x00000000d3c00000| PB 0x00000000d3cffff8| Untracked 
| 317|0x00000000d3d00000, 0x00000000d3dfff60, 0x00000000d3e00000| 99%| O|  |TAMS 0x00000000d3d00000| PB 0x00000000d3dfff60| Untracked 
| 318|0x00000000d3e00000, 0x00000000d3effff8, 0x00000000d3f00000| 99%| O|  |TAMS 0x00000000d3e00000| PB 0x00000000d3effff8| Untracked 
| 319|0x00000000d3f00000, 0x00000000d3ffff48, 0x00000000d4000000| 99%| O|  |TAMS 0x00000000d3f00000| PB 0x00000000d3ffff48| Untracked 
| 320|0x00000000d4000000, 0x00000000d40fffe8, 0x00000000d4100000| 99%| O|  |TAMS 0x00000000d4000000| PB 0x00000000d40fffe8| Untracked 
| 321|0x00000000d4100000, 0x00000000d41fffd0, 0x00000000d4200000| 99%| O|  |TAMS 0x00000000d4100000| PB 0x00000000d41fffd0| Untracked 
| 322|0x00000000d4200000, 0x00000000d42ffff8, 0x00000000d4300000| 99%| O|  |TAMS 0x00000000d4200000| PB 0x00000000d42ffff8| Untracked 
| 323|0x00000000d4300000, 0x00000000d43ffff0, 0x00000000d4400000| 99%| O|  |TAMS 0x00000000d4300000| PB 0x00000000d43ffff0| Untracked 
| 324|0x00000000d4400000, 0x00000000d44fffd0, 0x00000000d4500000| 99%| O|  |TAMS 0x00000000d4400000| PB 0x00000000d44fffd0| Untracked 
| 325|0x00000000d4500000, 0x00000000d45fff40, 0x00000000d4600000| 99%| O|  |TAMS 0x00000000d4500000| PB 0x00000000d45fff40| Untracked 
| 326|0x00000000d4600000, 0x00000000d46fffc8, 0x00000000d4700000| 99%| O|  |TAMS 0x00000000d4600000| PB 0x00000000d46fffc8| Untracked 
| 327|0x00000000d4700000, 0x00000000d47ffff0, 0x00000000d4800000| 99%| O|  |TAMS 0x00000000d4700000| PB 0x00000000d47ffff0| Untracked 
| 328|0x00000000d4800000, 0x00000000d48fffe8, 0x00000000d4900000| 99%| O|  |TAMS 0x00000000d4800000| PB 0x00000000d48fffe8| Untracked 
| 329|0x00000000d4900000, 0x00000000d4a00000, 0x00000000d4a00000|100%| O|  |TAMS 0x00000000d4900000| PB 0x00000000d4a00000| Untracked 
| 330|0x00000000d4a00000, 0x00000000d4affff8, 0x00000000d4b00000| 99%| O|  |TAMS 0x00000000d4a00000| PB 0x00000000d4affff8| Untracked 
| 331|0x00000000d4b00000, 0x00000000d4bffff8, 0x00000000d4c00000| 99%| O|  |TAMS 0x00000000d4b00000| PB 0x00000000d4bffff8| Untracked 
| 332|0x00000000d4c00000, 0x00000000d4cffff0, 0x00000000d4d00000| 99%| O|  |TAMS 0x00000000d4c00000| PB 0x00000000d4cffff0| Untracked 
| 333|0x00000000d4d00000, 0x00000000d4dffff8, 0x00000000d4e00000| 99%| O|  |TAMS 0x00000000d4d00000| PB 0x00000000d4dffff8| Untracked 
| 334|0x00000000d4e00000, 0x00000000d4effff0, 0x00000000d4f00000| 99%| O|  |TAMS 0x00000000d4e00000| PB 0x00000000d4effff0| Untracked 
| 335|0x00000000d4f00000, 0x00000000d4ffff90, 0x00000000d5000000| 99%| O|  |TAMS 0x00000000d4f00000| PB 0x00000000d4ffff90| Untracked 
| 336|0x00000000d5000000, 0x00000000d50ffff0, 0x00000000d5100000| 99%| O|  |TAMS 0x00000000d5000000| PB 0x00000000d50ffff0| Untracked 
| 337|0x00000000d5100000, 0x00000000d5200000, 0x00000000d5200000|100%| O|  |TAMS 0x00000000d5100000| PB 0x00000000d5200000| Untracked 
| 338|0x00000000d5200000, 0x00000000d52fff88, 0x00000000d5300000| 99%| O|  |TAMS 0x00000000d5200000| PB 0x00000000d52fff88| Untracked 
| 339|0x00000000d5300000, 0x00000000d53ffff0, 0x00000000d5400000| 99%| O|  |TAMS 0x00000000d5300000| PB 0x00000000d53ffff0| Untracked 
| 340|0x00000000d5400000, 0x00000000d54ffff8, 0x00000000d5500000| 99%| O|  |TAMS 0x00000000d5400000| PB 0x00000000d54ffff8| Untracked 
| 341|0x00000000d5500000, 0x00000000d55ffff8, 0x00000000d5600000| 99%| O|  |TAMS 0x00000000d5500000| PB 0x00000000d55ffff8| Untracked 
| 342|0x00000000d5600000, 0x00000000d56fffb8, 0x00000000d5700000| 99%| O|  |TAMS 0x00000000d5600000| PB 0x00000000d56fffb8| Untracked 
| 343|0x00000000d5700000, 0x00000000d5800000, 0x00000000d5800000|100%| O|  |TAMS 0x00000000d5700000| PB 0x00000000d5800000| Untracked 
| 344|0x00000000d5800000, 0x00000000d58ffff0, 0x00000000d5900000| 99%| O|  |TAMS 0x00000000d5800000| PB 0x00000000d58ffff0| Untracked 
| 345|0x00000000d5900000, 0x00000000d59ffff8, 0x00000000d5a00000| 99%| O|  |TAMS 0x00000000d5900000| PB 0x00000000d59ffff8| Untracked 
| 346|0x00000000d5a00000, 0x00000000d5afffe0, 0x00000000d5b00000| 99%| O|  |TAMS 0x00000000d5a00000| PB 0x00000000d5afffe0| Untracked 
| 347|0x00000000d5b00000, 0x00000000d5bffff0, 0x00000000d5c00000| 99%| O|  |TAMS 0x00000000d5b00000| PB 0x00000000d5bffff0| Untracked 
| 348|0x00000000d5c00000, 0x00000000d5cfffb8, 0x00000000d5d00000| 99%| O|  |TAMS 0x00000000d5c00000| PB 0x00000000d5cfffb8| Untracked 
| 349|0x00000000d5d00000, 0x00000000d5dffff8, 0x00000000d5e00000| 99%| O|  |TAMS 0x00000000d5d00000| PB 0x00000000d5dffff8| Untracked 
| 350|0x00000000d5e00000, 0x00000000d5efffa8, 0x00000000d5f00000| 99%| O|  |TAMS 0x00000000d5e00000| PB 0x00000000d5efffa8| Untracked 
| 351|0x00000000d5f00000, 0x00000000d5ffff38, 0x00000000d6000000| 99%| O|  |TAMS 0x00000000d5f00000| PB 0x00000000d5ffff38| Untracked 
| 352|0x00000000d6000000, 0x00000000d60fffc0, 0x00000000d6100000| 99%| O|  |TAMS 0x00000000d6000000| PB 0x00000000d60fffc0| Untracked 
| 353|0x00000000d6100000, 0x00000000d61ffff0, 0x00000000d6200000| 99%| O|  |TAMS 0x00000000d6100000| PB 0x00000000d61ffff0| Untracked 
| 354|0x00000000d6200000, 0x00000000d62ffff0, 0x00000000d6300000| 99%| O|  |TAMS 0x00000000d6200000| PB 0x00000000d62ffff0| Untracked 
| 355|0x00000000d6300000, 0x00000000d63ffff8, 0x00000000d6400000| 99%| O|  |TAMS 0x00000000d6300000| PB 0x00000000d63ffff8| Untracked 
| 356|0x00000000d6400000, 0x00000000d64fffb0, 0x00000000d6500000| 99%| O|  |TAMS 0x00000000d6400000| PB 0x00000000d64fffb0| Untracked 
| 357|0x00000000d6500000, 0x00000000d65fffc8, 0x00000000d6600000| 99%| O|  |TAMS 0x00000000d6500000| PB 0x00000000d65fffc8| Untracked 
| 358|0x00000000d6600000, 0x00000000d6700000, 0x00000000d6700000|100%| O|  |TAMS 0x00000000d6600000| PB 0x00000000d6700000| Untracked 
| 359|0x00000000d6700000, 0x00000000d67ffff8, 0x00000000d6800000| 99%| O|  |TAMS 0x00000000d6700000| PB 0x00000000d67ffff8| Untracked 
| 360|0x00000000d6800000, 0x00000000d68ffff0, 0x00000000d6900000| 99%| O|  |TAMS 0x00000000d6800000| PB 0x00000000d68ffff0| Untracked 
| 361|0x00000000d6900000, 0x00000000d69ffff8, 0x00000000d6a00000| 99%| O|  |TAMS 0x00000000d6900000| PB 0x00000000d69ffff8| Untracked 
| 362|0x00000000d6a00000, 0x00000000d6afffc0, 0x00000000d6b00000| 99%| O|  |TAMS 0x00000000d6a00000| PB 0x00000000d6afffc0| Untracked 
| 363|0x00000000d6b00000, 0x00000000d6bffff0, 0x00000000d6c00000| 99%| O|  |TAMS 0x00000000d6b00000| PB 0x00000000d6bffff0| Untracked 
| 364|0x00000000d6c00000, 0x00000000d6d00000, 0x00000000d6d00000|100%| O|  |TAMS 0x00000000d6c00000| PB 0x00000000d6d00000| Untracked 
| 365|0x00000000d6d00000, 0x00000000d6dffff0, 0x00000000d6e00000| 99%| O|  |TAMS 0x00000000d6d00000| PB 0x00000000d6dffff0| Untracked 
| 366|0x00000000d6e00000, 0x00000000d6efff70, 0x00000000d6f00000| 99%| O|  |TAMS 0x00000000d6e00000| PB 0x00000000d6efff70| Untracked 
| 367|0x00000000d6f00000, 0x00000000d6ffffa0, 0x00000000d7000000| 99%| O|  |TAMS 0x00000000d6f00000| PB 0x00000000d6ffffa0| Untracked 
| 368|0x00000000d7000000, 0x00000000d70ffff0, 0x00000000d7100000| 99%| O|  |TAMS 0x00000000d7000000| PB 0x00000000d70ffff0| Untracked 
| 369|0x00000000d7100000, 0x00000000d71fff68, 0x00000000d7200000| 99%| O|  |TAMS 0x00000000d7100000| PB 0x00000000d71fff68| Untracked 
| 370|0x00000000d7200000, 0x00000000d72ffff8, 0x00000000d7300000| 99%| O|  |TAMS 0x00000000d7200000| PB 0x00000000d72ffff8| Untracked 
| 371|0x00000000d7300000, 0x00000000d7400000, 0x00000000d7400000|100%| O|  |TAMS 0x00000000d7300000| PB 0x00000000d7400000| Untracked 
| 372|0x00000000d7400000, 0x00000000d74ffff8, 0x00000000d7500000| 99%| O|  |TAMS 0x00000000d7400000| PB 0x00000000d74ffff8| Untracked 
| 373|0x00000000d7500000, 0x00000000d75ffff0, 0x00000000d7600000| 99%| O|  |TAMS 0x00000000d7500000| PB 0x00000000d75ffff0| Untracked 
| 374|0x00000000d7600000, 0x00000000d76ffff0, 0x00000000d7700000| 99%| O|  |TAMS 0x00000000d7600000| PB 0x00000000d76ffff0| Untracked 
| 375|0x00000000d7700000, 0x00000000d77ffff0, 0x00000000d7800000| 99%| O|  |TAMS 0x00000000d7700000| PB 0x00000000d77ffff0| Untracked 
| 376|0x00000000d7800000, 0x00000000d78ffff0, 0x00000000d7900000| 99%| O|  |TAMS 0x00000000d7800000| PB 0x00000000d78ffff0| Untracked 
| 377|0x00000000d7900000, 0x00000000d79ffff8, 0x00000000d7a00000| 99%| O|  |TAMS 0x00000000d7900000| PB 0x00000000d79ffff8| Untracked 
| 378|0x00000000d7a00000, 0x00000000d7afff78, 0x00000000d7b00000| 99%| O|  |TAMS 0x00000000d7a00000| PB 0x00000000d7afff78| Untracked 
| 379|0x00000000d7b00000, 0x00000000d7c00000, 0x00000000d7c00000|100%| O|  |TAMS 0x00000000d7b00000| PB 0x00000000d7c00000| Untracked 
| 380|0x00000000d7c00000, 0x00000000d7cfff88, 0x00000000d7d00000| 99%| O|  |TAMS 0x00000000d7c00000| PB 0x00000000d7cfff88| Untracked 
| 381|0x00000000d7d00000, 0x00000000d7dffff8, 0x00000000d7e00000| 99%| O|  |TAMS 0x00000000d7d00000| PB 0x00000000d7dffff8| Untracked 
| 382|0x00000000d7e00000, 0x00000000d7effff8, 0x00000000d7f00000| 99%| O|  |TAMS 0x00000000d7e00000| PB 0x00000000d7effff8| Untracked 
| 383|0x00000000d7f00000, 0x00000000d7ffffa8, 0x00000000d8000000| 99%| O|  |TAMS 0x00000000d7f00000| PB 0x00000000d7ffffa8| Untracked 
| 384|0x00000000d8000000, 0x00000000d80fffe0, 0x00000000d8100000| 99%| O|  |TAMS 0x00000000d8000000| PB 0x00000000d80fffe0| Untracked 
| 385|0x00000000d8100000, 0x00000000d8200000, 0x00000000d8200000|100%| O|  |TAMS 0x00000000d8100000| PB 0x00000000d8200000| Untracked 
| 386|0x00000000d8200000, 0x00000000d82fff68, 0x00000000d8300000| 99%| O|  |TAMS 0x00000000d8200000| PB 0x00000000d82fff68| Untracked 
| 387|0x00000000d8300000, 0x00000000d8400000, 0x00000000d8400000|100%| O|  |TAMS 0x00000000d8300000| PB 0x00000000d8400000| Untracked 
| 388|0x00000000d8400000, 0x00000000d8500000, 0x00000000d8500000|100%| O|  |TAMS 0x00000000d8400000| PB 0x00000000d8500000| Untracked 
| 389|0x00000000d8500000, 0x00000000d85fff28, 0x00000000d8600000| 99%| O|  |TAMS 0x00000000d8500000| PB 0x00000000d85fff28| Untracked 
| 390|0x00000000d8600000, 0x00000000d86fffe0, 0x00000000d8700000| 99%| O|  |TAMS 0x00000000d8600000| PB 0x00000000d86fffe0| Untracked 
| 391|0x00000000d8700000, 0x00000000d87ffff8, 0x00000000d8800000| 99%| O|  |TAMS 0x00000000d8700000| PB 0x00000000d87ffff8| Untracked 
| 392|0x00000000d8800000, 0x00000000d88fffe8, 0x00000000d8900000| 99%| O|  |TAMS 0x00000000d8800000| PB 0x00000000d88fffe8| Untracked 
| 393|0x00000000d8900000, 0x00000000d89ffff8, 0x00000000d8a00000| 99%| O|  |TAMS 0x00000000d8900000| PB 0x00000000d89ffff8| Untracked 
| 394|0x00000000d8a00000, 0x00000000d8affff8, 0x00000000d8b00000| 99%| O|  |TAMS 0x00000000d8a00000| PB 0x00000000d8affff8| Untracked 
| 395|0x00000000d8b00000, 0x00000000d8bfff48, 0x00000000d8c00000| 99%| O|  |TAMS 0x00000000d8b00000| PB 0x00000000d8bfff48| Untracked 
| 396|0x00000000d8c00000, 0x00000000d8cffff8, 0x00000000d8d00000| 99%| O|  |TAMS 0x00000000d8c00000| PB 0x00000000d8cffff8| Untracked 
| 397|0x00000000d8d00000, 0x00000000d8dfff60, 0x00000000d8e00000| 99%| O|  |TAMS 0x00000000d8d00000| PB 0x00000000d8dfff60| Untracked 
| 398|0x00000000d8e00000, 0x00000000d8efffa8, 0x00000000d8f00000| 99%| O|  |TAMS 0x00000000d8e00000| PB 0x00000000d8efffa8| Untracked 
| 399|0x00000000d8f00000, 0x00000000d8ffff88, 0x00000000d9000000| 99%| O|  |TAMS 0x00000000d8f00000| PB 0x00000000d8ffff88| Untracked 
| 400|0x00000000d9000000, 0x00000000d90fffe0, 0x00000000d9100000| 99%| O|  |TAMS 0x00000000d9000000| PB 0x00000000d90fffe0| Untracked 
| 401|0x00000000d9100000, 0x00000000d91ffff0, 0x00000000d9200000| 99%| O|  |TAMS 0x00000000d9100000| PB 0x00000000d91ffff0| Untracked 
| 402|0x00000000d9200000, 0x00000000d9300000, 0x00000000d9300000|100%| O|  |TAMS 0x00000000d9200000| PB 0x00000000d9300000| Untracked 
| 403|0x00000000d9300000, 0x00000000d93ffff0, 0x00000000d9400000| 99%| O|  |TAMS 0x00000000d9300000| PB 0x00000000d93ffff0| Untracked 
| 404|0x00000000d9400000, 0x00000000d94ffff0, 0x00000000d9500000| 99%| O|  |TAMS 0x00000000d9400000| PB 0x00000000d94ffff0| Untracked 
| 405|0x00000000d9500000, 0x00000000d95fffc8, 0x00000000d9600000| 99%| O|  |TAMS 0x00000000d9500000| PB 0x00000000d95fffc8| Untracked 
| 406|0x00000000d9600000, 0x00000000d96ffff0, 0x00000000d9700000| 99%| O|  |TAMS 0x00000000d9600000| PB 0x00000000d96ffff0| Untracked 
| 407|0x00000000d9700000, 0x00000000d9800000, 0x00000000d9800000|100%| O|  |TAMS 0x00000000d9700000| PB 0x00000000d9800000| Untracked 
| 408|0x00000000d9800000, 0x00000000d98ffff0, 0x00000000d9900000| 99%| O|  |TAMS 0x00000000d9800000| PB 0x00000000d98ffff0| Untracked 
| 409|0x00000000d9900000, 0x00000000d99ffff0, 0x00000000d9a00000| 99%| O|  |TAMS 0x00000000d9900000| PB 0x00000000d99ffff0| Untracked 
| 410|0x00000000d9a00000, 0x00000000d9affff8, 0x00000000d9b00000| 99%| O|  |TAMS 0x00000000d9a00000| PB 0x00000000d9affff8| Untracked 
| 411|0x00000000d9b00000, 0x00000000d9bfff90, 0x00000000d9c00000| 99%| O|  |TAMS 0x00000000d9b00000| PB 0x00000000d9bfff90| Untracked 
| 412|0x00000000d9c00000, 0x00000000d9cfffa8, 0x00000000d9d00000| 99%| O|  |TAMS 0x00000000d9c00000| PB 0x00000000d9cfffa8| Untracked 
| 413|0x00000000d9d00000, 0x00000000d9dfff90, 0x00000000d9e00000| 99%| O|  |TAMS 0x00000000d9d00000| PB 0x00000000d9dfff90| Untracked 
| 414|0x00000000d9e00000, 0x00000000d9effff8, 0x00000000d9f00000| 99%| O|  |TAMS 0x00000000d9e00000| PB 0x00000000d9effff8| Untracked 
| 415|0x00000000d9f00000, 0x00000000d9ffffb0, 0x00000000da000000| 99%| O|  |TAMS 0x00000000d9f00000| PB 0x00000000d9ffffb0| Untracked 
| 416|0x00000000da000000, 0x00000000da0ffff0, 0x00000000da100000| 99%| O|  |TAMS 0x00000000da000000| PB 0x00000000da0ffff0| Untracked 
| 417|0x00000000da100000, 0x00000000da200000, 0x00000000da200000|100%| O|  |TAMS 0x00000000da100000| PB 0x00000000da200000| Untracked 
| 418|0x00000000da200000, 0x00000000da2fffc8, 0x00000000da300000| 99%| O|  |TAMS 0x00000000da200000| PB 0x00000000da2fffc8| Untracked 
| 419|0x00000000da300000, 0x00000000da3ffff8, 0x00000000da400000| 99%| O|  |TAMS 0x00000000da300000| PB 0x00000000da3ffff8| Untracked 
| 420|0x00000000da400000, 0x00000000da4fffe8, 0x00000000da500000| 99%| O|  |TAMS 0x00000000da400000| PB 0x00000000da4fffe8| Untracked 
| 421|0x00000000da500000, 0x00000000da5fffe0, 0x00000000da600000| 99%| O|  |TAMS 0x00000000da500000| PB 0x00000000da5fffe0| Untracked 
| 422|0x00000000da600000, 0x00000000da700000, 0x00000000da700000|100%| O|  |TAMS 0x00000000da600000| PB 0x00000000da700000| Untracked 
| 423|0x00000000da700000, 0x00000000da7fff88, 0x00000000da800000| 99%| O|  |TAMS 0x00000000da700000| PB 0x00000000da7fff88| Untracked 
| 424|0x00000000da800000, 0x00000000da8fff68, 0x00000000da900000| 99%| O|  |TAMS 0x00000000da800000| PB 0x00000000da8fff68| Untracked 
| 425|0x00000000da900000, 0x00000000da9ffff8, 0x00000000daa00000| 99%| O|  |TAMS 0x00000000da900000| PB 0x00000000da9ffff8| Untracked 
| 426|0x00000000daa00000, 0x00000000daafff78, 0x00000000dab00000| 99%| O|  |TAMS 0x00000000daa00000| PB 0x00000000daafff78| Untracked 
| 427|0x00000000dab00000, 0x00000000dac00000, 0x00000000dac00000|100%| O|  |TAMS 0x00000000dab00000| PB 0x00000000dac00000| Untracked 
| 428|0x00000000dac00000, 0x00000000dacfff68, 0x00000000dad00000| 99%| O|  |TAMS 0x00000000dac00000| PB 0x00000000dacfff68| Untracked 
| 429|0x00000000dad00000, 0x00000000dadffff0, 0x00000000dae00000| 99%| O|  |TAMS 0x00000000dad00000| PB 0x00000000dadffff0| Untracked 
| 430|0x00000000dae00000, 0x00000000daeffff0, 0x00000000daf00000| 99%| O|  |TAMS 0x00000000dae00000| PB 0x00000000daeffff0| Untracked 
| 431|0x00000000daf00000, 0x00000000dafffff0, 0x00000000db000000| 99%| O|  |TAMS 0x00000000daf00000| PB 0x00000000dafffff0| Untracked 
| 432|0x00000000db000000, 0x00000000db0fff68, 0x00000000db100000| 99%| O|  |TAMS 0x00000000db000000| PB 0x00000000db0fff68| Untracked 
| 433|0x00000000db100000, 0x00000000db1fffc8, 0x00000000db200000| 99%| O|  |TAMS 0x00000000db100000| PB 0x00000000db1fffc8| Untracked 
| 434|0x00000000db200000, 0x00000000db300000, 0x00000000db300000|100%| O|  |TAMS 0x00000000db200000| PB 0x00000000db300000| Untracked 
| 435|0x00000000db300000, 0x00000000db3fff68, 0x00000000db400000| 99%| O|  |TAMS 0x00000000db300000| PB 0x00000000db3fff68| Untracked 
| 436|0x00000000db400000, 0x00000000db4ffff0, 0x00000000db500000| 99%| O|  |TAMS 0x00000000db400000| PB 0x00000000db4ffff0| Untracked 
| 437|0x00000000db500000, 0x00000000db5fff58, 0x00000000db600000| 99%| O|  |TAMS 0x00000000db500000| PB 0x00000000db5fff58| Untracked 
| 438|0x00000000db600000, 0x00000000db6ffff0, 0x00000000db700000| 99%| O|  |TAMS 0x00000000db600000| PB 0x00000000db6ffff0| Untracked 
| 439|0x00000000db700000, 0x00000000db7fff70, 0x00000000db800000| 99%| O|  |TAMS 0x00000000db700000| PB 0x00000000db7fff70| Untracked 
| 440|0x00000000db800000, 0x00000000db900000, 0x00000000db900000|100%| O|  |TAMS 0x00000000db800000| PB 0x00000000db900000| Untracked 
| 441|0x00000000db900000, 0x00000000dba00000, 0x00000000dba00000|100%| O|  |TAMS 0x00000000db900000| PB 0x00000000dba00000| Untracked 
| 442|0x00000000dba00000, 0x00000000dbafffb8, 0x00000000dbb00000| 99%| O|  |TAMS 0x00000000dba00000| PB 0x00000000dbafffb8| Untracked 
| 443|0x00000000dbb00000, 0x00000000dbbffff8, 0x00000000dbc00000| 99%| O|  |TAMS 0x00000000dbb00000| PB 0x00000000dbbffff8| Untracked 
| 444|0x00000000dbc00000, 0x00000000dbcfffd8, 0x00000000dbd00000| 99%| O|  |TAMS 0x00000000dbc00000| PB 0x00000000dbcfffd8| Untracked 
| 445|0x00000000dbd00000, 0x00000000dbdffff8, 0x00000000dbe00000| 99%| O|  |TAMS 0x00000000dbd00000| PB 0x00000000dbdffff8| Untracked 
| 446|0x00000000dbe00000, 0x00000000dbefffa0, 0x00000000dbf00000| 99%| O|  |TAMS 0x00000000dbe00000| PB 0x00000000dbefffa0| Untracked 
| 447|0x00000000dbf00000, 0x00000000dbfffff0, 0x00000000dc000000| 99%| O|  |TAMS 0x00000000dbf00000| PB 0x00000000dbfffff0| Untracked 
| 448|0x00000000dc000000, 0x00000000dc0fffe8, 0x00000000dc100000| 99%| O|  |TAMS 0x00000000dc000000| PB 0x00000000dc0fffe8| Untracked 
| 449|0x00000000dc100000, 0x00000000dc1ffff0, 0x00000000dc200000| 99%| O|  |TAMS 0x00000000dc100000| PB 0x00000000dc1ffff0| Untracked 
| 450|0x00000000dc200000, 0x00000000dc2ffff0, 0x00000000dc300000| 99%| O|  |TAMS 0x00000000dc200000| PB 0x00000000dc2ffff0| Untracked 
| 451|0x00000000dc300000, 0x00000000dc3ffff0, 0x00000000dc400000| 99%| O|  |TAMS 0x00000000dc300000| PB 0x00000000dc3ffff0| Untracked 
| 452|0x00000000dc400000, 0x00000000dc4fff90, 0x00000000dc500000| 99%| O|  |TAMS 0x00000000dc400000| PB 0x00000000dc4fff90| Untracked 
| 453|0x00000000dc500000, 0x00000000dc600000, 0x00000000dc600000|100%| O|  |TAMS 0x00000000dc500000| PB 0x00000000dc600000| Untracked 
| 454|0x00000000dc600000, 0x00000000dc6fff40, 0x00000000dc700000| 99%| O|  |TAMS 0x00000000dc600000| PB 0x00000000dc6fff40| Untracked 
| 455|0x00000000dc700000, 0x00000000dc800000, 0x00000000dc800000|100%| O|  |TAMS 0x00000000dc700000| PB 0x00000000dc800000| Untracked 
| 456|0x00000000dc800000, 0x00000000dc8fff60, 0x00000000dc900000| 99%| O|  |TAMS 0x00000000dc800000| PB 0x00000000dc8fff60| Untracked 
| 457|0x00000000dc900000, 0x00000000dc9fff60, 0x00000000dca00000| 99%| O|  |TAMS 0x00000000dc900000| PB 0x00000000dc9fff60| Untracked 
| 458|0x00000000dca00000, 0x00000000dcafffc0, 0x00000000dcb00000| 99%| O|  |TAMS 0x00000000dca00000| PB 0x00000000dcafffc0| Untracked 
| 459|0x00000000dcb00000, 0x00000000dcbfff68, 0x00000000dcc00000| 99%| O|  |TAMS 0x00000000dcb00000| PB 0x00000000dcbfff68| Untracked 
| 460|0x00000000dcc00000, 0x00000000dccffff8, 0x00000000dcd00000| 99%| O|  |TAMS 0x00000000dcc00000| PB 0x00000000dccffff8| Untracked 
| 461|0x00000000dcd00000, 0x00000000dcdfffa8, 0x00000000dce00000| 99%| O|  |TAMS 0x00000000dcd00000| PB 0x00000000dcdfffa8| Untracked 
| 462|0x00000000dce00000, 0x00000000dcefffd8, 0x00000000dcf00000| 99%| O|  |TAMS 0x00000000dce00000| PB 0x00000000dcefffd8| Untracked 
| 463|0x00000000dcf00000, 0x00000000dd000000, 0x00000000dd000000|100%| O|  |TAMS 0x00000000dcf00000| PB 0x00000000dd000000| Untracked 
| 464|0x00000000dd000000, 0x00000000dd0fff98, 0x00000000dd100000| 99%| O|  |TAMS 0x00000000dd000000| PB 0x00000000dd0fff98| Untracked 
| 465|0x00000000dd100000, 0x00000000dd1ffff8, 0x00000000dd200000| 99%| O|  |TAMS 0x00000000dd100000| PB 0x00000000dd1ffff8| Untracked 
| 466|0x00000000dd200000, 0x00000000dd300000, 0x00000000dd300000|100%| O|  |TAMS 0x00000000dd200000| PB 0x00000000dd300000| Untracked 
| 467|0x00000000dd300000, 0x00000000dd400000, 0x00000000dd400000|100%| O|  |TAMS 0x00000000dd300000| PB 0x00000000dd400000| Untracked 
| 468|0x00000000dd400000, 0x00000000dd4ffff8, 0x00000000dd500000| 99%| O|  |TAMS 0x00000000dd400000| PB 0x00000000dd4ffff8| Untracked 
| 469|0x00000000dd500000, 0x00000000dd600000, 0x00000000dd600000|100%| O|  |TAMS 0x00000000dd500000| PB 0x00000000dd600000| Untracked 
| 470|0x00000000dd600000, 0x00000000dd6fff70, 0x00000000dd700000| 99%| O|  |TAMS 0x00000000dd600000| PB 0x00000000dd6fff70| Untracked 
| 471|0x00000000dd700000, 0x00000000dd7fffd0, 0x00000000dd800000| 99%| O|  |TAMS 0x00000000dd700000| PB 0x00000000dd7fffd0| Untracked 
| 472|0x00000000dd800000, 0x00000000dd8ffff0, 0x00000000dd900000| 99%| O|  |TAMS 0x00000000dd800000| PB 0x00000000dd8ffff0| Untracked 
| 473|0x00000000dd900000, 0x00000000dd9fff78, 0x00000000dda00000| 99%| O|  |TAMS 0x00000000dd900000| PB 0x00000000dd9fff78| Untracked 
| 474|0x00000000dda00000, 0x00000000ddb00000, 0x00000000ddb00000|100%| O|  |TAMS 0x00000000dda00000| PB 0x00000000ddb00000| Untracked 
| 475|0x00000000ddb00000, 0x00000000ddbfffe0, 0x00000000ddc00000| 99%| O|  |TAMS 0x00000000ddb00000| PB 0x00000000ddbfffe0| Untracked 
| 476|0x00000000ddc00000, 0x00000000ddcffff0, 0x00000000ddd00000| 99%| O|  |TAMS 0x00000000ddc00000| PB 0x00000000ddcffff0| Untracked 
| 477|0x00000000ddd00000, 0x00000000dddfffd0, 0x00000000dde00000| 99%| O|  |TAMS 0x00000000ddd00000| PB 0x00000000dddfffd0| Untracked 
| 478|0x00000000dde00000, 0x00000000ddeffff0, 0x00000000ddf00000| 99%| O|  |TAMS 0x00000000dde00000| PB 0x00000000ddeffff0| Untracked 
| 479|0x00000000ddf00000, 0x00000000ddfffff0, 0x00000000de000000| 99%| O|  |TAMS 0x00000000ddf00000| PB 0x00000000ddfffff0| Untracked 
| 480|0x00000000de000000, 0x00000000de0fffe8, 0x00000000de100000| 99%| O|  |TAMS 0x00000000de000000| PB 0x00000000de0fffe8| Untracked 
| 481|0x00000000de100000, 0x00000000de1ffff0, 0x00000000de200000| 99%| O|  |TAMS 0x00000000de100000| PB 0x00000000de1ffff0| Untracked 
| 482|0x00000000de200000, 0x00000000de2ffff8, 0x00000000de300000| 99%| O|  |TAMS 0x00000000de200000| PB 0x00000000de2ffff8| Untracked 
| 483|0x00000000de300000, 0x00000000de3fffd8, 0x00000000de400000| 99%| O|  |TAMS 0x00000000de300000| PB 0x00000000de3fffd8| Untracked 
| 484|0x00000000de400000, 0x00000000de4fffe8, 0x00000000de500000| 99%| O|  |TAMS 0x00000000de400000| PB 0x00000000de4fffe8| Untracked 
| 485|0x00000000de500000, 0x00000000de5fffd0, 0x00000000de600000| 99%| O|  |TAMS 0x00000000de500000| PB 0x00000000de5fffd0| Untracked 
| 486|0x00000000de600000, 0x00000000de6fffa0, 0x00000000de700000| 99%| O|  |TAMS 0x00000000de600000| PB 0x00000000de6fffa0| Untracked 
| 487|0x00000000de700000, 0x00000000de7fffe8, 0x00000000de800000| 99%| O|  |TAMS 0x00000000de700000| PB 0x00000000de7fffe8| Untracked 
| 488|0x00000000de800000, 0x00000000de8ffff8, 0x00000000de900000| 99%| O|  |TAMS 0x00000000de800000| PB 0x00000000de8ffff8| Untracked 
| 489|0x00000000de900000, 0x00000000de9fff90, 0x00000000dea00000| 99%| O|  |TAMS 0x00000000de900000| PB 0x00000000de9fff90| Untracked 
| 490|0x00000000dea00000, 0x00000000deaffff0, 0x00000000deb00000| 99%| O|  |TAMS 0x00000000dea00000| PB 0x00000000deaffff0| Untracked 
| 491|0x00000000deb00000, 0x00000000debfffe0, 0x00000000dec00000| 99%| O|  |TAMS 0x00000000deb00000| PB 0x00000000debfffe0| Untracked 
| 492|0x00000000dec00000, 0x00000000decffff8, 0x00000000ded00000| 99%| O|  |TAMS 0x00000000dec00000| PB 0x00000000decffff8| Untracked 
| 493|0x00000000ded00000, 0x00000000dedfff70, 0x00000000dee00000| 99%| O|  |TAMS 0x00000000ded00000| PB 0x00000000dedfff70| Untracked 
| 494|0x00000000dee00000, 0x00000000deeffff8, 0x00000000def00000| 99%| O|  |TAMS 0x00000000dee00000| PB 0x00000000deeffff8| Untracked 
| 495|0x00000000def00000, 0x00000000deffff88, 0x00000000df000000| 99%| O|  |TAMS 0x00000000def00000| PB 0x00000000deffff88| Untracked 
| 496|0x00000000df000000, 0x00000000df0fffc0, 0x00000000df100000| 99%| O|  |TAMS 0x00000000df000000| PB 0x00000000df0fffc0| Untracked 
| 497|0x00000000df100000, 0x00000000df200000, 0x00000000df200000|100%| O|  |TAMS 0x00000000df100000| PB 0x00000000df200000| Untracked 
| 498|0x00000000df200000, 0x00000000df2fffe0, 0x00000000df300000| 99%| O|  |TAMS 0x00000000df200000| PB 0x00000000df2fffe0| Untracked 
| 499|0x00000000df300000, 0x00000000df3fff90, 0x00000000df400000| 99%| O|  |TAMS 0x00000000df300000| PB 0x00000000df3fff90| Untracked 
| 500|0x00000000df400000, 0x00000000df4ffff8, 0x00000000df500000| 99%| O|  |TAMS 0x00000000df400000| PB 0x00000000df4ffff8| Untracked 
| 501|0x00000000df500000, 0x00000000df600000, 0x00000000df600000|100%| O|  |TAMS 0x00000000df500000| PB 0x00000000df600000| Untracked 
| 502|0x00000000df600000, 0x00000000df6fffc8, 0x00000000df700000| 99%| O|  |TAMS 0x00000000df600000| PB 0x00000000df6fffc8| Untracked 
| 503|0x00000000df700000, 0x00000000df7ffff0, 0x00000000df800000| 99%| O|  |TAMS 0x00000000df700000| PB 0x00000000df7ffff0| Untracked 
| 504|0x00000000df800000, 0x00000000df8fff68, 0x00000000df900000| 99%| O|  |TAMS 0x00000000df800000| PB 0x00000000df8fff68| Untracked 
| 505|0x00000000df900000, 0x00000000df9ffff0, 0x00000000dfa00000| 99%| O|  |TAMS 0x00000000df900000| PB 0x00000000df9ffff0| Untracked 
| 506|0x00000000dfa00000, 0x00000000dfaffff8, 0x00000000dfb00000| 99%| O|  |TAMS 0x00000000dfa00000| PB 0x00000000dfaffff8| Untracked 
| 507|0x00000000dfb00000, 0x00000000dfbffff8, 0x00000000dfc00000| 99%| O|  |TAMS 0x00000000dfb00000| PB 0x00000000dfbffff8| Untracked 
| 508|0x00000000dfc00000, 0x00000000dfcfffc0, 0x00000000dfd00000| 99%| O|  |TAMS 0x00000000dfc00000| PB 0x00000000dfcfffc0| Untracked 
| 509|0x00000000dfd00000, 0x00000000dfdfff98, 0x00000000dfe00000| 99%| O|  |TAMS 0x00000000dfd00000| PB 0x00000000dfdfff98| Untracked 
| 510|0x00000000dfe00000, 0x00000000dff00000, 0x00000000dff00000|100%| O|  |TAMS 0x00000000dfe00000| PB 0x00000000dff00000| Untracked 
| 511|0x00000000dff00000, 0x00000000dffffff8, 0x00000000e0000000| 99%| O|  |TAMS 0x00000000dff00000| PB 0x00000000dffffff8| Untracked 
| 512|0x00000000e0000000, 0x00000000e00fffe8, 0x00000000e0100000| 99%| O|  |TAMS 0x00000000e0000000| PB 0x00000000e00fffe8| Untracked 
| 513|0x00000000e0100000, 0x00000000e01fff88, 0x00000000e0200000| 99%| O|  |TAMS 0x00000000e0100000| PB 0x00000000e01fff88| Untracked 
| 514|0x00000000e0200000, 0x00000000e02ffff8, 0x00000000e0300000| 99%| O|  |TAMS 0x00000000e0200000| PB 0x00000000e02ffff8| Untracked 
| 515|0x00000000e0300000, 0x00000000e0400000, 0x00000000e0400000|100%| O|  |TAMS 0x00000000e0300000| PB 0x00000000e0400000| Untracked 
| 516|0x00000000e0400000, 0x00000000e04ffff0, 0x00000000e0500000| 99%| O|  |TAMS 0x00000000e0400000| PB 0x00000000e04ffff0| Untracked 
| 517|0x00000000e0500000, 0x00000000e05fffb0, 0x00000000e0600000| 99%| O|  |TAMS 0x00000000e0500000| PB 0x00000000e05fffb0| Untracked 
| 518|0x00000000e0600000, 0x00000000e06ffff8, 0x00000000e0700000| 99%| O|  |TAMS 0x00000000e0600000| PB 0x00000000e06ffff8| Untracked 
| 519|0x00000000e0700000, 0x00000000e07ffff8, 0x00000000e0800000| 99%| O|  |TAMS 0x00000000e0700000| PB 0x00000000e07ffff8| Untracked 
| 520|0x00000000e0800000, 0x00000000e08ffff0, 0x00000000e0900000| 99%| O|  |TAMS 0x00000000e0800000| PB 0x00000000e08ffff0| Untracked 
| 521|0x00000000e0900000, 0x00000000e09ffff0, 0x00000000e0a00000| 99%| O|  |TAMS 0x00000000e0900000| PB 0x00000000e09ffff0| Untracked 
| 522|0x00000000e0a00000, 0x00000000e0affff8, 0x00000000e0b00000| 99%| O|  |TAMS 0x00000000e0a00000| PB 0x00000000e0affff8| Untracked 
| 523|0x00000000e0b00000, 0x00000000e0bfffe8, 0x00000000e0c00000| 99%| O|  |TAMS 0x00000000e0b00000| PB 0x00000000e0bfffe8| Untracked 
| 524|0x00000000e0c00000, 0x00000000e0cfffe8, 0x00000000e0d00000| 99%| O|  |TAMS 0x00000000e0c00000| PB 0x00000000e0cfffe8| Untracked 
| 525|0x00000000e0d00000, 0x00000000e0dfff78, 0x00000000e0e00000| 99%| O|  |TAMS 0x00000000e0d00000| PB 0x00000000e0dfff78| Untracked 
| 526|0x00000000e0e00000, 0x00000000e0f00000, 0x00000000e0f00000|100%| O|  |TAMS 0x00000000e0e00000| PB 0x00000000e0f00000| Untracked 
| 527|0x00000000e0f00000, 0x00000000e0fffff0, 0x00000000e1000000| 99%| O|  |TAMS 0x00000000e0f00000| PB 0x00000000e0fffff0| Untracked 
| 528|0x00000000e1000000, 0x00000000e1100000, 0x00000000e1100000|100%| O|  |TAMS 0x00000000e1000000| PB 0x00000000e1100000| Untracked 
| 529|0x00000000e1100000, 0x00000000e11fffd8, 0x00000000e1200000| 99%| O|  |TAMS 0x00000000e1100000| PB 0x00000000e11fffd8| Untracked 
| 530|0x00000000e1200000, 0x00000000e1300000, 0x00000000e1300000|100%| O|  |TAMS 0x00000000e1200000| PB 0x00000000e1300000| Untracked 
| 531|0x00000000e1300000, 0x00000000e13fffa8, 0x00000000e1400000| 99%| O|  |TAMS 0x00000000e1300000| PB 0x00000000e13fffa8| Untracked 
| 532|0x00000000e1400000, 0x00000000e14fffd8, 0x00000000e1500000| 99%| O|  |TAMS 0x00000000e1400000| PB 0x00000000e14fffd8| Untracked 
| 533|0x00000000e1500000, 0x00000000e15fffa8, 0x00000000e1600000| 99%| O|  |TAMS 0x00000000e1500000| PB 0x00000000e15fffa8| Untracked 
| 534|0x00000000e1600000, 0x00000000e16ffff8, 0x00000000e1700000| 99%| O|  |TAMS 0x00000000e1600000| PB 0x00000000e16ffff8| Untracked 
| 535|0x00000000e1700000, 0x00000000e17fffa8, 0x00000000e1800000| 99%| O|  |TAMS 0x00000000e1700000| PB 0x00000000e17fffa8| Untracked 
| 536|0x00000000e1800000, 0x00000000e18fffa0, 0x00000000e1900000| 99%| O|  |TAMS 0x00000000e1800000| PB 0x00000000e18fffa0| Untracked 
| 537|0x00000000e1900000, 0x00000000e19fff80, 0x00000000e1a00000| 99%| O|  |TAMS 0x00000000e1900000| PB 0x00000000e19fff80| Untracked 
| 538|0x00000000e1a00000, 0x00000000e1affff0, 0x00000000e1b00000| 99%| O|  |TAMS 0x00000000e1a00000| PB 0x00000000e1affff0| Untracked 
| 539|0x00000000e1b00000, 0x00000000e1bffff0, 0x00000000e1c00000| 99%| O|  |TAMS 0x00000000e1b00000| PB 0x00000000e1bffff0| Untracked 
| 540|0x00000000e1c00000, 0x00000000e1cfffa0, 0x00000000e1d00000| 99%| O|  |TAMS 0x00000000e1c00000| PB 0x00000000e1cfffa0| Untracked 
| 541|0x00000000e1d00000, 0x00000000e1dfffe0, 0x00000000e1e00000| 99%| O|  |TAMS 0x00000000e1d00000| PB 0x00000000e1dfffe0| Untracked 
| 542|0x00000000e1e00000, 0x00000000e1effff0, 0x00000000e1f00000| 99%| O|  |TAMS 0x00000000e1e00000| PB 0x00000000e1effff0| Untracked 
| 543|0x00000000e1f00000, 0x00000000e1fffff0, 0x00000000e2000000| 99%| O|  |TAMS 0x00000000e1f00000| PB 0x00000000e1fffff0| Untracked 
| 544|0x00000000e2000000, 0x00000000e20ffff0, 0x00000000e2100000| 99%| O|  |TAMS 0x00000000e2000000| PB 0x00000000e20ffff0| Untracked 
| 545|0x00000000e2100000, 0x00000000e21ffff8, 0x00000000e2200000| 99%| O|  |TAMS 0x00000000e2100000| PB 0x00000000e21ffff8| Untracked 
| 546|0x00000000e2200000, 0x00000000e22ffff0, 0x00000000e2300000| 99%| O|  |TAMS 0x00000000e2200000| PB 0x00000000e22ffff0| Untracked 
| 547|0x00000000e2300000, 0x00000000e23ffff8, 0x00000000e2400000| 99%| O|  |TAMS 0x00000000e2300000| PB 0x00000000e23ffff8| Untracked 
| 548|0x00000000e2400000, 0x00000000e24fffe0, 0x00000000e2500000| 99%| O|  |TAMS 0x00000000e2400000| PB 0x00000000e24fffe0| Untracked 
| 549|0x00000000e2500000, 0x00000000e25fffd8, 0x00000000e2600000| 99%| O|  |TAMS 0x00000000e2500000| PB 0x00000000e25fffd8| Untracked 
| 550|0x00000000e2600000, 0x00000000e26ffff8, 0x00000000e2700000| 99%| O|  |TAMS 0x00000000e2600000| PB 0x00000000e26ffff8| Untracked 
| 551|0x00000000e2700000, 0x00000000e27fffe8, 0x00000000e2800000| 99%| O|  |TAMS 0x00000000e2700000| PB 0x00000000e27fffe8| Untracked 
| 552|0x00000000e2800000, 0x00000000e28fffe8, 0x00000000e2900000| 99%| O|  |TAMS 0x00000000e2800000| PB 0x00000000e28fffe8| Untracked 
| 553|0x00000000e2900000, 0x00000000e29ffff8, 0x00000000e2a00000| 99%| O|  |TAMS 0x00000000e2900000| PB 0x00000000e29ffff8| Untracked 
| 554|0x00000000e2a00000, 0x00000000e2afff88, 0x00000000e2b00000| 99%| O|  |TAMS 0x00000000e2a00000| PB 0x00000000e2afff88| Untracked 
| 555|0x00000000e2b00000, 0x00000000e2bffff0, 0x00000000e2c00000| 99%| O|  |TAMS 0x00000000e2b00000| PB 0x00000000e2bffff0| Untracked 
| 556|0x00000000e2c00000, 0x00000000e2cfff78, 0x00000000e2d00000| 99%| O|  |TAMS 0x00000000e2c00000| PB 0x00000000e2cfff78| Untracked 
| 557|0x00000000e2d00000, 0x00000000e2dfffa0, 0x00000000e2e00000| 99%| O|  |TAMS 0x00000000e2d00000| PB 0x00000000e2dfffa0| Untracked 
| 558|0x00000000e2e00000, 0x00000000e2efffd8, 0x00000000e2f00000| 99%| O|  |TAMS 0x00000000e2e00000| PB 0x00000000e2efffd8| Untracked 
| 559|0x00000000e2f00000, 0x00000000e2ffff48, 0x00000000e3000000| 99%| O|  |TAMS 0x00000000e2f00000| PB 0x00000000e2ffff48| Untracked 
| 560|0x00000000e3000000, 0x00000000e30fffe8, 0x00000000e3100000| 99%| O|  |TAMS 0x00000000e3000000| PB 0x00000000e30fffe8| Untracked 
| 561|0x00000000e3100000, 0x00000000e3200000, 0x00000000e3200000|100%| O|  |TAMS 0x00000000e3100000| PB 0x00000000e3200000| Untracked 
| 562|0x00000000e3200000, 0x00000000e32ffff8, 0x00000000e3300000| 99%| O|  |TAMS 0x00000000e3200000| PB 0x00000000e32ffff8| Untracked 
| 563|0x00000000e3300000, 0x00000000e33ffff0, 0x00000000e3400000| 99%| O|  |TAMS 0x00000000e3300000| PB 0x00000000e33ffff0| Untracked 
| 564|0x00000000e3400000, 0x00000000e34ffff0, 0x00000000e3500000| 99%| O|  |TAMS 0x00000000e3400000| PB 0x00000000e34ffff0| Untracked 
| 565|0x00000000e3500000, 0x00000000e35ffff8, 0x00000000e3600000| 99%| O|  |TAMS 0x00000000e3500000| PB 0x00000000e35ffff8| Untracked 
| 566|0x00000000e3600000, 0x00000000e3700000, 0x00000000e3700000|100%| O|  |TAMS 0x00000000e3600000| PB 0x00000000e3700000| Untracked 
| 567|0x00000000e3700000, 0x00000000e37fffd8, 0x00000000e3800000| 99%| O|  |TAMS 0x00000000e3700000| PB 0x00000000e37fffd8| Untracked 
| 568|0x00000000e3800000, 0x00000000e38ffff8, 0x00000000e3900000| 99%| O|  |TAMS 0x00000000e3800000| PB 0x00000000e38ffff8| Untracked 
| 569|0x00000000e3900000, 0x00000000e39ffff0, 0x00000000e3a00000| 99%| O|  |TAMS 0x00000000e3900000| PB 0x00000000e39ffff0| Untracked 
| 570|0x00000000e3a00000, 0x00000000e3afffb0, 0x00000000e3b00000| 99%| O|  |TAMS 0x00000000e3a00000| PB 0x00000000e3afffb0| Untracked 
| 571|0x00000000e3b00000, 0x00000000e3bffff0, 0x00000000e3c00000| 99%| O|  |TAMS 0x00000000e3b00000| PB 0x00000000e3bffff0| Untracked 
| 572|0x00000000e3c00000, 0x00000000e3cfff70, 0x00000000e3d00000| 99%| O|  |TAMS 0x00000000e3c00000| PB 0x00000000e3cfff70| Untracked 
| 573|0x00000000e3d00000, 0x00000000e3dfffb0, 0x00000000e3e00000| 99%| O|  |TAMS 0x00000000e3d00000| PB 0x00000000e3dfffb0| Untracked 
| 574|0x00000000e3e00000, 0x00000000e3efff48, 0x00000000e3f00000| 99%| O|  |TAMS 0x00000000e3e00000| PB 0x00000000e3efff48| Untracked 
| 575|0x00000000e3f00000, 0x00000000e3ffff80, 0x00000000e4000000| 99%| O|  |TAMS 0x00000000e3f00000| PB 0x00000000e3ffff80| Untracked 
| 576|0x00000000e4000000, 0x00000000e40ffff8, 0x00000000e4100000| 99%| O|  |TAMS 0x00000000e4000000| PB 0x00000000e40ffff8| Untracked 
| 577|0x00000000e4100000, 0x00000000e41ffff8, 0x00000000e4200000| 99%| O|  |TAMS 0x00000000e4100000| PB 0x00000000e41ffff8| Untracked 
| 578|0x00000000e4200000, 0x00000000e42ffff0, 0x00000000e4300000| 99%| O|  |TAMS 0x00000000e4200000| PB 0x00000000e42ffff0| Untracked 
| 579|0x00000000e4300000, 0x00000000e43fffe8, 0x00000000e4400000| 99%| O|  |TAMS 0x00000000e4300000| PB 0x00000000e43fffe8| Untracked 
| 580|0x00000000e4400000, 0x00000000e44ffff0, 0x00000000e4500000| 99%| O|  |TAMS 0x00000000e4400000| PB 0x00000000e44ffff0| Untracked 
| 581|0x00000000e4500000, 0x00000000e45fffd0, 0x00000000e4600000| 99%| O|  |TAMS 0x00000000e4500000| PB 0x00000000e45fffd0| Untracked 
| 582|0x00000000e4600000, 0x00000000e46fffd8, 0x00000000e4700000| 99%| O|  |TAMS 0x00000000e4600000| PB 0x00000000e46fffd8| Untracked 
| 583|0x00000000e4700000, 0x00000000e47fffa0, 0x00000000e4800000| 99%| O|  |TAMS 0x00000000e4700000| PB 0x00000000e47fffa0| Untracked 
| 584|0x00000000e4800000, 0x00000000e48ffff0, 0x00000000e4900000| 99%| O|  |TAMS 0x00000000e4800000| PB 0x00000000e48ffff0| Untracked 
| 585|0x00000000e4900000, 0x00000000e49fffe0, 0x00000000e4a00000| 99%| O|  |TAMS 0x00000000e4900000| PB 0x00000000e49fffe0| Untracked 
| 586|0x00000000e4a00000, 0x00000000e4afffe8, 0x00000000e4b00000| 99%| O|  |TAMS 0x00000000e4a00000| PB 0x00000000e4afffe8| Untracked 
| 587|0x00000000e4b00000, 0x00000000e4bffff8, 0x00000000e4c00000| 99%| O|  |TAMS 0x00000000e4b00000| PB 0x00000000e4bffff8| Untracked 
| 588|0x00000000e4c00000, 0x00000000e4cfffe0, 0x00000000e4d00000| 99%| O|  |TAMS 0x00000000e4c00000| PB 0x00000000e4cfffe0| Untracked 
| 589|0x00000000e4d00000, 0x00000000e4dfffe8, 0x00000000e4e00000| 99%| O|  |TAMS 0x00000000e4d00000| PB 0x00000000e4dfffe8| Untracked 
| 590|0x00000000e4e00000, 0x00000000e4efff98, 0x00000000e4f00000| 99%| O|  |TAMS 0x00000000e4e00000| PB 0x00000000e4efff98| Untracked 
| 591|0x00000000e4f00000, 0x00000000e4ffffd8, 0x00000000e5000000| 99%| O|  |TAMS 0x00000000e4f00000| PB 0x00000000e4ffffd8| Untracked 
| 592|0x00000000e5000000, 0x00000000e50fffe8, 0x00000000e5100000| 99%| O|  |TAMS 0x00000000e5000000| PB 0x00000000e50fffe8| Untracked 
| 593|0x00000000e5100000, 0x00000000e51ffff8, 0x00000000e5200000| 99%| O|  |TAMS 0x00000000e5100000| PB 0x00000000e51ffff8| Untracked 
| 594|0x00000000e5200000, 0x00000000e52fff38, 0x00000000e5300000| 99%| O|  |TAMS 0x00000000e5200000| PB 0x00000000e52fff38| Untracked 
| 595|0x00000000e5300000, 0x00000000e53ffff8, 0x00000000e5400000| 99%| O|  |TAMS 0x00000000e5300000| PB 0x00000000e53ffff8| Untracked 
| 596|0x00000000e5400000, 0x00000000e54ffff8, 0x00000000e5500000| 99%| O|  |TAMS 0x00000000e5400000| PB 0x00000000e54ffff8| Untracked 
| 597|0x00000000e5500000, 0x00000000e55ffff0, 0x00000000e5600000| 99%| O|  |TAMS 0x00000000e5500000| PB 0x00000000e55ffff0| Untracked 
| 598|0x00000000e5600000, 0x00000000e56ffff8, 0x00000000e5700000| 99%| O|  |TAMS 0x00000000e5600000| PB 0x00000000e56ffff8| Untracked 
| 599|0x00000000e5700000, 0x00000000e5800000, 0x00000000e5800000|100%| O|  |TAMS 0x00000000e5700000| PB 0x00000000e5800000| Untracked 
| 600|0x00000000e5800000, 0x00000000e58fff88, 0x00000000e5900000| 99%| O|  |TAMS 0x00000000e5800000| PB 0x00000000e58fff88| Untracked 
| 601|0x00000000e5900000, 0x00000000e59fffd8, 0x00000000e5a00000| 99%| O|  |TAMS 0x00000000e5900000| PB 0x00000000e59fffd8| Untracked 
| 602|0x00000000e5a00000, 0x00000000e5b00000, 0x00000000e5b00000|100%| O|  |TAMS 0x00000000e5a00000| PB 0x00000000e5b00000| Untracked 
| 603|0x00000000e5b00000, 0x00000000e5bffff0, 0x00000000e5c00000| 99%| O|  |TAMS 0x00000000e5b00000| PB 0x00000000e5bffff0| Untracked 
| 604|0x00000000e5c00000, 0x00000000e5cffff8, 0x00000000e5d00000| 99%| O|  |TAMS 0x00000000e5c00000| PB 0x00000000e5cffff8| Untracked 
| 605|0x00000000e5d00000, 0x00000000e5dffff8, 0x00000000e5e00000| 99%| O|  |TAMS 0x00000000e5d00000| PB 0x00000000e5dffff8| Untracked 
| 606|0x00000000e5e00000, 0x00000000e5efffa8, 0x00000000e5f00000| 99%| O|  |TAMS 0x00000000e5e00000| PB 0x00000000e5efffa8| Untracked 
| 607|0x00000000e5f00000, 0x00000000e5fffff0, 0x00000000e6000000| 99%| O|  |TAMS 0x00000000e5f00000| PB 0x00000000e5fffff0| Untracked 
| 608|0x00000000e6000000, 0x00000000e6100000, 0x00000000e6100000|100%| O|  |TAMS 0x00000000e6000000| PB 0x00000000e6100000| Untracked 
| 609|0x00000000e6100000, 0x00000000e6200000, 0x00000000e6200000|100%| O|  |TAMS 0x00000000e6100000| PB 0x00000000e6200000| Untracked 
| 610|0x00000000e6200000, 0x00000000e6300000, 0x00000000e6300000|100%| O|  |TAMS 0x00000000e6200000| PB 0x00000000e6300000| Untracked 
| 611|0x00000000e6300000, 0x00000000e63fffc8, 0x00000000e6400000| 99%| O|  |TAMS 0x00000000e6300000| PB 0x00000000e63fffc8| Untracked 
| 612|0x00000000e6400000, 0x00000000e64fffd0, 0x00000000e6500000| 99%| O|  |TAMS 0x00000000e6400000| PB 0x00000000e64fffd0| Untracked 
| 613|0x00000000e6500000, 0x00000000e65fffe0, 0x00000000e6600000| 99%| O|  |TAMS 0x00000000e6500000| PB 0x00000000e65fffe0| Untracked 
| 614|0x00000000e6600000, 0x00000000e66fff90, 0x00000000e6700000| 99%| O|  |TAMS 0x00000000e6600000| PB 0x00000000e66fff90| Untracked 
| 615|0x00000000e6700000, 0x00000000e67fffc0, 0x00000000e6800000| 99%| O|  |TAMS 0x00000000e6700000| PB 0x00000000e67fffc0| Untracked 
| 616|0x00000000e6800000, 0x00000000e68ffff0, 0x00000000e6900000| 99%| O|  |TAMS 0x00000000e6800000| PB 0x00000000e68ffff0| Untracked 
| 617|0x00000000e6900000, 0x00000000e69fff50, 0x00000000e6a00000| 99%| O|  |TAMS 0x00000000e6900000| PB 0x00000000e69fff50| Untracked 
| 618|0x00000000e6a00000, 0x00000000e6b00000, 0x00000000e6b00000|100%| O|  |TAMS 0x00000000e6a00000| PB 0x00000000e6b00000| Untracked 
| 619|0x00000000e6b00000, 0x00000000e6c00000, 0x00000000e6c00000|100%| O|  |TAMS 0x00000000e6b00000| PB 0x00000000e6c00000| Untracked 
| 620|0x00000000e6c00000, 0x00000000e6cfffb0, 0x00000000e6d00000| 99%| O|  |TAMS 0x00000000e6c00000| PB 0x00000000e6cfffb0| Untracked 
| 621|0x00000000e6d00000, 0x00000000e6dfff88, 0x00000000e6e00000| 99%| O|  |TAMS 0x00000000e6d00000| PB 0x00000000e6dfff88| Untracked 
| 622|0x00000000e6e00000, 0x00000000e6f00000, 0x00000000e6f00000|100%| O|  |TAMS 0x00000000e6e00000| PB 0x00000000e6f00000| Untracked 
| 623|0x00000000e6f00000, 0x00000000e7000000, 0x00000000e7000000|100%| O|  |TAMS 0x00000000e6f00000| PB 0x00000000e7000000| Untracked 
| 624|0x00000000e7000000, 0x00000000e7100000, 0x00000000e7100000|100%| O|  |TAMS 0x00000000e7000000| PB 0x00000000e7100000| Untracked 
| 625|0x00000000e7100000, 0x00000000e71ffff0, 0x00000000e7200000| 99%| O|  |TAMS 0x00000000e7100000| PB 0x00000000e71ffff0| Untracked 
| 626|0x00000000e7200000, 0x00000000e72fffe8, 0x00000000e7300000| 99%| O|  |TAMS 0x00000000e7200000| PB 0x00000000e72fffe8| Untracked 
| 627|0x00000000e7300000, 0x00000000e73fffa8, 0x00000000e7400000| 99%| O|  |TAMS 0x00000000e7300000| PB 0x00000000e73fffa8| Untracked 
| 628|0x00000000e7400000, 0x00000000e7500000, 0x00000000e7500000|100%| O|  |TAMS 0x00000000e7400000| PB 0x00000000e7500000| Untracked 
| 629|0x00000000e7500000, 0x00000000e75fffa8, 0x00000000e7600000| 99%| O|  |TAMS 0x00000000e7500000| PB 0x00000000e75fffa8| Untracked 
| 630|0x00000000e7600000, 0x00000000e76ffff8, 0x00000000e7700000| 99%| O|  |TAMS 0x00000000e7600000| PB 0x00000000e76ffff8| Untracked 
| 631|0x00000000e7700000, 0x00000000e77fffc8, 0x00000000e7800000| 99%| O|  |TAMS 0x00000000e7700000| PB 0x00000000e77fffc8| Untracked 
| 632|0x00000000e7800000, 0x00000000e7900000, 0x00000000e7900000|100%| O|  |TAMS 0x00000000e7800000| PB 0x00000000e7900000| Untracked 
| 633|0x00000000e7900000, 0x00000000e79fffe8, 0x00000000e7a00000| 99%| O|  |TAMS 0x00000000e7900000| PB 0x00000000e79fffe8| Untracked 
| 634|0x00000000e7a00000, 0x00000000e7afffe8, 0x00000000e7b00000| 99%| O|  |TAMS 0x00000000e7a00000| PB 0x00000000e7afffe8| Untracked 
| 635|0x00000000e7b00000, 0x00000000e7bffff0, 0x00000000e7c00000| 99%| O|  |TAMS 0x00000000e7b00000| PB 0x00000000e7bffff0| Untracked 
| 636|0x00000000e7c00000, 0x00000000e7cfff70, 0x00000000e7d00000| 99%| O|  |TAMS 0x00000000e7c00000| PB 0x00000000e7cfff70| Untracked 
| 637|0x00000000e7d00000, 0x00000000e7dfffc0, 0x00000000e7e00000| 99%| O|  |TAMS 0x00000000e7d00000| PB 0x00000000e7dfffc0| Untracked 
| 638|0x00000000e7e00000, 0x00000000e7efffe8, 0x00000000e7f00000| 99%| O|  |TAMS 0x00000000e7e00000| PB 0x00000000e7efffe8| Untracked 
| 639|0x00000000e7f00000, 0x00000000e7ffffd8, 0x00000000e8000000| 99%| O|  |TAMS 0x00000000e7f00000| PB 0x00000000e7ffffd8| Untracked 
| 640|0x00000000e8000000, 0x00000000e80ffff0, 0x00000000e8100000| 99%| O|  |TAMS 0x00000000e8000000| PB 0x00000000e80ffff0| Untracked 
| 641|0x00000000e8100000, 0x00000000e81ffff8, 0x00000000e8200000| 99%| O|  |TAMS 0x00000000e8100000| PB 0x00000000e81ffff8| Untracked 
| 642|0x00000000e8200000, 0x00000000e8300000, 0x00000000e8300000|100%| O|  |TAMS 0x00000000e8200000| PB 0x00000000e8300000| Untracked 
| 643|0x00000000e8300000, 0x00000000e8400000, 0x00000000e8400000|100%| O|  |TAMS 0x00000000e8300000| PB 0x00000000e8400000| Untracked 
| 644|0x00000000e8400000, 0x00000000e84ffff0, 0x00000000e8500000| 99%| O|  |TAMS 0x00000000e8400000| PB 0x00000000e84ffff0| Untracked 
| 645|0x00000000e8500000, 0x00000000e85fffa0, 0x00000000e8600000| 99%| O|  |TAMS 0x00000000e8500000| PB 0x00000000e85fffa0| Untracked 
| 646|0x00000000e8600000, 0x00000000e86fff40, 0x00000000e8700000| 99%| O|  |TAMS 0x00000000e8600000| PB 0x00000000e86fff40| Untracked 
| 647|0x00000000e8700000, 0x00000000e87fffe0, 0x00000000e8800000| 99%| O|  |TAMS 0x00000000e8700000| PB 0x00000000e87fffe0| Untracked 
| 648|0x00000000e8800000, 0x00000000e8900000, 0x00000000e8900000|100%| O|  |TAMS 0x00000000e8800000| PB 0x00000000e8900000| Untracked 
| 649|0x00000000e8900000, 0x00000000e89fff88, 0x00000000e8a00000| 99%| O|  |TAMS 0x00000000e8900000| PB 0x00000000e89fff88| Untracked 
| 650|0x00000000e8a00000, 0x00000000e8affff0, 0x00000000e8b00000| 99%| O|  |TAMS 0x00000000e8a00000| PB 0x00000000e8affff0| Untracked 
| 651|0x00000000e8b00000, 0x00000000e8bfff80, 0x00000000e8c00000| 99%| O|  |TAMS 0x00000000e8b00000| PB 0x00000000e8bfff80| Untracked 
| 652|0x00000000e8c00000, 0x00000000e8cfffb0, 0x00000000e8d00000| 99%| O|  |TAMS 0x00000000e8c00000| PB 0x00000000e8cfffb0| Untracked 
| 653|0x00000000e8d00000, 0x00000000e8dfffb0, 0x00000000e8e00000| 99%| O|  |TAMS 0x00000000e8d00000| PB 0x00000000e8dfffb0| Untracked 
| 654|0x00000000e8e00000, 0x00000000e8f00000, 0x00000000e8f00000|100%| O|  |TAMS 0x00000000e8e00000| PB 0x00000000e8f00000| Untracked 
| 655|0x00000000e8f00000, 0x00000000e9000000, 0x00000000e9000000|100%| O|  |TAMS 0x00000000e8f00000| PB 0x00000000e9000000| Untracked 
| 656|0x00000000e9000000, 0x00000000e90ffff0, 0x00000000e9100000| 99%| O|  |TAMS 0x00000000e9000000| PB 0x00000000e90ffff0| Untracked 
| 657|0x00000000e9100000, 0x00000000e91ffff8, 0x00000000e9200000| 99%| O|  |TAMS 0x00000000e9100000| PB 0x00000000e91ffff8| Untracked 
| 658|0x00000000e9200000, 0x00000000e92fff68, 0x00000000e9300000| 99%| O|  |TAMS 0x00000000e9200000| PB 0x00000000e92fff68| Untracked 
| 659|0x00000000e9300000, 0x00000000e93fffe8, 0x00000000e9400000| 99%| O|  |TAMS 0x00000000e9300000| PB 0x00000000e93fffe8| Untracked 
| 660|0x00000000e9400000, 0x00000000e94fffe0, 0x00000000e9500000| 99%| O|  |TAMS 0x00000000e9400000| PB 0x00000000e94fffe0| Untracked 
| 661|0x00000000e9500000, 0x00000000e95ffff0, 0x00000000e9600000| 99%| O|  |TAMS 0x00000000e9500000| PB 0x00000000e95ffff0| Untracked 
| 662|0x00000000e9600000, 0x00000000e96ffff8, 0x00000000e9700000| 99%| O|  |TAMS 0x00000000e9600000| PB 0x00000000e96ffff8| Untracked 
| 663|0x00000000e9700000, 0x00000000e97fff88, 0x00000000e9800000| 99%| O|  |TAMS 0x00000000e9700000| PB 0x00000000e97fff88| Untracked 
| 664|0x00000000e9800000, 0x00000000e98fff78, 0x00000000e9900000| 99%| O|  |TAMS 0x00000000e9800000| PB 0x00000000e98fff78| Untracked 
| 665|0x00000000e9900000, 0x00000000e99ffff0, 0x00000000e9a00000| 99%| O|  |TAMS 0x00000000e9900000| PB 0x00000000e99ffff0| Untracked 
| 666|0x00000000e9a00000, 0x00000000e9afffd0, 0x00000000e9b00000| 99%| O|  |TAMS 0x00000000e9a00000| PB 0x00000000e9afffd0| Untracked 
| 667|0x00000000e9b00000, 0x00000000e9bfff60, 0x00000000e9c00000| 99%| O|  |TAMS 0x00000000e9b00000| PB 0x00000000e9bfff60| Untracked 
| 668|0x00000000e9c00000, 0x00000000e9cfffe8, 0x00000000e9d00000| 99%| O|  |TAMS 0x00000000e9c00000| PB 0x00000000e9cfffe8| Untracked 
| 669|0x00000000e9d00000, 0x00000000e9dffff0, 0x00000000e9e00000| 99%| O|  |TAMS 0x00000000e9d00000| PB 0x00000000e9dffff0| Untracked 
| 670|0x00000000e9e00000, 0x00000000e9efffa8, 0x00000000e9f00000| 99%| O|  |TAMS 0x00000000e9e00000| PB 0x00000000e9efffa8| Untracked 
| 671|0x00000000e9f00000, 0x00000000e9ffff98, 0x00000000ea000000| 99%| O|  |TAMS 0x00000000e9f00000| PB 0x00000000e9ffff98| Untracked 
| 672|0x00000000ea000000, 0x00000000ea0ffff0, 0x00000000ea100000| 99%| O|  |TAMS 0x00000000ea000000| PB 0x00000000ea0ffff0| Untracked 
| 673|0x00000000ea100000, 0x00000000ea1fff90, 0x00000000ea200000| 99%| O|  |TAMS 0x00000000ea100000| PB 0x00000000ea1fff90| Untracked 
| 674|0x00000000ea200000, 0x00000000ea2ffff0, 0x00000000ea300000| 99%| O|  |TAMS 0x00000000ea200000| PB 0x00000000ea2ffff0| Untracked 
| 675|0x00000000ea300000, 0x00000000ea3fffb0, 0x00000000ea400000| 99%| O|  |TAMS 0x00000000ea300000| PB 0x00000000ea3fffb0| Untracked 
| 676|0x00000000ea400000, 0x00000000ea4ffff0, 0x00000000ea500000| 99%| O|  |TAMS 0x00000000ea400000| PB 0x00000000ea4ffff0| Untracked 
| 677|0x00000000ea500000, 0x00000000ea5ffff0, 0x00000000ea600000| 99%| O|  |TAMS 0x00000000ea500000| PB 0x00000000ea5ffff0| Untracked 
| 678|0x00000000ea600000, 0x00000000ea6ffff0, 0x00000000ea700000| 99%| O|  |TAMS 0x00000000ea600000| PB 0x00000000ea6ffff0| Untracked 
| 679|0x00000000ea700000, 0x00000000ea800000, 0x00000000ea800000|100%| O|  |TAMS 0x00000000ea700000| PB 0x00000000ea800000| Untracked 
| 680|0x00000000ea800000, 0x00000000ea8fffd0, 0x00000000ea900000| 99%| O|  |TAMS 0x00000000ea800000| PB 0x00000000ea8fffd0| Untracked 
| 681|0x00000000ea900000, 0x00000000eaa00000, 0x00000000eaa00000|100%| O|  |TAMS 0x00000000ea900000| PB 0x00000000eaa00000| Untracked 
| 682|0x00000000eaa00000, 0x00000000eab00000, 0x00000000eab00000|100%| O|  |TAMS 0x00000000eaa00000| PB 0x00000000eab00000| Untracked 
| 683|0x00000000eab00000, 0x00000000eabffff0, 0x00000000eac00000| 99%| O|  |TAMS 0x00000000eab00000| PB 0x00000000eabffff0| Untracked 
| 684|0x00000000eac00000, 0x00000000eacfffc0, 0x00000000ead00000| 99%| O|  |TAMS 0x00000000eac00000| PB 0x00000000eacfffc0| Untracked 
| 685|0x00000000ead00000, 0x00000000eadfffa0, 0x00000000eae00000| 99%| O|  |TAMS 0x00000000ead00000| PB 0x00000000eadfffa0| Untracked 
| 686|0x00000000eae00000, 0x00000000eaeffff0, 0x00000000eaf00000| 99%| O|  |TAMS 0x00000000eae00000| PB 0x00000000eaeffff0| Untracked 
| 687|0x00000000eaf00000, 0x00000000eaffffe8, 0x00000000eb000000| 99%| O|  |TAMS 0x00000000eaf00000| PB 0x00000000eaffffe8| Untracked 
| 688|0x00000000eb000000, 0x00000000eb0fffa0, 0x00000000eb100000| 99%| O|  |TAMS 0x00000000eb000000| PB 0x00000000eb0fffa0| Untracked 
| 689|0x00000000eb100000, 0x00000000eb200000, 0x00000000eb200000|100%| O|  |TAMS 0x00000000eb100000| PB 0x00000000eb200000| Untracked 
| 690|0x00000000eb200000, 0x00000000eb300000, 0x00000000eb300000|100%| O|  |TAMS 0x00000000eb200000| PB 0x00000000eb300000| Untracked 
| 691|0x00000000eb300000, 0x00000000eb3ffff8, 0x00000000eb400000| 99%| O|  |TAMS 0x00000000eb300000| PB 0x00000000eb3ffff8| Untracked 
| 692|0x00000000eb400000, 0x00000000eb500000, 0x00000000eb500000|100%| O|  |TAMS 0x00000000eb400000| PB 0x00000000eb500000| Untracked 
| 693|0x00000000eb500000, 0x00000000eb5ffff0, 0x00000000eb600000| 99%| O|  |TAMS 0x00000000eb500000| PB 0x00000000eb5ffff0| Untracked 
| 694|0x00000000eb600000, 0x00000000eb6ffff8, 0x00000000eb700000| 99%| O|  |TAMS 0x00000000eb600000| PB 0x00000000eb6ffff8| Untracked 
| 695|0x00000000eb700000, 0x00000000eb800000, 0x00000000eb800000|100%| O|  |TAMS 0x00000000eb700000| PB 0x00000000eb800000| Untracked 
| 696|0x00000000eb800000, 0x00000000eb8ffff0, 0x00000000eb900000| 99%| O|  |TAMS 0x00000000eb800000| PB 0x00000000eb8ffff0| Untracked 
| 697|0x00000000eb900000, 0x00000000eb9ffff0, 0x00000000eba00000| 99%| O|  |TAMS 0x00000000eb900000| PB 0x00000000eb9ffff0| Untracked 
| 698|0x00000000eba00000, 0x00000000ebafff90, 0x00000000ebb00000| 99%| O|  |TAMS 0x00000000eba00000| PB 0x00000000ebafff90| Untracked 
| 699|0x00000000ebb00000, 0x00000000ebc00000, 0x00000000ebc00000|100%| O|  |TAMS 0x00000000ebb00000| PB 0x00000000ebc00000| Untracked 
| 700|0x00000000ebc00000, 0x00000000ebcffff8, 0x00000000ebd00000| 99%| O|  |TAMS 0x00000000ebc00000| PB 0x00000000ebcffff8| Untracked 
| 701|0x00000000ebd00000, 0x00000000ebdfff78, 0x00000000ebe00000| 99%| O|  |TAMS 0x00000000ebd00000| PB 0x00000000ebdfff78| Untracked 
| 702|0x00000000ebe00000, 0x00000000ebeffff0, 0x00000000ebf00000| 99%| O|  |TAMS 0x00000000ebe00000| PB 0x00000000ebeffff0| Untracked 
| 703|0x00000000ebf00000, 0x00000000ebfffff8, 0x00000000ec000000| 99%| O|  |TAMS 0x00000000ebf00000| PB 0x00000000ebfffff8| Untracked 
| 704|0x00000000ec000000, 0x00000000ec0fffe0, 0x00000000ec100000| 99%| O|  |TAMS 0x00000000ec000000| PB 0x00000000ec0fffe0| Untracked 
| 705|0x00000000ec100000, 0x00000000ec200000, 0x00000000ec200000|100%| O|  |TAMS 0x00000000ec100000| PB 0x00000000ec200000| Untracked 
| 706|0x00000000ec200000, 0x00000000ec2fffe0, 0x00000000ec300000| 99%| O|  |TAMS 0x00000000ec200000| PB 0x00000000ec2fffe0| Untracked 
| 707|0x00000000ec300000, 0x00000000ec3ffff8, 0x00000000ec400000| 99%| O|  |TAMS 0x00000000ec300000| PB 0x00000000ec3ffff8| Untracked 
| 708|0x00000000ec400000, 0x00000000ec4fffe8, 0x00000000ec500000| 99%| O|  |TAMS 0x00000000ec400000| PB 0x00000000ec4fffe8| Untracked 
| 709|0x00000000ec500000, 0x00000000ec5ffff0, 0x00000000ec600000| 99%| O|  |TAMS 0x00000000ec500000| PB 0x00000000ec5ffff0| Untracked 
| 710|0x00000000ec600000, 0x00000000ec6ffff8, 0x00000000ec700000| 99%| O|  |TAMS 0x00000000ec600000| PB 0x00000000ec6ffff8| Untracked 
| 711|0x00000000ec700000, 0x00000000ec800000, 0x00000000ec800000|100%| O|  |TAMS 0x00000000ec700000| PB 0x00000000ec800000| Untracked 
| 712|0x00000000ec800000, 0x00000000ec900000, 0x00000000ec900000|100%| O|  |TAMS 0x00000000ec800000| PB 0x00000000ec900000| Untracked 
| 713|0x00000000ec900000, 0x00000000ec9fff78, 0x00000000eca00000| 99%| O|  |TAMS 0x00000000ec900000| PB 0x00000000ec9fff78| Untracked 
| 714|0x00000000eca00000, 0x00000000ecb00000, 0x00000000ecb00000|100%| O|  |TAMS 0x00000000eca00000| PB 0x00000000ecb00000| Untracked 
| 715|0x00000000ecb00000, 0x00000000ecbffff8, 0x00000000ecc00000| 99%| O|  |TAMS 0x00000000ecb00000| PB 0x00000000ecbffff8| Untracked 
| 716|0x00000000ecc00000, 0x00000000ecd00000, 0x00000000ecd00000|100%| O|  |TAMS 0x00000000ecc00000| PB 0x00000000ecd00000| Untracked 
| 717|0x00000000ecd00000, 0x00000000ecdffff0, 0x00000000ece00000| 99%| O|  |TAMS 0x00000000ecd00000| PB 0x00000000ecdffff0| Untracked 
| 718|0x00000000ece00000, 0x00000000eceffff8, 0x00000000ecf00000| 99%| O|  |TAMS 0x00000000ece00000| PB 0x00000000eceffff8| Untracked 
| 719|0x00000000ecf00000, 0x00000000ecfffff0, 0x00000000ed000000| 99%| O|  |TAMS 0x00000000ecf00000| PB 0x00000000ecfffff0| Untracked 
| 720|0x00000000ed000000, 0x00000000ed0fff78, 0x00000000ed100000| 99%| O|  |TAMS 0x00000000ed000000| PB 0x00000000ed0fff78| Untracked 
| 721|0x00000000ed100000, 0x00000000ed1fff58, 0x00000000ed200000| 99%| O|  |TAMS 0x00000000ed100000| PB 0x00000000ed1fff58| Untracked 
| 722|0x00000000ed200000, 0x00000000ed300000, 0x00000000ed300000|100%| O|  |TAMS 0x00000000ed200000| PB 0x00000000ed300000| Untracked 
| 723|0x00000000ed300000, 0x00000000ed3fff58, 0x00000000ed400000| 99%| O|  |TAMS 0x00000000ed300000| PB 0x00000000ed3fff58| Untracked 
| 724|0x00000000ed400000, 0x00000000ed4fffe8, 0x00000000ed500000| 99%| O|  |TAMS 0x00000000ed400000| PB 0x00000000ed4fffe8| Untracked 
| 725|0x00000000ed500000, 0x00000000ed5fffe0, 0x00000000ed600000| 99%| O|  |TAMS 0x00000000ed500000| PB 0x00000000ed5fffe0| Untracked 
| 726|0x00000000ed600000, 0x00000000ed6fffe0, 0x00000000ed700000| 99%| O|  |TAMS 0x00000000ed600000| PB 0x00000000ed6fffe0| Untracked 
| 727|0x00000000ed700000, 0x00000000ed7ffff8, 0x00000000ed800000| 99%| O|  |TAMS 0x00000000ed700000| PB 0x00000000ed7ffff8| Untracked 
| 728|0x00000000ed800000, 0x00000000ed8fffe8, 0x00000000ed900000| 99%| O|  |TAMS 0x00000000ed800000| PB 0x00000000ed8fffe8| Untracked 
| 729|0x00000000ed900000, 0x00000000ed9ffff0, 0x00000000eda00000| 99%| O|  |TAMS 0x00000000ed900000| PB 0x00000000ed9ffff0| Untracked 
| 730|0x00000000eda00000, 0x00000000edb00000, 0x00000000edb00000|100%| O|  |TAMS 0x00000000eda00000| PB 0x00000000edb00000| Untracked 
| 731|0x00000000edb00000, 0x00000000edbfffd0, 0x00000000edc00000| 99%| O|  |TAMS 0x00000000edb00000| PB 0x00000000edbfffd0| Untracked 
| 732|0x00000000edc00000, 0x00000000edcffff8, 0x00000000edd00000| 99%| O|  |TAMS 0x00000000edc00000| PB 0x00000000edcffff8| Untracked 
| 733|0x00000000edd00000, 0x00000000eddfffe8, 0x00000000ede00000| 99%| O|  |TAMS 0x00000000edd00000| PB 0x00000000eddfffe8| Untracked 
| 734|0x00000000ede00000, 0x00000000edf00000, 0x00000000edf00000|100%| O|  |TAMS 0x00000000ede00000| PB 0x00000000edf00000| Untracked 
| 735|0x00000000edf00000, 0x00000000edfffff0, 0x00000000ee000000| 99%| O|  |TAMS 0x00000000edf00000| PB 0x00000000edfffff0| Untracked 
| 736|0x00000000ee000000, 0x00000000ee0ffff0, 0x00000000ee100000| 99%| O|  |TAMS 0x00000000ee000000| PB 0x00000000ee0ffff0| Untracked 
| 737|0x00000000ee100000, 0x00000000ee1fffe0, 0x00000000ee200000| 99%| O|  |TAMS 0x00000000ee100000| PB 0x00000000ee1fffe0| Untracked 
| 738|0x00000000ee200000, 0x00000000ee2fffb0, 0x00000000ee300000| 99%| O|  |TAMS 0x00000000ee200000| PB 0x00000000ee2fffb0| Untracked 
| 739|0x00000000ee300000, 0x00000000ee3fff68, 0x00000000ee400000| 99%| O|  |TAMS 0x00000000ee300000| PB 0x00000000ee3fff68| Untracked 
| 740|0x00000000ee400000, 0x00000000ee4ffff8, 0x00000000ee500000| 99%| O|  |TAMS 0x00000000ee400000| PB 0x00000000ee4ffff8| Untracked 
| 741|0x00000000ee500000, 0x00000000ee5fffb8, 0x00000000ee600000| 99%| O|  |TAMS 0x00000000ee500000| PB 0x00000000ee5fffb8| Untracked 
| 742|0x00000000ee600000, 0x00000000ee6fff60, 0x00000000ee700000| 99%| O|  |TAMS 0x00000000ee600000| PB 0x00000000ee6fff60| Untracked 
| 743|0x00000000ee700000, 0x00000000ee7ffff0, 0x00000000ee800000| 99%| O|  |TAMS 0x00000000ee700000| PB 0x00000000ee7ffff0| Untracked 
| 744|0x00000000ee800000, 0x00000000ee8ffff8, 0x00000000ee900000| 99%| O|  |TAMS 0x00000000ee800000| PB 0x00000000ee8ffff8| Untracked 
| 745|0x00000000ee900000, 0x00000000ee9ffff8, 0x00000000eea00000| 99%| O|  |TAMS 0x00000000ee900000| PB 0x00000000ee9ffff8| Untracked 
| 746|0x00000000eea00000, 0x00000000eeb00000, 0x00000000eeb00000|100%| O|  |TAMS 0x00000000eea00000| PB 0x00000000eeb00000| Untracked 
| 747|0x00000000eeb00000, 0x00000000eebffff8, 0x00000000eec00000| 99%| O|  |TAMS 0x00000000eeb00000| PB 0x00000000eebffff8| Untracked 
| 748|0x00000000eec00000, 0x00000000eed00000, 0x00000000eed00000|100%| O|  |TAMS 0x00000000eec00000| PB 0x00000000eed00000| Untracked 
| 749|0x00000000eed00000, 0x00000000eedffff0, 0x00000000eee00000| 99%| O|  |TAMS 0x00000000eed00000| PB 0x00000000eedffff0| Untracked 
| 750|0x00000000eee00000, 0x00000000eeefff58, 0x00000000eef00000| 99%| O|  |TAMS 0x00000000eee00000| PB 0x00000000eeefff58| Untracked 
| 751|0x00000000eef00000, 0x00000000eefffff8, 0x00000000ef000000| 99%| O|  |TAMS 0x00000000eef00000| PB 0x00000000eefffff8| Untracked 
| 752|0x00000000ef000000, 0x00000000ef0fffa0, 0x00000000ef100000| 99%| O|  |TAMS 0x00000000ef000000| PB 0x00000000ef0fffa0| Untracked 
| 753|0x00000000ef100000, 0x00000000ef200000, 0x00000000ef200000|100%| O|  |TAMS 0x00000000ef100000| PB 0x00000000ef200000| Untracked 
| 754|0x00000000ef200000, 0x00000000ef2fffc0, 0x00000000ef300000| 99%| O|  |TAMS 0x00000000ef200000| PB 0x00000000ef2fffc0| Untracked 
| 755|0x00000000ef300000, 0x00000000ef3fffc0, 0x00000000ef400000| 99%| O|  |TAMS 0x00000000ef300000| PB 0x00000000ef3fffc0| Untracked 
| 756|0x00000000ef400000, 0x00000000ef4ffff0, 0x00000000ef500000| 99%| O|  |TAMS 0x00000000ef400000| PB 0x00000000ef4ffff0| Untracked 
| 757|0x00000000ef500000, 0x00000000ef5ffff0, 0x00000000ef600000| 99%| O|  |TAMS 0x00000000ef500000| PB 0x00000000ef5ffff0| Untracked 
| 758|0x00000000ef600000, 0x00000000ef700000, 0x00000000ef700000|100%| O|  |TAMS 0x00000000ef600000| PB 0x00000000ef700000| Untracked 
| 759|0x00000000ef700000, 0x00000000ef7ffff0, 0x00000000ef800000| 99%| O|  |TAMS 0x00000000ef700000| PB 0x00000000ef7ffff0| Untracked 
| 760|0x00000000ef800000, 0x00000000ef8fffc0, 0x00000000ef900000| 99%| O|  |TAMS 0x00000000ef800000| PB 0x00000000ef8fffc0| Untracked 
| 761|0x00000000ef900000, 0x00000000ef9ffff0, 0x00000000efa00000| 99%| O|  |TAMS 0x00000000ef900000| PB 0x00000000ef9ffff0| Untracked 
| 762|0x00000000efa00000, 0x00000000efb00000, 0x00000000efb00000|100%| O|  |TAMS 0x00000000efa00000| PB 0x00000000efb00000| Untracked 
| 763|0x00000000efb00000, 0x00000000efbfff98, 0x00000000efc00000| 99%| O|  |TAMS 0x00000000efb00000| PB 0x00000000efbfff98| Untracked 
| 764|0x00000000efc00000, 0x00000000efcfff90, 0x00000000efd00000| 99%| O|  |TAMS 0x00000000efc00000| PB 0x00000000efcfff90| Untracked 
| 765|0x00000000efd00000, 0x00000000efdfffd0, 0x00000000efe00000| 99%| O|  |TAMS 0x00000000efd00000| PB 0x00000000efdfffd0| Untracked 
| 766|0x00000000efe00000, 0x00000000efeffff0, 0x00000000eff00000| 99%| O|  |TAMS 0x00000000efe00000| PB 0x00000000efeffff0| Untracked 
| 767|0x00000000eff00000, 0x00000000efffff68, 0x00000000f0000000| 99%| O|  |TAMS 0x00000000eff00000| PB 0x00000000efffff68| Untracked 
| 768|0x00000000f0000000, 0x00000000f00ffff8, 0x00000000f0100000| 99%| O|  |TAMS 0x00000000f0000000| PB 0x00000000f00ffff8| Untracked 
| 769|0x00000000f0100000, 0x00000000f01fffe0, 0x00000000f0200000| 99%| O|  |TAMS 0x00000000f0100000| PB 0x00000000f01fffe0| Untracked 
| 770|0x00000000f0200000, 0x00000000f02fff70, 0x00000000f0300000| 99%| O|  |TAMS 0x00000000f0200000| PB 0x00000000f02fff70| Untracked 
| 771|0x00000000f0300000, 0x00000000f03ffff8, 0x00000000f0400000| 99%| O|  |TAMS 0x00000000f0300000| PB 0x00000000f03ffff8| Untracked 
| 772|0x00000000f0400000, 0x00000000f04ffff0, 0x00000000f0500000| 99%| O|  |TAMS 0x00000000f0400000| PB 0x00000000f04ffff0| Untracked 
| 773|0x00000000f0500000, 0x00000000f0600000, 0x00000000f0600000|100%| O|  |TAMS 0x00000000f0500000| PB 0x00000000f0600000| Untracked 
| 774|0x00000000f0600000, 0x00000000f06fffe8, 0x00000000f0700000| 99%| O|  |TAMS 0x00000000f0600000| PB 0x00000000f06fffe8| Untracked 
| 775|0x00000000f0700000, 0x00000000f07fffb8, 0x00000000f0800000| 99%| O|  |TAMS 0x00000000f0700000| PB 0x00000000f07fffb8| Untracked 
| 776|0x00000000f0800000, 0x00000000f08fffe0, 0x00000000f0900000| 99%| O|  |TAMS 0x00000000f0800000| PB 0x00000000f08fffe0| Untracked 
| 777|0x00000000f0900000, 0x00000000f09fff28, 0x00000000f0a00000| 99%| O|  |TAMS 0x00000000f0900000| PB 0x00000000f09fff28| Untracked 
| 778|0x00000000f0a00000, 0x00000000f0afffd0, 0x00000000f0b00000| 99%| O|  |TAMS 0x00000000f0a00000| PB 0x00000000f0afffd0| Untracked 
| 779|0x00000000f0b00000, 0x00000000f0c00000, 0x00000000f0c00000|100%| O|  |TAMS 0x00000000f0b00000| PB 0x00000000f0c00000| Untracked 
| 780|0x00000000f0c00000, 0x00000000f0cffff8, 0x00000000f0d00000| 99%| O|  |TAMS 0x00000000f0c00000| PB 0x00000000f0cffff8| Untracked 
| 781|0x00000000f0d00000, 0x00000000f0e00000, 0x00000000f0e00000|100%| O|  |TAMS 0x00000000f0d00000| PB 0x00000000f0e00000| Untracked 
| 782|0x00000000f0e00000, 0x00000000f0effff0, 0x00000000f0f00000| 99%| O|  |TAMS 0x00000000f0e00000| PB 0x00000000f0effff0| Untracked 
| 783|0x00000000f0f00000, 0x00000000f0ffff48, 0x00000000f1000000| 99%| O|  |TAMS 0x00000000f0f00000| PB 0x00000000f0ffff48| Untracked 
| 784|0x00000000f1000000, 0x00000000f10ffff8, 0x00000000f1100000| 99%| O|  |TAMS 0x00000000f1000000| PB 0x00000000f10ffff8| Untracked 
| 785|0x00000000f1100000, 0x00000000f1200000, 0x00000000f1200000|100%| O|  |TAMS 0x00000000f1100000| PB 0x00000000f1200000| Untracked 
| 786|0x00000000f1200000, 0x00000000f12ffff8, 0x00000000f1300000| 99%| O|  |TAMS 0x00000000f1200000| PB 0x00000000f12ffff8| Untracked 
| 787|0x00000000f1300000, 0x00000000f13ffff8, 0x00000000f1400000| 99%| O|  |TAMS 0x00000000f1300000| PB 0x00000000f13ffff8| Untracked 
| 788|0x00000000f1400000, 0x00000000f14ffff0, 0x00000000f1500000| 99%| O|  |TAMS 0x00000000f1400000| PB 0x00000000f14ffff0| Untracked 
| 789|0x00000000f1500000, 0x00000000f15fffe8, 0x00000000f1600000| 99%| O|  |TAMS 0x00000000f1500000| PB 0x00000000f15fffe8| Untracked 
| 790|0x00000000f1600000, 0x00000000f1700000, 0x00000000f1700000|100%| O|  |TAMS 0x00000000f1600000| PB 0x00000000f1700000| Untracked 
| 791|0x00000000f1700000, 0x00000000f17fff68, 0x00000000f1800000| 99%| O|  |TAMS 0x00000000f1700000| PB 0x00000000f17fff68| Untracked 
| 792|0x00000000f1800000, 0x00000000f18ffff8, 0x00000000f1900000| 99%| O|  |TAMS 0x00000000f1800000| PB 0x00000000f18ffff8| Untracked 
| 793|0x00000000f1900000, 0x00000000f19fffa0, 0x00000000f1a00000| 99%| O|  |TAMS 0x00000000f1900000| PB 0x00000000f19fffa0| Untracked 
| 794|0x00000000f1a00000, 0x00000000f1afffc0, 0x00000000f1b00000| 99%| O|  |TAMS 0x00000000f1a00000| PB 0x00000000f1afffc0| Untracked 
| 795|0x00000000f1b00000, 0x00000000f1bfffd0, 0x00000000f1c00000| 99%| O|  |TAMS 0x00000000f1b00000| PB 0x00000000f1bfffd0| Untracked 
| 796|0x00000000f1c00000, 0x00000000f1cfffe0, 0x00000000f1d00000| 99%| O|  |TAMS 0x00000000f1c00000| PB 0x00000000f1cfffe0| Untracked 
| 797|0x00000000f1d00000, 0x00000000f1dfffe0, 0x00000000f1e00000| 99%| O|  |TAMS 0x00000000f1d00000| PB 0x00000000f1dfffe0| Untracked 
| 798|0x00000000f1e00000, 0x00000000f1efffa8, 0x00000000f1f00000| 99%| O|  |TAMS 0x00000000f1e00000| PB 0x00000000f1efffa8| Untracked 
| 799|0x00000000f1f00000, 0x00000000f1fffff8, 0x00000000f2000000| 99%| O|  |TAMS 0x00000000f1f00000| PB 0x00000000f1fffff8| Untracked 
| 800|0x00000000f2000000, 0x00000000f20fffe0, 0x00000000f2100000| 99%| O|  |TAMS 0x00000000f2000000| PB 0x00000000f20fffe0| Untracked 
| 801|0x00000000f2100000, 0x00000000f21fff50, 0x00000000f2200000| 99%| O|  |TAMS 0x00000000f2100000| PB 0x00000000f21fff50| Untracked 
| 802|0x00000000f2200000, 0x00000000f22fffe0, 0x00000000f2300000| 99%| O|  |TAMS 0x00000000f2200000| PB 0x00000000f22fffe0| Untracked 
| 803|0x00000000f2300000, 0x00000000f23fffe8, 0x00000000f2400000| 99%| O|  |TAMS 0x00000000f2300000| PB 0x00000000f23fffe8| Untracked 
| 804|0x00000000f2400000, 0x00000000f24fffb8, 0x00000000f2500000| 99%| O|  |TAMS 0x00000000f2400000| PB 0x00000000f24fffb8| Untracked 
| 805|0x00000000f2500000, 0x00000000f25ffff0, 0x00000000f2600000| 99%| O|  |TAMS 0x00000000f2500000| PB 0x00000000f25ffff0| Untracked 
| 806|0x00000000f2600000, 0x00000000f2700000, 0x00000000f2700000|100%| O|  |TAMS 0x00000000f2600000| PB 0x00000000f2700000| Untracked 
| 807|0x00000000f2700000, 0x00000000f27fff48, 0x00000000f2800000| 99%| O|  |TAMS 0x00000000f2700000| PB 0x00000000f27fff48| Untracked 
| 808|0x00000000f2800000, 0x00000000f28ffff0, 0x00000000f2900000| 99%| O|  |TAMS 0x00000000f2800000| PB 0x00000000f28ffff0| Untracked 
| 809|0x00000000f2900000, 0x00000000f29ffff8, 0x00000000f2a00000| 99%| O|  |TAMS 0x00000000f2900000| PB 0x00000000f29ffff8| Untracked 
| 810|0x00000000f2a00000, 0x00000000f2afff50, 0x00000000f2b00000| 99%| O|  |TAMS 0x00000000f2a00000| PB 0x00000000f2afff50| Untracked 
| 811|0x00000000f2b00000, 0x00000000f2bfff88, 0x00000000f2c00000| 99%| O|  |TAMS 0x00000000f2b00000| PB 0x00000000f2bfff88| Untracked 
| 812|0x00000000f2c00000, 0x00000000f2cffff0, 0x00000000f2d00000| 99%| O|  |TAMS 0x00000000f2c00000| PB 0x00000000f2cffff0| Untracked 
| 813|0x00000000f2d00000, 0x00000000f2dfffe0, 0x00000000f2e00000| 99%| O|  |TAMS 0x00000000f2d00000| PB 0x00000000f2dfffe0| Untracked 
| 814|0x00000000f2e00000, 0x00000000f2effff8, 0x00000000f2f00000| 99%| O|  |TAMS 0x00000000f2e00000| PB 0x00000000f2effff8| Untracked 
| 815|0x00000000f2f00000, 0x00000000f2ffffe0, 0x00000000f3000000| 99%| O|  |TAMS 0x00000000f2f00000| PB 0x00000000f2ffffe0| Untracked 
| 816|0x00000000f3000000, 0x00000000f30fff58, 0x00000000f3100000| 99%| O|  |TAMS 0x00000000f3000000| PB 0x00000000f30fff58| Untracked 
| 817|0x00000000f3100000, 0x00000000f31ffff0, 0x00000000f3200000| 99%| O|  |TAMS 0x00000000f3100000| PB 0x00000000f31ffff0| Untracked 
| 818|0x00000000f3200000, 0x00000000f32ffff0, 0x00000000f3300000| 99%| O|  |TAMS 0x00000000f3200000| PB 0x00000000f32ffff0| Untracked 
| 819|0x00000000f3300000, 0x00000000f33ffff0, 0x00000000f3400000| 99%| O|  |TAMS 0x00000000f3300000| PB 0x00000000f33ffff0| Untracked 
| 820|0x00000000f3400000, 0x00000000f3500000, 0x00000000f3500000|100%| O|  |TAMS 0x00000000f3400000| PB 0x00000000f3500000| Untracked 
| 821|0x00000000f3500000, 0x00000000f35ffff8, 0x00000000f3600000| 99%| O|  |TAMS 0x00000000f3500000| PB 0x00000000f35ffff8| Untracked 
| 822|0x00000000f3600000, 0x00000000f36ffff8, 0x00000000f3700000| 99%| O|  |TAMS 0x00000000f3600000| PB 0x00000000f36ffff8| Untracked 
| 823|0x00000000f3700000, 0x00000000f3800000, 0x00000000f3800000|100%| O|  |TAMS 0x00000000f3700000| PB 0x00000000f3800000| Untracked 
| 824|0x00000000f3800000, 0x00000000f3900000, 0x00000000f3900000|100%| O|  |TAMS 0x00000000f3800000| PB 0x00000000f3900000| Untracked 
| 825|0x00000000f3900000, 0x00000000f39fff80, 0x00000000f3a00000| 99%| O|  |TAMS 0x00000000f3900000| PB 0x00000000f39fff80| Untracked 
| 826|0x00000000f3a00000, 0x00000000f3affff8, 0x00000000f3b00000| 99%| O|  |TAMS 0x00000000f3a00000| PB 0x00000000f3affff8| Untracked 
| 827|0x00000000f3b00000, 0x00000000f3bffff0, 0x00000000f3c00000| 99%| O|  |TAMS 0x00000000f3b00000| PB 0x00000000f3bffff0| Untracked 
| 828|0x00000000f3c00000, 0x00000000f3cfff88, 0x00000000f3d00000| 99%| O|  |TAMS 0x00000000f3c00000| PB 0x00000000f3cfff88| Untracked 
| 829|0x00000000f3d00000, 0x00000000f3dffff8, 0x00000000f3e00000| 99%| O|  |TAMS 0x00000000f3d00000| PB 0x00000000f3dffff8| Untracked 
| 830|0x00000000f3e00000, 0x00000000f3efff50, 0x00000000f3f00000| 99%| O|  |TAMS 0x00000000f3e00000| PB 0x00000000f3efff50| Untracked 
| 831|0x00000000f3f00000, 0x00000000f3ffff60, 0x00000000f4000000| 99%| O|  |TAMS 0x00000000f3f00000| PB 0x00000000f3ffff60| Untracked 
| 832|0x00000000f4000000, 0x00000000f40ffff8, 0x00000000f4100000| 99%| O|  |TAMS 0x00000000f4000000| PB 0x00000000f40ffff8| Untracked 
| 833|0x00000000f4100000, 0x00000000f41fffe8, 0x00000000f4200000| 99%| O|  |TAMS 0x00000000f4100000| PB 0x00000000f41fffe8| Untracked 
| 834|0x00000000f4200000, 0x00000000f42fffe8, 0x00000000f4300000| 99%| O|  |TAMS 0x00000000f4200000| PB 0x00000000f42fffe8| Untracked 
| 835|0x00000000f4300000, 0x00000000f4400000, 0x00000000f4400000|100%| O|  |TAMS 0x00000000f4300000| PB 0x00000000f4400000| Untracked 
| 836|0x00000000f4400000, 0x00000000f44ffff0, 0x00000000f4500000| 99%| O|  |TAMS 0x00000000f4400000| PB 0x00000000f44ffff0| Untracked 
| 837|0x00000000f4500000, 0x00000000f45ffff0, 0x00000000f4600000| 99%| O|  |TAMS 0x00000000f4500000| PB 0x00000000f45ffff0| Untracked 
| 838|0x00000000f4600000, 0x00000000f46ffff0, 0x00000000f4700000| 99%| O|  |TAMS 0x00000000f4600000| PB 0x00000000f46ffff0| Untracked 
| 839|0x00000000f4700000, 0x00000000f47fff30, 0x00000000f4800000| 99%| O|  |TAMS 0x00000000f4700000| PB 0x00000000f47fff30| Untracked 
| 840|0x00000000f4800000, 0x00000000f48fffc8, 0x00000000f4900000| 99%| O|  |TAMS 0x00000000f4800000| PB 0x00000000f48fffc8| Untracked 
| 841|0x00000000f4900000, 0x00000000f49ffff8, 0x00000000f4a00000| 99%| O|  |TAMS 0x00000000f4900000| PB 0x00000000f49ffff8| Untracked 
| 842|0x00000000f4a00000, 0x00000000f4affff0, 0x00000000f4b00000| 99%| O|  |TAMS 0x00000000f4a00000| PB 0x00000000f4affff0| Untracked 
| 843|0x00000000f4b00000, 0x00000000f4bffff0, 0x00000000f4c00000| 99%| O|  |TAMS 0x00000000f4b00000| PB 0x00000000f4bffff0| Untracked 
| 844|0x00000000f4c00000, 0x00000000f4d00000, 0x00000000f4d00000|100%| O|  |TAMS 0x00000000f4c00000| PB 0x00000000f4d00000| Untracked 
| 845|0x00000000f4d00000, 0x00000000f4e00000, 0x00000000f4e00000|100%| O|  |TAMS 0x00000000f4d00000| PB 0x00000000f4e00000| Untracked 
| 846|0x00000000f4e00000, 0x00000000f4effff0, 0x00000000f4f00000| 99%| O|  |TAMS 0x00000000f4e00000| PB 0x00000000f4effff0| Untracked 
| 847|0x00000000f4f00000, 0x00000000f4fffff0, 0x00000000f5000000| 99%| O|  |TAMS 0x00000000f4f00000| PB 0x00000000f4fffff0| Untracked 
| 848|0x00000000f5000000, 0x00000000f50ffff0, 0x00000000f5100000| 99%| O|  |TAMS 0x00000000f5000000| PB 0x00000000f50ffff0| Untracked 
| 849|0x00000000f5100000, 0x00000000f51fff50, 0x00000000f5200000| 99%| O|  |TAMS 0x00000000f5100000| PB 0x00000000f51fff50| Untracked 
| 850|0x00000000f5200000, 0x00000000f52fff58, 0x00000000f5300000| 99%| O|  |TAMS 0x00000000f5200000| PB 0x00000000f52fff58| Untracked 
| 851|0x00000000f5300000, 0x00000000f5400000, 0x00000000f5400000|100%| O|  |TAMS 0x00000000f5300000| PB 0x00000000f5400000| Untracked 
| 852|0x00000000f5400000, 0x00000000f54ffff0, 0x00000000f5500000| 99%| O|  |TAMS 0x00000000f5400000| PB 0x00000000f54ffff0| Untracked 
| 853|0x00000000f5500000, 0x00000000f55fffc8, 0x00000000f5600000| 99%| O|  |TAMS 0x00000000f5500000| PB 0x00000000f55fffc8| Untracked 
| 854|0x00000000f5600000, 0x00000000f56ffff8, 0x00000000f5700000| 99%| O|  |TAMS 0x00000000f5600000| PB 0x00000000f56ffff8| Untracked 
| 855|0x00000000f5700000, 0x00000000f57fff28, 0x00000000f5800000| 99%| O|  |TAMS 0x00000000f5700000| PB 0x00000000f57fff28| Untracked 
| 856|0x00000000f5800000, 0x00000000f58ffff8, 0x00000000f5900000| 99%| O|  |TAMS 0x00000000f5800000| PB 0x00000000f58ffff8| Untracked 
| 857|0x00000000f5900000, 0x00000000f59fff28, 0x00000000f5a00000| 99%| O|  |TAMS 0x00000000f5900000| PB 0x00000000f59fff28| Untracked 
| 858|0x00000000f5a00000, 0x00000000f5b00000, 0x00000000f5b00000|100%| O|  |TAMS 0x00000000f5a00000| PB 0x00000000f5b00000| Untracked 
| 859|0x00000000f5b00000, 0x00000000f5bfffe0, 0x00000000f5c00000| 99%| O|  |TAMS 0x00000000f5b00000| PB 0x00000000f5bfffe0| Untracked 
| 860|0x00000000f5c00000, 0x00000000f5cffff8, 0x00000000f5d00000| 99%| O|  |TAMS 0x00000000f5c00000| PB 0x00000000f5cffff8| Untracked 
| 861|0x00000000f5d00000, 0x00000000f5dffff0, 0x00000000f5e00000| 99%| O|  |TAMS 0x00000000f5d00000| PB 0x00000000f5dffff0| Untracked 
| 862|0x00000000f5e00000, 0x00000000f5effff8, 0x00000000f5f00000| 99%| O|  |TAMS 0x00000000f5e00000| PB 0x00000000f5effff8| Untracked 
| 863|0x00000000f5f00000, 0x00000000f5fffff0, 0x00000000f6000000| 99%| O|  |TAMS 0x00000000f5f00000| PB 0x00000000f5fffff0| Untracked 
| 864|0x00000000f6000000, 0x00000000f60fff78, 0x00000000f6100000| 99%| O|  |TAMS 0x00000000f6000000| PB 0x00000000f60fff78| Untracked 
| 865|0x00000000f6100000, 0x00000000f6200000, 0x00000000f6200000|100%| O|  |TAMS 0x00000000f6100000| PB 0x00000000f6200000| Untracked 
| 866|0x00000000f6200000, 0x00000000f62fff98, 0x00000000f6300000| 99%| O|  |TAMS 0x00000000f6200000| PB 0x00000000f62fff98| Untracked 
| 867|0x00000000f6300000, 0x00000000f63ffff0, 0x00000000f6400000| 99%| O|  |TAMS 0x00000000f6300000| PB 0x00000000f63ffff0| Untracked 
| 868|0x00000000f6400000, 0x00000000f64fffb8, 0x00000000f6500000| 99%| O|  |TAMS 0x00000000f6400000| PB 0x00000000f64fffb8| Untracked 
| 869|0x00000000f6500000, 0x00000000f6600000, 0x00000000f6600000|100%| O|  |TAMS 0x00000000f6500000| PB 0x00000000f6600000| Untracked 
| 870|0x00000000f6600000, 0x00000000f66fffb0, 0x00000000f6700000| 99%| O|  |TAMS 0x00000000f6600000| PB 0x00000000f66fffb0| Untracked 
| 871|0x00000000f6700000, 0x00000000f67ffff8, 0x00000000f6800000| 99%| O|  |TAMS 0x00000000f6700000| PB 0x00000000f67ffff8| Untracked 
| 872|0x00000000f6800000, 0x00000000f68fffa0, 0x00000000f6900000| 99%| O|  |TAMS 0x00000000f6800000| PB 0x00000000f68fffa0| Untracked 
| 873|0x00000000f6900000, 0x00000000f69fffe0, 0x00000000f6a00000| 99%| O|  |TAMS 0x00000000f6900000| PB 0x00000000f69fffe0| Untracked 
| 874|0x00000000f6a00000, 0x00000000f6afff60, 0x00000000f6b00000| 99%| O|  |TAMS 0x00000000f6a00000| PB 0x00000000f6afff60| Untracked 
| 875|0x00000000f6b00000, 0x00000000f6bffff8, 0x00000000f6c00000| 99%| O|  |TAMS 0x00000000f6b00000| PB 0x00000000f6bffff8| Untracked 
| 876|0x00000000f6c00000, 0x00000000f6cfffe8, 0x00000000f6d00000| 99%| O|  |TAMS 0x00000000f6c00000| PB 0x00000000f6cfffe8| Untracked 
| 877|0x00000000f6d00000, 0x00000000f6dfff48, 0x00000000f6e00000| 99%| O|  |TAMS 0x00000000f6d00000| PB 0x00000000f6dfff48| Untracked 
| 878|0x00000000f6e00000, 0x00000000f6efff80, 0x00000000f6f00000| 99%| O|  |TAMS 0x00000000f6e00000| PB 0x00000000f6efff80| Untracked 
| 879|0x00000000f6f00000, 0x00000000f6fffff0, 0x00000000f7000000| 99%| O|  |TAMS 0x00000000f6f00000| PB 0x00000000f6fffff0| Untracked 
| 880|0x00000000f7000000, 0x00000000f70fffa0, 0x00000000f7100000| 99%| O|  |TAMS 0x00000000f7000000| PB 0x00000000f70fffa0| Untracked 
| 881|0x00000000f7100000, 0x00000000f7200000, 0x00000000f7200000|100%| O|  |TAMS 0x00000000f7100000| PB 0x00000000f7200000| Untracked 
| 882|0x00000000f7200000, 0x00000000f72fff58, 0x00000000f7300000| 99%| O|  |TAMS 0x00000000f7200000| PB 0x00000000f72fff58| Untracked 
| 883|0x00000000f7300000, 0x00000000f73fff70, 0x00000000f7400000| 99%| O|  |TAMS 0x00000000f7300000| PB 0x00000000f73fff70| Untracked 
| 884|0x00000000f7400000, 0x00000000f7500000, 0x00000000f7500000|100%| O|  |TAMS 0x00000000f7400000| PB 0x00000000f7500000| Untracked 
| 885|0x00000000f7500000, 0x00000000f75fff90, 0x00000000f7600000| 99%| O|  |TAMS 0x00000000f7500000| PB 0x00000000f75fff90| Untracked 
| 886|0x00000000f7600000, 0x00000000f76ffff0, 0x00000000f7700000| 99%| O|  |TAMS 0x00000000f7600000| PB 0x00000000f76ffff0| Untracked 
| 887|0x00000000f7700000, 0x00000000f77ffff0, 0x00000000f7800000| 99%| O|  |TAMS 0x00000000f7700000| PB 0x00000000f77ffff0| Untracked 
| 888|0x00000000f7800000, 0x00000000f7900000, 0x00000000f7900000|100%| O|  |TAMS 0x00000000f7800000| PB 0x00000000f7900000| Untracked 
| 889|0x00000000f7900000, 0x00000000f79fffe0, 0x00000000f7a00000| 99%| O|  |TAMS 0x00000000f7900000| PB 0x00000000f79fffe0| Untracked 
| 890|0x00000000f7a00000, 0x00000000f7affff0, 0x00000000f7b00000| 99%| O|  |TAMS 0x00000000f7a00000| PB 0x00000000f7affff0| Untracked 
| 891|0x00000000f7b00000, 0x00000000f7bfffd8, 0x00000000f7c00000| 99%| O|  |TAMS 0x00000000f7b00000| PB 0x00000000f7bfffd8| Untracked 
| 892|0x00000000f7c00000, 0x00000000f7cffff0, 0x00000000f7d00000| 99%| O|  |TAMS 0x00000000f7c00000| PB 0x00000000f7cffff0| Untracked 
| 893|0x00000000f7d00000, 0x00000000f7e00000, 0x00000000f7e00000|100%| O|  |TAMS 0x00000000f7d00000| PB 0x00000000f7e00000| Untracked 
| 894|0x00000000f7e00000, 0x00000000f7f00000, 0x00000000f7f00000|100%| O|  |TAMS 0x00000000f7e00000| PB 0x00000000f7f00000| Untracked 
| 895|0x00000000f7f00000, 0x00000000f7ffffe8, 0x00000000f8000000| 99%| O|  |TAMS 0x00000000f7f00000| PB 0x00000000f7ffffe8| Untracked 
| 896|0x00000000f8000000, 0x00000000f80ffff8, 0x00000000f8100000| 99%| O|  |TAMS 0x00000000f8000000| PB 0x00000000f80ffff8| Untracked 
| 897|0x00000000f8100000, 0x00000000f81ffff0, 0x00000000f8200000| 99%| O|  |TAMS 0x00000000f8100000| PB 0x00000000f81ffff0| Untracked 
| 898|0x00000000f8200000, 0x00000000f82fff70, 0x00000000f8300000| 99%| O|  |TAMS 0x00000000f8200000| PB 0x00000000f82fff70| Untracked 
| 899|0x00000000f8300000, 0x00000000f8400000, 0x00000000f8400000|100%| O|  |TAMS 0x00000000f8300000| PB 0x00000000f8400000| Untracked 
| 900|0x00000000f8400000, 0x00000000f8500000, 0x00000000f8500000|100%| O|  |TAMS 0x00000000f8400000| PB 0x00000000f8500000| Untracked 
| 901|0x00000000f8500000, 0x00000000f85fffe0, 0x00000000f8600000| 99%| O|  |TAMS 0x00000000f8500000| PB 0x00000000f85fffe0| Untracked 
| 902|0x00000000f8600000, 0x00000000f86ffff0, 0x00000000f8700000| 99%| O|  |TAMS 0x00000000f8600000| PB 0x00000000f86ffff0| Untracked 
| 903|0x00000000f8700000, 0x00000000f87fffb8, 0x00000000f8800000| 99%| O|  |TAMS 0x00000000f8700000| PB 0x00000000f87fffb8| Untracked 
| 904|0x00000000f8800000, 0x00000000f8900000, 0x00000000f8900000|100%| O|  |TAMS 0x00000000f8800000| PB 0x00000000f8900000| Untracked 
| 905|0x00000000f8900000, 0x00000000f89fffb0, 0x00000000f8a00000| 99%| O|  |TAMS 0x00000000f8900000| PB 0x00000000f89fffb0| Untracked 
| 906|0x00000000f8a00000, 0x00000000f8affff0, 0x00000000f8b00000| 99%| O|  |TAMS 0x00000000f8a00000| PB 0x00000000f8affff0| Untracked 
| 907|0x00000000f8b00000, 0x00000000f8bfff58, 0x00000000f8c00000| 99%| O|  |TAMS 0x00000000f8b00000| PB 0x00000000f8bfff58| Untracked 
| 908|0x00000000f8c00000, 0x00000000f8cffff0, 0x00000000f8d00000| 99%| O|  |TAMS 0x00000000f8c00000| PB 0x00000000f8cffff0| Untracked 
| 909|0x00000000f8d00000, 0x00000000f8e00000, 0x00000000f8e00000|100%| O|  |TAMS 0x00000000f8d00000| PB 0x00000000f8e00000| Untracked 
| 910|0x00000000f8e00000, 0x00000000f8efff78, 0x00000000f8f00000| 99%| O|  |TAMS 0x00000000f8e00000| PB 0x00000000f8efff78| Untracked 
| 911|0x00000000f8f00000, 0x00000000f8ffffe0, 0x00000000f9000000| 99%| O|  |TAMS 0x00000000f8f00000| PB 0x00000000f8ffffe0| Untracked 
| 912|0x00000000f9000000, 0x00000000f90fffb8, 0x00000000f9100000| 99%| O|  |TAMS 0x00000000f9000000| PB 0x00000000f90fffb8| Untracked 
| 913|0x00000000f9100000, 0x00000000f91ffff8, 0x00000000f9200000| 99%| O|  |TAMS 0x00000000f9100000| PB 0x00000000f91ffff8| Untracked 
| 914|0x00000000f9200000, 0x00000000f92ffff8, 0x00000000f9300000| 99%| O|  |TAMS 0x00000000f9200000| PB 0x00000000f92ffff8| Untracked 
| 915|0x00000000f9300000, 0x00000000f93ffff8, 0x00000000f9400000| 99%| O|  |TAMS 0x00000000f9300000| PB 0x00000000f93ffff8| Untracked 
| 916|0x00000000f9400000, 0x00000000f94fffa8, 0x00000000f9500000| 99%| O|  |TAMS 0x00000000f9400000| PB 0x00000000f94fffa8| Untracked 
| 917|0x00000000f9500000, 0x00000000f95ffff0, 0x00000000f9600000| 99%| O|  |TAMS 0x00000000f9500000| PB 0x00000000f95ffff0| Untracked 
| 918|0x00000000f9600000, 0x00000000f96fffd0, 0x00000000f9700000| 99%| O|  |TAMS 0x00000000f9600000| PB 0x00000000f96fffd0| Untracked 
| 919|0x00000000f9700000, 0x00000000f97fff98, 0x00000000f9800000| 99%| O|  |TAMS 0x00000000f9700000| PB 0x00000000f97fff98| Untracked 
| 920|0x00000000f9800000, 0x00000000f98ffff0, 0x00000000f9900000| 99%| O|  |TAMS 0x00000000f9800000| PB 0x00000000f98ffff0| Untracked 
| 921|0x00000000f9900000, 0x00000000f9a00000, 0x00000000f9a00000|100%| O|  |TAMS 0x00000000f9900000| PB 0x00000000f9a00000| Untracked 
| 922|0x00000000f9a00000, 0x00000000f9affff0, 0x00000000f9b00000| 99%| O|  |TAMS 0x00000000f9a00000| PB 0x00000000f9affff0| Untracked 
| 923|0x00000000f9b00000, 0x00000000f9bfffe8, 0x00000000f9c00000| 99%| O|  |TAMS 0x00000000f9b00000| PB 0x00000000f9bfffe8| Untracked 
| 924|0x00000000f9c00000, 0x00000000f9cfffe0, 0x00000000f9d00000| 99%| O|  |TAMS 0x00000000f9c00000| PB 0x00000000f9cfffe0| Untracked 
| 925|0x00000000f9d00000, 0x00000000f9dfff98, 0x00000000f9e00000| 99%| O|  |TAMS 0x00000000f9d00000| PB 0x00000000f9dfff98| Untracked 
| 926|0x00000000f9e00000, 0x00000000f9effff8, 0x00000000f9f00000| 99%| O|  |TAMS 0x00000000f9e00000| PB 0x00000000f9effff8| Untracked 
| 927|0x00000000f9f00000, 0x00000000f9ffffa8, 0x00000000fa000000| 99%| O|  |TAMS 0x00000000f9f00000| PB 0x00000000f9ffffa8| Untracked 
| 928|0x00000000fa000000, 0x00000000fa0ffff8, 0x00000000fa100000| 99%| O|  |TAMS 0x00000000fa000000| PB 0x00000000fa0ffff8| Untracked 
| 929|0x00000000fa100000, 0x00000000fa1ffff0, 0x00000000fa200000| 99%| O|  |TAMS 0x00000000fa100000| PB 0x00000000fa1ffff0| Untracked 
| 930|0x00000000fa200000, 0x00000000fa2fffe0, 0x00000000fa300000| 99%| O|  |TAMS 0x00000000fa200000| PB 0x00000000fa2fffe0| Untracked 
| 931|0x00000000fa300000, 0x00000000fa3fffb8, 0x00000000fa400000| 99%| O|  |TAMS 0x00000000fa300000| PB 0x00000000fa3fffb8| Untracked 
| 932|0x00000000fa400000, 0x00000000fa4ffff8, 0x00000000fa500000| 99%| O|  |TAMS 0x00000000fa400000| PB 0x00000000fa4ffff8| Untracked 
| 933|0x00000000fa500000, 0x00000000fa5fffe0, 0x00000000fa600000| 99%| O|  |TAMS 0x00000000fa500000| PB 0x00000000fa5fffe0| Untracked 
| 934|0x00000000fa600000, 0x00000000fa6fffc8, 0x00000000fa700000| 99%| O|  |TAMS 0x00000000fa600000| PB 0x00000000fa6fffc8| Untracked 
| 935|0x00000000fa700000, 0x00000000fa7ffff8, 0x00000000fa800000| 99%| O|  |TAMS 0x00000000fa700000| PB 0x00000000fa7ffff8| Untracked 
| 936|0x00000000fa800000, 0x00000000fa900000, 0x00000000fa900000|100%| O|  |TAMS 0x00000000fa800000| PB 0x00000000fa900000| Untracked 
| 937|0x00000000fa900000, 0x00000000faa00000, 0x00000000faa00000|100%| O|  |TAMS 0x00000000fa900000| PB 0x00000000faa00000| Untracked 
| 938|0x00000000faa00000, 0x00000000faafffa8, 0x00000000fab00000| 99%| O|  |TAMS 0x00000000faa00000| PB 0x00000000faafffa8| Untracked 
| 939|0x00000000fab00000, 0x00000000fabfff78, 0x00000000fac00000| 99%| O|  |TAMS 0x00000000fab00000| PB 0x00000000fabfff78| Untracked 
| 940|0x00000000fac00000, 0x00000000fad00000, 0x00000000fad00000|100%| O|  |TAMS 0x00000000fac00000| PB 0x00000000fad00000| Untracked 
| 941|0x00000000fad00000, 0x00000000fadfffe8, 0x00000000fae00000| 99%| O|  |TAMS 0x00000000fad00000| PB 0x00000000fadfffe8| Untracked 
| 942|0x00000000fae00000, 0x00000000faeffff0, 0x00000000faf00000| 99%| O|  |TAMS 0x00000000fae00000| PB 0x00000000faeffff0| Untracked 
| 943|0x00000000faf00000, 0x00000000fafffff8, 0x00000000fb000000| 99%| O|  |TAMS 0x00000000faf00000| PB 0x00000000fafffff8| Untracked 
| 944|0x00000000fb000000, 0x00000000fb0fff60, 0x00000000fb100000| 99%| O|  |TAMS 0x00000000fb000000| PB 0x00000000fb0fff60| Untracked 
| 945|0x00000000fb100000, 0x00000000fb200000, 0x00000000fb200000|100%| O|  |TAMS 0x00000000fb100000| PB 0x00000000fb200000| Untracked 
| 946|0x00000000fb200000, 0x00000000fb2ffff8, 0x00000000fb300000| 99%| O|  |TAMS 0x00000000fb200000| PB 0x00000000fb2ffff8| Untracked 
| 947|0x00000000fb300000, 0x00000000fb400000, 0x00000000fb400000|100%| O|  |TAMS 0x00000000fb300000| PB 0x00000000fb400000| Untracked 
| 948|0x00000000fb400000, 0x00000000fb4ffff0, 0x00000000fb500000| 99%| O|  |TAMS 0x00000000fb400000| PB 0x00000000fb4ffff0| Untracked 
| 949|0x00000000fb500000, 0x00000000fb5ffff8, 0x00000000fb600000| 99%| O|  |TAMS 0x00000000fb500000| PB 0x00000000fb5ffff8| Untracked 
| 950|0x00000000fb600000, 0x00000000fb6ffff0, 0x00000000fb700000| 99%| O|  |TAMS 0x00000000fb600000| PB 0x00000000fb6ffff0| Untracked 
| 951|0x00000000fb700000, 0x00000000fb800000, 0x00000000fb800000|100%| O|  |TAMS 0x00000000fb700000| PB 0x00000000fb800000| Untracked 
| 952|0x00000000fb800000, 0x00000000fb900000, 0x00000000fb900000|100%| O|  |TAMS 0x00000000fb800000| PB 0x00000000fb900000| Untracked 
| 953|0x00000000fb900000, 0x00000000fb9ffff0, 0x00000000fba00000| 99%| O|  |TAMS 0x00000000fb900000| PB 0x00000000fb9ffff0| Untracked 
| 954|0x00000000fba00000, 0x00000000fbafffc0, 0x00000000fbb00000| 99%| O|  |TAMS 0x00000000fba00000| PB 0x00000000fbafffc0| Untracked 
| 955|0x00000000fbb00000, 0x00000000fbbffff8, 0x00000000fbc00000| 99%| O|  |TAMS 0x00000000fbb00000| PB 0x00000000fbbffff8| Untracked 
| 956|0x00000000fbc00000, 0x00000000fbcfffb0, 0x00000000fbd00000| 99%| O|  |TAMS 0x00000000fbc00000| PB 0x00000000fbcfffb0| Untracked 
| 957|0x00000000fbd00000, 0x00000000fbdfffa8, 0x00000000fbe00000| 99%| O|  |TAMS 0x00000000fbd00000| PB 0x00000000fbdfffa8| Untracked 
| 958|0x00000000fbe00000, 0x00000000fbefffb0, 0x00000000fbf00000| 99%| O|  |TAMS 0x00000000fbe00000| PB 0x00000000fbefffb0| Untracked 
| 959|0x00000000fbf00000, 0x00000000fbfffff8, 0x00000000fc000000| 99%| O|  |TAMS 0x00000000fbf00000| PB 0x00000000fbfffff8| Untracked 
| 960|0x00000000fc000000, 0x00000000fc0fffe0, 0x00000000fc100000| 99%| O|  |TAMS 0x00000000fc000000| PB 0x00000000fc0fffe0| Untracked 
| 961|0x00000000fc100000, 0x00000000fc200000, 0x00000000fc200000|100%| O|  |TAMS 0x00000000fc100000| PB 0x00000000fc200000| Untracked 
| 962|0x00000000fc200000, 0x00000000fc2ffff0, 0x00000000fc300000| 99%| O|  |TAMS 0x00000000fc200000| PB 0x00000000fc2ffff0| Untracked 
| 963|0x00000000fc300000, 0x00000000fc3ffff8, 0x00000000fc400000| 99%| O|  |TAMS 0x00000000fc300000| PB 0x00000000fc3ffff8| Untracked 
| 964|0x00000000fc400000, 0x00000000fc4ffff0, 0x00000000fc500000| 99%| O|  |TAMS 0x00000000fc400000| PB 0x00000000fc4ffff0| Untracked 
| 965|0x00000000fc500000, 0x00000000fc5fffe8, 0x00000000fc600000| 99%| O|  |TAMS 0x00000000fc500000| PB 0x00000000fc5fffe8| Untracked 
| 966|0x00000000fc600000, 0x00000000fc6fff88, 0x00000000fc700000| 99%| O|  |TAMS 0x00000000fc600000| PB 0x00000000fc6fff88| Untracked 
| 967|0x00000000fc700000, 0x00000000fc800000, 0x00000000fc800000|100%| O|  |TAMS 0x00000000fc700000| PB 0x00000000fc800000| Untracked 
| 968|0x00000000fc800000, 0x00000000fc900000, 0x00000000fc900000|100%| O|  |TAMS 0x00000000fc800000| PB 0x00000000fc900000| Untracked 
| 969|0x00000000fc900000, 0x00000000fc9fffe0, 0x00000000fca00000| 99%| O|  |TAMS 0x00000000fc900000| PB 0x00000000fc9fffe0| Untracked 
| 970|0x00000000fca00000, 0x00000000fcafff58, 0x00000000fcb00000| 99%| O|  |TAMS 0x00000000fca00000| PB 0x00000000fcafff58| Untracked 
| 971|0x00000000fcb00000, 0x00000000fcc00000, 0x00000000fcc00000|100%| O|  |TAMS 0x00000000fcb00000| PB 0x00000000fcc00000| Untracked 
| 972|0x00000000fcc00000, 0x00000000fccffff0, 0x00000000fcd00000| 99%| O|  |TAMS 0x00000000fcc00000| PB 0x00000000fccffff0| Untracked 
| 973|0x00000000fcd00000, 0x00000000fcdffff8, 0x00000000fce00000| 99%| O|  |TAMS 0x00000000fcd00000| PB 0x00000000fcdffff8| Untracked 
| 974|0x00000000fce00000, 0x00000000fcefffe8, 0x00000000fcf00000| 99%| O|  |TAMS 0x00000000fce00000| PB 0x00000000fcefffe8| Untracked 
| 975|0x00000000fcf00000, 0x00000000fcfffff8, 0x00000000fd000000| 99%| O|  |TAMS 0x00000000fcf00000| PB 0x00000000fcfffff8| Untracked 
| 976|0x00000000fd000000, 0x00000000fd0fffd0, 0x00000000fd100000| 99%| O|  |TAMS 0x00000000fd000000| PB 0x00000000fd0fffd0| Untracked 
| 977|0x00000000fd100000, 0x00000000fd1fffc0, 0x00000000fd200000| 99%| O|  |TAMS 0x00000000fd100000| PB 0x00000000fd1fffc0| Untracked 
| 978|0x00000000fd200000, 0x00000000fd2fffa8, 0x00000000fd300000| 99%| O|  |TAMS 0x00000000fd200000| PB 0x00000000fd2fffa8| Untracked 
| 979|0x00000000fd300000, 0x00000000fd3fff90, 0x00000000fd400000| 99%| O|  |TAMS 0x00000000fd300000| PB 0x00000000fd3fff90| Untracked 
| 980|0x00000000fd400000, 0x00000000fd4ffff0, 0x00000000fd500000| 99%| O|  |TAMS 0x00000000fd400000| PB 0x00000000fd4ffff0| Untracked 
| 981|0x00000000fd500000, 0x00000000fd5fffa0, 0x00000000fd600000| 99%| O|  |TAMS 0x00000000fd500000| PB 0x00000000fd5fffa0| Untracked 
| 982|0x00000000fd600000, 0x00000000fd6fffc0, 0x00000000fd700000| 99%| O|  |TAMS 0x00000000fd600000| PB 0x00000000fd6fffc0| Untracked 
| 983|0x00000000fd700000, 0x00000000fd7ffff0, 0x00000000fd800000| 99%| O|  |TAMS 0x00000000fd700000| PB 0x00000000fd7ffff0| Untracked 
| 984|0x00000000fd800000, 0x00000000fd8fffb8, 0x00000000fd900000| 99%| O|  |TAMS 0x00000000fd800000| PB 0x00000000fd8fffb8| Untracked 
| 985|0x00000000fd900000, 0x00000000fd9ffff0, 0x00000000fda00000| 99%| O|  |TAMS 0x00000000fd900000| PB 0x00000000fd9ffff0| Untracked 
| 986|0x00000000fda00000, 0x00000000fdaffff0, 0x00000000fdb00000| 99%| O|  |TAMS 0x00000000fda00000| PB 0x00000000fdaffff0| Untracked 
| 987|0x00000000fdb00000, 0x00000000fdbffff0, 0x00000000fdc00000| 99%| O|  |TAMS 0x00000000fdb00000| PB 0x00000000fdbffff0| Untracked 
| 988|0x00000000fdc00000, 0x00000000fdcffff8, 0x00000000fdd00000| 99%| O|  |TAMS 0x00000000fdc00000| PB 0x00000000fdcffff8| Untracked 
| 989|0x00000000fdd00000, 0x00000000fddfff98, 0x00000000fde00000| 99%| O|  |TAMS 0x00000000fdd00000| PB 0x00000000fddfff98| Untracked 
| 990|0x00000000fde00000, 0x00000000fdefff90, 0x00000000fdf00000| 99%| O|  |TAMS 0x00000000fde00000| PB 0x00000000fdefff90| Untracked 
| 991|0x00000000fdf00000, 0x00000000fdfffff8, 0x00000000fe000000| 99%| O|  |TAMS 0x00000000fdf00000| PB 0x00000000fdfffff8| Untracked 
| 992|0x00000000fe000000, 0x00000000fe100000, 0x00000000fe100000|100%| O|  |TAMS 0x00000000fe000000| PB 0x00000000fe100000| Untracked 
| 993|0x00000000fe100000, 0x00000000fe1ffff0, 0x00000000fe200000| 99%| O|  |TAMS 0x00000000fe100000| PB 0x00000000fe1ffff0| Untracked 
| 994|0x00000000fe200000, 0x00000000fe2fffe8, 0x00000000fe300000| 99%| O|  |TAMS 0x00000000fe200000| PB 0x00000000fe2fffe8| Untracked 
| 995|0x00000000fe300000, 0x00000000fe400000, 0x00000000fe400000|100%| O|  |TAMS 0x00000000fe300000| PB 0x00000000fe400000| Untracked 
| 996|0x00000000fe400000, 0x00000000fe4fff58, 0x00000000fe500000| 99%| O|  |TAMS 0x00000000fe400000| PB 0x00000000fe4fff58| Untracked 
| 997|0x00000000fe500000, 0x00000000fe5ffff8, 0x00000000fe600000| 99%| O|  |TAMS 0x00000000fe500000| PB 0x00000000fe5ffff8| Untracked 
| 998|0x00000000fe600000, 0x00000000fe6fffa8, 0x00000000fe700000| 99%| O|  |TAMS 0x00000000fe600000| PB 0x00000000fe6fffa8| Untracked 
| 999|0x00000000fe700000, 0x00000000fe800000, 0x00000000fe800000|100%| O|  |TAMS 0x00000000fe700000| PB 0x00000000fe800000| Untracked 
|1000|0x00000000fe800000, 0x00000000fe8fffd0, 0x00000000fe900000| 99%| O|  |TAMS 0x00000000fe800000| PB 0x00000000fe8fffd0| Untracked 
|1001|0x00000000fe900000, 0x00000000fe9ffff0, 0x00000000fea00000| 99%| O|  |TAMS 0x00000000fe900000| PB 0x00000000fe9ffff0| Untracked 
|1002|0x00000000fea00000, 0x00000000feb00000, 0x00000000feb00000|100%| O|  |TAMS 0x00000000fea00000| PB 0x00000000feb00000| Untracked 
|1003|0x00000000feb00000, 0x00000000febfffd8, 0x00000000fec00000| 99%| O|  |TAMS 0x00000000feb00000| PB 0x00000000febfffd8| Untracked 
|1004|0x00000000fec00000, 0x00000000fecfffe8, 0x00000000fed00000| 99%| O|  |TAMS 0x00000000fec00000| PB 0x00000000fecfffe8| Untracked 
|1005|0x00000000fed00000, 0x00000000fedffff0, 0x00000000fee00000| 99%| O|  |TAMS 0x00000000fed00000| PB 0x00000000fedffff0| Untracked 
|1006|0x00000000fee00000, 0x00000000feefffa8, 0x00000000fef00000| 99%| O|  |TAMS 0x00000000fee00000| PB 0x00000000feefffa8| Untracked 
|1007|0x00000000fef00000, 0x00000000feffff70, 0x00000000ff000000| 99%| O|  |TAMS 0x00000000fef00000| PB 0x00000000feffff70| Untracked 
|1008|0x00000000ff000000, 0x00000000ff0ffff0, 0x00000000ff100000| 99%| O|  |TAMS 0x00000000ff000000| PB 0x00000000ff0ffff0| Untracked 
|1009|0x00000000ff100000, 0x00000000ff1fff58, 0x00000000ff200000| 99%| O|  |TAMS 0x00000000ff100000| PB 0x00000000ff1fff58| Untracked 
|1010|0x00000000ff200000, 0x00000000ff300000, 0x00000000ff300000|100%| O|  |TAMS 0x00000000ff200000| PB 0x00000000ff300000| Untracked 
|1011|0x00000000ff300000, 0x00000000ff3fffb8, 0x00000000ff400000| 99%| O|  |TAMS 0x00000000ff300000| PB 0x00000000ff3fffb8| Untracked 
|1012|0x00000000ff400000, 0x00000000ff4fff90, 0x00000000ff500000| 99%| O|  |TAMS 0x00000000ff400000| PB 0x00000000ff4fff90| Untracked 
|1013|0x00000000ff500000, 0x00000000ff600000, 0x00000000ff600000|100%| O|  |TAMS 0x00000000ff500000| PB 0x00000000ff600000| Untracked 
|1014|0x00000000ff600000, 0x00000000ff700000, 0x00000000ff700000|100%| O|  |TAMS 0x00000000ff600000| PB 0x00000000ff700000| Untracked 
|1015|0x00000000ff700000, 0x00000000ff7fff98, 0x00000000ff800000| 99%| O|  |TAMS 0x00000000ff700000| PB 0x00000000ff7fff98| Untracked 
|1016|0x00000000ff800000, 0x00000000ff8fffb8, 0x00000000ff900000| 99%| O|  |TAMS 0x00000000ff800000| PB 0x00000000ff8fffb8| Untracked 
|1017|0x00000000ff900000, 0x00000000ff9fffe8, 0x00000000ffa00000| 99%| O|  |TAMS 0x00000000ff900000| PB 0x00000000ff9fffe8| Untracked 
|1018|0x00000000ffa00000, 0x00000000ffafffc8, 0x00000000ffb00000| 99%| O|  |TAMS 0x00000000ffa00000| PB 0x00000000ffafffc8| Untracked 
|1019|0x00000000ffb00000, 0x00000000ffbfff50, 0x00000000ffc00000| 99%| O|  |TAMS 0x00000000ffb00000| PB 0x00000000ffbfff50| Untracked 
|1020|0x00000000ffc00000, 0x00000000ffd00000, 0x00000000ffd00000|100%| O|  |TAMS 0x00000000ffc00000| PB 0x00000000ffd00000| Untracked 
|1021|0x00000000ffd00000, 0x00000000ffdfffa0, 0x00000000ffe00000| 99%| O|  |TAMS 0x00000000ffd00000| PB 0x00000000ffdfffa0| Untracked 
|1022|0x00000000ffe00000, 0x00000000ffeffff0, 0x00000000fff00000| 99%| O|  |TAMS 0x00000000ffe00000| PB 0x00000000ffeffff0| Untracked 
|1023|0x00000000fff00000, 0x0000000100000000, 0x0000000100000000|100%| O|  |TAMS 0x00000000fff00000| PB 0x0000000100000000| Untracked 

Card table byte_map: [0x000002a8a1ff0000,0x000002a8a21f0000] _byte_map_base: 0x000002a8a19f0000

Marking Bits: (CMBitMap*) 0x000002a88a105290
 Bits: [0x000002a8a21f0000, 0x000002a8a31f0000)

Polling page: 0x000002a888030000

Metaspace:

Usage:
  Non-class:     67.61 MB used.
      Class:      9.89 MB used.
       Both:     77.50 MB used.

Virtual space:
  Non-class space:      128.00 MB reserved,      69.12 MB ( 54%) committed,  2 nodes.
      Class space:        1.00 GB reserved,      10.94 MB (  1%) committed,  1 nodes.
             Both:        1.12 GB reserved,      80.06 MB (  7%) committed. 

Chunk freelists:
   Non-Class:  11.48 MB
       Class:  5.60 MB
        Both:  17.08 MB

MaxMetaspaceSize: unlimited
CompressedClassSpaceSize: 1.00 GB
Initial GC threshold: 21.00 MB
Current GC threshold: 133.88 MB
CDS: on
 - commit_granule_bytes: 65536.
 - commit_granule_words: 8192.
 - virtual_space_node_default_size: 8388608.
 - enlarge_chunks_in_place: 1.
 - use_allocation_guard: 0.


Internal statistics:

num_allocs_failed_limit: 18.
num_arena_births: 11204.
num_arena_deaths: 9608.
num_vsnodes_births: 3.
num_vsnodes_deaths: 0.
num_space_committed: 1290.
num_space_uncommitted: 8.
num_chunks_returned_to_freelist: 12897.
num_chunks_taken_from_freelist: 19010.
num_chunk_merges: 4056.
num_chunk_splits: 9052.
num_chunks_enlarged: 4296.
num_inconsistent_stats: 0.

CodeHeap 'non-profiled nmethods': size=119168Kb used=3215Kb max_used=14544Kb free=115952Kb
 bounds [0x000002a89a110000, 0x000002a89af50000, 0x000002a8a1570000]
CodeHeap 'profiled nmethods': size=119104Kb used=1521Kb max_used=24346Kb free=117582Kb
 bounds [0x000002a892570000, 0x000002a893da0000, 0x000002a8999c0000]
CodeHeap 'non-nmethods': size=7488Kb used=2073Kb max_used=3869Kb free=5414Kb
 bounds [0x000002a8999c0000, 0x000002a899da0000, 0x000002a89a110000]
 total_blobs=2553 nmethods=1749 adapters=706
 compilation: enabled
              stopped_count=0, restarted_count=0
 full_count=0

Compilation events (20 events):
Event: 32269.547 Thread 0x000002a8f2fe07a0 51058       3       org.gradle.execution.plan.DefaultPlanExecutor$ExecutorState::healthCheck (217 bytes)
Event: 32269.548 Thread 0x000002a8f2fe07a0 nmethod 51058 0x000002a892e07e90 code [0x000002a892e08280, 0x000002a892e09b40]
Event: 32359.569 Thread 0x000002a8a64ef740 51060       3       org.gradle.internal.resources.DefaultResourceLockCoordinationService$ReleaseLocks::apply (9 bytes)
Event: 32359.569 Thread 0x000002a8a64ef740 nmethod 51060 0x000002a89304af90 code [0x000002a89304b140, 0x000002a89304b390]
Event: 32569.624 Thread 0x000002a8a64cb790 51061       4       jdk.internal.misc.Unsafe::weakCompareAndSetReference (11 bytes)
Event: 32569.625 Thread 0x000002a8a64cb790 nmethod 51061 0x000002a89a709290 code [0x000002a89a709420, 0x000002a89a709580]
Event: 32690.082 Thread 0x000002a8a64ef740 51062       3       org.gradle.internal.work.DefaultWorkerLeaseService::allLockedByCurrentThread (25 bytes)
Event: 32690.082 Thread 0x000002a8a64ef740 nmethod 51062 0x000002a8935eb810 code [0x000002a8935eba80, 0x000002a8935ec5f8]
Event: 32870.153 Thread 0x000002a8a64cb790 51063       4       java.util.concurrent.atomic.AtomicBoolean::get (13 bytes)
Event: 32870.153 Thread 0x000002a8a64cb790 nmethod 51063 0x000002a89a7b4290 code [0x000002a89a7b4420, 0x000002a89a7b44b8]
Event: 33020.200 Thread 0x000002a8a64cb790 51064       4       java.time.Instant::create (49 bytes)
Event: 33020.201 Thread 0x000002a8a64cb790 nmethod 51064 0x000002a89ab53d90 code [0x000002a89ab53f20, 0x000002a89ab540a0]
Event: 33047.436 Thread 0x000002a8a64cb790 51065 % !   4       java.util.concurrent.ThreadPoolExecutor::runWorker @ 21 (187 bytes)
Event: 33047.471 Thread 0x000002a8a64cb790 nmethod 51065% 0x000002a89ac26390 code [0x000002a89ac26940, 0x000002a89ac29138]
Event: 33050.207 Thread 0x000002a8a64cb790 51066       4       java.util.concurrent.locks.AbstractQueuedSynchronizer::casTail (13 bytes)
Event: 33050.208 Thread 0x000002a8a64cb790 nmethod 51066 0x000002a89ae46a10 code [0x000002a89ae46ba0, 0x000002a89ae46d10]
Event: 33050.208 Thread 0x000002a8a64cb790 51067       4       java.lang.Math::addExact (32 bytes)
Event: 33050.208 Thread 0x000002a8a64cb790 nmethod 51067 0x000002a89a204310 code [0x000002a89a2044a0, 0x000002a89a204540]
Event: 33200.251 Thread 0x000002a8a64ef740 51068       3       org.gradle.execution.plan.DefaultFinalizedExecutionPlan::resourceUnlocked (23 bytes)
Event: 33200.251 Thread 0x000002a8a64ef740 nmethod 51068 0x000002a89309b590 code [0x000002a89309b760, 0x000002a89309bb28]

GC Heap History (20 events):
Event: 33194.080 GC heap after
{Heap after GC invocations=470 (full 139):
 garbage-first heap   total 1048576K, used 1047369K [0x00000000c0000000, 0x0000000100000000)
  region size 1024K, 0 young (0K), 0 survivors (0K)
 Metaspace       used 79358K, committed 81984K, reserved 1179648K
  class space    used 10130K, committed 11200K, reserved 1048576K
}
Event: 33256.446 GC heap before
{Heap before GC invocations=470 (full 139):
 garbage-first heap   total 1048576K, used 1048393K [0x00000000c0000000, 0x0000000100000000)
  region size 1024K, 1 young (1024K), 0 survivors (0K)
 Metaspace       used 79358K, committed 81984K, reserved 1179648K
  class space    used 10130K, committed 11200K, reserved 1048576K
}
Event: 33256.447 GC heap after
{Heap after GC invocations=471 (full 139):
 garbage-first heap   total 1048576K, used 1048393K [0x00000000c0000000, 0x0000000100000000)
  region size 1024K, 0 young (0K), 0 survivors (0K)
 Metaspace       used 79358K, committed 81984K, reserved 1179648K
  class space    used 10130K, committed 11200K, reserved 1048576K
}
Event: 33256.447 GC heap before
{Heap before GC invocations=471 (full 139):
 garbage-first heap   total 1048576K, used 1048393K [0x00000000c0000000, 0x0000000100000000)
  region size 1024K, 0 young (0K), 0 survivors (0K)
 Metaspace       used 79358K, committed 81984K, reserved 1179648K
  class space    used 10130K, committed 11200K, reserved 1048576K
}
Event: 33257.062 GC heap after
{Heap after GC invocations=472 (full 140):
 garbage-first heap   total 1048576K, used 1047369K [0x00000000c0000000, 0x0000000100000000)
  region size 1024K, 0 young (0K), 0 survivors (0K)
 Metaspace       used 79358K, committed 81984K, reserved 1179648K
  class space    used 10130K, committed 11200K, reserved 1048576K
}
Event: 33319.446 GC heap before
{Heap before GC invocations=472 (full 140):
 garbage-first heap   total 1048576K, used 1048393K [0x00000000c0000000, 0x0000000100000000)
  region size 1024K, 1 young (1024K), 0 survivors (0K)
 Metaspace       used 79358K, committed 81984K, reserved 1179648K
  class space    used 10130K, committed 11200K, reserved 1048576K
}
Event: 33319.448 GC heap after
{Heap after GC invocations=473 (full 140):
 garbage-first heap   total 1048576K, used 1048393K [0x00000000c0000000, 0x0000000100000000)
  region size 1024K, 0 young (0K), 0 survivors (0K)
 Metaspace       used 79358K, committed 81984K, reserved 1179648K
  class space    used 10130K, committed 11200K, reserved 1048576K
}
Event: 33319.448 GC heap before
{Heap before GC invocations=473 (full 140):
 garbage-first heap   total 1048576K, used 1048393K [0x00000000c0000000, 0x0000000100000000)
  region size 1024K, 0 young (0K), 0 survivors (0K)
 Metaspace       used 79358K, committed 81984K, reserved 1179648K
  class space    used 10130K, committed 11200K, reserved 1048576K
}
Event: 33320.062 GC heap after
{Heap after GC invocations=474 (full 141):
 garbage-first heap   total 1048576K, used 1047368K [0x00000000c0000000, 0x0000000100000000)
  region size 1024K, 0 young (0K), 0 survivors (0K)
 Metaspace       used 79358K, committed 81984K, reserved 1179648K
  class space    used 10130K, committed 11200K, reserved 1048576K
}
Event: 33381.436 GC heap before
{Heap before GC invocations=474 (full 141):
 garbage-first heap   total 1048576K, used 1048392K [0x00000000c0000000, 0x0000000100000000)
  region size 1024K, 1 young (1024K), 0 survivors (0K)
 Metaspace       used 79358K, committed 81984K, reserved 1179648K
  class space    used 10130K, committed 11200K, reserved 1048576K
}
Event: 33381.438 GC heap after
{Heap after GC invocations=475 (full 141):
 garbage-first heap   total 1048576K, used 1048392K [0x00000000c0000000, 0x0000000100000000)
  region size 1024K, 0 young (0K), 0 survivors (0K)
 Metaspace       used 79358K, committed 81984K, reserved 1179648K
  class space    used 10130K, committed 11200K, reserved 1048576K
}
Event: 33381.438 GC heap before
{Heap before GC invocations=475 (full 141):
 garbage-first heap   total 1048576K, used 1048392K [0x00000000c0000000, 0x0000000100000000)
  region size 1024K, 0 young (0K), 0 survivors (0K)
 Metaspace       used 79358K, committed 81984K, reserved 1179648K
  class space    used 10130K, committed 11200K, reserved 1048576K
}
Event: 33382.067 GC heap after
{Heap after GC invocations=476 (full 142):
 garbage-first heap   total 1048576K, used 1047369K [0x00000000c0000000, 0x0000000100000000)
  region size 1024K, 0 young (0K), 0 survivors (0K)
 Metaspace       used 79358K, committed 81984K, reserved 1179648K
  class space    used 10130K, committed 11200K, reserved 1048576K
}
Event: 33444.438 GC heap before
{Heap before GC invocations=476 (full 142):
 garbage-first heap   total 1048576K, used 1048393K [0x00000000c0000000, 0x0000000100000000)
  region size 1024K, 1 young (1024K), 0 survivors (0K)
 Metaspace       used 79358K, committed 81984K, reserved 1179648K
  class space    used 10130K, committed 11200K, reserved 1048576K
}
Event: 33444.440 GC heap after
{Heap after GC invocations=477 (full 142):
 garbage-first heap   total 1048576K, used 1048393K [0x00000000c0000000, 0x0000000100000000)
  region size 1024K, 0 young (0K), 0 survivors (0K)
 Metaspace       used 79358K, committed 81984K, reserved 1179648K
  class space    used 10130K, committed 11200K, reserved 1048576K
}
Event: 33444.440 GC heap before
{Heap before GC invocations=477 (full 142):
 garbage-first heap   total 1048576K, used 1048393K [0x00000000c0000000, 0x0000000100000000)
  region size 1024K, 0 young (0K), 0 survivors (0K)
 Metaspace       used 79358K, committed 81984K, reserved 1179648K
  class space    used 10130K, committed 11200K, reserved 1048576K
}
Event: 33445.083 GC heap after
{Heap after GC invocations=478 (full 143):
 garbage-first heap   total 1048576K, used 1047369K [0x00000000c0000000, 0x0000000100000000)
  region size 1024K, 0 young (0K), 0 survivors (0K)
 Metaspace       used 79358K, committed 81984K, reserved 1179648K
  class space    used 10130K, committed 11200K, reserved 1048576K
}
Event: 33507.439 GC heap before
{Heap before GC invocations=478 (full 143):
 garbage-first heap   total 1048576K, used 1048393K [0x00000000c0000000, 0x0000000100000000)
  region size 1024K, 1 young (1024K), 0 survivors (0K)
 Metaspace       used 79358K, committed 81984K, reserved 1179648K
  class space    used 10130K, committed 11200K, reserved 1048576K
}
Event: 33507.440 GC heap after
{Heap after GC invocations=479 (full 143):
 garbage-first heap   total 1048576K, used 1048393K [0x00000000c0000000, 0x0000000100000000)
  region size 1024K, 0 young (0K), 0 survivors (0K)
 Metaspace       used 79358K, committed 81984K, reserved 1179648K
  class space    used 10130K, committed 11200K, reserved 1048576K
}
Event: 33507.440 GC heap before
{Heap before GC invocations=479 (full 143):
 garbage-first heap   total 1048576K, used 1048393K [0x00000000c0000000, 0x0000000100000000)
  region size 1024K, 0 young (0K), 0 survivors (0K)
 Metaspace       used 79358K, committed 81984K, reserved 1179648K
  class space    used 10130K, committed 11200K, reserved 1048576K
}

Dll operation events (15 events):
Event: 0.008 Loaded shared library C:\Program Files\Java\jdk-21.0.10\bin\java.dll
Event: 0.031 Loaded shared library C:\Program Files\Java\jdk-21.0.10\bin\jsvml.dll
Event: 0.059 Loaded shared library C:\Program Files\Java\jdk-21.0.10\bin\zip.dll
Event: 0.061 Loaded shared library C:\Program Files\Java\jdk-21.0.10\bin\instrument.dll
Event: 0.065 Loaded shared library C:\Program Files\Java\jdk-21.0.10\bin\net.dll
Event: 0.066 Loaded shared library C:\Program Files\Java\jdk-21.0.10\bin\nio.dll
Event: 0.068 Loaded shared library C:\Program Files\Java\jdk-21.0.10\bin\zip.dll
Event: 0.286 Loaded shared library C:\Program Files\Java\jdk-21.0.10\bin\jimage.dll
Event: 0.509 Loaded shared library C:\Program Files\Java\jdk-21.0.10\bin\verify.dll
Event: 0.538 Loaded shared library C:\Users\Travis\.gradle\native\660c5614fbf4a5f2a75b1949f50a0caf5cd603558e7d8a26e50b933a0cfb79d1\windows-amd64\native-platform.dll
Event: 0.546 Loaded shared library C:\Users\Travis\.gradle\native\0.2.8\x86_64-windows-gnu\gradle-fileevents.dll
Event: 1.404 Loaded shared library C:\Program Files\Java\jdk-21.0.10\bin\management.dll
Event: 1.406 Loaded shared library C:\Program Files\Java\jdk-21.0.10\bin\management_ext.dll
Event: 1.503 Loaded shared library C:\Program Files\Java\jdk-21.0.10\bin\extnet.dll
Event: 1.631 Loaded shared library C:\Program Files\Java\jdk-21.0.10\bin\sunmscapi.dll

Deoptimization events (20 events):
Event: 30102.903 Thread 0x000002a8efe23640 Uncommon trap: trap_request=0xffffffc6 fr.pc=0x000002a89a2de88c relative=0x000000000000666c
Event: 30102.903 Thread 0x000002a8efe23640 Uncommon trap: reason=bimorphic_or_optimized_type_check action=maybe_recompile pc=0x000002a89a2de88c method=java.io.ObjectOutputStream.writeNonProxyDesc(Ljava/io/ObjectStreamClass;Z)V @ 44 c2
Event: 30102.903 Thread 0x000002a8efe23640 DEOPT PACKING pc=0x000002a89a2de88c sp=0x000000e7422fe6e0
Event: 30102.903 Thread 0x000002a8efe23640 DEOPT UNPACKING pc=0x000002a899a146a2 sp=0x000000e7422fe688 mode 2
Event: 30102.904 Thread 0x000002a8efe23640 Uncommon trap: trap_request=0xffffffc6 fr.pc=0x000002a89a2de88c relative=0x000000000000666c
Event: 30102.904 Thread 0x000002a8efe23640 Uncommon trap: reason=bimorphic_or_optimized_type_check action=maybe_recompile pc=0x000002a89a2de88c method=java.io.ObjectOutputStream.writeNonProxyDesc(Ljava/io/ObjectStreamClass;Z)V @ 44 c2
Event: 30102.904 Thread 0x000002a8efe23640 DEOPT PACKING pc=0x000002a89a2de88c sp=0x000000e7422fe5f0
Event: 30102.904 Thread 0x000002a8efe23640 DEOPT UNPACKING pc=0x000002a899a146a2 sp=0x000000e7422fe598 mode 2
Event: 30102.905 Thread 0x000002a8efe23640 Uncommon trap: trap_request=0xffffffde fr.pc=0x000002a89a6acbc8 relative=0x0000000000004f68
Event: 30102.905 Thread 0x000002a8efe23640 Uncommon trap: reason=class_check action=maybe_recompile pc=0x000002a89a6acbc8 method=java.io.ObjectOutputStream.writeObject0(Ljava/lang/Object;Z)V @ 240 c2
Event: 30102.905 Thread 0x000002a8efe23640 DEOPT PACKING pc=0x000002a89a6acbc8 sp=0x000000e7422fe500
Event: 30102.905 Thread 0x000002a8efe23640 DEOPT UNPACKING pc=0x000002a899a146a2 sp=0x000000e7422fe548 mode 2
Event: 30102.905 Thread 0x000002a8efe23640 Uncommon trap: trap_request=0xffffffde fr.pc=0x000002a89a6acbc8 relative=0x0000000000004f68
Event: 30102.905 Thread 0x000002a8efe23640 Uncommon trap: reason=class_check action=maybe_recompile pc=0x000002a89a6acbc8 method=java.io.ObjectOutputStream.writeObject0(Ljava/lang/Object;Z)V @ 240 c2
Event: 30102.905 Thread 0x000002a8efe23640 DEOPT PACKING pc=0x000002a89a6acbc8 sp=0x000000e7422fe500
Event: 30102.905 Thread 0x000002a8efe23640 DEOPT UNPACKING pc=0x000002a899a146a2 sp=0x000000e7422fe548 mode 2
Event: 30102.905 Thread 0x000002a8efe23640 Uncommon trap: trap_request=0xffffffc6 fr.pc=0x000002a89a1cd850 relative=0x0000000000007d50
Event: 30102.905 Thread 0x000002a8efe23640 Uncommon trap: reason=bimorphic_or_optimized_type_check action=maybe_recompile pc=0x000002a89a1cd850 method=java.io.ObjectOutputStream.writeNonProxyDesc(Ljava/io/ObjectStreamClass;Z)V @ 44 c2
Event: 30102.905 Thread 0x000002a8efe23640 DEOPT PACKING pc=0x000002a89a1cd850 sp=0x000000e7422fe2b0
Event: 30102.905 Thread 0x000002a8efe23640 DEOPT UNPACKING pc=0x000002a899a146a2 sp=0x000000e7422fe200 mode 2

Classes loaded (20 events):
Event: 14482.071 Loading class java/io/WriterCustomizer
Event: 14482.071 Loading class java/io/WriterCustomizer done
Event: 14482.071 Loading class java/io/WriterCustomizer
Event: 14482.071 Loading class java/io/WriterCustomizer done
Event: 14482.072 Loading class java/io/PrintWriterCustomizer
Event: 14482.072 Loading class java/io/PrintWriterCustomizer done
Event: 14482.073 Loading class java/io/PrintWriterCustomizer
Event: 14482.073 Loading class java/io/PrintWriterCustomizer done
Event: 14482.512 Loading class java/util/Currency
Event: 14482.512 Loading class java/util/Currency done
Event: 14482.652 Loading class java/io/SequenceInputStream
Event: 14482.652 Loading class java/io/SequenceInputStream done
Event: 14482.658 Loading class java/net/URLDecoder
Event: 14482.658 Loading class java/net/URLDecoder done
Event: 14482.745 Loading class java/util/zip/GZIPInputStream$1
Event: 14482.746 Loading class java/util/zip/GZIPInputStream$1 done
Event: 14482.946 Loading class java/util/stream/SortedOps$RefSortingSink
Event: 14482.946 Loading class java/util/stream/SortedOps$RefSortingSink done
Event: 30102.887 Loading class java/lang/Throwable$WrappedPrintWriter
Event: 30102.887 Loading class java/lang/Throwable$WrappedPrintWriter done

Classes unloaded (20 events):
Event: 30129.989 Thread 0x000002a8a64825f0 Unloading class 0x000002a8a879bc00 'jdk/internal/reflect/GeneratedSerializationConstructorAccessor610'
Event: 30129.989 Thread 0x000002a8a64825f0 Unloading class 0x000002a8a8273400 'jdk/internal/reflect/GeneratedSerializationConstructorAccessor609'
Event: 30129.989 Thread 0x000002a8a64825f0 Unloading class 0x000002a8a82c2400 'jdk/internal/reflect/GeneratedSerializationConstructorAccessor608'
Event: 30129.989 Thread 0x000002a8a64825f0 Unloading class 0x000002a8a85ddc00 'jdk/internal/reflect/GeneratedSerializationConstructorAccessor607'
Event: 30129.989 Thread 0x000002a8a64825f0 Unloading class 0x000002a8a8ae2400 'jdk/internal/reflect/GeneratedSerializationConstructorAccessor606'
Event: 30129.989 Thread 0x000002a8a64825f0 Unloading class 0x000002a8a8ae1800 'jdk/internal/reflect/GeneratedSerializationConstructorAccessor605'
Event: 30129.989 Thread 0x000002a8a64825f0 Unloading class 0x000002a8a8abc800 'jdk/internal/reflect/GeneratedSerializationConstructorAccessor604'
Event: 30129.989 Thread 0x000002a8a64825f0 Unloading class 0x000002a8a85e0000 'jdk/internal/reflect/GeneratedSerializationConstructorAccessor603'
Event: 30129.989 Thread 0x000002a8a64825f0 Unloading class 0x000002a8a85f0000 'jdk/internal/reflect/GeneratedSerializationConstructorAccessor602'
Event: 30129.989 Thread 0x000002a8a64825f0 Unloading class 0x000002a8a863e400 'jdk/internal/reflect/GeneratedSerializationConstructorAccessor601'
Event: 30129.989 Thread 0x000002a8a64825f0 Unloading class 0x000002a8a86ca000 'jdk/internal/reflect/GeneratedSerializationConstructorAccessor600'
Event: 30129.989 Thread 0x000002a8a64825f0 Unloading class 0x000002a8a83a1400 'jdk/internal/reflect/GeneratedSerializationConstructorAccessor599'
Event: 30129.989 Thread 0x000002a8a64825f0 Unloading class 0x000002a8a8aa1400 'jdk/internal/reflect/GeneratedSerializationConstructorAccessor598'
Event: 30129.989 Thread 0x000002a8a64825f0 Unloading class 0x000002a8a8abd400 'java/lang/invoke/LambdaForm$MH+0x000002a8a8abd400'
Event: 30129.989 Thread 0x000002a8a64825f0 Unloading class 0x000002a8a8ae4800 'jdk/internal/reflect/GeneratedSerializationConstructorAccessor596'
Event: 30129.989 Thread 0x000002a8a64825f0 Unloading class 0x000002a8a8ae5400 'jdk/internal/reflect/GeneratedSerializationConstructorAccessor595'
Event: 30129.989 Thread 0x000002a8a64825f0 Unloading class 0x000002a8a8ae5c00 'jdk/internal/reflect/GeneratedSerializationConstructorAccessor594'
Event: 30129.989 Thread 0x000002a8a64825f0 Unloading class 0x000002a8a8ae6400 'jdk/internal/reflect/GeneratedSerializationConstructorAccessor593'
Event: 30129.989 Thread 0x000002a8a64825f0 Unloading class 0x000002a8a8af6800 'jdk/internal/reflect/GeneratedSerializationConstructorAccessor592'
Event: 30129.989 Thread 0x000002a8a64825f0 Unloading class 0x000002a8a8af7c00 'jdk/internal/reflect/GeneratedSerializationConstructorAccessor591'

Classes redefined (0 events):
No events

Internal exceptions (20 events):
Event: 23627.825 Thread 0x000002a8eed741c0 Exception <a 'sun/nio/fs/WindowsException'{0x00000000ffd91aa0}> (0x00000000ffd91aa0) 
thrown [s\open\src\hotspot\share\prims\jni.cpp, line 520]
Event: 23627.837 Thread 0x000002a8eed741c0 Exception <a 'sun/nio/fs/WindowsException'{0x00000000ff84f6d8}> (0x00000000ff84f6d8) 
thrown [s\open\src\hotspot\share\prims\jni.cpp, line 520]
Event: 23627.840 Thread 0x000002a8eed741c0 Exception <a 'sun/nio/fs/WindowsException'{0x00000000ff8f29c0}> (0x00000000ff8f29c0) 
thrown [s\open\src\hotspot\share\prims\jni.cpp, line 520]
Event: 23627.843 Thread 0x000002a8eed741c0 Exception <a 'sun/nio/fs/WindowsException'{0x00000000cf69bd68}> (0x00000000cf69bd68) 
thrown [s\open\src\hotspot\share\prims\jni.cpp, line 520]
Event: 23627.843 Thread 0x000002a8eed741c0 Exception <a 'sun/nio/fs/WindowsException'{0x00000000cf6c24c8}> (0x00000000cf6c24c8) 
thrown [s\open\src\hotspot\share\prims\jni.cpp, line 520]
Event: 23627.844 Thread 0x000002a8eed741c0 Exception <a 'sun/nio/fs/WindowsException'{0x00000000cf6e97a8}> (0x00000000cf6e97a8) 
thrown [s\open\src\hotspot\share\prims\jni.cpp, line 520]
Event: 23627.846 Thread 0x000002a8eed741c0 Exception <a 'sun/nio/fs/WindowsException'{0x00000000cf578c18}> (0x00000000cf578c18) 
thrown [s\open\src\hotspot\share\prims\jni.cpp, line 520]
Event: 23627.856 Thread 0x000002a8eed741c0 Exception <a 'sun/nio/fs/WindowsException'{0x00000000cf3e1ea0}> (0x00000000cf3e1ea0) 
thrown [s\open\src\hotspot\share\prims\jni.cpp, line 520]
Event: 23627.861 Thread 0x000002a8eed741c0 Exception <a 'sun/nio/fs/WindowsException'{0x00000000cf153070}> (0x00000000cf153070) 
thrown [s\open\src\hotspot\share\prims\jni.cpp, line 520]
Event: 23627.864 Thread 0x000002a8eed741c0 Exception <a 'sun/nio/fs/WindowsException'{0x00000000cf1c6720}> (0x00000000cf1c6720) 
thrown [s\open\src\hotspot\share\prims\jni.cpp, line 520]
Event: 23628.003 Thread 0x000002a8f5600aa0 Exception <a 'sun/nio/fs/WindowsException'{0x00000000ce0667b0}> (0x00000000ce0667b0) 
thrown [s\open\src\hotspot\share\prims\jni.cpp, line 520]
Event: 30094.222 Thread 0x000002a8f3e18ae0 Exception <a 'java/lang/OutOfMemoryError'{0x00000000c088b6c8}> (0x00000000c088b6c8) 
thrown [s\open\src\hotspot\share\gc\shared\memAllocator.cpp, line 136]
Event: 30098.237 Thread 0x000002a8eed74850 Exception <a 'java/lang/OutOfMemoryError'{0x00000000c088b9a0}> (0x00000000c088b9a0) 
thrown [s\open\src\hotspot\share\gc\shared\memAllocator.cpp, line 136]
Event: 30100.926 Thread 0x000002a8a64b00a0 Exception <a 'java/lang/OutOfMemoryError'{0x00000000c088bc78}> (0x00000000c088bc78) 
thrown [s\open\src\hotspot\share\gc\shared\memAllocator.cpp, line 136]
Event: 30100.926 Thread 0x000002a8eed74850 Implicit null exception at 0x000002a89a58b966 to 0x000002a89a58ca9c
Event: 30102.903 Thread 0x000002a8efe23640 Exception <a 'java/lang/NoSuchMethodError'{0x00000000fff927f0}: static Lorg/gradle/internal/event/ListenerNotificationException;.<clinit>()V> (0x00000000fff927f0) 
thrown [s\open\src\hotspot\share\prims\jni.cpp, line 1111]
Event: 30102.903 Thread 0x000002a8efe23640 Exception <a 'java/lang/NoSuchMethodError'{0x00000000fff95438}: static Lorg/gradle/internal/exceptions/DefaultMultiCauseException;.<clinit>()V> (0x00000000fff95438) 
thrown [s\open\src\hotspot\share\prims\jni.cpp, line 1111]
Event: 30102.903 Thread 0x000002a8efe23640 Exception <a 'java/lang/NoSuchMethodError'{0x00000000fff9a948}: static Lorg/gradle/api/GradleException;.<clinit>()V> (0x00000000fff9a948) 
thrown [s\open\src\hotspot\share\prims\jni.cpp, line 1111]
Event: 30102.905 Thread 0x000002a8efe23640 Exception <a 'java/lang/NoSuchMethodError'{0x00000000fffb7f88}: static [Ljava/lang/StackTraceElement;.<clinit>()V> (0x00000000fffb7f88) 
thrown [s\open\src\hotspot\share\prims\jni.cpp, line 1111]
Event: 30104.932 Thread 0x000002a8efe23640 Exception <a 'java/lang/NoSuchMethodError'{0x00000000fff6fb40}: static [B.<clinit>()V> (0x00000000fff6fb40) 
thrown [s\open\src\hotspot\share\prims\jni.cpp, line 1111]

ZGC Phase Switch (0 events):
No events

VM Operations (20 events):
Event: 32881.059 Executing VM operation: G1CollectForAllocation (G1 Evacuation Pause) done
Event: 32943.435 Executing VM operation: G1CollectForAllocation (G1 Evacuation Pause)
Event: 32944.076 Executing VM operation: G1CollectForAllocation (G1 Evacuation Pause) done
Event: 33005.438 Executing VM operation: G1CollectForAllocation (G1 Evacuation Pause)
Event: 33006.086 Executing VM operation: G1CollectForAllocation (G1 Evacuation Pause) done
Event: 33068.441 Executing VM operation: G1CollectForAllocation (G1 Evacuation Pause)
Event: 33069.062 Executing VM operation: G1CollectForAllocation (G1 Evacuation Pause) done
Event: 33131.440 Executing VM operation: G1CollectForAllocation (G1 Evacuation Pause)
Event: 33132.070 Executing VM operation: G1CollectForAllocation (G1 Evacuation Pause) done
Event: 33193.445 Executing VM operation: G1CollectForAllocation (G1 Evacuation Pause)
Event: 33194.080 Executing VM operation: G1CollectForAllocation (G1 Evacuation Pause) done
Event: 33256.446 Executing VM operation: G1CollectForAllocation (G1 Evacuation Pause)
Event: 33257.062 Executing VM operation: G1CollectForAllocation (G1 Evacuation Pause) done
Event: 33319.446 Executing VM operation: G1CollectForAllocation (G1 Evacuation Pause)
Event: 33320.062 Executing VM operation: G1CollectForAllocation (G1 Evacuation Pause) done
Event: 33381.436 Executing VM operation: G1CollectForAllocation (G1 Evacuation Pause)
Event: 33382.067 Executing VM operation: G1CollectForAllocation (G1 Evacuation Pause) done
Event: 33444.438 Executing VM operation: G1CollectForAllocation (G1 Evacuation Pause)
Event: 33445.083 Executing VM operation: G1CollectForAllocation (G1 Evacuation Pause) done
Event: 33507.439 Executing VM operation: G1CollectForAllocation (G1 Evacuation Pause)

Events (20 events):
Event: 30191.990 Thread 0x000002a8a64825f0 flushing nmethod 0x000002a8930da290
Event: 30199.073 Thread 0x000002a8ec403bb0 Thread added: 0x000002a8ec403bb0
Event: 30204.440 Thread 0x000002a8ec403bb0 Thread exited: 0x000002a8ec403bb0
Event: 30258.458 Thread 0x000002a8ef282860 Thread added: 0x000002a8ef282860
Event: 30258.459 Thread 0x000002a8ef282f30 Thread added: 0x000002a8ef282f30
Event: 30258.459 Thread 0x000002a8ef283600 Thread added: 0x000002a8ef283600
Event: 30258.898 Thread 0x000002a8ef283600 Thread exited: 0x000002a8ef283600
Event: 30258.898 Thread 0x000002a8ef282f30 Thread exited: 0x000002a8ef282f30
Event: 30259.055 Thread 0x000002a8f30ca1a0 Thread added: 0x000002a8f30ca1a0
Event: 30264.198 Thread 0x000002a8f30ca1a0 Thread exited: 0x000002a8f30ca1a0
Event: 30264.229 Thread 0x000002a8ef282860 Thread exited: 0x000002a8ef282860
Event: 30289.103 Thread 0x000002a8f30ca1a0 Thread added: 0x000002a8f30ca1a0
Event: 30294.155 Thread 0x000002a8f30ca1a0 Thread exited: 0x000002a8f30ca1a0
Event: 30349.140 Thread 0x000002a8f089d490 Thread added: 0x000002a8f089d490
Event: 30354.170 Thread 0x000002a8f089d490 Thread exited: 0x000002a8f089d490
Event: 30436.979 Thread 0x000002a8a64825f0 flushing nmethod 0x000002a893ba8690
Event: 30624.971 Thread 0x000002a8a64825f0 flushing nmethod 0x000002a8929a8010
Event: 32269.545 Thread 0x000002a8f2fe07a0 Thread added: 0x000002a8f2fe07a0
Event: 32274.557 Thread 0x000002a8f2fe07a0 Thread exited: 0x000002a8f2fe07a0
Event: 32379.993 Thread 0x000002a8a64825f0 flushing nmethod 0x000002a892e4c410


Dynamic libraries:
0x00007ff74cd30000 - 0x00007ff74cd40000 	C:\Program Files\Java\jdk-21.0.10\bin\java.exe
0x00007ffc6fe60000 - 0x00007ffc700c7000 	C:\WINDOWS\SYSTEM32\ntdll.dll
0x00007ffc6e740000 - 0x00007ffc6e809000 	C:\WINDOWS\System32\KERNEL32.DLL
0x00007ffc6c740000 - 0x00007ffc6cb31000 	C:\WINDOWS\System32\KERNELBASE.dll
0x00007ffc6d0e0000 - 0x00007ffc6d22b000 	C:\WINDOWS\System32\ucrtbase.dll
0x00007ffc2b930000 - 0x00007ffc2b949000 	C:\Program Files\Java\jdk-21.0.10\bin\jli.dll
0x00007ffc2b910000 - 0x00007ffc2b92e000 	C:\Program Files\Java\jdk-21.0.10\bin\VCRUNTIME140.dll
0x00007ffc6e5d0000 - 0x00007ffc6e68b000 	C:\WINDOWS\System32\ADVAPI32.dll
0x00007ffc6df30000 - 0x00007ffc6dfd9000 	C:\WINDOWS\System32\msvcrt.dll
0x00007ffc6e690000 - 0x00007ffc6e737000 	C:\WINDOWS\System32\sechost.dll
0x00007ffc6e8b0000 - 0x00007ffc6e9c8000 	C:\WINDOWS\System32\RPCRT4.dll
0x00007ffc6dd60000 - 0x00007ffc6df25000 	C:\WINDOWS\System32\USER32.dll
0x00007ffc6cd00000 - 0x00007ffc6cd27000 	C:\WINDOWS\System32\win32u.dll
0x00007ffc53470000 - 0x00007ffc53703000 	C:\WINDOWS\WinSxS\amd64_microsoft.windows.common-controls_6595b64144ccf1df_6.0.26100.7922_none_3e089e1ee3342171\COMCTL32.dll
0x00007ffc6f5e0000 - 0x00007ffc6f60b000 	C:\WINDOWS\System32\GDI32.dll
0x00007ffc6cbd0000 - 0x00007ffc6ccfa000 	C:\WINDOWS\System32\gdi32full.dll
0x00007ffc6daa0000 - 0x00007ffc6db43000 	C:\WINDOWS\System32\msvcp_win.dll
0x00007ffc6b0a0000 - 0x00007ffc6b0ab000 	C:\WINDOWS\SYSTEM32\VERSION.dll
0x00007ffc6f3c0000 - 0x00007ffc6f3f1000 	C:\WINDOWS\System32\IMM32.DLL
0x00007ffc60a30000 - 0x00007ffc60a3c000 	C:\Program Files\Java\jdk-21.0.10\bin\vcruntime140_1.dll
0x00007ffc2b680000 - 0x00007ffc2b70d000 	C:\Program Files\Java\jdk-21.0.10\bin\msvcp140.dll
0x00007ffb55960000 - 0x00007ffb56687000 	C:\Program Files\Java\jdk-21.0.10\bin\server\jvm.dll
0x00007ffc6f130000 - 0x00007ffc6f1a4000 	C:\WINDOWS\System32\WS2_32.dll
0x00007ffc6c3f0000 - 0x00007ffc6c44e000 	C:\WINDOWS\SYSTEM32\POWRPROF.dll
0x00007ffc5fd30000 - 0x00007ffc5fd65000 	C:\WINDOWS\SYSTEM32\WINMM.dll
0x00007ffc6c3d0000 - 0x00007ffc6c3e4000 	C:\WINDOWS\SYSTEM32\UMPDC.dll
0x00007ffc6b490000 - 0x00007ffc6b4ab000 	C:\WINDOWS\SYSTEM32\kernel.appcore.dll
0x00007ffc60370000 - 0x00007ffc6037a000 	C:\Program Files\Java\jdk-21.0.10\bin\jimage.dll
0x00007ffc6a3e0000 - 0x00007ffc6a622000 	C:\WINDOWS\SYSTEM32\DBGHELP.DLL
0x00007ffc6ead0000 - 0x00007ffc6ee52000 	C:\WINDOWS\System32\combase.dll
0x00007ffc6ee70000 - 0x00007ffc6ef47000 	C:\WINDOWS\System32\OLEAUT32.dll
0x00007ffc49d40000 - 0x00007ffc49d7b000 	C:\WINDOWS\SYSTEM32\dbgcore.DLL
0x00007ffc6db50000 - 0x00007ffc6dbf5000 	C:\WINDOWS\System32\bcryptPrimitives.dll
0x00007ffc5f650000 - 0x00007ffc5f660000 	C:\Program Files\Java\jdk-21.0.10\bin\instrument.dll
0x00007ffc2b8e0000 - 0x00007ffc2b901000 	C:\Program Files\Java\jdk-21.0.10\bin\java.dll
0x00007ffc6f610000 - 0x00007ffc6fd6f000 	C:\WINDOWS\System32\SHELL32.dll
0x00007ffc6cf70000 - 0x00007ffc6d0da000 	C:\WINDOWS\System32\wintypes.dll
0x00007ffc6d230000 - 0x00007ffc6da94000 	C:\WINDOWS\System32\windows.storage.dll
0x00007ffc6f4e0000 - 0x00007ffc6f5d7000 	C:\WINDOWS\System32\SHCORE.dll
0x00007ffc6fd80000 - 0x00007ffc6fde7000 	C:\WINDOWS\System32\shlwapi.dll
0x00007ffc6c660000 - 0x00007ffc6c689000 	C:\WINDOWS\SYSTEM32\profapi.dll
0x00007ffc2b560000 - 0x00007ffc2b637000 	C:\Program Files\Java\jdk-21.0.10\bin\jsvml.dll
0x00007ffc2b8a0000 - 0x00007ffc2b8b8000 	C:\Program Files\Java\jdk-21.0.10\bin\zip.dll
0x00007ffc2b540000 - 0x00007ffc2b551000 	C:\Program Files\Java\jdk-21.0.10\bin\net.dll
0x00007ffc65de0000 - 0x00007ffc65f07000 	C:\WINDOWS\SYSTEM32\WINHTTP.dll
0x00007ffc6b9e0000 - 0x00007ffc6ba4b000 	C:\WINDOWS\system32\mswsock.dll
0x00007ffc2b460000 - 0x00007ffc2b476000 	C:\Program Files\Java\jdk-21.0.10\bin\nio.dll
0x00007ffc58d20000 - 0x00007ffc58d30000 	C:\Program Files\Java\jdk-21.0.10\bin\verify.dll
0x00007ffc196a0000 - 0x00007ffc196c7000 	C:\Users\Travis\.gradle\native\660c5614fbf4a5f2a75b1949f50a0caf5cd603558e7d8a26e50b933a0cfb79d1\windows-amd64\native-platform.dll
0x00007ffc2b250000 - 0x00007ffc2b2c7000 	C:\Users\Travis\.gradle\native\0.2.8\x86_64-windows-gnu\gradle-fileevents.dll
0x00007ffc48960000 - 0x00007ffc4896a000 	C:\Program Files\Java\jdk-21.0.10\bin\management.dll
0x00007ffc41e10000 - 0x00007ffc41e1c000 	C:\Program Files\Java\jdk-21.0.10\bin\management_ext.dll
0x00007ffc6f4d0000 - 0x00007ffc6f4d8000 	C:\WINDOWS\System32\PSAPI.DLL
0x00007ffc6aca0000 - 0x00007ffc6acd3000 	C:\WINDOWS\SYSTEM32\IPHLPAPI.DLL
0x00007ffc6f350000 - 0x00007ffc6f35a000 	C:\WINDOWS\System32\NSI.dll
0x00007ffc38ed0000 - 0x00007ffc38ed9000 	C:\Program Files\Java\jdk-21.0.10\bin\extnet.dll
0x00007ffc6bde0000 - 0x00007ffc6bdfb000 	C:\WINDOWS\SYSTEM32\CRYPTSP.dll
0x00007ffc6b3f0000 - 0x00007ffc6b429000 	C:\WINDOWS\system32\rsaenh.dll
0x00007ffc6ba90000 - 0x00007ffc6bac2000 	C:\WINDOWS\SYSTEM32\USERENV.dll
0x00007ffc6c630000 - 0x00007ffc6c65a000 	C:\WINDOWS\SYSTEM32\bcrypt.dll
0x00007ffc6bc40000 - 0x00007ffc6bc4c000 	C:\WINDOWS\SYSTEM32\CRYPTBASE.dll
0x00007ffc2b670000 - 0x00007ffc2b67e000 	C:\Program Files\Java\jdk-21.0.10\bin\sunmscapi.dll
0x00007ffc6cdf0000 - 0x00007ffc6cf67000 	C:\WINDOWS\System32\CRYPT32.dll
0x00007ffc6bfb0000 - 0x00007ffc6bfe0000 	C:\WINDOWS\SYSTEM32\ncrypt.dll
0x00007ffc6bf60000 - 0x00007ffc6bf9f000 	C:\WINDOWS\SYSTEM32\NTASN1.dll
0x00007ffc0a500000 - 0x00007ffc0a508000 	C:\WINDOWS\system32\wshunix.dll
0x00007ffc6b5b0000 - 0x00007ffc6b5e6000 	C:\WINDOWS\SYSTEM32\ntmarta.dll

dbghelp: loaded successfully - version: 4.0.5 - missing functions: none
symbol engine: initialized successfully - sym options: 0x614 - pdb path: .;C:\Program Files\Java\jdk-21.0.10\bin;C:\WINDOWS\SYSTEM32;C:\WINDOWS\WinSxS\amd64_microsoft.windows.common-controls_6595b64144ccf1df_6.0.26100.7922_none_3e089e1ee3342171;C:\Program Files\Java\jdk-21.0.10\bin\server;C:\Users\Travis\.gradle\native\660c5614fbf4a5f2a75b1949f50a0caf5cd603558e7d8a26e50b933a0cfb79d1\windows-amd64;C:\Users\Travis\.gradle\native\0.2.8\x86_64-windows-gnu

VM Arguments:
jvm_args: --add-opens=java.base/java.lang=ALL-UNNAMED --add-opens=java.base/java.lang.invoke=ALL-UNNAMED --add-opens=java.base/java.util=ALL-UNNAMED --add-opens=java.prefs/java.util.prefs=ALL-UNNAMED --add-exports=jdk.compiler/com.sun.tools.javac.api=ALL-UNNAMED --add-exports=jdk.compiler/com.sun.tools.javac.util=ALL-UNNAMED --add-opens=java.base/java.util=ALL-UNNAMED --add-opens=java.prefs/java.util.prefs=ALL-UNNAMED --add-opens=java.base/java.nio.charset=ALL-UNNAMED --add-opens=java.base/java.net=ALL-UNNAMED --add-opens=java.base/java.util.concurrent=ALL-UNNAMED --add-opens=java.base/java.util.concurrent.atomic=ALL-UNNAMED --add-opens=java.xml/javax.xml.namespace=ALL-UNNAMED --add-opens=java.base/java.time=ALL-UNNAMED -Xmx1G -Dfile.encoding=UTF-8 -Duser.country=US -Duser.language=en -Duser.variant -javaagent:C:\Users\Travis\.gradle\wrapper\dists\gradle-9.2.1-bin\2t0n5ozlw9xmuyvbp7dnzaxug\gradle-9.2.1\lib\agents\gradle-instrumentation-agent-9.2.1.jar 
java_command: org.gradle.launcher.daemon.bootstrap.GradleDaemon 9.2.1
java_class_path (initial): C:\Users\Travis\.gradle\wrapper\dists\gradle-9.2.1-bin\2t0n5ozlw9xmuyvbp7dnzaxug\gradle-9.2.1\lib\gradle-daemon-main-9.2.1.jar
Launcher Type: SUN_STANDARD

[Global flags]
     intx CICompilerCount                          = 12                                        {product} {ergonomic}
     uint ConcGCThreads                            = 3                                         {product} {ergonomic}
     uint G1ConcRefinementThreads                  = 13                                        {product} {ergonomic}
   size_t G1HeapRegionSize                         = 1048576                                   {product} {ergonomic}
    uintx GCDrainStackTargetSize                   = 64                                        {product} {ergonomic}
   size_t InitialHeapSize                          = 1073741824                                {product} {ergonomic}
   size_t MarkStackSize                            = 4194304                                   {product} {ergonomic}
   size_t MaxHeapSize                              = 1073741824                                {product} {command line}
   size_t MaxNewSize                               = 643825664                                 {product} {ergonomic}
   size_t MinHeapDeltaBytes                        = 1048576                                   {product} {ergonomic}
   size_t MinHeapSize                              = 8388608                                   {product} {ergonomic}
    uintx NonNMethodCodeHeapSize                   = 7602480                                {pd product} {ergonomic}
    uintx NonProfiledCodeHeapSize                  = 122027880                              {pd product} {ergonomic}
    uintx ProfiledCodeHeapSize                     = 122027880                              {pd product} {ergonomic}
    uintx ReservedCodeCacheSize                    = 251658240                              {pd product} {ergonomic}
     bool SegmentedCodeCache                       = true                                      {product} {ergonomic}
   size_t SoftMaxHeapSize                          = 1073741824                             {manageable} {ergonomic}
     bool UseCompressedOops                        = true                           {product lp64_product} {ergonomic}
     bool UseG1GC                                  = true                                      {product} {ergonomic}
     bool UseLargePagesIndividualAllocation        = false                                  {pd product} {ergonomic}

Logging:
Log output configuration:
 #0: stdout all=warning uptime,level,tags foldmultilines=false
 #1: stderr all=off uptime,level,tags foldmultilines=false

Environment Variables:
PATH=C:\Program Files\Common Files\Oracle\Java\javapath;C:\Program Files (x86)\Common Files\Oracle\Java\java8path;C:\Program Files (x86)\Common Files\Oracle\Java\javapath;C:\Program Files (x86)\Razer Chroma SDK\bin;C:\Program Files\Razer Chroma SDK\bin;C:\Program Files (x86)\Razer\ChromaBroadcast\bin;C:\Program Files\Razer\ChromaBroadcast\bin;C:\WINDOWS\system32;C:\WINDOWS;C:\WINDOWS\System32\Wbem;C:\WINDOWS\System32\WindowsPowerShell\v1.0\;C:\WINDOWS\System32\OpenSSH\;C:\Program Files (x86)\Intel\Intel(R) Management Engine Components\DAL;C:\Program Files\Intel\Intel(R) Management Engine Components\DAL;C:\WINDOWS\system32\config\systemprofile\AppData\Local\Microsoft\WindowsApps;C:\Program Files (x86)\NVIDIA Corporation\PhysX\Common;;C:\Users\Travis\AppData\Local\Microsoft\WindowsApps;C:\adb;C:\Program Files (x86)\dotnet\;C:\Program Files\PuTTY\;C:\Program Files\dotnet\;C:\Program Files\Microsoft VS Code\bin;C:\WINDOWS\system32;C:\WINDOWS;C:\WINDOWS\System32\Wbem;C:\WINDOWS\System32\WindowsPowerShell\v1.0\;C:\WINDOWS\System32\OpenSSH\;C:\Program Files\NVIDIA Corporation\NVIDIA app\NvDLISR;C:\Program Files\PowerToys\DSCModules\;C:\Program Files\nodejs\;C:\ProgramData\chocolatey\bin;C:\Users\Travis\AppData\Local\Microsoft\WindowsApps;C:\Users\Travis\AppData\Roaming\npm;C:\Users\Travis\.lmstudio\bin;C:\Users\Travis\AppData\Local\Programs\Ollama
USERNAME=Travis
OS=Windows_NT
PROCESSOR_IDENTIFIER=Intel64 Family 6 Model 158 Stepping 12, GenuineIntel
TMP=C:\Users\Travis\AppData\Local\Temp
TEMP=C:\Users\Travis\AppData\Local\Temp




Periodic native trim disabled

---------------  S Y S T E M  ---------------

OS:
 Windows 11 , 64 bit Build 26100 (10.0.26100.7920)
OS uptime: 1 days 17:43 hours
Hyper-V role detected

CPU: total 16 (initial active 16) (8 cores per cpu, 2 threads per core) family 6 model 158 stepping 12 microcode 0xde, cx8, cmov, fxsr, ht, mmx, 3dnowpref, sse, sse2, sse3, ssse3, sse4.1, sse4.2, popcnt, lzcnt, tsc, tscinvbit, avx, avx2, aes, erms, clmul, bmi1, bmi2, rtm, adx, fma, vzeroupper, clflush, clflushopt, hv, rdtscp, f16c
Processor Information for all 16 processors :
  Max Mhz: 3600, Current Mhz: 3600, Mhz Limit: 3600

Memory: 4k page, system-wide physical 65465M (35194M free)
TotalPageFile size 69561M (AvailPageFile size 34714M)
current process WorkingSet (physical memory assigned to process): 1371M, peak: 1417M
current process commit charge ("private bytes"): 1435M, peak: 1462M

vm_info: Java HotSpot(TM) 64-Bit Server VM (21.0.10+8-LTS-217) for windows-amd64 JRE (21.0.10+8-LTS-217), built on 2025-12-18T14:59:28Z by "mach5run" with MS VC++ 17.13 (VS2022)

END.
