#
# A fatal error has been detected by the Java Runtime Environment:
#
#  EXCEPTION_ACCESS_VIOLATION (0xc0000005) at pc=0x00007ff852ddd3f0, pid=58480, tid=89880
#
# JRE version: Java(TM) SE Runtime Environment (21.0.10+8) (build 21.0.10+8-LTS-217)
# Java VM: Java HotSpot(TM) 64-Bit Server VM (21.0.10+8-LTS-217, mixed mode, sharing, tiered, compressed oops, compressed class ptrs, g1 gc, windows-amd64)
# Problematic frame:
# V  [jvm.dll+0x34d3f0]
#
# No core dump will be written. Minidumps are not enabled by default on client versions of Windows
#
# If you would like to submit a bug report, please visit:
#   https://bugreport.java.com/bugreport/crash.jsp
#

---------------  S U M M A R Y ------------

Command Line: --add-opens=java.base/java.lang=ALL-UNNAMED --add-opens=java.base/java.lang.invoke=ALL-UNNAMED --add-opens=java.base/java.util=ALL-UNNAMED --add-opens=java.prefs/java.util.prefs=ALL-UNNAMED --add-exports=jdk.compiler/com.sun.tools.javac.api=ALL-UNNAMED --add-exports=jdk.compiler/com.sun.tools.javac.util=ALL-UNNAMED --add-opens=java.base/java.util=ALL-UNNAMED --add-opens=java.prefs/java.util.prefs=ALL-UNNAMED --add-opens=java.base/java.nio.charset=ALL-UNNAMED --add-opens=java.base/java.net=ALL-UNNAMED --add-opens=java.base/java.util.concurrent=ALL-UNNAMED --add-opens=java.base/java.util.concurrent.atomic=ALL-UNNAMED --add-opens=java.xml/javax.xml.namespace=ALL-UNNAMED --add-opens=java.base/java.time=ALL-UNNAMED -Xmx1G -Dfile.encoding=UTF-8 -Duser.country=US -Duser.language=en -Duser.variant -javaagent:C:\Users\Travis\.gradle\wrapper\dists\gradle-9.2.1-bin\2t0n5ozlw9xmuyvbp7dnzaxug\gradle-9.2.1\lib\agents\gradle-instrumentation-agent-9.2.1.jar org.gradle.launcher.daemon.bootstrap.GradleDaemon 9.2.1

Host: Intel(R) Core(TM) i9-9900K CPU @ 3.60GHz, 16 cores, 63G,  Windows 11 , 64 bit Build 26100 (10.0.26100.7920)
Time: Fri Mar 20 13:22:55 2026 Pacific Daylight Time elapsed time: 6314.532748 seconds (0d 1h 45m 14s)

---------------  T H R E A D  ---------------

Current thread (0x000001fe732e4f40):  WorkerThread "GC Thread#12"   [id=89880, stack(0x00000041c0300000,0x00000041c0400000) (1024K)]

Stack: [0x00000041c0300000,0x00000041c0400000],  sp=0x00000041c03ff530,  free space=1021k
Native frames: (J=compiled Java code, j=interpreted, Vv=VM code, C=native code)
V  [jvm.dll+0x34d3f0]
V  [jvm.dll+0x34cb19]
V  [jvm.dll+0x34c39b]
V  [jvm.dll+0x88d951]
V  [jvm.dll+0x80a83d]
V  [jvm.dll+0x6cf3fd]
C  [ucrtbase.dll+0x37b0]
C  [KERNEL32.DLL+0x2e8d7]
C  [ntdll.dll+0x8c48c]


siginfo: EXCEPTION_ACCESS_VIOLATION (0xc0000005), writing address 0x0000000000000000


Registers:
RAX=0x0000000000000000, RBX=0x00000000ffffffff, RCX=0x0000000000000000, RDX=0x0000000000000000
RSP=0x00000041c03ff530, RBP=0x0000000000000007, RSI=0x00000041be5ff490, RDI=0x000001fe7a1a0f00
R8 =0x000000000000000c, R9 =0x0000000000000000, R10=0x0000000000000010, R11=0x0000000000000060
R12=0x000000000000001a, R13=0x0000000000000038, R14=0x000000000000000b, R15=0x00000041c03ff5a0
RIP=0x00007ff852ddd3f0, EFLAGS=0x0000000000010283


Register to memory mapping:

RAX=0x0 is null
RBX=0x00000000ffffffff points into unknown readable memory: 00
RCX=0x0 is null
RDX=0x0 is null
RSP=0x00000041c03ff530 points into unknown readable memory: 0x000001fe7a1a0f00 | 00 0f 1a 7a fe 01 00 00
RBP=0x0000000000000007 is an unknown value
RSI=0x00000041be5ff490 points into unknown readable memory: 0x00007ff853470478 | 78 04 47 53 f8 7f 00 00
RDI=0x000001fe7a1a0f00 points into unknown readable memory: 0x0000000000000000 | 00 00 00 00 00 00 00 00
R8 =0x000000000000000c is an unknown value
R9 =0x0 is null
R10=0x0000000000000010 is an unknown value
R11=0x0000000000000060 is an unknown value
R12=0x000000000000001a is an unknown value
R13=0x0000000000000038 is an unknown value
R14=0x000000000000000b is an unknown value
R15=0x00000041c03ff5a0 points into unknown readable memory: 0x0000000000000000 | 00 00 00 00 00 00 00 00

Top of Stack: (sp=0x00000041c03ff530)
0x00000041c03ff530:   000001fe7a1a0f00 00000000e9b69074
0x00000041c03ff540:   0000000000000000 0000000000000000
0x00000041c03ff550:   00000041be5ff478 00000041be5feac0
0x00000041c03ff560:   0000000000000000 00000041be5ff490
0x00000041c03ff570:   00000000e9b69058 00007ff852ddcb19
0x00000041c03ff580:   000001fe7a1a0c20 00007ff853659d98
0x00000041c03ff590:   000000000000000c 00000041be5feac0
0x00000041c03ff5a0:   0000000000000000 0000000000000000
0x00000041c03ff5b0:   000001fe7239e058 0000000000000007
0x00000041c03ff5c0:   000001fe7a1a0c20 00000000000003d8
0x00000041c03ff5d0:   000001fe7239dc80 00007ff852ddc39b
0x00000041c03ff5e0:   00000000e9b69058 000001fe7239dc70
0x00000041c03ff5f0:   000001fe7321ae60 00000041be5fe960
0x00000041c03ff600:   000001fe732e4f40 000001fe77cc8d50
0x00000041c03ff610:   0000000eb38ec5be 000014ac837c001d
0x00000041c03ff620:   0000000eb38ec5be 000014ac837c001d
0x00000041c03ff630:   0000000000000000 0000000000000000
0x00000041c03ff640:   00007ff853470988 000001fe7a1a11d0
0x00000041c03ff650:   0000000000000000 0000000000000001
0x00000041c03ff660:   0000000000000000 000001fe72e951c0
0x00000041c03ff670:   0000000000000000 0000000000000000
0x00000041c03ff680:   0000000000000007 00007ff85331d951
0x00000041c03ff690:   000001fe0eaf2be8 000001fe732e4f40
0x00000041c03ff6a0:   000001fe72e95200 0000000000000007
0x00000041c03ff6b0:   000001fe732e4f40 0000000000100000
0x00000041c03ff6c0:   0000000000000000 00007ff85329a83d
0x00000041c03ff6d0:   00000041c0300000 00000000ffffffff
0x00000041c03ff6e0:   0000000000000000 0000000000000000
0x00000041c03ff6f0:   0000000000000004 0000000000001000
0x00000041c03ff700:   0000000400001000 0000000000020000
0x00000041c03ff710:   0000000000000000 00007ff95040ba9b
0x00000041c03ff720:   000001fe732e4f40 0000000000000000 

Instructions: (pc=0x00007ff852ddd3f0)
0x00007ff852ddd2f0:   41 5f 41 5e 5e 5d 5b c3 cc cc cc cc cc cc cc cc
0x00007ff852ddd300:   40 53 48 83 ec 30 8b 44 24 2c 48 8b d9 48 89 54
0x00007ff852ddd310:   24 20 44 89 44 24 28 44 8b 81 60 03 00 00 41 8b
0x00007ff852ddd320:   d0 89 44 24 2c 8b 81 e0 03 00 00 2b d0 81 e2 ff
0x00007ff852ddd330:   ff 01 00 81 fa fe ff 01 00 73 2b 48 8b 83 60 04
0x00007ff852ddd340:   00 00 41 8b c8 0f 28 44 24 20 48 03 c9 0f 11 04
0x00007ff852ddd350:   c8 41 8d 40 01 25 ff ff 01 00 89 83 60 03 00 00
0x00007ff852ddd360:   48 83 c4 30 5b c3 48 8b 91 80 05 00 00 48 3b 91
0x00007ff852ddd370:   68 05 00 00 75 0e 48 81 c1 60 05 00 00 e8 be cb
0x00007ff852ddd380:   f3 ff 33 d2 48 8b 83 98 05 00 00 48 8b ca 0f 28
0x00007ff852ddd390:   44 24 20 48 03 c9 0f 11 04 c8 48 8d 42 01 48 89
0x00007ff852ddd3a0:   83 80 05 00 00 48 83 c4 30 5b c3 cc cc cc cc cc
0x00007ff852ddd3b0:   48 89 5c 24 08 48 89 6c 24 10 48 89 74 24 18 57
0x00007ff852ddd3c0:   41 54 41 55 41 56 41 57 48 83 ec 20 44 8b 61 08
0x00007ff852ddd3d0:   4d 8b f8 8b ea 48 8b f1 41 be 00 00 00 00 45 03
0x00007ff852ddd3e0:   e4 0f 84 90 01 00 00 4c 8d 2c ed 00 00 00 00 90
0x00007ff852ddd3f0:   83 7e 08 02 48 8b 4e 10 4a 8b 3c 29 0f 86 50 01
0x00007ff852ddd400:   00 00 44 8b 87 00 02 00 00 41 83 f8 ff 75 51 8b
0x00007ff852ddd410:   8f 04 02 00 00 66 66 66 0f 1f 84 00 00 00 00 00
0x00007ff852ddd420:   b8 5f 0b 4e 83 f7 e9 03 d1 69 c9 a7 41 00 00 c1
0x00007ff852ddd430:   fa 10 8b c2 c1 e8 1f 03 d0 69 c2 ff ff ff 7f 2b
0x00007ff852ddd440:   c8 85 c9 8d 81 ff ff ff 7f 0f 4e c8 33 d2 8b c1
0x00007ff852ddd450:   89 8f 04 02 00 00 f7 76 08 44 8b c2 3b d5 74 c0
0x00007ff852ddd460:   8b dd 3b dd 74 05 41 3b d8 75 41 8b 8f 04 02 00
0x00007ff852ddd470:   00 b8 5f 0b 4e 83 f7 e9 03 d1 c1 fa 10 8b c2 c1
0x00007ff852ddd480:   e8 1f 03 d0 69 c1 a7 41 00 00 69 ca ff ff ff 7f
0x00007ff852ddd490:   2b c1 85 c0 8d 88 ff ff ff 7f 0f 4e c1 33 d2 89
0x00007ff852ddd4a0:   87 04 02 00 00 f7 76 08 8b da eb b6 41 8b c0 4c
0x00007ff852ddd4b0:   8d 1c c5 00 00 00 00 48 8b 46 10 49 8b 0c 03 8b
0x00007ff852ddd4c0:   81 00 01 00 00 44 8b 89 80 00 00 00 44 2b c8 b8
0x00007ff852ddd4d0:   00 00 00 00 41 81 e1 ff ff 01 00 41 81 f9 ff ff
0x00007ff852ddd4e0:   01 00 44 0f 44 c8 8b c3 4c 8d 14 c5 00 00 00 00 


Stack slot to memory mapping:

stack at sp + 0 slots: 0x000001fe7a1a0f00 points into unknown readable memory: 0x0000000000000000 | 00 00 00 00 00 00 00 00
stack at sp + 1 slots: 0x00000000e9b69074 is pointing into object: org.gradle.internal.operations.notify.BuildOperationNotificationBridge$Progress 
{0x00000000e9b69058} - klass: 'org/gradle/internal/operations/notify/BuildOperationNotificationBridge$Progress'
 - ---- fields (total size 4 words):
 - private final 'id' 'Lorg/gradle/internal/operations/OperationIdentifier;' @12  a 'org/gradle/internal/operations/OperationIdentifier'{0x00000000f6fa12a8} (0xf6fa12a8)
 - private final 'timestamp' 'J' @16  1774036427084 (0x0000019d0ccfa14c)
 - private final 'details' 'Ljava/lang/Object;' @24  a 'org/gradle/internal/logging/events/StyledTextOutputEvent'{0x00000000e9b69078} (0xe9b69078)
stack at sp + 2 slots: 0x0 is null
stack at sp + 3 slots: 0x0 is null
stack at sp + 4 slots: 0x00000041be5ff478 points into unknown readable memory: 0x00007ff853470468 | 68 04 47 53 f8 7f 00 00
stack at sp + 5 slots: 0x00000041be5feac0 points into unknown readable memory: 0x000000000000000d | 0d 00 00 00 00 00 00 00
stack at sp + 6 slots: 0x0 is null
stack at sp + 7 slots: 0x00000041be5ff490 points into unknown readable memory: 0x00007ff853470478 | 78 04 47 53 f8 7f 00 00


---------------  P R O C E S S  ---------------

Threads class SMR info:
_java_thread_list=0x000001fe754d1af0, length=70, elements={
0x000001fe0e547500, 0x000001fe2cc8a100, 0x000001fe2cc8ac60, 0x000001fe2cc9db70,
0x000001fe2cc9e700, 0x000001fe2cc9f290, 0x000001fe2cca00a0, 0x000001fe2cca0e30,
0x000001fe2cca9a10, 0x000001fe7210a6d0, 0x000001fe721ae490, 0x000001fe73f52fc0,
0x000001fe73740800, 0x000001fe741c4190, 0x000001fe7416c080, 0x000001fe7416e7e0,
0x000001fe7416f500, 0x000001fe7416ee70, 0x000001fe75778640, 0x000001fe75779360,
0x000001fe75777920, 0x000001fe7577bac0, 0x000001fe7229b510, 0x000001fe736ef3d0,
0x000001fe736f14a0, 0x000001fe736ee6b0, 0x000001fe7577a710, 0x000001fe7577ada0,
0x000001fe75777fb0, 0x000001fe75778cd0, 0x000001fe757799f0, 0x000001fe75776c00,
0x000001fe7577d500, 0x000001fe7577db90, 0x000001fe7577c7e0, 0x000001fe7577b430,
0x000001fe7577ce70, 0x000001fe7577e220, 0x000001fe72297370, 0x000001fe72298db0,
0x000001fe72295fc0, 0x000001fe72299ad0, 0x000001fe72299440, 0x000001fe72296650,
0x000001fe72298090, 0x000001fe7229a160, 0x000001fe72296ce0, 0x000001fe7229a7f0,
0x000001fe72297a00, 0x000001fe7229bba0, 0x000001fe72298720, 0x000001fe7229c230,
0x000001fe7229d5e0, 0x000001fe7229c8c0, 0x000001fe7229cf50, 0x000001fe736eed40,
0x000001fe736ed990, 0x000001fe736f0780, 0x000001fe736ed300, 0x000001fe736f21c0,
0x000001fe736f00f0, 0x000001fe736f1b30, 0x000001fe736f0e10, 0x000001fe736f2850,
0x000001fe736f2ee0, 0x000001fe736efa60, 0x000001fe736f3570, 0x000001fe736f3c00,
0x000001fe736f4290, 0x000001fe736f4920
}

Java Threads: ( => current thread )
  0x000001fe0e547500 JavaThread "main"                              [_thread_blocked, id=86488, stack(0x00000041bde00000,0x00000041bdf00000) (1024K)]
  0x000001fe2cc8a100 JavaThread "Reference Handler"          daemon [_thread_blocked, id=58224, stack(0x00000041be600000,0x00000041be700000) (1024K)]
  0x000001fe2cc8ac60 JavaThread "Finalizer"                  daemon [_thread_blocked, id=52020, stack(0x00000041be700000,0x00000041be800000) (1024K)]
  0x000001fe2cc9db70 JavaThread "Signal Dispatcher"          daemon [_thread_blocked, id=81508, stack(0x00000041be800000,0x00000041be900000) (1024K)]
  0x000001fe2cc9e700 JavaThread "Attach Listener"            daemon [_thread_blocked, id=16048, stack(0x00000041be900000,0x00000041bea00000) (1024K)]
  0x000001fe2cc9f290 JavaThread "Service Thread"             daemon [_thread_blocked, id=63008, stack(0x00000041bea00000,0x00000041beb00000) (1024K)]
  0x000001fe2cca00a0 JavaThread "Monitor Deflation Thread"   daemon [_thread_blocked, id=44268, stack(0x00000041beb00000,0x00000041bec00000) (1024K)]
  0x000001fe2cca0e30 JavaThread "C2 CompilerThread0"         daemon [_thread_blocked, id=89600, stack(0x00000041bec00000,0x00000041bed00000) (1024K)]
  0x000001fe2cca9a10 JavaThread "C1 CompilerThread0"         daemon [_thread_blocked, id=47056, stack(0x00000041bed00000,0x00000041bee00000) (1024K)]
  0x000001fe7210a6d0 JavaThread "Common-Cleaner"             daemon [_thread_blocked, id=82472, stack(0x00000041bf200000,0x00000041bf300000) (1024K)]
  0x000001fe721ae490 JavaThread "Notification Thread"        daemon [_thread_blocked, id=62716, stack(0x00000041bf300000,0x00000041bf400000) (1024K)]
  0x000001fe73f52fc0 JavaThread "Daemon health stats"               [_thread_blocked, id=42808, stack(0x00000041bf600000,0x00000041bf700000) (1024K)]
  0x000001fe73740800 JavaThread "Incoming local TCP Connector on port 63975"        [_thread_in_native, id=56412, stack(0x00000041bf700000,0x00000041bf800000) (1024K)]
  0x000001fe741c4190 JavaThread "Daemon periodic checks"            [_thread_blocked, id=88292, stack(0x00000041c0400000,0x00000041c0500000) (1024K)]
  0x000001fe7416c080 JavaThread "Daemon worker"                     [_thread_blocked, id=53584, stack(0x00000041c0800000,0x00000041c0900000) (1024K)]
  0x000001fe7416e7e0 JavaThread "Cache worker for journal cache (C:\Users\Travis\.gradle\caches\journal-1)"        [_thread_blocked, id=59704, stack(0x00000041c0c00000,0x00000041c0d00000) (1024K)]
  0x000001fe7416f500 JavaThread "File lock request listener"        [_thread_in_native, id=26580, stack(0x00000041c0d00000,0x00000041c0e00000) (1024K)]
  0x000001fe7416ee70 JavaThread "Cache worker for file hash cache (C:\Users\Travis\.gradle\caches\9.2.1\fileHashes)"        [_thread_blocked, id=46664, stack(0x00000041c0e00000,0x00000041c0f00000) (1024K)]
  0x000001fe75778640 JavaThread "Cache worker for file content cache (C:\Users\Travis\.gradle\caches\9.2.1\fileContent)"        [_thread_blocked, id=72996, stack(0x00000041c1700000,0x00000041c1800000) (1024K)]
  0x000001fe75779360 JavaThread "File watcher server"        daemon [_thread_blocked, id=79960, stack(0x00000041c1800000,0x00000041c1900000) (1024K)]
  0x000001fe75777920 JavaThread "File watcher consumer"      daemon [_thread_blocked, id=84024, stack(0x00000041c1900000,0x00000041c1a00000) (1024K)]
  0x000001fe7577bac0 JavaThread "Memory manager"                    [_thread_blocked, id=47828, stack(0x00000041c1c00000,0x00000041c1d00000) (1024K)]
  0x000001fe7229b510 JavaThread "Cache worker for Java compile cache (C:\Users\Travis\.gradle\caches\9.2.1\javaCompile)"        [_thread_blocked, id=74928, stack(0x00000041c2e00000,0x00000041c2f00000) (1024K)]
  0x000001fe736ef3d0 JavaThread "Exec process"                      [_thread_in_native, id=83096, stack(0x00000041c4000000,0x00000041c4100000) (1024K)]
  0x000001fe736f14a0 JavaThread "Exec process Thread 2"             [_thread_in_native, id=90088, stack(0x00000041c4100000,0x00000041c4200000) (1024K)]
  0x000001fe736ee6b0 JavaThread "Exec process Thread 3"             [_thread_blocked, id=76944, stack(0x00000041c4200000,0x00000041c4300000) (1024K)]
  0x000001fe7577a710 JavaThread "Daemon Thread 3"                   [_thread_blocked, id=56084, stack(0x00000041bdd00000,0x00000041bde00000) (1024K)]
  0x000001fe7577ada0 JavaThread "Handler for socket connection from /127.0.0.1:63975 to /127.0.0.1:61701"        [_thread_in_native, id=68988, stack(0x00000041bee00000,0x00000041bef00000) (1024K)]
  0x000001fe75777fb0 JavaThread "Cancel handler"                    [_thread_blocked, id=42656, stack(0x00000041bef00000,0x00000041bf000000) (1024K)]
  0x000001fe75778cd0 JavaThread "Asynchronous log dispatcher for DefaultDaemonConnection: socket connection from /127.0.0.1:63975 to /127.0.0.1:61701"        [_thread_blocked, id=58720, stack(0x00000041bf000000,0x00000041bf100000) (1024K)]
  0x000001fe757799f0 JavaThread "Stdin handler"                     [_thread_blocked, id=87556, stack(0x00000041bf400000,0x00000041bf500000) (1024K)]
  0x000001fe75776c00 JavaThread "Daemon client event forwarder"        [_thread_blocked, id=88656, stack(0x00000041c0500000,0x00000041c0600000) (1024K)]
  0x000001fe7577d500 JavaThread "Cache worker for file hash cache (D:\Google Drive\Project stuff\MInecraft Mods\EngineerMod\.gradle\9.2.1\fileHashes)"        [_thread_blocked, id=86948, stack(0x00000041c0600000,0x00000041c0700000) (1024K)]
  0x000001fe7577db90 JavaThread "Cache worker for checksums cache (D:\Google Drive\Project stuff\MInecraft Mods\EngineerMod\.gradle\9.2.1\checksums)"        [_thread_blocked, id=76928, stack(0x00000041c0700000,0x00000041c0800000) (1024K)]
  0x000001fe7577c7e0 JavaThread "Cache worker for Build Output Cleanup Cache (D:\Google Drive\Project stuff\MInecraft Mods\EngineerMod\.gradle\buildOutputCleanup)"        [_thread_blocked, id=82128, stack(0x00000041c0900000,0x00000041c0a00000) (1024K)]
  0x000001fe7577b430 JavaThread "Cache worker for cache directory md-supplier (C:\Users\Travis\.gradle\caches\9.2.1\md-supplier)"        [_thread_blocked, id=74356, stack(0x00000041c0a00000,0x00000041c0b00000) (1024K)]
  0x000001fe7577ce70 JavaThread "Cache worker for cache directory md-rule (C:\Users\Travis\.gradle\caches\9.2.1\md-rule)"        [_thread_blocked, id=82296, stack(0x00000041c0b00000,0x00000041c0c00000) (1024K)]
  0x000001fe7577e220 JavaThread "Build operations"                  [_thread_blocked, id=87132, stack(0x00000041c1000000,0x00000041c1100000) (1024K)]
  0x000001fe72297370 JavaThread "included builds"                   [_thread_blocked, id=34388, stack(0x00000041c1500000,0x00000041c1600000) (1024K)]
  0x000001fe72298db0 JavaThread "Execution worker"                  [_thread_blocked, id=74900, stack(0x00000041c1600000,0x00000041c1700000) (1024K)]
  0x000001fe72295fc0 JavaThread "Execution worker Thread 2"         [_thread_blocked, id=36608, stack(0x00000041c1b00000,0x00000041c1c00000) (1024K)]
  0x000001fe72299ad0 JavaThread "Execution worker Thread 3"         [_thread_blocked, id=83344, stack(0x00000041c1d00000,0x00000041c1e00000) (1024K)]
  0x000001fe72299440 JavaThread "Execution worker Thread 4"         [_thread_blocked, id=89256, stack(0x00000041c1e00000,0x00000041c1f00000) (1024K)]
  0x000001fe72296650 JavaThread "Execution worker Thread 5"         [_thread_blocked, id=29132, stack(0x00000041c1f00000,0x00000041c2000000) (1024K)]
  0x000001fe72298090 JavaThread "Execution worker Thread 6"         [_thread_blocked, id=44652, stack(0x00000041c2000000,0x00000041c2100000) (1024K)]
  0x000001fe7229a160 JavaThread "Execution worker Thread 7"         [_thread_blocked, id=77120, stack(0x00000041c2100000,0x00000041c2200000) (1024K)]
  0x000001fe72296ce0 JavaThread "Execution worker Thread 8"         [_thread_blocked, id=70824, stack(0x00000041c2200000,0x00000041c2300000) (1024K)]
  0x000001fe7229a7f0 JavaThread "Cache worker for execution history cache (D:\Google Drive\Project stuff\MInecraft Mods\EngineerMod\.gradle\9.2.1\executionHistory)"        [_thread_blocked, id=89464, stack(0x00000041c2300000,0x00000041c2400000) (1024K)]
  0x000001fe72297a00 JavaThread "Execution worker Thread 9"         [_thread_blocked, id=10856, stack(0x00000041c2400000,0x00000041c2500000) (1024K)]
  0x000001fe7229bba0 JavaThread "Execution worker Thread 10"        [_thread_blocked, id=73808, stack(0x00000041c2500000,0x00000041c2600000) (1024K)]
  0x000001fe72298720 JavaThread "Execution worker Thread 11"        [_thread_blocked, id=88332, stack(0x00000041c2600000,0x00000041c2700000) (1024K)]
  0x000001fe7229c230 JavaThread "Execution worker Thread 12"        [_thread_blocked, id=61520, stack(0x00000041c2700000,0x00000041c2800000) (1024K)]
  0x000001fe7229d5e0 JavaThread "Execution worker Thread 13"        [_thread_blocked, id=25204, stack(0x00000041c2800000,0x00000041c2900000) (1024K)]
  0x000001fe7229c8c0 JavaThread "Execution worker Thread 14"        [_thread_blocked, id=6172, stack(0x00000041c2900000,0x00000041c2a00000) (1024K)]
  0x000001fe7229cf50 JavaThread "Execution worker Thread 15"        [_thread_blocked, id=81524, stack(0x00000041c2a00000,0x00000041c2b00000) (1024K)]
  0x000001fe736eed40 JavaThread "Build operations Thread 2"         [_thread_blocked, id=87988, stack(0x00000041c2c00000,0x00000041c2d00000) (1024K)]
  0x000001fe736ed990 JavaThread "Build operations Thread 3"         [_thread_blocked, id=74724, stack(0x00000041c2d00000,0x00000041c2e00000) (1024K)]
  0x000001fe736f0780 JavaThread "Build operations Thread 4"         [_thread_blocked, id=82108, stack(0x00000041c2f00000,0x00000041c3000000) (1024K)]
  0x000001fe736ed300 JavaThread "Build operations Thread 5"         [_thread_blocked, id=67740, stack(0x00000041c3000000,0x00000041c3100000) (1024K)]
  0x000001fe736f21c0 JavaThread "Build operations Thread 6"         [_thread_blocked, id=75168, stack(0x00000041c3100000,0x00000041c3200000) (1024K)]
  0x000001fe736f00f0 JavaThread "Build operations Thread 7"         [_thread_blocked, id=62904, stack(0x00000041c3200000,0x00000041c3300000) (1024K)]
  0x000001fe736f1b30 JavaThread "Build operations Thread 8"         [_thread_blocked, id=77080, stack(0x00000041c3300000,0x00000041c3400000) (1024K)]
  0x000001fe736f0e10 JavaThread "Build operations Thread 9"         [_thread_blocked, id=16284, stack(0x00000041c3400000,0x00000041c3500000) (1024K)]
  0x000001fe736f2850 JavaThread "Build operations Thread 10"        [_thread_blocked, id=78992, stack(0x00000041c3500000,0x00000041c3600000) (1024K)]
  0x000001fe736f2ee0 JavaThread "Build operations Thread 11"        [_thread_blocked, id=42388, stack(0x00000041c3600000,0x00000041c3700000) (1024K)]
  0x000001fe736efa60 JavaThread "Build operations Thread 12"        [_thread_blocked, id=18656, stack(0x00000041c3700000,0x00000041c3800000) (1024K)]
  0x000001fe736f3570 JavaThread "Build operations Thread 13"        [_thread_blocked, id=89976, stack(0x00000041c3800000,0x00000041c3900000) (1024K)]
  0x000001fe736f3c00 JavaThread "Build operations Thread 14"        [_thread_blocked, id=45484, stack(0x00000041c3900000,0x00000041c3a00000) (1024K)]
  0x000001fe736f4290 JavaThread "Build operations Thread 15"        [_thread_blocked, id=75676, stack(0x00000041c3a00000,0x00000041c3b00000) (1024K)]
  0x000001fe736f4920 JavaThread "Build operations Thread 16"        [_thread_blocked, id=76332, stack(0x00000041c3b00000,0x00000041c3c00000) (1024K)]
Total: 70

Other Threads:
  0x000001fe2cc70b30 VMThread "VM Thread"                           [id=84248, stack(0x00000041be500000,0x00000041be600000) (1024K)]
  0x000001fe2cc633c0 WatcherThread "VM Periodic Task Thread"        [id=88972, stack(0x00000041be400000,0x00000041be500000) (1024K)]
  0x000001fe0eb251e0 WorkerThread "GC Thread#0"                     [id=56608, stack(0x00000041bdf00000,0x00000041be000000) (1024K)]
  0x000001fe733e7380 WorkerThread "GC Thread#1"                     [id=80696, stack(0x00000041bf800000,0x00000041bf900000) (1024K)]
  0x000001fe733e7730 WorkerThread "GC Thread#2"                     [id=26488, stack(0x00000041bf900000,0x00000041bfa00000) (1024K)]
  0x000001fe733e7ae0 WorkerThread "GC Thread#3"                     [id=87436, stack(0x00000041bfa00000,0x00000041bfb00000) (1024K)]
  0x000001fe73349af0 WorkerThread "GC Thread#4"                     [id=89308, stack(0x00000041bfb00000,0x00000041bfc00000) (1024K)]
  0x000001fe73349ea0 WorkerThread "GC Thread#5"                     [id=65200, stack(0x00000041bfc00000,0x00000041bfd00000) (1024K)]
  0x000001fe7334a250 WorkerThread "GC Thread#6"                     [id=83232, stack(0x00000041bfd00000,0x00000041bfe00000) (1024K)]
  0x000001fe7334a600 WorkerThread "GC Thread#7"                     [id=84112, stack(0x00000041bfe00000,0x00000041bff00000) (1024K)]
  0x000001fe73219dc0 WorkerThread "GC Thread#8"                     [id=87424, stack(0x00000041bff00000,0x00000041c0000000) (1024K)]
  0x000001fe7321a170 WorkerThread "GC Thread#9"                     [id=79436, stack(0x00000041c0000000,0x00000041c0100000) (1024K)]
  0x000001fe7321a520 WorkerThread "GC Thread#10"                    [id=7816, stack(0x00000041c0100000,0x00000041c0200000) (1024K)]
  0x000001fe7321b0e0 WorkerThread "GC Thread#11"                    [id=88908, stack(0x00000041c0200000,0x00000041c0300000) (1024K)]
=>0x000001fe732e4f40 WorkerThread "GC Thread#12"                    [id=89880, stack(0x00000041c0300000,0x00000041c0400000) (1024K)]
  0x000001fe0eb2ef60 ConcurrentGCThread "G1 Main Marker"            [id=47396, stack(0x00000041be000000,0x00000041be100000) (1024K)]
  0x000001fe0eb30fd0 WorkerThread "G1 Conc#0"                       [id=43384, stack(0x00000041be100000,0x00000041be200000) (1024K)]
  0x000001fe733b3b30 WorkerThread "G1 Conc#1"                       [id=61040, stack(0x00000041bf500000,0x00000041bf600000) (1024K)]
  0x000001fe733b3ee0 WorkerThread "G1 Conc#2"                       [id=44636, stack(0x00000041c0f00000,0x00000041c1000000) (1024K)]
  0x000001fe2c98b840 ConcurrentGCThread "G1 Refine#0"               [id=77224, stack(0x00000041be200000,0x00000041be300000) (1024K)]
  0x000001fe2c98d080 ConcurrentGCThread "G1 Service"                [id=78976, stack(0x00000041be300000,0x00000041be400000) (1024K)]
Total: 21

Threads with active compile tasks:
Total: 0

VM state: at safepoint (normal execution)

VM Mutex/Monitor currently owned by a thread:  ([mutex/lock_event])
[0x00007ff8536d9f10] Threads_lock - owner thread: 0x000001fe2cc70b30
[0x00007ff8536da010] Heap_lock - owner thread: 0x000001fe736ee6b0

Heap address: 0x00000000c0000000, size: 1024 MB, Compressed Oops mode: 32-bit

CDS archive(s) mapped at: [0x000001fe2d000000-0x000001fe2dc90000-0x000001fe2dc90000), size 13172736, SharedBaseAddress: 0x000001fe2d000000, ArchiveRelocationMode: 1.
Compressed class space mapped at: 0x000001fe2e000000-0x000001fe6e000000, reserved size: 1073741824
Narrow klass base: 0x000001fe2d000000, Narrow klass shift: 0, Narrow klass range: 0x100000000

GC Precious Log:
 CardTable entry size: 512
 Card Set container configuration: InlinePtr #cards 5 size 8 Array Of Cards #cards 12 size 40 Howl #buckets 4 coarsen threshold 1843 Howl Bitmap #cards 512 size 80 coarsen threshold 460 Card regions per heap region 1 cards per card region 2048
 CPUs: 16 total, 16 available
 Memory: 65465M
 Large Page Support: Disabled
 NUMA Support: Disabled
 Compressed Oops: Enabled (32-bit)
 Heap Region Size: 1M
 Heap Min Capacity: 8M
 Heap Initial Capacity: 1G
 Heap Max Capacity: 1G
 Pre-touch: Disabled
 Parallel Workers: 13
 Concurrent Workers: 3
 Concurrent Refinement Workers: 13
 Periodic GC: Disabled

Heap:
 garbage-first heap   total 1048576K, used 1048070K [0x00000000c0000000, 0x0000000100000000)
  region size 1024K, 0 young (0K), 0 survivors (0K)
 Metaspace       used 65683K, committed 70208K, reserved 1114112K
  class space    used 8742K, committed 10496K, reserved 1048576K

Heap Regions: E=young(eden), S=young(survivor), O=old, HS=humongous(starts), HC=humongous(continues), CS=collection set, F=free, TAMS=top-at-mark-start, PB=parsable bottom
|   0|0x00000000c0000000, 0x00000000c0100000, 0x00000000c0100000|100%|HS|  |TAMS 0x00000000c0000000| PB 0x00000000c0100000| Untracked 
|   1|0x00000000c0100000, 0x00000000c0200000, 0x00000000c0200000|100%|HC|  |TAMS 0x00000000c0100000| PB 0x00000000c0200000| Untracked 
|   2|0x00000000c0200000, 0x00000000c0300000, 0x00000000c0300000|100%|HC|  |TAMS 0x00000000c0200000| PB 0x00000000c0300000| Untracked 
|   3|0x00000000c0300000, 0x00000000c0400000, 0x00000000c0400000|100%|HC|  |TAMS 0x00000000c0300000| PB 0x00000000c0400000| Untracked 
|   4|0x00000000c0400000, 0x00000000c04fffd8, 0x00000000c0500000| 99%| O|  |TAMS 0x00000000c0400000| PB 0x00000000c04fffd8| Untracked 
|   5|0x00000000c0500000, 0x00000000c0600000, 0x00000000c0600000|100%|HS|  |TAMS 0x00000000c0500000| PB 0x00000000c0600000| Untracked 
|   6|0x00000000c0600000, 0x00000000c06ffff0, 0x00000000c0700000| 99%| O|  |TAMS 0x00000000c0600000| PB 0x00000000c06ffff0| Untracked 
|   7|0x00000000c0700000, 0x00000000c0800000, 0x00000000c0800000|100%| O|  |TAMS 0x00000000c0700000| PB 0x00000000c0800000| Untracked 
|   8|0x00000000c0800000, 0x00000000c08ffff0, 0x00000000c0900000| 99%| O|  |TAMS 0x00000000c0800000| PB 0x00000000c08ffff0| Untracked 
|   9|0x00000000c0900000, 0x00000000c09fe200, 0x00000000c0a00000| 99%| O|  |TAMS 0x00000000c0900000| PB 0x00000000c09fe200| Untracked 
|  10|0x00000000c0a00000, 0x00000000c0afffb0, 0x00000000c0b00000| 99%| O|  |TAMS 0x00000000c0a00000| PB 0x00000000c0afffb0| Untracked 
|  11|0x00000000c0b00000, 0x00000000c0c00000, 0x00000000c0c00000|100%| O|  |TAMS 0x00000000c0b00000| PB 0x00000000c0c00000| Untracked 
|  12|0x00000000c0c00000, 0x00000000c0d00000, 0x00000000c0d00000|100%| O|  |TAMS 0x00000000c0c00000| PB 0x00000000c0d00000| Untracked 
|  13|0x00000000c0d00000, 0x00000000c0dfffd8, 0x00000000c0e00000| 99%| O|  |TAMS 0x00000000c0d00000| PB 0x00000000c0dfffd8| Untracked 
|  14|0x00000000c0e00000, 0x00000000c0f00000, 0x00000000c0f00000|100%| O|  |TAMS 0x00000000c0e00000| PB 0x00000000c0f00000| Untracked 
|  15|0x00000000c0f00000, 0x00000000c1000000, 0x00000000c1000000|100%| O|  |TAMS 0x00000000c0f00000| PB 0x00000000c1000000| Untracked 
|  16|0x00000000c1000000, 0x00000000c1100000, 0x00000000c1100000|100%| O|  |TAMS 0x00000000c1000000| PB 0x00000000c1100000| Untracked 
|  17|0x00000000c1100000, 0x00000000c11fffd0, 0x00000000c1200000| 99%| O|  |TAMS 0x00000000c1100000| PB 0x00000000c11fffd0| Untracked 
|  18|0x00000000c1200000, 0x00000000c12fef80, 0x00000000c1300000| 99%| O|  |TAMS 0x00000000c1200000| PB 0x00000000c12fef80| Untracked 
|  19|0x00000000c1300000, 0x00000000c13fffc0, 0x00000000c1400000| 99%| O|  |TAMS 0x00000000c1300000| PB 0x00000000c13fffc0| Untracked 
|  20|0x00000000c1400000, 0x00000000c14ffff8, 0x00000000c1500000| 99%| O|  |TAMS 0x00000000c1400000| PB 0x00000000c14ffff8| Untracked 
|  21|0x00000000c1500000, 0x00000000c1600000, 0x00000000c1600000|100%| O|  |TAMS 0x00000000c1500000| PB 0x00000000c1600000| Untracked 
|  22|0x00000000c1600000, 0x00000000c1700000, 0x00000000c1700000|100%| O|  |TAMS 0x00000000c1600000| PB 0x00000000c1700000| Untracked 
|  23|0x00000000c1700000, 0x00000000c1800000, 0x00000000c1800000|100%| O|  |TAMS 0x00000000c1700000| PB 0x00000000c1800000| Untracked 
|  24|0x00000000c1800000, 0x00000000c1900000, 0x00000000c1900000|100%| O|  |TAMS 0x00000000c1800000| PB 0x00000000c1900000| Untracked 
|  25|0x00000000c1900000, 0x00000000c1a00000, 0x00000000c1a00000|100%| O|  |TAMS 0x00000000c1900000| PB 0x00000000c1a00000| Untracked 
|  26|0x00000000c1a00000, 0x00000000c1b00000, 0x00000000c1b00000|100%| O|  |TAMS 0x00000000c1a00000| PB 0x00000000c1b00000| Untracked 
|  27|0x00000000c1b00000, 0x00000000c1c00000, 0x00000000c1c00000|100%|HS|  |TAMS 0x00000000c1b00000| PB 0x00000000c1c00000| Untracked 
|  28|0x00000000c1c00000, 0x00000000c1d00000, 0x00000000c1d00000|100%|HC|  |TAMS 0x00000000c1c00000| PB 0x00000000c1d00000| Untracked 
|  29|0x00000000c1d00000, 0x00000000c1e00000, 0x00000000c1e00000|100%| O|  |TAMS 0x00000000c1d00000| PB 0x00000000c1e00000| Untracked 
|  30|0x00000000c1e00000, 0x00000000c1f00000, 0x00000000c1f00000|100%| O|  |TAMS 0x00000000c1e00000| PB 0x00000000c1f00000| Untracked 
|  31|0x00000000c1f00000, 0x00000000c1fffff0, 0x00000000c2000000| 99%| O|  |TAMS 0x00000000c1f00000| PB 0x00000000c1fffff0| Untracked 
|  32|0x00000000c2000000, 0x00000000c20ffff8, 0x00000000c2100000| 99%| O|  |TAMS 0x00000000c2000000| PB 0x00000000c20ffff8| Untracked 
|  33|0x00000000c2100000, 0x00000000c21ffff8, 0x00000000c2200000| 99%| O|  |TAMS 0x00000000c2100000| PB 0x00000000c21ffff8| Untracked 
|  34|0x00000000c2200000, 0x00000000c22fffe8, 0x00000000c2300000| 99%| O|  |TAMS 0x00000000c2200000| PB 0x00000000c22fffe8| Untracked 
|  35|0x00000000c2300000, 0x00000000c23ffc30, 0x00000000c2400000| 99%| O|  |TAMS 0x00000000c2300000| PB 0x00000000c23ffc30| Untracked 
|  36|0x00000000c2400000, 0x00000000c24fffd0, 0x00000000c2500000| 99%| O|  |TAMS 0x00000000c2400000| PB 0x00000000c24fffd0| Untracked 
|  37|0x00000000c2500000, 0x00000000c25ffba8, 0x00000000c2600000| 99%| O|  |TAMS 0x00000000c2500000| PB 0x00000000c25ffba8| Untracked 
|  38|0x00000000c2600000, 0x00000000c26fffe8, 0x00000000c2700000| 99%| O|  |TAMS 0x00000000c2600000| PB 0x00000000c26fffe8| Untracked 
|  39|0x00000000c2700000, 0x00000000c27ffff8, 0x00000000c2800000| 99%| O|  |TAMS 0x00000000c2700000| PB 0x00000000c27ffff8| Untracked 
|  40|0x00000000c2800000, 0x00000000c2900000, 0x00000000c2900000|100%| O|  |TAMS 0x00000000c2800000| PB 0x00000000c2900000| Untracked 
|  41|0x00000000c2900000, 0x00000000c29fffe8, 0x00000000c2a00000| 99%| O|  |TAMS 0x00000000c2900000| PB 0x00000000c29fffe8| Untracked 
|  42|0x00000000c2a00000, 0x00000000c2b00000, 0x00000000c2b00000|100%| O|  |TAMS 0x00000000c2a00000| PB 0x00000000c2b00000| Untracked 
|  43|0x00000000c2b00000, 0x00000000c2c00000, 0x00000000c2c00000|100%| O|  |TAMS 0x00000000c2b00000| PB 0x00000000c2c00000| Untracked 
|  44|0x00000000c2c00000, 0x00000000c2cffff8, 0x00000000c2d00000| 99%| O|  |TAMS 0x00000000c2c00000| PB 0x00000000c2cffff8| Untracked 
|  45|0x00000000c2d00000, 0x00000000c2e00000, 0x00000000c2e00000|100%| O|  |TAMS 0x00000000c2d00000| PB 0x00000000c2e00000| Untracked 
|  46|0x00000000c2e00000, 0x00000000c2f00000, 0x00000000c2f00000|100%| O|  |TAMS 0x00000000c2e00000| PB 0x00000000c2f00000| Untracked 
|  47|0x00000000c2f00000, 0x00000000c2ffffc8, 0x00000000c3000000| 99%| O|  |TAMS 0x00000000c2f00000| PB 0x00000000c2ffffc8| Untracked 
|  48|0x00000000c3000000, 0x00000000c30fffa8, 0x00000000c3100000| 99%| O|  |TAMS 0x00000000c3000000| PB 0x00000000c30fffa8| Untracked 
|  49|0x00000000c3100000, 0x00000000c31fffe0, 0x00000000c3200000| 99%| O|  |TAMS 0x00000000c3100000| PB 0x00000000c31fffe0| Untracked 
|  50|0x00000000c3200000, 0x00000000c32fffe8, 0x00000000c3300000| 99%| O|  |TAMS 0x00000000c3200000| PB 0x00000000c32fffe8| Untracked 
|  51|0x00000000c3300000, 0x00000000c3400000, 0x00000000c3400000|100%| O|  |TAMS 0x00000000c3300000| PB 0x00000000c3400000| Untracked 
|  52|0x00000000c3400000, 0x00000000c3500000, 0x00000000c3500000|100%| O|  |TAMS 0x00000000c3400000| PB 0x00000000c3500000| Untracked 
|  53|0x00000000c3500000, 0x00000000c35fffe0, 0x00000000c3600000| 99%| O|  |TAMS 0x00000000c3500000| PB 0x00000000c35fffe0| Untracked 
|  54|0x00000000c3600000, 0x00000000c3700000, 0x00000000c3700000|100%| O|  |TAMS 0x00000000c3600000| PB 0x00000000c3700000| Untracked 
|  55|0x00000000c3700000, 0x00000000c3800000, 0x00000000c3800000|100%| O|  |TAMS 0x00000000c3700000| PB 0x00000000c3800000| Untracked 
|  56|0x00000000c3800000, 0x00000000c38ffff0, 0x00000000c3900000| 99%| O|  |TAMS 0x00000000c3800000| PB 0x00000000c38ffff0| Untracked 
|  57|0x00000000c3900000, 0x00000000c3a00000, 0x00000000c3a00000|100%| O|  |TAMS 0x00000000c3900000| PB 0x00000000c3a00000| Untracked 
|  58|0x00000000c3a00000, 0x00000000c3affff0, 0x00000000c3b00000| 99%| O|  |TAMS 0x00000000c3a00000| PB 0x00000000c3affff0| Untracked 
|  59|0x00000000c3b00000, 0x00000000c3c00000, 0x00000000c3c00000|100%| O|  |TAMS 0x00000000c3b00000| PB 0x00000000c3c00000| Untracked 
|  60|0x00000000c3c00000, 0x00000000c3d00000, 0x00000000c3d00000|100%| O|  |TAMS 0x00000000c3c00000| PB 0x00000000c3d00000| Untracked 
|  61|0x00000000c3d00000, 0x00000000c3e00000, 0x00000000c3e00000|100%| O|  |TAMS 0x00000000c3d00000| PB 0x00000000c3e00000| Untracked 
|  62|0x00000000c3e00000, 0x00000000c3f00000, 0x00000000c3f00000|100%| O|  |TAMS 0x00000000c3e00000| PB 0x00000000c3f00000| Untracked 
|  63|0x00000000c3f00000, 0x00000000c3ffffb8, 0x00000000c4000000| 99%| O|  |TAMS 0x00000000c3f00000| PB 0x00000000c3ffffb8| Untracked 
|  64|0x00000000c4000000, 0x00000000c4100000, 0x00000000c4100000|100%| O|  |TAMS 0x00000000c4000000| PB 0x00000000c4100000| Untracked 
|  65|0x00000000c4100000, 0x00000000c4200000, 0x00000000c4200000|100%| O|  |TAMS 0x00000000c4100000| PB 0x00000000c4200000| Untracked 
|  66|0x00000000c4200000, 0x00000000c4300000, 0x00000000c4300000|100%| O|  |TAMS 0x00000000c4200000| PB 0x00000000c4300000| Untracked 
|  67|0x00000000c4300000, 0x00000000c43ffff0, 0x00000000c4400000| 99%| O|  |TAMS 0x00000000c4300000| PB 0x00000000c43ffff0| Untracked 
|  68|0x00000000c4400000, 0x00000000c44fffe8, 0x00000000c4500000| 99%| O|  |TAMS 0x00000000c4400000| PB 0x00000000c44fffe8| Untracked 
|  69|0x00000000c4500000, 0x00000000c4600000, 0x00000000c4600000|100%| O|  |TAMS 0x00000000c4500000| PB 0x00000000c4600000| Untracked 
|  70|0x00000000c4600000, 0x00000000c4700000, 0x00000000c4700000|100%| O|  |TAMS 0x00000000c4600000| PB 0x00000000c4700000| Untracked 
|  71|0x00000000c4700000, 0x00000000c4800000, 0x00000000c4800000|100%| O|  |TAMS 0x00000000c4700000| PB 0x00000000c4800000| Untracked 
|  72|0x00000000c4800000, 0x00000000c4900000, 0x00000000c4900000|100%| O|  |TAMS 0x00000000c4800000| PB 0x00000000c4900000| Untracked 
|  73|0x00000000c4900000, 0x00000000c4a00000, 0x00000000c4a00000|100%| O|  |TAMS 0x00000000c4900000| PB 0x00000000c4a00000| Untracked 
|  74|0x00000000c4a00000, 0x00000000c4b00000, 0x00000000c4b00000|100%| O|  |TAMS 0x00000000c4a00000| PB 0x00000000c4b00000| Untracked 
|  75|0x00000000c4b00000, 0x00000000c4c00000, 0x00000000c4c00000|100%| O|  |TAMS 0x00000000c4b00000| PB 0x00000000c4c00000| Untracked 
|  76|0x00000000c4c00000, 0x00000000c4d00000, 0x00000000c4d00000|100%| O|  |TAMS 0x00000000c4c00000| PB 0x00000000c4d00000| Untracked 
|  77|0x00000000c4d00000, 0x00000000c4e00000, 0x00000000c4e00000|100%| O|  |TAMS 0x00000000c4d00000| PB 0x00000000c4e00000| Untracked 
|  78|0x00000000c4e00000, 0x00000000c4f00000, 0x00000000c4f00000|100%| O|  |TAMS 0x00000000c4e00000| PB 0x00000000c4f00000| Untracked 
|  79|0x00000000c4f00000, 0x00000000c5000000, 0x00000000c5000000|100%| O|  |TAMS 0x00000000c4f00000| PB 0x00000000c5000000| Untracked 
|  80|0x00000000c5000000, 0x00000000c5100000, 0x00000000c5100000|100%| O|  |TAMS 0x00000000c5000000| PB 0x00000000c5100000| Untracked 
|  81|0x00000000c5100000, 0x00000000c5200000, 0x00000000c5200000|100%| O|  |TAMS 0x00000000c5100000| PB 0x00000000c5200000| Untracked 
|  82|0x00000000c5200000, 0x00000000c5300000, 0x00000000c5300000|100%| O|  |TAMS 0x00000000c5200000| PB 0x00000000c5300000| Untracked 
|  83|0x00000000c5300000, 0x00000000c5400000, 0x00000000c5400000|100%| O|  |TAMS 0x00000000c5300000| PB 0x00000000c5400000| Untracked 
|  84|0x00000000c5400000, 0x00000000c5500000, 0x00000000c5500000|100%| O|  |TAMS 0x00000000c5400000| PB 0x00000000c5500000| Untracked 
|  85|0x00000000c5500000, 0x00000000c5600000, 0x00000000c5600000|100%| O|  |TAMS 0x00000000c5500000| PB 0x00000000c5600000| Untracked 
|  86|0x00000000c5600000, 0x00000000c5700000, 0x00000000c5700000|100%| O|  |TAMS 0x00000000c5600000| PB 0x00000000c5700000| Untracked 
|  87|0x00000000c5700000, 0x00000000c5800000, 0x00000000c5800000|100%| O|  |TAMS 0x00000000c5700000| PB 0x00000000c5800000| Untracked 
|  88|0x00000000c5800000, 0x00000000c5900000, 0x00000000c5900000|100%| O|  |TAMS 0x00000000c5800000| PB 0x00000000c5900000| Untracked 
|  89|0x00000000c5900000, 0x00000000c5a00000, 0x00000000c5a00000|100%| O|  |TAMS 0x00000000c5900000| PB 0x00000000c5a00000| Untracked 
|  90|0x00000000c5a00000, 0x00000000c5b00000, 0x00000000c5b00000|100%| O|  |TAMS 0x00000000c5a00000| PB 0x00000000c5b00000| Untracked 
|  91|0x00000000c5b00000, 0x00000000c5c00000, 0x00000000c5c00000|100%| O|  |TAMS 0x00000000c5b00000| PB 0x00000000c5c00000| Untracked 
|  92|0x00000000c5c00000, 0x00000000c5d00000, 0x00000000c5d00000|100%| O|  |TAMS 0x00000000c5c00000| PB 0x00000000c5d00000| Untracked 
|  93|0x00000000c5d00000, 0x00000000c5e00000, 0x00000000c5e00000|100%| O|  |TAMS 0x00000000c5d00000| PB 0x00000000c5e00000| Untracked 
|  94|0x00000000c5e00000, 0x00000000c5f00000, 0x00000000c5f00000|100%| O|  |TAMS 0x00000000c5e00000| PB 0x00000000c5f00000| Untracked 
|  95|0x00000000c5f00000, 0x00000000c6000000, 0x00000000c6000000|100%| O|  |TAMS 0x00000000c5f00000| PB 0x00000000c6000000| Untracked 
|  96|0x00000000c6000000, 0x00000000c6100000, 0x00000000c6100000|100%| O|  |TAMS 0x00000000c6000000| PB 0x00000000c6100000| Untracked 
|  97|0x00000000c6100000, 0x00000000c6200000, 0x00000000c6200000|100%| O|  |TAMS 0x00000000c6100000| PB 0x00000000c6200000| Untracked 
|  98|0x00000000c6200000, 0x00000000c6300000, 0x00000000c6300000|100%| O|  |TAMS 0x00000000c6200000| PB 0x00000000c6300000| Untracked 
|  99|0x00000000c6300000, 0x00000000c6400000, 0x00000000c6400000|100%| O|  |TAMS 0x00000000c6300000| PB 0x00000000c6400000| Untracked 
| 100|0x00000000c6400000, 0x00000000c6500000, 0x00000000c6500000|100%| O|  |TAMS 0x00000000c6400000| PB 0x00000000c6500000| Untracked 
| 101|0x00000000c6500000, 0x00000000c6600000, 0x00000000c6600000|100%| O|  |TAMS 0x00000000c6500000| PB 0x00000000c6600000| Untracked 
| 102|0x00000000c6600000, 0x00000000c6700000, 0x00000000c6700000|100%| O|  |TAMS 0x00000000c6600000| PB 0x00000000c6700000| Untracked 
| 103|0x00000000c6700000, 0x00000000c6800000, 0x00000000c6800000|100%| O|  |TAMS 0x00000000c6700000| PB 0x00000000c6800000| Untracked 
| 104|0x00000000c6800000, 0x00000000c6900000, 0x00000000c6900000|100%| O|  |TAMS 0x00000000c6800000| PB 0x00000000c6900000| Untracked 
| 105|0x00000000c6900000, 0x00000000c6a00000, 0x00000000c6a00000|100%| O|  |TAMS 0x00000000c6900000| PB 0x00000000c6a00000| Untracked 
| 106|0x00000000c6a00000, 0x00000000c6b00000, 0x00000000c6b00000|100%| O|  |TAMS 0x00000000c6a00000| PB 0x00000000c6b00000| Untracked 
| 107|0x00000000c6b00000, 0x00000000c6c00000, 0x00000000c6c00000|100%| O|  |TAMS 0x00000000c6b00000| PB 0x00000000c6c00000| Untracked 
| 108|0x00000000c6c00000, 0x00000000c6cfffc0, 0x00000000c6d00000| 99%| O|  |TAMS 0x00000000c6c00000| PB 0x00000000c6cfffc0| Untracked 
| 109|0x00000000c6d00000, 0x00000000c6dfff58, 0x00000000c6e00000| 99%| O|  |TAMS 0x00000000c6d00000| PB 0x00000000c6dfff58| Untracked 
| 110|0x00000000c6e00000, 0x00000000c6f00000, 0x00000000c6f00000|100%| O|  |TAMS 0x00000000c6e00000| PB 0x00000000c6f00000| Untracked 
| 111|0x00000000c6f00000, 0x00000000c7000000, 0x00000000c7000000|100%| O|  |TAMS 0x00000000c6f00000| PB 0x00000000c7000000| Untracked 
| 112|0x00000000c7000000, 0x00000000c7100000, 0x00000000c7100000|100%| O|  |TAMS 0x00000000c7000000| PB 0x00000000c7100000| Untracked 
| 113|0x00000000c7100000, 0x00000000c7200000, 0x00000000c7200000|100%| O|  |TAMS 0x00000000c7100000| PB 0x00000000c7200000| Untracked 
| 114|0x00000000c7200000, 0x00000000c7300000, 0x00000000c7300000|100%| O|  |TAMS 0x00000000c7200000| PB 0x00000000c7300000| Untracked 
| 115|0x00000000c7300000, 0x00000000c7400000, 0x00000000c7400000|100%| O|  |TAMS 0x00000000c7300000| PB 0x00000000c7400000| Untracked 
| 116|0x00000000c7400000, 0x00000000c7500000, 0x00000000c7500000|100%| O|  |TAMS 0x00000000c7400000| PB 0x00000000c7500000| Untracked 
| 117|0x00000000c7500000, 0x00000000c7600000, 0x00000000c7600000|100%| O|  |TAMS 0x00000000c7500000| PB 0x00000000c7600000| Untracked 
| 118|0x00000000c7600000, 0x00000000c7700000, 0x00000000c7700000|100%| O|  |TAMS 0x00000000c7600000| PB 0x00000000c7700000| Untracked 
| 119|0x00000000c7700000, 0x00000000c7800000, 0x00000000c7800000|100%| O|  |TAMS 0x00000000c7700000| PB 0x00000000c7800000| Untracked 
| 120|0x00000000c7800000, 0x00000000c7900000, 0x00000000c7900000|100%| O|  |TAMS 0x00000000c7800000| PB 0x00000000c7900000| Untracked 
| 121|0x00000000c7900000, 0x00000000c7a00000, 0x00000000c7a00000|100%| O|  |TAMS 0x00000000c7900000| PB 0x00000000c7a00000| Untracked 
| 122|0x00000000c7a00000, 0x00000000c7b00000, 0x00000000c7b00000|100%| O|  |TAMS 0x00000000c7a00000| PB 0x00000000c7b00000| Untracked 
| 123|0x00000000c7b00000, 0x00000000c7c00000, 0x00000000c7c00000|100%| O|  |TAMS 0x00000000c7b00000| PB 0x00000000c7c00000| Untracked 
| 124|0x00000000c7c00000, 0x00000000c7d00000, 0x00000000c7d00000|100%| O|  |TAMS 0x00000000c7c00000| PB 0x00000000c7d00000| Untracked 
| 125|0x00000000c7d00000, 0x00000000c7dfffc8, 0x00000000c7e00000| 99%| O|  |TAMS 0x00000000c7d00000| PB 0x00000000c7dfffc8| Untracked 
| 126|0x00000000c7e00000, 0x00000000c7efff48, 0x00000000c7f00000| 99%| O|  |TAMS 0x00000000c7e00000| PB 0x00000000c7efff48| Untracked 
| 127|0x00000000c7f00000, 0x00000000c8000000, 0x00000000c8000000|100%| O|  |TAMS 0x00000000c7f00000| PB 0x00000000c8000000| Untracked 
| 128|0x00000000c8000000, 0x00000000c8100000, 0x00000000c8100000|100%| O|  |TAMS 0x00000000c8000000| PB 0x00000000c8100000| Untracked 
| 129|0x00000000c8100000, 0x00000000c8200000, 0x00000000c8200000|100%| O|  |TAMS 0x00000000c8100000| PB 0x00000000c8200000| Untracked 
| 130|0x00000000c8200000, 0x00000000c82fffc8, 0x00000000c8300000| 99%| O|  |TAMS 0x00000000c8200000| PB 0x00000000c82fffc8| Untracked 
| 131|0x00000000c8300000, 0x00000000c8400000, 0x00000000c8400000|100%| O|  |TAMS 0x00000000c8300000| PB 0x00000000c8400000| Untracked 
| 132|0x00000000c8400000, 0x00000000c8500000, 0x00000000c8500000|100%| O|  |TAMS 0x00000000c8400000| PB 0x00000000c8500000| Untracked 
| 133|0x00000000c8500000, 0x00000000c8600000, 0x00000000c8600000|100%| O|  |TAMS 0x00000000c8500000| PB 0x00000000c8600000| Untracked 
| 134|0x00000000c8600000, 0x00000000c8700000, 0x00000000c8700000|100%| O|  |TAMS 0x00000000c8600000| PB 0x00000000c8700000| Untracked 
| 135|0x00000000c8700000, 0x00000000c8800000, 0x00000000c8800000|100%| O|  |TAMS 0x00000000c8700000| PB 0x00000000c8800000| Untracked 
| 136|0x00000000c8800000, 0x00000000c8900000, 0x00000000c8900000|100%| O|  |TAMS 0x00000000c8800000| PB 0x00000000c8900000| Untracked 
| 137|0x00000000c8900000, 0x00000000c8a00000, 0x00000000c8a00000|100%| O|  |TAMS 0x00000000c8900000| PB 0x00000000c8a00000| Untracked 
| 138|0x00000000c8a00000, 0x00000000c8b00000, 0x00000000c8b00000|100%| O|  |TAMS 0x00000000c8a00000| PB 0x00000000c8b00000| Untracked 
| 139|0x00000000c8b00000, 0x00000000c8bfff70, 0x00000000c8c00000| 99%| O|  |TAMS 0x00000000c8b00000| PB 0x00000000c8bfff70| Untracked 
| 140|0x00000000c8c00000, 0x00000000c8d00000, 0x00000000c8d00000|100%| O|  |TAMS 0x00000000c8c00000| PB 0x00000000c8d00000| Untracked 
| 141|0x00000000c8d00000, 0x00000000c8e00000, 0x00000000c8e00000|100%| O|  |TAMS 0x00000000c8d00000| PB 0x00000000c8e00000| Untracked 
| 142|0x00000000c8e00000, 0x00000000c8efffb8, 0x00000000c8f00000| 99%| O|  |TAMS 0x00000000c8e00000| PB 0x00000000c8efffb8| Untracked 
| 143|0x00000000c8f00000, 0x00000000c9000000, 0x00000000c9000000|100%| O|  |TAMS 0x00000000c8f00000| PB 0x00000000c9000000| Untracked 
| 144|0x00000000c9000000, 0x00000000c90fff90, 0x00000000c9100000| 99%| O|  |TAMS 0x00000000c9000000| PB 0x00000000c90fff90| Untracked 
| 145|0x00000000c9100000, 0x00000000c9200000, 0x00000000c9200000|100%| O|  |TAMS 0x00000000c9100000| PB 0x00000000c9200000| Untracked 
| 146|0x00000000c9200000, 0x00000000c9300000, 0x00000000c9300000|100%| O|  |TAMS 0x00000000c9200000| PB 0x00000000c9300000| Untracked 
| 147|0x00000000c9300000, 0x00000000c9400000, 0x00000000c9400000|100%| O|  |TAMS 0x00000000c9300000| PB 0x00000000c9400000| Untracked 
| 148|0x00000000c9400000, 0x00000000c9500000, 0x00000000c9500000|100%| O|  |TAMS 0x00000000c9400000| PB 0x00000000c9500000| Untracked 
| 149|0x00000000c9500000, 0x00000000c9600000, 0x00000000c9600000|100%| O|  |TAMS 0x00000000c9500000| PB 0x00000000c9600000| Untracked 
| 150|0x00000000c9600000, 0x00000000c9700000, 0x00000000c9700000|100%| O|  |TAMS 0x00000000c9600000| PB 0x00000000c9700000| Untracked 
| 151|0x00000000c9700000, 0x00000000c9800000, 0x00000000c9800000|100%| O|  |TAMS 0x00000000c9700000| PB 0x00000000c9800000| Untracked 
| 152|0x00000000c9800000, 0x00000000c9900000, 0x00000000c9900000|100%| O|  |TAMS 0x00000000c9800000| PB 0x00000000c9900000| Untracked 
| 153|0x00000000c9900000, 0x00000000c9a00000, 0x00000000c9a00000|100%| O|  |TAMS 0x00000000c9900000| PB 0x00000000c9a00000| Untracked 
| 154|0x00000000c9a00000, 0x00000000c9b00000, 0x00000000c9b00000|100%| O|  |TAMS 0x00000000c9a00000| PB 0x00000000c9b00000| Untracked 
| 155|0x00000000c9b00000, 0x00000000c9bfff98, 0x00000000c9c00000| 99%| O|  |TAMS 0x00000000c9b00000| PB 0x00000000c9bfff98| Untracked 
| 156|0x00000000c9c00000, 0x00000000c9cffff0, 0x00000000c9d00000| 99%| O|  |TAMS 0x00000000c9c00000| PB 0x00000000c9cffff0| Untracked 
| 157|0x00000000c9d00000, 0x00000000c9e00000, 0x00000000c9e00000|100%| O|  |TAMS 0x00000000c9d00000| PB 0x00000000c9e00000| Untracked 
| 158|0x00000000c9e00000, 0x00000000c9f00000, 0x00000000c9f00000|100%| O|  |TAMS 0x00000000c9e00000| PB 0x00000000c9f00000| Untracked 
| 159|0x00000000c9f00000, 0x00000000ca000000, 0x00000000ca000000|100%| O|  |TAMS 0x00000000c9f00000| PB 0x00000000ca000000| Untracked 
| 160|0x00000000ca000000, 0x00000000ca100000, 0x00000000ca100000|100%| O|  |TAMS 0x00000000ca000000| PB 0x00000000ca100000| Untracked 
| 161|0x00000000ca100000, 0x00000000ca200000, 0x00000000ca200000|100%| O|  |TAMS 0x00000000ca100000| PB 0x00000000ca200000| Untracked 
| 162|0x00000000ca200000, 0x00000000ca300000, 0x00000000ca300000|100%| O|  |TAMS 0x00000000ca200000| PB 0x00000000ca300000| Untracked 
| 163|0x00000000ca300000, 0x00000000ca400000, 0x00000000ca400000|100%| O|  |TAMS 0x00000000ca300000| PB 0x00000000ca400000| Untracked 
| 164|0x00000000ca400000, 0x00000000ca500000, 0x00000000ca500000|100%| O|  |TAMS 0x00000000ca400000| PB 0x00000000ca500000| Untracked 
| 165|0x00000000ca500000, 0x00000000ca600000, 0x00000000ca600000|100%| O|  |TAMS 0x00000000ca500000| PB 0x00000000ca600000| Untracked 
| 166|0x00000000ca600000, 0x00000000ca700000, 0x00000000ca700000|100%| O|  |TAMS 0x00000000ca600000| PB 0x00000000ca700000| Untracked 
| 167|0x00000000ca700000, 0x00000000ca800000, 0x00000000ca800000|100%| O|  |TAMS 0x00000000ca700000| PB 0x00000000ca800000| Untracked 
| 168|0x00000000ca800000, 0x00000000ca900000, 0x00000000ca900000|100%| O|  |TAMS 0x00000000ca800000| PB 0x00000000ca900000| Untracked 
| 169|0x00000000ca900000, 0x00000000ca9ffff0, 0x00000000caa00000| 99%| O|  |TAMS 0x00000000ca900000| PB 0x00000000ca9ffff0| Untracked 
| 170|0x00000000caa00000, 0x00000000cab00000, 0x00000000cab00000|100%| O|  |TAMS 0x00000000caa00000| PB 0x00000000cab00000| Untracked 
| 171|0x00000000cab00000, 0x00000000cabffff8, 0x00000000cac00000| 99%| O|  |TAMS 0x00000000cab00000| PB 0x00000000cabffff8| Untracked 
| 172|0x00000000cac00000, 0x00000000cad00000, 0x00000000cad00000|100%| O|  |TAMS 0x00000000cac00000| PB 0x00000000cad00000| Untracked 
| 173|0x00000000cad00000, 0x00000000cae00000, 0x00000000cae00000|100%| O|  |TAMS 0x00000000cad00000| PB 0x00000000cae00000| Untracked 
| 174|0x00000000cae00000, 0x00000000caf00000, 0x00000000caf00000|100%| O|  |TAMS 0x00000000cae00000| PB 0x00000000caf00000| Untracked 
| 175|0x00000000caf00000, 0x00000000cb000000, 0x00000000cb000000|100%| O|  |TAMS 0x00000000caf00000| PB 0x00000000cb000000| Untracked 
| 176|0x00000000cb000000, 0x00000000cb100000, 0x00000000cb100000|100%| O|  |TAMS 0x00000000cb000000| PB 0x00000000cb100000| Untracked 
| 177|0x00000000cb100000, 0x00000000cb200000, 0x00000000cb200000|100%| O|  |TAMS 0x00000000cb100000| PB 0x00000000cb200000| Untracked 
| 178|0x00000000cb200000, 0x00000000cb300000, 0x00000000cb300000|100%| O|  |TAMS 0x00000000cb200000| PB 0x00000000cb300000| Untracked 
| 179|0x00000000cb300000, 0x00000000cb400000, 0x00000000cb400000|100%| O|  |TAMS 0x00000000cb300000| PB 0x00000000cb400000| Untracked 
| 180|0x00000000cb400000, 0x00000000cb500000, 0x00000000cb500000|100%| O|  |TAMS 0x00000000cb400000| PB 0x00000000cb500000| Untracked 
| 181|0x00000000cb500000, 0x00000000cb600000, 0x00000000cb600000|100%| O|  |TAMS 0x00000000cb500000| PB 0x00000000cb600000| Untracked 
| 182|0x00000000cb600000, 0x00000000cb700000, 0x00000000cb700000|100%| O|  |TAMS 0x00000000cb600000| PB 0x00000000cb700000| Untracked 
| 183|0x00000000cb700000, 0x00000000cb7fffd8, 0x00000000cb800000| 99%| O|  |TAMS 0x00000000cb700000| PB 0x00000000cb7fffd8| Untracked 
| 184|0x00000000cb800000, 0x00000000cb900000, 0x00000000cb900000|100%| O|  |TAMS 0x00000000cb800000| PB 0x00000000cb900000| Untracked 
| 185|0x00000000cb900000, 0x00000000cba00000, 0x00000000cba00000|100%| O|  |TAMS 0x00000000cb900000| PB 0x00000000cba00000| Untracked 
| 186|0x00000000cba00000, 0x00000000cbb00000, 0x00000000cbb00000|100%| O|  |TAMS 0x00000000cba00000| PB 0x00000000cbb00000| Untracked 
| 187|0x00000000cbb00000, 0x00000000cbc00000, 0x00000000cbc00000|100%| O|  |TAMS 0x00000000cbb00000| PB 0x00000000cbc00000| Untracked 
| 188|0x00000000cbc00000, 0x00000000cbd00000, 0x00000000cbd00000|100%| O|  |TAMS 0x00000000cbc00000| PB 0x00000000cbd00000| Untracked 
| 189|0x00000000cbd00000, 0x00000000cbe00000, 0x00000000cbe00000|100%| O|  |TAMS 0x00000000cbd00000| PB 0x00000000cbe00000| Untracked 
| 190|0x00000000cbe00000, 0x00000000cbf00000, 0x00000000cbf00000|100%| O|  |TAMS 0x00000000cbe00000| PB 0x00000000cbf00000| Untracked 
| 191|0x00000000cbf00000, 0x00000000cc000000, 0x00000000cc000000|100%| O|  |TAMS 0x00000000cbf00000| PB 0x00000000cc000000| Untracked 
| 192|0x00000000cc000000, 0x00000000cc100000, 0x00000000cc100000|100%| O|  |TAMS 0x00000000cc000000| PB 0x00000000cc100000| Untracked 
| 193|0x00000000cc100000, 0x00000000cc1ffff0, 0x00000000cc200000| 99%| O|  |TAMS 0x00000000cc100000| PB 0x00000000cc1ffff0| Untracked 
| 194|0x00000000cc200000, 0x00000000cc2fffe0, 0x00000000cc300000| 99%| O|  |TAMS 0x00000000cc200000| PB 0x00000000cc2fffe0| Untracked 
| 195|0x00000000cc300000, 0x00000000cc400000, 0x00000000cc400000|100%| O|  |TAMS 0x00000000cc300000| PB 0x00000000cc400000| Untracked 
| 196|0x00000000cc400000, 0x00000000cc4fff98, 0x00000000cc500000| 99%| O|  |TAMS 0x00000000cc400000| PB 0x00000000cc4fff98| Untracked 
| 197|0x00000000cc500000, 0x00000000cc5fff60, 0x00000000cc600000| 99%| O|  |TAMS 0x00000000cc500000| PB 0x00000000cc5fff60| Untracked 
| 198|0x00000000cc600000, 0x00000000cc700000, 0x00000000cc700000|100%| O|  |TAMS 0x00000000cc600000| PB 0x00000000cc700000| Untracked 
| 199|0x00000000cc700000, 0x00000000cc800000, 0x00000000cc800000|100%| O|  |TAMS 0x00000000cc700000| PB 0x00000000cc800000| Untracked 
| 200|0x00000000cc800000, 0x00000000cc900000, 0x00000000cc900000|100%| O|  |TAMS 0x00000000cc800000| PB 0x00000000cc900000| Untracked 
| 201|0x00000000cc900000, 0x00000000cca00000, 0x00000000cca00000|100%| O|  |TAMS 0x00000000cc900000| PB 0x00000000cca00000| Untracked 
| 202|0x00000000cca00000, 0x00000000ccb00000, 0x00000000ccb00000|100%| O|  |TAMS 0x00000000cca00000| PB 0x00000000ccb00000| Untracked 
| 203|0x00000000ccb00000, 0x00000000ccc00000, 0x00000000ccc00000|100%| O|  |TAMS 0x00000000ccb00000| PB 0x00000000ccc00000| Untracked 
| 204|0x00000000ccc00000, 0x00000000ccd00000, 0x00000000ccd00000|100%| O|  |TAMS 0x00000000ccc00000| PB 0x00000000ccd00000| Untracked 
| 205|0x00000000ccd00000, 0x00000000cce00000, 0x00000000cce00000|100%| O|  |TAMS 0x00000000ccd00000| PB 0x00000000cce00000| Untracked 
| 206|0x00000000cce00000, 0x00000000ccf00000, 0x00000000ccf00000|100%| O|  |TAMS 0x00000000cce00000| PB 0x00000000ccf00000| Untracked 
| 207|0x00000000ccf00000, 0x00000000cd000000, 0x00000000cd000000|100%| O|  |TAMS 0x00000000ccf00000| PB 0x00000000cd000000| Untracked 
| 208|0x00000000cd000000, 0x00000000cd100000, 0x00000000cd100000|100%| O|  |TAMS 0x00000000cd000000| PB 0x00000000cd100000| Untracked 
| 209|0x00000000cd100000, 0x00000000cd200000, 0x00000000cd200000|100%| O|  |TAMS 0x00000000cd100000| PB 0x00000000cd200000| Untracked 
| 210|0x00000000cd200000, 0x00000000cd300000, 0x00000000cd300000|100%| O|  |TAMS 0x00000000cd200000| PB 0x00000000cd300000| Untracked 
| 211|0x00000000cd300000, 0x00000000cd400000, 0x00000000cd400000|100%| O|  |TAMS 0x00000000cd300000| PB 0x00000000cd400000| Untracked 
| 212|0x00000000cd400000, 0x00000000cd500000, 0x00000000cd500000|100%| O|  |TAMS 0x00000000cd400000| PB 0x00000000cd500000| Untracked 
| 213|0x00000000cd500000, 0x00000000cd600000, 0x00000000cd600000|100%| O|  |TAMS 0x00000000cd500000| PB 0x00000000cd600000| Untracked 
| 214|0x00000000cd600000, 0x00000000cd700000, 0x00000000cd700000|100%| O|  |TAMS 0x00000000cd600000| PB 0x00000000cd700000| Untracked 
| 215|0x00000000cd700000, 0x00000000cd800000, 0x00000000cd800000|100%| O|  |TAMS 0x00000000cd700000| PB 0x00000000cd800000| Untracked 
| 216|0x00000000cd800000, 0x00000000cd8ffff0, 0x00000000cd900000| 99%| O|  |TAMS 0x00000000cd800000| PB 0x00000000cd8ffff0| Untracked 
| 217|0x00000000cd900000, 0x00000000cda00000, 0x00000000cda00000|100%| O|  |TAMS 0x00000000cd900000| PB 0x00000000cda00000| Untracked 
| 218|0x00000000cda00000, 0x00000000cdb00000, 0x00000000cdb00000|100%| O|  |TAMS 0x00000000cda00000| PB 0x00000000cdb00000| Untracked 
| 219|0x00000000cdb00000, 0x00000000cdc00000, 0x00000000cdc00000|100%| O|  |TAMS 0x00000000cdb00000| PB 0x00000000cdc00000| Untracked 
| 220|0x00000000cdc00000, 0x00000000cdd00000, 0x00000000cdd00000|100%| O|  |TAMS 0x00000000cdc00000| PB 0x00000000cdd00000| Untracked 
| 221|0x00000000cdd00000, 0x00000000cde00000, 0x00000000cde00000|100%| O|  |TAMS 0x00000000cdd00000| PB 0x00000000cde00000| Untracked 
| 222|0x00000000cde00000, 0x00000000cdf00000, 0x00000000cdf00000|100%| O|  |TAMS 0x00000000cde00000| PB 0x00000000cdf00000| Untracked 
| 223|0x00000000cdf00000, 0x00000000ce000000, 0x00000000ce000000|100%| O|  |TAMS 0x00000000cdf00000| PB 0x00000000ce000000| Untracked 
| 224|0x00000000ce000000, 0x00000000ce100000, 0x00000000ce100000|100%| O|  |TAMS 0x00000000ce000000| PB 0x00000000ce100000| Untracked 
| 225|0x00000000ce100000, 0x00000000ce200000, 0x00000000ce200000|100%| O|  |TAMS 0x00000000ce100000| PB 0x00000000ce200000| Untracked 
| 226|0x00000000ce200000, 0x00000000ce300000, 0x00000000ce300000|100%| O|  |TAMS 0x00000000ce200000| PB 0x00000000ce300000| Untracked 
| 227|0x00000000ce300000, 0x00000000ce400000, 0x00000000ce400000|100%| O|  |TAMS 0x00000000ce300000| PB 0x00000000ce400000| Untracked 
| 228|0x00000000ce400000, 0x00000000ce4fffe0, 0x00000000ce500000| 99%| O|  |TAMS 0x00000000ce400000| PB 0x00000000ce4fffe0| Untracked 
| 229|0x00000000ce500000, 0x00000000ce600000, 0x00000000ce600000|100%| O|  |TAMS 0x00000000ce500000| PB 0x00000000ce600000| Untracked 
| 230|0x00000000ce600000, 0x00000000ce700000, 0x00000000ce700000|100%| O|  |TAMS 0x00000000ce600000| PB 0x00000000ce700000| Untracked 
| 231|0x00000000ce700000, 0x00000000ce800000, 0x00000000ce800000|100%| O|  |TAMS 0x00000000ce700000| PB 0x00000000ce800000| Untracked 
| 232|0x00000000ce800000, 0x00000000ce900000, 0x00000000ce900000|100%| O|  |TAMS 0x00000000ce800000| PB 0x00000000ce900000| Untracked 
| 233|0x00000000ce900000, 0x00000000cea00000, 0x00000000cea00000|100%| O|  |TAMS 0x00000000ce900000| PB 0x00000000cea00000| Untracked 
| 234|0x00000000cea00000, 0x00000000ceb00000, 0x00000000ceb00000|100%| O|  |TAMS 0x00000000cea00000| PB 0x00000000ceb00000| Untracked 
| 235|0x00000000ceb00000, 0x00000000cec00000, 0x00000000cec00000|100%| O|  |TAMS 0x00000000ceb00000| PB 0x00000000cec00000| Untracked 
| 236|0x00000000cec00000, 0x00000000ced00000, 0x00000000ced00000|100%| O|  |TAMS 0x00000000cec00000| PB 0x00000000ced00000| Untracked 
| 237|0x00000000ced00000, 0x00000000cee00000, 0x00000000cee00000|100%| O|  |TAMS 0x00000000ced00000| PB 0x00000000cee00000| Untracked 
| 238|0x00000000cee00000, 0x00000000cef00000, 0x00000000cef00000|100%| O|  |TAMS 0x00000000cee00000| PB 0x00000000cef00000| Untracked 
| 239|0x00000000cef00000, 0x00000000ceffff88, 0x00000000cf000000| 99%| O|  |TAMS 0x00000000cef00000| PB 0x00000000ceffff88| Untracked 
| 240|0x00000000cf000000, 0x00000000cf0fffa0, 0x00000000cf100000| 99%| O|  |TAMS 0x00000000cf000000| PB 0x00000000cf0fffa0| Untracked 
| 241|0x00000000cf100000, 0x00000000cf200000, 0x00000000cf200000|100%| O|  |TAMS 0x00000000cf100000| PB 0x00000000cf200000| Untracked 
| 242|0x00000000cf200000, 0x00000000cf300000, 0x00000000cf300000|100%| O|  |TAMS 0x00000000cf200000| PB 0x00000000cf300000| Untracked 
| 243|0x00000000cf300000, 0x00000000cf3ffff8, 0x00000000cf400000| 99%| O|  |TAMS 0x00000000cf300000| PB 0x00000000cf3ffff8| Untracked 
| 244|0x00000000cf400000, 0x00000000cf4fffd0, 0x00000000cf500000| 99%| O|  |TAMS 0x00000000cf400000| PB 0x00000000cf4fffd0| Untracked 
| 245|0x00000000cf500000, 0x00000000cf600000, 0x00000000cf600000|100%| O|  |TAMS 0x00000000cf500000| PB 0x00000000cf600000| Untracked 
| 246|0x00000000cf600000, 0x00000000cf700000, 0x00000000cf700000|100%| O|  |TAMS 0x00000000cf600000| PB 0x00000000cf700000| Untracked 
| 247|0x00000000cf700000, 0x00000000cf7fffd8, 0x00000000cf800000| 99%| O|  |TAMS 0x00000000cf700000| PB 0x00000000cf7fffd8| Untracked 
| 248|0x00000000cf800000, 0x00000000cf900000, 0x00000000cf900000|100%| O|  |TAMS 0x00000000cf800000| PB 0x00000000cf900000| Untracked 
| 249|0x00000000cf900000, 0x00000000cfa00000, 0x00000000cfa00000|100%| O|  |TAMS 0x00000000cf900000| PB 0x00000000cfa00000| Untracked 
| 250|0x00000000cfa00000, 0x00000000cfb00000, 0x00000000cfb00000|100%| O|  |TAMS 0x00000000cfa00000| PB 0x00000000cfb00000| Untracked 
| 251|0x00000000cfb00000, 0x00000000cfc00000, 0x00000000cfc00000|100%| O|  |TAMS 0x00000000cfb00000| PB 0x00000000cfc00000| Untracked 
| 252|0x00000000cfc00000, 0x00000000cfd00000, 0x00000000cfd00000|100%| O|  |TAMS 0x00000000cfc00000| PB 0x00000000cfd00000| Untracked 
| 253|0x00000000cfd00000, 0x00000000cfe00000, 0x00000000cfe00000|100%| O|  |TAMS 0x00000000cfd00000| PB 0x00000000cfe00000| Untracked 
| 254|0x00000000cfe00000, 0x00000000cff00000, 0x00000000cff00000|100%| O|  |TAMS 0x00000000cfe00000| PB 0x00000000cff00000| Untracked 
| 255|0x00000000cff00000, 0x00000000d0000000, 0x00000000d0000000|100%| O|  |TAMS 0x00000000cff00000| PB 0x00000000d0000000| Untracked 
| 256|0x00000000d0000000, 0x00000000d0100000, 0x00000000d0100000|100%| O|  |TAMS 0x00000000d0000000| PB 0x00000000d0100000| Untracked 
| 257|0x00000000d0100000, 0x00000000d0200000, 0x00000000d0200000|100%| O|  |TAMS 0x00000000d0100000| PB 0x00000000d0200000| Untracked 
| 258|0x00000000d0200000, 0x00000000d0300000, 0x00000000d0300000|100%| O|  |TAMS 0x00000000d0200000| PB 0x00000000d0300000| Untracked 
| 259|0x00000000d0300000, 0x00000000d0400000, 0x00000000d0400000|100%| O|  |TAMS 0x00000000d0300000| PB 0x00000000d0400000| Untracked 
| 260|0x00000000d0400000, 0x00000000d0500000, 0x00000000d0500000|100%| O|  |TAMS 0x00000000d0400000| PB 0x00000000d0500000| Untracked 
| 261|0x00000000d0500000, 0x00000000d0600000, 0x00000000d0600000|100%| O|  |TAMS 0x00000000d0500000| PB 0x00000000d0600000| Untracked 
| 262|0x00000000d0600000, 0x00000000d0700000, 0x00000000d0700000|100%| O|  |TAMS 0x00000000d0600000| PB 0x00000000d0700000| Untracked 
| 263|0x00000000d0700000, 0x00000000d0800000, 0x00000000d0800000|100%| O|  |TAMS 0x00000000d0700000| PB 0x00000000d0800000| Untracked 
| 264|0x00000000d0800000, 0x00000000d08ffff0, 0x00000000d0900000| 99%| O|  |TAMS 0x00000000d0800000| PB 0x00000000d08ffff0| Untracked 
| 265|0x00000000d0900000, 0x00000000d09fffe0, 0x00000000d0a00000| 99%| O|  |TAMS 0x00000000d0900000| PB 0x00000000d09fffe0| Untracked 
| 266|0x00000000d0a00000, 0x00000000d0b00000, 0x00000000d0b00000|100%| O|  |TAMS 0x00000000d0a00000| PB 0x00000000d0b00000| Untracked 
| 267|0x00000000d0b00000, 0x00000000d0c00000, 0x00000000d0c00000|100%| O|  |TAMS 0x00000000d0b00000| PB 0x00000000d0c00000| Untracked 
| 268|0x00000000d0c00000, 0x00000000d0d00000, 0x00000000d0d00000|100%| O|  |TAMS 0x00000000d0c00000| PB 0x00000000d0d00000| Untracked 
| 269|0x00000000d0d00000, 0x00000000d0e00000, 0x00000000d0e00000|100%| O|  |TAMS 0x00000000d0d00000| PB 0x00000000d0e00000| Untracked 
| 270|0x00000000d0e00000, 0x00000000d0f00000, 0x00000000d0f00000|100%| O|  |TAMS 0x00000000d0e00000| PB 0x00000000d0f00000| Untracked 
| 271|0x00000000d0f00000, 0x00000000d1000000, 0x00000000d1000000|100%| O|  |TAMS 0x00000000d0f00000| PB 0x00000000d1000000| Untracked 
| 272|0x00000000d1000000, 0x00000000d1100000, 0x00000000d1100000|100%| O|  |TAMS 0x00000000d1000000| PB 0x00000000d1100000| Untracked 
| 273|0x00000000d1100000, 0x00000000d1200000, 0x00000000d1200000|100%| O|  |TAMS 0x00000000d1100000| PB 0x00000000d1200000| Untracked 
| 274|0x00000000d1200000, 0x00000000d1300000, 0x00000000d1300000|100%| O|  |TAMS 0x00000000d1200000| PB 0x00000000d1300000| Untracked 
| 275|0x00000000d1300000, 0x00000000d1400000, 0x00000000d1400000|100%| O|  |TAMS 0x00000000d1300000| PB 0x00000000d1400000| Untracked 
| 276|0x00000000d1400000, 0x00000000d1500000, 0x00000000d1500000|100%| O|  |TAMS 0x00000000d1400000| PB 0x00000000d1500000| Untracked 
| 277|0x00000000d1500000, 0x00000000d1600000, 0x00000000d1600000|100%| O|  |TAMS 0x00000000d1500000| PB 0x00000000d1600000| Untracked 
| 278|0x00000000d1600000, 0x00000000d1700000, 0x00000000d1700000|100%| O|  |TAMS 0x00000000d1600000| PB 0x00000000d1700000| Untracked 
| 279|0x00000000d1700000, 0x00000000d17fff98, 0x00000000d1800000| 99%| O|  |TAMS 0x00000000d1700000| PB 0x00000000d17fff98| Untracked 
| 280|0x00000000d1800000, 0x00000000d18ffff0, 0x00000000d1900000| 99%| O|  |TAMS 0x00000000d1800000| PB 0x00000000d18ffff0| Untracked 
| 281|0x00000000d1900000, 0x00000000d19fffe8, 0x00000000d1a00000| 99%| O|  |TAMS 0x00000000d1900000| PB 0x00000000d19fffe8| Untracked 
| 282|0x00000000d1a00000, 0x00000000d1b00000, 0x00000000d1b00000|100%| O|  |TAMS 0x00000000d1a00000| PB 0x00000000d1b00000| Untracked 
| 283|0x00000000d1b00000, 0x00000000d1c00000, 0x00000000d1c00000|100%| O|  |TAMS 0x00000000d1b00000| PB 0x00000000d1c00000| Untracked 
| 284|0x00000000d1c00000, 0x00000000d1d00000, 0x00000000d1d00000|100%| O|  |TAMS 0x00000000d1c00000| PB 0x00000000d1d00000| Untracked 
| 285|0x00000000d1d00000, 0x00000000d1e00000, 0x00000000d1e00000|100%| O|  |TAMS 0x00000000d1d00000| PB 0x00000000d1e00000| Untracked 
| 286|0x00000000d1e00000, 0x00000000d1f00000, 0x00000000d1f00000|100%| O|  |TAMS 0x00000000d1e00000| PB 0x00000000d1f00000| Untracked 
| 287|0x00000000d1f00000, 0x00000000d2000000, 0x00000000d2000000|100%| O|  |TAMS 0x00000000d1f00000| PB 0x00000000d2000000| Untracked 
| 288|0x00000000d2000000, 0x00000000d2100000, 0x00000000d2100000|100%| O|  |TAMS 0x00000000d2000000| PB 0x00000000d2100000| Untracked 
| 289|0x00000000d2100000, 0x00000000d2200000, 0x00000000d2200000|100%| O|  |TAMS 0x00000000d2100000| PB 0x00000000d2200000| Untracked 
| 290|0x00000000d2200000, 0x00000000d2300000, 0x00000000d2300000|100%| O|  |TAMS 0x00000000d2200000| PB 0x00000000d2300000| Untracked 
| 291|0x00000000d2300000, 0x00000000d2400000, 0x00000000d2400000|100%| O|  |TAMS 0x00000000d2300000| PB 0x00000000d2400000| Untracked 
| 292|0x00000000d2400000, 0x00000000d2500000, 0x00000000d2500000|100%| O|  |TAMS 0x00000000d2400000| PB 0x00000000d2500000| Untracked 
| 293|0x00000000d2500000, 0x00000000d2600000, 0x00000000d2600000|100%| O|  |TAMS 0x00000000d2500000| PB 0x00000000d2600000| Untracked 
| 294|0x00000000d2600000, 0x00000000d2700000, 0x00000000d2700000|100%| O|  |TAMS 0x00000000d2600000| PB 0x00000000d2700000| Untracked 
| 295|0x00000000d2700000, 0x00000000d2800000, 0x00000000d2800000|100%| O|  |TAMS 0x00000000d2700000| PB 0x00000000d2800000| Untracked 
| 296|0x00000000d2800000, 0x00000000d2900000, 0x00000000d2900000|100%| O|  |TAMS 0x00000000d2800000| PB 0x00000000d2900000| Untracked 
| 297|0x00000000d2900000, 0x00000000d2a00000, 0x00000000d2a00000|100%| O|  |TAMS 0x00000000d2900000| PB 0x00000000d2a00000| Untracked 
| 298|0x00000000d2a00000, 0x00000000d2b00000, 0x00000000d2b00000|100%| O|  |TAMS 0x00000000d2a00000| PB 0x00000000d2b00000| Untracked 
| 299|0x00000000d2b00000, 0x00000000d2c00000, 0x00000000d2c00000|100%| O|  |TAMS 0x00000000d2b00000| PB 0x00000000d2c00000| Untracked 
| 300|0x00000000d2c00000, 0x00000000d2d00000, 0x00000000d2d00000|100%| O|  |TAMS 0x00000000d2c00000| PB 0x00000000d2d00000| Untracked 
| 301|0x00000000d2d00000, 0x00000000d2e00000, 0x00000000d2e00000|100%| O|  |TAMS 0x00000000d2d00000| PB 0x00000000d2e00000| Untracked 
| 302|0x00000000d2e00000, 0x00000000d2f00000, 0x00000000d2f00000|100%| O|  |TAMS 0x00000000d2e00000| PB 0x00000000d2f00000| Untracked 
| 303|0x00000000d2f00000, 0x00000000d3000000, 0x00000000d3000000|100%| O|  |TAMS 0x00000000d2f00000| PB 0x00000000d3000000| Untracked 
| 304|0x00000000d3000000, 0x00000000d3100000, 0x00000000d3100000|100%| O|  |TAMS 0x00000000d3000000| PB 0x00000000d3100000| Untracked 
| 305|0x00000000d3100000, 0x00000000d3200000, 0x00000000d3200000|100%| O|  |TAMS 0x00000000d3100000| PB 0x00000000d3200000| Untracked 
| 306|0x00000000d3200000, 0x00000000d3300000, 0x00000000d3300000|100%| O|  |TAMS 0x00000000d3200000| PB 0x00000000d3300000| Untracked 
| 307|0x00000000d3300000, 0x00000000d3400000, 0x00000000d3400000|100%| O|  |TAMS 0x00000000d3300000| PB 0x00000000d3400000| Untracked 
| 308|0x00000000d3400000, 0x00000000d3500000, 0x00000000d3500000|100%| O|  |TAMS 0x00000000d3400000| PB 0x00000000d3500000| Untracked 
| 309|0x00000000d3500000, 0x00000000d3600000, 0x00000000d3600000|100%| O|  |TAMS 0x00000000d3500000| PB 0x00000000d3600000| Untracked 
| 310|0x00000000d3600000, 0x00000000d3700000, 0x00000000d3700000|100%| O|  |TAMS 0x00000000d3600000| PB 0x00000000d3700000| Untracked 
| 311|0x00000000d3700000, 0x00000000d3800000, 0x00000000d3800000|100%| O|  |TAMS 0x00000000d3700000| PB 0x00000000d3800000| Untracked 
| 312|0x00000000d3800000, 0x00000000d3900000, 0x00000000d3900000|100%| O|  |TAMS 0x00000000d3800000| PB 0x00000000d3900000| Untracked 
| 313|0x00000000d3900000, 0x00000000d3a00000, 0x00000000d3a00000|100%| O|  |TAMS 0x00000000d3900000| PB 0x00000000d3a00000| Untracked 
| 314|0x00000000d3a00000, 0x00000000d3b00000, 0x00000000d3b00000|100%| O|  |TAMS 0x00000000d3a00000| PB 0x00000000d3b00000| Untracked 
| 315|0x00000000d3b00000, 0x00000000d3c00000, 0x00000000d3c00000|100%| O|  |TAMS 0x00000000d3b00000| PB 0x00000000d3c00000| Untracked 
| 316|0x00000000d3c00000, 0x00000000d3d00000, 0x00000000d3d00000|100%| O|  |TAMS 0x00000000d3c00000| PB 0x00000000d3d00000| Untracked 
| 317|0x00000000d3d00000, 0x00000000d3e00000, 0x00000000d3e00000|100%| O|  |TAMS 0x00000000d3d00000| PB 0x00000000d3e00000| Untracked 
| 318|0x00000000d3e00000, 0x00000000d3f00000, 0x00000000d3f00000|100%| O|  |TAMS 0x00000000d3e00000| PB 0x00000000d3f00000| Untracked 
| 319|0x00000000d3f00000, 0x00000000d4000000, 0x00000000d4000000|100%| O|  |TAMS 0x00000000d3f00000| PB 0x00000000d4000000| Untracked 
| 320|0x00000000d4000000, 0x00000000d4100000, 0x00000000d4100000|100%| O|  |TAMS 0x00000000d4000000| PB 0x00000000d4100000| Untracked 
| 321|0x00000000d4100000, 0x00000000d4200000, 0x00000000d4200000|100%| O|  |TAMS 0x00000000d4100000| PB 0x00000000d4200000| Untracked 
| 322|0x00000000d4200000, 0x00000000d4300000, 0x00000000d4300000|100%| O|  |TAMS 0x00000000d4200000| PB 0x00000000d4300000| Untracked 
| 323|0x00000000d4300000, 0x00000000d4400000, 0x00000000d4400000|100%| O|  |TAMS 0x00000000d4300000| PB 0x00000000d4400000| Untracked 
| 324|0x00000000d4400000, 0x00000000d4500000, 0x00000000d4500000|100%| O|  |TAMS 0x00000000d4400000| PB 0x00000000d4500000| Untracked 
| 325|0x00000000d4500000, 0x00000000d4600000, 0x00000000d4600000|100%| O|  |TAMS 0x00000000d4500000| PB 0x00000000d4600000| Untracked 
| 326|0x00000000d4600000, 0x00000000d4700000, 0x00000000d4700000|100%| O|  |TAMS 0x00000000d4600000| PB 0x00000000d4700000| Untracked 
| 327|0x00000000d4700000, 0x00000000d47fff78, 0x00000000d4800000| 99%| O|  |TAMS 0x00000000d4700000| PB 0x00000000d47fff78| Untracked 
| 328|0x00000000d4800000, 0x00000000d48fffe0, 0x00000000d4900000| 99%| O|  |TAMS 0x00000000d4800000| PB 0x00000000d48fffe0| Untracked 
| 329|0x00000000d4900000, 0x00000000d4a00000, 0x00000000d4a00000|100%| O|  |TAMS 0x00000000d4900000| PB 0x00000000d4a00000| Untracked 
| 330|0x00000000d4a00000, 0x00000000d4b00000, 0x00000000d4b00000|100%| O|  |TAMS 0x00000000d4a00000| PB 0x00000000d4b00000| Untracked 
| 331|0x00000000d4b00000, 0x00000000d4c00000, 0x00000000d4c00000|100%| O|  |TAMS 0x00000000d4b00000| PB 0x00000000d4c00000| Untracked 
| 332|0x00000000d4c00000, 0x00000000d4d00000, 0x00000000d4d00000|100%| O|  |TAMS 0x00000000d4c00000| PB 0x00000000d4d00000| Untracked 
| 333|0x00000000d4d00000, 0x00000000d4e00000, 0x00000000d4e00000|100%| O|  |TAMS 0x00000000d4d00000| PB 0x00000000d4e00000| Untracked 
| 334|0x00000000d4e00000, 0x00000000d4f00000, 0x00000000d4f00000|100%| O|  |TAMS 0x00000000d4e00000| PB 0x00000000d4f00000| Untracked 
| 335|0x00000000d4f00000, 0x00000000d5000000, 0x00000000d5000000|100%| O|  |TAMS 0x00000000d4f00000| PB 0x00000000d5000000| Untracked 
| 336|0x00000000d5000000, 0x00000000d5100000, 0x00000000d5100000|100%| O|  |TAMS 0x00000000d5000000| PB 0x00000000d5100000| Untracked 
| 337|0x00000000d5100000, 0x00000000d5200000, 0x00000000d5200000|100%| O|  |TAMS 0x00000000d5100000| PB 0x00000000d5200000| Untracked 
| 338|0x00000000d5200000, 0x00000000d5300000, 0x00000000d5300000|100%| O|  |TAMS 0x00000000d5200000| PB 0x00000000d5300000| Untracked 
| 339|0x00000000d5300000, 0x00000000d5400000, 0x00000000d5400000|100%| O|  |TAMS 0x00000000d5300000| PB 0x00000000d5400000| Untracked 
| 340|0x00000000d5400000, 0x00000000d5500000, 0x00000000d5500000|100%| O|  |TAMS 0x00000000d5400000| PB 0x00000000d5500000| Untracked 
| 341|0x00000000d5500000, 0x00000000d5600000, 0x00000000d5600000|100%| O|  |TAMS 0x00000000d5500000| PB 0x00000000d5600000| Untracked 
| 342|0x00000000d5600000, 0x00000000d5700000, 0x00000000d5700000|100%| O|  |TAMS 0x00000000d5600000| PB 0x00000000d5700000| Untracked 
| 343|0x00000000d5700000, 0x00000000d5800000, 0x00000000d5800000|100%| O|  |TAMS 0x00000000d5700000| PB 0x00000000d5800000| Untracked 
| 344|0x00000000d5800000, 0x00000000d5900000, 0x00000000d5900000|100%| O|  |TAMS 0x00000000d5800000| PB 0x00000000d5900000| Untracked 
| 345|0x00000000d5900000, 0x00000000d5a00000, 0x00000000d5a00000|100%| O|  |TAMS 0x00000000d5900000| PB 0x00000000d5a00000| Untracked 
| 346|0x00000000d5a00000, 0x00000000d5b00000, 0x00000000d5b00000|100%| O|  |TAMS 0x00000000d5a00000| PB 0x00000000d5b00000| Untracked 
| 347|0x00000000d5b00000, 0x00000000d5c00000, 0x00000000d5c00000|100%| O|  |TAMS 0x00000000d5b00000| PB 0x00000000d5c00000| Untracked 
| 348|0x00000000d5c00000, 0x00000000d5cfffc8, 0x00000000d5d00000| 99%| O|  |TAMS 0x00000000d5c00000| PB 0x00000000d5cfffc8| Untracked 
| 349|0x00000000d5d00000, 0x00000000d5e00000, 0x00000000d5e00000|100%| O|  |TAMS 0x00000000d5d00000| PB 0x00000000d5e00000| Untracked 
| 350|0x00000000d5e00000, 0x00000000d5f00000, 0x00000000d5f00000|100%| O|  |TAMS 0x00000000d5e00000| PB 0x00000000d5f00000| Untracked 
| 351|0x00000000d5f00000, 0x00000000d6000000, 0x00000000d6000000|100%| O|  |TAMS 0x00000000d5f00000| PB 0x00000000d6000000| Untracked 
| 352|0x00000000d6000000, 0x00000000d6100000, 0x00000000d6100000|100%| O|  |TAMS 0x00000000d6000000| PB 0x00000000d6100000| Untracked 
| 353|0x00000000d6100000, 0x00000000d6200000, 0x00000000d6200000|100%| O|  |TAMS 0x00000000d6100000| PB 0x00000000d6200000| Untracked 
| 354|0x00000000d6200000, 0x00000000d6300000, 0x00000000d6300000|100%| O|  |TAMS 0x00000000d6200000| PB 0x00000000d6300000| Untracked 
| 355|0x00000000d6300000, 0x00000000d6400000, 0x00000000d6400000|100%| O|  |TAMS 0x00000000d6300000| PB 0x00000000d6400000| Untracked 
| 356|0x00000000d6400000, 0x00000000d6500000, 0x00000000d6500000|100%| O|  |TAMS 0x00000000d6400000| PB 0x00000000d6500000| Untracked 
| 357|0x00000000d6500000, 0x00000000d6600000, 0x00000000d6600000|100%| O|  |TAMS 0x00000000d6500000| PB 0x00000000d6600000| Untracked 
| 358|0x00000000d6600000, 0x00000000d6700000, 0x00000000d6700000|100%| O|  |TAMS 0x00000000d6600000| PB 0x00000000d6700000| Untracked 
| 359|0x00000000d6700000, 0x00000000d6800000, 0x00000000d6800000|100%| O|  |TAMS 0x00000000d6700000| PB 0x00000000d6800000| Untracked 
| 360|0x00000000d6800000, 0x00000000d6900000, 0x00000000d6900000|100%| O|  |TAMS 0x00000000d6800000| PB 0x00000000d6900000| Untracked 
| 361|0x00000000d6900000, 0x00000000d6a00000, 0x00000000d6a00000|100%| O|  |TAMS 0x00000000d6900000| PB 0x00000000d6a00000| Untracked 
| 362|0x00000000d6a00000, 0x00000000d6b00000, 0x00000000d6b00000|100%| O|  |TAMS 0x00000000d6a00000| PB 0x00000000d6b00000| Untracked 
| 363|0x00000000d6b00000, 0x00000000d6c00000, 0x00000000d6c00000|100%| O|  |TAMS 0x00000000d6b00000| PB 0x00000000d6c00000| Untracked 
| 364|0x00000000d6c00000, 0x00000000d6d00000, 0x00000000d6d00000|100%| O|  |TAMS 0x00000000d6c00000| PB 0x00000000d6d00000| Untracked 
| 365|0x00000000d6d00000, 0x00000000d6e00000, 0x00000000d6e00000|100%| O|  |TAMS 0x00000000d6d00000| PB 0x00000000d6e00000| Untracked 
| 366|0x00000000d6e00000, 0x00000000d6f00000, 0x00000000d6f00000|100%| O|  |TAMS 0x00000000d6e00000| PB 0x00000000d6f00000| Untracked 
| 367|0x00000000d6f00000, 0x00000000d6fffff8, 0x00000000d7000000| 99%| O|  |TAMS 0x00000000d6f00000| PB 0x00000000d6fffff8| Untracked 
| 368|0x00000000d7000000, 0x00000000d7100000, 0x00000000d7100000|100%| O|  |TAMS 0x00000000d7000000| PB 0x00000000d7100000| Untracked 
| 369|0x00000000d7100000, 0x00000000d7200000, 0x00000000d7200000|100%| O|  |TAMS 0x00000000d7100000| PB 0x00000000d7200000| Untracked 
| 370|0x00000000d7200000, 0x00000000d7300000, 0x00000000d7300000|100%| O|  |TAMS 0x00000000d7200000| PB 0x00000000d7300000| Untracked 
| 371|0x00000000d7300000, 0x00000000d7400000, 0x00000000d7400000|100%| O|  |TAMS 0x00000000d7300000| PB 0x00000000d7400000| Untracked 
| 372|0x00000000d7400000, 0x00000000d74fffa0, 0x00000000d7500000| 99%| O|  |TAMS 0x00000000d7400000| PB 0x00000000d74fffa0| Untracked 
| 373|0x00000000d7500000, 0x00000000d7600000, 0x00000000d7600000|100%| O|  |TAMS 0x00000000d7500000| PB 0x00000000d7600000| Untracked 
| 374|0x00000000d7600000, 0x00000000d7700000, 0x00000000d7700000|100%| O|  |TAMS 0x00000000d7600000| PB 0x00000000d7700000| Untracked 
| 375|0x00000000d7700000, 0x00000000d7800000, 0x00000000d7800000|100%| O|  |TAMS 0x00000000d7700000| PB 0x00000000d7800000| Untracked 
| 376|0x00000000d7800000, 0x00000000d7900000, 0x00000000d7900000|100%| O|  |TAMS 0x00000000d7800000| PB 0x00000000d7900000| Untracked 
| 377|0x00000000d7900000, 0x00000000d7a00000, 0x00000000d7a00000|100%| O|  |TAMS 0x00000000d7900000| PB 0x00000000d7a00000| Untracked 
| 378|0x00000000d7a00000, 0x00000000d7b00000, 0x00000000d7b00000|100%| O|  |TAMS 0x00000000d7a00000| PB 0x00000000d7b00000| Untracked 
| 379|0x00000000d7b00000, 0x00000000d7c00000, 0x00000000d7c00000|100%| O|  |TAMS 0x00000000d7b00000| PB 0x00000000d7c00000| Untracked 
| 380|0x00000000d7c00000, 0x00000000d7d00000, 0x00000000d7d00000|100%| O|  |TAMS 0x00000000d7c00000| PB 0x00000000d7d00000| Untracked 
| 381|0x00000000d7d00000, 0x00000000d7e00000, 0x00000000d7e00000|100%| O|  |TAMS 0x00000000d7d00000| PB 0x00000000d7e00000| Untracked 
| 382|0x00000000d7e00000, 0x00000000d7f00000, 0x00000000d7f00000|100%| O|  |TAMS 0x00000000d7e00000| PB 0x00000000d7f00000| Untracked 
| 383|0x00000000d7f00000, 0x00000000d8000000, 0x00000000d8000000|100%| O|  |TAMS 0x00000000d7f00000| PB 0x00000000d8000000| Untracked 
| 384|0x00000000d8000000, 0x00000000d8100000, 0x00000000d8100000|100%| O|  |TAMS 0x00000000d8000000| PB 0x00000000d8100000| Untracked 
| 385|0x00000000d8100000, 0x00000000d8200000, 0x00000000d8200000|100%| O|  |TAMS 0x00000000d8100000| PB 0x00000000d8200000| Untracked 
| 386|0x00000000d8200000, 0x00000000d8300000, 0x00000000d8300000|100%| O|  |TAMS 0x00000000d8200000| PB 0x00000000d8300000| Untracked 
| 387|0x00000000d8300000, 0x00000000d8400000, 0x00000000d8400000|100%| O|  |TAMS 0x00000000d8300000| PB 0x00000000d8400000| Untracked 
| 388|0x00000000d8400000, 0x00000000d8500000, 0x00000000d8500000|100%| O|  |TAMS 0x00000000d8400000| PB 0x00000000d8500000| Untracked 
| 389|0x00000000d8500000, 0x00000000d8600000, 0x00000000d8600000|100%| O|  |TAMS 0x00000000d8500000| PB 0x00000000d8600000| Untracked 
| 390|0x00000000d8600000, 0x00000000d8700000, 0x00000000d8700000|100%| O|  |TAMS 0x00000000d8600000| PB 0x00000000d8700000| Untracked 
| 391|0x00000000d8700000, 0x00000000d8800000, 0x00000000d8800000|100%| O|  |TAMS 0x00000000d8700000| PB 0x00000000d8800000| Untracked 
| 392|0x00000000d8800000, 0x00000000d8900000, 0x00000000d8900000|100%| O|  |TAMS 0x00000000d8800000| PB 0x00000000d8900000| Untracked 
| 393|0x00000000d8900000, 0x00000000d8a00000, 0x00000000d8a00000|100%| O|  |TAMS 0x00000000d8900000| PB 0x00000000d8a00000| Untracked 
| 394|0x00000000d8a00000, 0x00000000d8b00000, 0x00000000d8b00000|100%| O|  |TAMS 0x00000000d8a00000| PB 0x00000000d8b00000| Untracked 
| 395|0x00000000d8b00000, 0x00000000d8c00000, 0x00000000d8c00000|100%| O|  |TAMS 0x00000000d8b00000| PB 0x00000000d8c00000| Untracked 
| 396|0x00000000d8c00000, 0x00000000d8d00000, 0x00000000d8d00000|100%| O|  |TAMS 0x00000000d8c00000| PB 0x00000000d8d00000| Untracked 
| 397|0x00000000d8d00000, 0x00000000d8e00000, 0x00000000d8e00000|100%| O|  |TAMS 0x00000000d8d00000| PB 0x00000000d8e00000| Untracked 
| 398|0x00000000d8e00000, 0x00000000d8f00000, 0x00000000d8f00000|100%| O|  |TAMS 0x00000000d8e00000| PB 0x00000000d8f00000| Untracked 
| 399|0x00000000d8f00000, 0x00000000d9000000, 0x00000000d9000000|100%| O|  |TAMS 0x00000000d8f00000| PB 0x00000000d9000000| Untracked 
| 400|0x00000000d9000000, 0x00000000d90ffff0, 0x00000000d9100000| 99%| O|  |TAMS 0x00000000d9000000| PB 0x00000000d90ffff0| Untracked 
| 401|0x00000000d9100000, 0x00000000d9200000, 0x00000000d9200000|100%| O|  |TAMS 0x00000000d9100000| PB 0x00000000d9200000| Untracked 
| 402|0x00000000d9200000, 0x00000000d92ffff8, 0x00000000d9300000| 99%| O|  |TAMS 0x00000000d9200000| PB 0x00000000d92ffff8| Untracked 
| 403|0x00000000d9300000, 0x00000000d9400000, 0x00000000d9400000|100%| O|  |TAMS 0x00000000d9300000| PB 0x00000000d9400000| Untracked 
| 404|0x00000000d9400000, 0x00000000d9500000, 0x00000000d9500000|100%| O|  |TAMS 0x00000000d9400000| PB 0x00000000d9500000| Untracked 
| 405|0x00000000d9500000, 0x00000000d9600000, 0x00000000d9600000|100%| O|  |TAMS 0x00000000d9500000| PB 0x00000000d9600000| Untracked 
| 406|0x00000000d9600000, 0x00000000d96fff78, 0x00000000d9700000| 99%| O|  |TAMS 0x00000000d9600000| PB 0x00000000d96fff78| Untracked 
| 407|0x00000000d9700000, 0x00000000d9800000, 0x00000000d9800000|100%| O|  |TAMS 0x00000000d9700000| PB 0x00000000d9800000| Untracked 
| 408|0x00000000d9800000, 0x00000000d9900000, 0x00000000d9900000|100%| O|  |TAMS 0x00000000d9800000| PB 0x00000000d9900000| Untracked 
| 409|0x00000000d9900000, 0x00000000d9a00000, 0x00000000d9a00000|100%| O|  |TAMS 0x00000000d9900000| PB 0x00000000d9a00000| Untracked 
| 410|0x00000000d9a00000, 0x00000000d9b00000, 0x00000000d9b00000|100%| O|  |TAMS 0x00000000d9a00000| PB 0x00000000d9b00000| Untracked 
| 411|0x00000000d9b00000, 0x00000000d9c00000, 0x00000000d9c00000|100%| O|  |TAMS 0x00000000d9b00000| PB 0x00000000d9c00000| Untracked 
| 412|0x00000000d9c00000, 0x00000000d9d00000, 0x00000000d9d00000|100%| O|  |TAMS 0x00000000d9c00000| PB 0x00000000d9d00000| Untracked 
| 413|0x00000000d9d00000, 0x00000000d9e00000, 0x00000000d9e00000|100%| O|  |TAMS 0x00000000d9d00000| PB 0x00000000d9e00000| Untracked 
| 414|0x00000000d9e00000, 0x00000000d9f00000, 0x00000000d9f00000|100%| O|  |TAMS 0x00000000d9e00000| PB 0x00000000d9f00000| Untracked 
| 415|0x00000000d9f00000, 0x00000000da000000, 0x00000000da000000|100%| O|  |TAMS 0x00000000d9f00000| PB 0x00000000da000000| Untracked 
| 416|0x00000000da000000, 0x00000000da100000, 0x00000000da100000|100%| O|  |TAMS 0x00000000da000000| PB 0x00000000da100000| Untracked 
| 417|0x00000000da100000, 0x00000000da200000, 0x00000000da200000|100%| O|  |TAMS 0x00000000da100000| PB 0x00000000da200000| Untracked 
| 418|0x00000000da200000, 0x00000000da300000, 0x00000000da300000|100%| O|  |TAMS 0x00000000da200000| PB 0x00000000da300000| Untracked 
| 419|0x00000000da300000, 0x00000000da400000, 0x00000000da400000|100%| O|  |TAMS 0x00000000da300000| PB 0x00000000da400000| Untracked 
| 420|0x00000000da400000, 0x00000000da500000, 0x00000000da500000|100%| O|  |TAMS 0x00000000da400000| PB 0x00000000da500000| Untracked 
| 421|0x00000000da500000, 0x00000000da600000, 0x00000000da600000|100%| O|  |TAMS 0x00000000da500000| PB 0x00000000da600000| Untracked 
| 422|0x00000000da600000, 0x00000000da700000, 0x00000000da700000|100%| O|  |TAMS 0x00000000da600000| PB 0x00000000da700000| Untracked 
| 423|0x00000000da700000, 0x00000000da800000, 0x00000000da800000|100%| O|  |TAMS 0x00000000da700000| PB 0x00000000da800000| Untracked 
| 424|0x00000000da800000, 0x00000000da900000, 0x00000000da900000|100%| O|  |TAMS 0x00000000da800000| PB 0x00000000da900000| Untracked 
| 425|0x00000000da900000, 0x00000000daa00000, 0x00000000daa00000|100%| O|  |TAMS 0x00000000da900000| PB 0x00000000daa00000| Untracked 
| 426|0x00000000daa00000, 0x00000000daafff90, 0x00000000dab00000| 99%| O|  |TAMS 0x00000000daa00000| PB 0x00000000daafff90| Untracked 
| 427|0x00000000dab00000, 0x00000000dac00000, 0x00000000dac00000|100%| O|  |TAMS 0x00000000dab00000| PB 0x00000000dac00000| Untracked 
| 428|0x00000000dac00000, 0x00000000dad00000, 0x00000000dad00000|100%| O|  |TAMS 0x00000000dac00000| PB 0x00000000dad00000| Untracked 
| 429|0x00000000dad00000, 0x00000000dae00000, 0x00000000dae00000|100%| O|  |TAMS 0x00000000dad00000| PB 0x00000000dae00000| Untracked 
| 430|0x00000000dae00000, 0x00000000daf00000, 0x00000000daf00000|100%| O|  |TAMS 0x00000000dae00000| PB 0x00000000daf00000| Untracked 
| 431|0x00000000daf00000, 0x00000000db000000, 0x00000000db000000|100%| O|  |TAMS 0x00000000daf00000| PB 0x00000000db000000| Untracked 
| 432|0x00000000db000000, 0x00000000db100000, 0x00000000db100000|100%| O|  |TAMS 0x00000000db000000| PB 0x00000000db100000| Untracked 
| 433|0x00000000db100000, 0x00000000db200000, 0x00000000db200000|100%| O|  |TAMS 0x00000000db100000| PB 0x00000000db200000| Untracked 
| 434|0x00000000db200000, 0x00000000db300000, 0x00000000db300000|100%| O|  |TAMS 0x00000000db200000| PB 0x00000000db300000| Untracked 
| 435|0x00000000db300000, 0x00000000db400000, 0x00000000db400000|100%| O|  |TAMS 0x00000000db300000| PB 0x00000000db400000| Untracked 
| 436|0x00000000db400000, 0x00000000db500000, 0x00000000db500000|100%| O|  |TAMS 0x00000000db400000| PB 0x00000000db500000| Untracked 
| 437|0x00000000db500000, 0x00000000db600000, 0x00000000db600000|100%| O|  |TAMS 0x00000000db500000| PB 0x00000000db600000| Untracked 
| 438|0x00000000db600000, 0x00000000db700000, 0x00000000db700000|100%| O|  |TAMS 0x00000000db600000| PB 0x00000000db700000| Untracked 
| 439|0x00000000db700000, 0x00000000db800000, 0x00000000db800000|100%| O|  |TAMS 0x00000000db700000| PB 0x00000000db800000| Untracked 
| 440|0x00000000db800000, 0x00000000db900000, 0x00000000db900000|100%| O|  |TAMS 0x00000000db800000| PB 0x00000000db900000| Untracked 
| 441|0x00000000db900000, 0x00000000dba00000, 0x00000000dba00000|100%| O|  |TAMS 0x00000000db900000| PB 0x00000000dba00000| Untracked 
| 442|0x00000000dba00000, 0x00000000dbb00000, 0x00000000dbb00000|100%| O|  |TAMS 0x00000000dba00000| PB 0x00000000dbb00000| Untracked 
| 443|0x00000000dbb00000, 0x00000000dbc00000, 0x00000000dbc00000|100%| O|  |TAMS 0x00000000dbb00000| PB 0x00000000dbc00000| Untracked 
| 444|0x00000000dbc00000, 0x00000000dbd00000, 0x00000000dbd00000|100%| O|  |TAMS 0x00000000dbc00000| PB 0x00000000dbd00000| Untracked 
| 445|0x00000000dbd00000, 0x00000000dbe00000, 0x00000000dbe00000|100%| O|  |TAMS 0x00000000dbd00000| PB 0x00000000dbe00000| Untracked 
| 446|0x00000000dbe00000, 0x00000000dbf00000, 0x00000000dbf00000|100%| O|  |TAMS 0x00000000dbe00000| PB 0x00000000dbf00000| Untracked 
| 447|0x00000000dbf00000, 0x00000000dc000000, 0x00000000dc000000|100%| O|  |TAMS 0x00000000dbf00000| PB 0x00000000dc000000| Untracked 
| 448|0x00000000dc000000, 0x00000000dc100000, 0x00000000dc100000|100%| O|  |TAMS 0x00000000dc000000| PB 0x00000000dc100000| Untracked 
| 449|0x00000000dc100000, 0x00000000dc200000, 0x00000000dc200000|100%| O|  |TAMS 0x00000000dc100000| PB 0x00000000dc200000| Untracked 
| 450|0x00000000dc200000, 0x00000000dc300000, 0x00000000dc300000|100%| O|  |TAMS 0x00000000dc200000| PB 0x00000000dc300000| Untracked 
| 451|0x00000000dc300000, 0x00000000dc400000, 0x00000000dc400000|100%| O|  |TAMS 0x00000000dc300000| PB 0x00000000dc400000| Untracked 
| 452|0x00000000dc400000, 0x00000000dc500000, 0x00000000dc500000|100%| O|  |TAMS 0x00000000dc400000| PB 0x00000000dc500000| Untracked 
| 453|0x00000000dc500000, 0x00000000dc600000, 0x00000000dc600000|100%| O|  |TAMS 0x00000000dc500000| PB 0x00000000dc600000| Untracked 
| 454|0x00000000dc600000, 0x00000000dc700000, 0x00000000dc700000|100%| O|  |TAMS 0x00000000dc600000| PB 0x00000000dc700000| Untracked 
| 455|0x00000000dc700000, 0x00000000dc7ffff8, 0x00000000dc800000| 99%| O|  |TAMS 0x00000000dc700000| PB 0x00000000dc7ffff8| Untracked 
| 456|0x00000000dc800000, 0x00000000dc900000, 0x00000000dc900000|100%| O|  |TAMS 0x00000000dc800000| PB 0x00000000dc900000| Untracked 
| 457|0x00000000dc900000, 0x00000000dca00000, 0x00000000dca00000|100%| O|  |TAMS 0x00000000dc900000| PB 0x00000000dca00000| Untracked 
| 458|0x00000000dca00000, 0x00000000dcb00000, 0x00000000dcb00000|100%| O|  |TAMS 0x00000000dca00000| PB 0x00000000dcb00000| Untracked 
| 459|0x00000000dcb00000, 0x00000000dcc00000, 0x00000000dcc00000|100%| O|  |TAMS 0x00000000dcb00000| PB 0x00000000dcc00000| Untracked 
| 460|0x00000000dcc00000, 0x00000000dcd00000, 0x00000000dcd00000|100%| O|  |TAMS 0x00000000dcc00000| PB 0x00000000dcd00000| Untracked 
| 461|0x00000000dcd00000, 0x00000000dce00000, 0x00000000dce00000|100%| O|  |TAMS 0x00000000dcd00000| PB 0x00000000dce00000| Untracked 
| 462|0x00000000dce00000, 0x00000000dcf00000, 0x00000000dcf00000|100%| O|  |TAMS 0x00000000dce00000| PB 0x00000000dcf00000| Untracked 
| 463|0x00000000dcf00000, 0x00000000dd000000, 0x00000000dd000000|100%| O|  |TAMS 0x00000000dcf00000| PB 0x00000000dd000000| Untracked 
| 464|0x00000000dd000000, 0x00000000dd100000, 0x00000000dd100000|100%| O|  |TAMS 0x00000000dd000000| PB 0x00000000dd100000| Untracked 
| 465|0x00000000dd100000, 0x00000000dd200000, 0x00000000dd200000|100%| O|  |TAMS 0x00000000dd100000| PB 0x00000000dd200000| Untracked 
| 466|0x00000000dd200000, 0x00000000dd300000, 0x00000000dd300000|100%| O|  |TAMS 0x00000000dd200000| PB 0x00000000dd300000| Untracked 
| 467|0x00000000dd300000, 0x00000000dd400000, 0x00000000dd400000|100%| O|  |TAMS 0x00000000dd300000| PB 0x00000000dd400000| Untracked 
| 468|0x00000000dd400000, 0x00000000dd500000, 0x00000000dd500000|100%| O|  |TAMS 0x00000000dd400000| PB 0x00000000dd500000| Untracked 
| 469|0x00000000dd500000, 0x00000000dd600000, 0x00000000dd600000|100%| O|  |TAMS 0x00000000dd500000| PB 0x00000000dd600000| Untracked 
| 470|0x00000000dd600000, 0x00000000dd700000, 0x00000000dd700000|100%| O|  |TAMS 0x00000000dd600000| PB 0x00000000dd700000| Untracked 
| 471|0x00000000dd700000, 0x00000000dd800000, 0x00000000dd800000|100%| O|  |TAMS 0x00000000dd700000| PB 0x00000000dd800000| Untracked 
| 472|0x00000000dd800000, 0x00000000dd900000, 0x00000000dd900000|100%| O|  |TAMS 0x00000000dd800000| PB 0x00000000dd900000| Untracked 
| 473|0x00000000dd900000, 0x00000000dda00000, 0x00000000dda00000|100%| O|  |TAMS 0x00000000dd900000| PB 0x00000000dda00000| Untracked 
| 474|0x00000000dda00000, 0x00000000ddb00000, 0x00000000ddb00000|100%| O|  |TAMS 0x00000000dda00000| PB 0x00000000ddb00000| Untracked 
| 475|0x00000000ddb00000, 0x00000000ddc00000, 0x00000000ddc00000|100%| O|  |TAMS 0x00000000ddb00000| PB 0x00000000ddc00000| Untracked 
| 476|0x00000000ddc00000, 0x00000000ddd00000, 0x00000000ddd00000|100%| O|  |TAMS 0x00000000ddc00000| PB 0x00000000ddd00000| Untracked 
| 477|0x00000000ddd00000, 0x00000000dde00000, 0x00000000dde00000|100%| O|  |TAMS 0x00000000ddd00000| PB 0x00000000dde00000| Untracked 
| 478|0x00000000dde00000, 0x00000000ddf00000, 0x00000000ddf00000|100%| O|  |TAMS 0x00000000dde00000| PB 0x00000000ddf00000| Untracked 
| 479|0x00000000ddf00000, 0x00000000de000000, 0x00000000de000000|100%| O|  |TAMS 0x00000000ddf00000| PB 0x00000000de000000| Untracked 
| 480|0x00000000de000000, 0x00000000de100000, 0x00000000de100000|100%| O|  |TAMS 0x00000000de000000| PB 0x00000000de100000| Untracked 
| 481|0x00000000de100000, 0x00000000de200000, 0x00000000de200000|100%| O|  |TAMS 0x00000000de100000| PB 0x00000000de200000| Untracked 
| 482|0x00000000de200000, 0x00000000de300000, 0x00000000de300000|100%| O|  |TAMS 0x00000000de200000| PB 0x00000000de300000| Untracked 
| 483|0x00000000de300000, 0x00000000de400000, 0x00000000de400000|100%| O|  |TAMS 0x00000000de300000| PB 0x00000000de400000| Untracked 
| 484|0x00000000de400000, 0x00000000de500000, 0x00000000de500000|100%| O|  |TAMS 0x00000000de400000| PB 0x00000000de500000| Untracked 
| 485|0x00000000de500000, 0x00000000de600000, 0x00000000de600000|100%| O|  |TAMS 0x00000000de500000| PB 0x00000000de600000| Untracked 
| 486|0x00000000de600000, 0x00000000de700000, 0x00000000de700000|100%| O|  |TAMS 0x00000000de600000| PB 0x00000000de700000| Untracked 
| 487|0x00000000de700000, 0x00000000de800000, 0x00000000de800000|100%| O|  |TAMS 0x00000000de700000| PB 0x00000000de800000| Untracked 
| 488|0x00000000de800000, 0x00000000de900000, 0x00000000de900000|100%| O|  |TAMS 0x00000000de800000| PB 0x00000000de900000| Untracked 
| 489|0x00000000de900000, 0x00000000dea00000, 0x00000000dea00000|100%| O|  |TAMS 0x00000000de900000| PB 0x00000000dea00000| Untracked 
| 490|0x00000000dea00000, 0x00000000deb00000, 0x00000000deb00000|100%| O|  |TAMS 0x00000000dea00000| PB 0x00000000deb00000| Untracked 
| 491|0x00000000deb00000, 0x00000000dec00000, 0x00000000dec00000|100%| O|  |TAMS 0x00000000deb00000| PB 0x00000000dec00000| Untracked 
| 492|0x00000000dec00000, 0x00000000decffff0, 0x00000000ded00000| 99%| O|  |TAMS 0x00000000dec00000| PB 0x00000000decffff0| Untracked 
| 493|0x00000000ded00000, 0x00000000dee00000, 0x00000000dee00000|100%| O|  |TAMS 0x00000000ded00000| PB 0x00000000dee00000| Untracked 
| 494|0x00000000dee00000, 0x00000000deefffe0, 0x00000000def00000| 99%| O|  |TAMS 0x00000000dee00000| PB 0x00000000deefffe0| Untracked 
| 495|0x00000000def00000, 0x00000000deffffe8, 0x00000000df000000| 99%| O|  |TAMS 0x00000000def00000| PB 0x00000000deffffe8| Untracked 
| 496|0x00000000df000000, 0x00000000df100000, 0x00000000df100000|100%| O|  |TAMS 0x00000000df000000| PB 0x00000000df100000| Untracked 
| 497|0x00000000df100000, 0x00000000df200000, 0x00000000df200000|100%| O|  |TAMS 0x00000000df100000| PB 0x00000000df200000| Untracked 
| 498|0x00000000df200000, 0x00000000df300000, 0x00000000df300000|100%| O|  |TAMS 0x00000000df200000| PB 0x00000000df300000| Untracked 
| 499|0x00000000df300000, 0x00000000df400000, 0x00000000df400000|100%| O|  |TAMS 0x00000000df300000| PB 0x00000000df400000| Untracked 
| 500|0x00000000df400000, 0x00000000df500000, 0x00000000df500000|100%| O|  |TAMS 0x00000000df400000| PB 0x00000000df500000| Untracked 
| 501|0x00000000df500000, 0x00000000df600000, 0x00000000df600000|100%| O|  |TAMS 0x00000000df500000| PB 0x00000000df600000| Untracked 
| 502|0x00000000df600000, 0x00000000df700000, 0x00000000df700000|100%| O|  |TAMS 0x00000000df600000| PB 0x00000000df700000| Untracked 
| 503|0x00000000df700000, 0x00000000df800000, 0x00000000df800000|100%| O|  |TAMS 0x00000000df700000| PB 0x00000000df800000| Untracked 
| 504|0x00000000df800000, 0x00000000df900000, 0x00000000df900000|100%| O|  |TAMS 0x00000000df800000| PB 0x00000000df900000| Untracked 
| 505|0x00000000df900000, 0x00000000dfa00000, 0x00000000dfa00000|100%| O|  |TAMS 0x00000000df900000| PB 0x00000000dfa00000| Untracked 
| 506|0x00000000dfa00000, 0x00000000dfb00000, 0x00000000dfb00000|100%| O|  |TAMS 0x00000000dfa00000| PB 0x00000000dfb00000| Untracked 
| 507|0x00000000dfb00000, 0x00000000dfc00000, 0x00000000dfc00000|100%| O|  |TAMS 0x00000000dfb00000| PB 0x00000000dfc00000| Untracked 
| 508|0x00000000dfc00000, 0x00000000dfd00000, 0x00000000dfd00000|100%| O|  |TAMS 0x00000000dfc00000| PB 0x00000000dfd00000| Untracked 
| 509|0x00000000dfd00000, 0x00000000dfe00000, 0x00000000dfe00000|100%| O|  |TAMS 0x00000000dfd00000| PB 0x00000000dfe00000| Untracked 
| 510|0x00000000dfe00000, 0x00000000dff00000, 0x00000000dff00000|100%| O|  |TAMS 0x00000000dfe00000| PB 0x00000000dff00000| Untracked 
| 511|0x00000000dff00000, 0x00000000e0000000, 0x00000000e0000000|100%| O|  |TAMS 0x00000000dff00000| PB 0x00000000e0000000| Untracked 
| 512|0x00000000e0000000, 0x00000000e0100000, 0x00000000e0100000|100%| O|  |TAMS 0x00000000e0000000| PB 0x00000000e0100000| Untracked 
| 513|0x00000000e0100000, 0x00000000e0200000, 0x00000000e0200000|100%| O|  |TAMS 0x00000000e0100000| PB 0x00000000e0200000| Untracked 
| 514|0x00000000e0200000, 0x00000000e0300000, 0x00000000e0300000|100%| O|  |TAMS 0x00000000e0200000| PB 0x00000000e0300000| Untracked 
| 515|0x00000000e0300000, 0x00000000e0400000, 0x00000000e0400000|100%| O|  |TAMS 0x00000000e0300000| PB 0x00000000e0400000| Untracked 
| 516|0x00000000e0400000, 0x00000000e0500000, 0x00000000e0500000|100%| O|  |TAMS 0x00000000e0400000| PB 0x00000000e0500000| Untracked 
| 517|0x00000000e0500000, 0x00000000e0600000, 0x00000000e0600000|100%| O|  |TAMS 0x00000000e0500000| PB 0x00000000e0600000| Untracked 
| 518|0x00000000e0600000, 0x00000000e0700000, 0x00000000e0700000|100%| O|  |TAMS 0x00000000e0600000| PB 0x00000000e0700000| Untracked 
| 519|0x00000000e0700000, 0x00000000e0800000, 0x00000000e0800000|100%| O|  |TAMS 0x00000000e0700000| PB 0x00000000e0800000| Untracked 
| 520|0x00000000e0800000, 0x00000000e0900000, 0x00000000e0900000|100%| O|  |TAMS 0x00000000e0800000| PB 0x00000000e0900000| Untracked 
| 521|0x00000000e0900000, 0x00000000e0a00000, 0x00000000e0a00000|100%| O|  |TAMS 0x00000000e0900000| PB 0x00000000e0a00000| Untracked 
| 522|0x00000000e0a00000, 0x00000000e0affff0, 0x00000000e0b00000| 99%| O|  |TAMS 0x00000000e0a00000| PB 0x00000000e0affff0| Untracked 
| 523|0x00000000e0b00000, 0x00000000e0bfff90, 0x00000000e0c00000| 99%| O|  |TAMS 0x00000000e0b00000| PB 0x00000000e0bfff90| Untracked 
| 524|0x00000000e0c00000, 0x00000000e0d00000, 0x00000000e0d00000|100%| O|  |TAMS 0x00000000e0c00000| PB 0x00000000e0d00000| Untracked 
| 525|0x00000000e0d00000, 0x00000000e0e00000, 0x00000000e0e00000|100%| O|  |TAMS 0x00000000e0d00000| PB 0x00000000e0e00000| Untracked 
| 526|0x00000000e0e00000, 0x00000000e0f00000, 0x00000000e0f00000|100%| O|  |TAMS 0x00000000e0e00000| PB 0x00000000e0f00000| Untracked 
| 527|0x00000000e0f00000, 0x00000000e1000000, 0x00000000e1000000|100%| O|  |TAMS 0x00000000e0f00000| PB 0x00000000e1000000| Untracked 
| 528|0x00000000e1000000, 0x00000000e1100000, 0x00000000e1100000|100%| O|  |TAMS 0x00000000e1000000| PB 0x00000000e1100000| Untracked 
| 529|0x00000000e1100000, 0x00000000e1200000, 0x00000000e1200000|100%| O|  |TAMS 0x00000000e1100000| PB 0x00000000e1200000| Untracked 
| 530|0x00000000e1200000, 0x00000000e1300000, 0x00000000e1300000|100%| O|  |TAMS 0x00000000e1200000| PB 0x00000000e1300000| Untracked 
| 531|0x00000000e1300000, 0x00000000e1400000, 0x00000000e1400000|100%| O|  |TAMS 0x00000000e1300000| PB 0x00000000e1400000| Untracked 
| 532|0x00000000e1400000, 0x00000000e1500000, 0x00000000e1500000|100%| O|  |TAMS 0x00000000e1400000| PB 0x00000000e1500000| Untracked 
| 533|0x00000000e1500000, 0x00000000e1600000, 0x00000000e1600000|100%| O|  |TAMS 0x00000000e1500000| PB 0x00000000e1600000| Untracked 
| 534|0x00000000e1600000, 0x00000000e1700000, 0x00000000e1700000|100%| O|  |TAMS 0x00000000e1600000| PB 0x00000000e1700000| Untracked 
| 535|0x00000000e1700000, 0x00000000e1800000, 0x00000000e1800000|100%| O|  |TAMS 0x00000000e1700000| PB 0x00000000e1800000| Untracked 
| 536|0x00000000e1800000, 0x00000000e1900000, 0x00000000e1900000|100%| O|  |TAMS 0x00000000e1800000| PB 0x00000000e1900000| Untracked 
| 537|0x00000000e1900000, 0x00000000e1a00000, 0x00000000e1a00000|100%| O|  |TAMS 0x00000000e1900000| PB 0x00000000e1a00000| Untracked 
| 538|0x00000000e1a00000, 0x00000000e1b00000, 0x00000000e1b00000|100%| O|  |TAMS 0x00000000e1a00000| PB 0x00000000e1b00000| Untracked 
| 539|0x00000000e1b00000, 0x00000000e1c00000, 0x00000000e1c00000|100%| O|  |TAMS 0x00000000e1b00000| PB 0x00000000e1c00000| Untracked 
| 540|0x00000000e1c00000, 0x00000000e1d00000, 0x00000000e1d00000|100%| O|  |TAMS 0x00000000e1c00000| PB 0x00000000e1d00000| Untracked 
| 541|0x00000000e1d00000, 0x00000000e1e00000, 0x00000000e1e00000|100%| O|  |TAMS 0x00000000e1d00000| PB 0x00000000e1e00000| Untracked 
| 542|0x00000000e1e00000, 0x00000000e1f00000, 0x00000000e1f00000|100%| O|  |TAMS 0x00000000e1e00000| PB 0x00000000e1f00000| Untracked 
| 543|0x00000000e1f00000, 0x00000000e2000000, 0x00000000e2000000|100%| O|  |TAMS 0x00000000e1f00000| PB 0x00000000e2000000| Untracked 
| 544|0x00000000e2000000, 0x00000000e2100000, 0x00000000e2100000|100%| O|  |TAMS 0x00000000e2000000| PB 0x00000000e2100000| Untracked 
| 545|0x00000000e2100000, 0x00000000e2200000, 0x00000000e2200000|100%| O|  |TAMS 0x00000000e2100000| PB 0x00000000e2200000| Untracked 
| 546|0x00000000e2200000, 0x00000000e2300000, 0x00000000e2300000|100%| O|  |TAMS 0x00000000e2200000| PB 0x00000000e2300000| Untracked 
| 547|0x00000000e2300000, 0x00000000e2400000, 0x00000000e2400000|100%| O|  |TAMS 0x00000000e2300000| PB 0x00000000e2400000| Untracked 
| 548|0x00000000e2400000, 0x00000000e2500000, 0x00000000e2500000|100%| O|  |TAMS 0x00000000e2400000| PB 0x00000000e2500000| Untracked 
| 549|0x00000000e2500000, 0x00000000e2600000, 0x00000000e2600000|100%| O|  |TAMS 0x00000000e2500000| PB 0x00000000e2600000| Untracked 
| 550|0x00000000e2600000, 0x00000000e2700000, 0x00000000e2700000|100%| O|  |TAMS 0x00000000e2600000| PB 0x00000000e2700000| Untracked 
| 551|0x00000000e2700000, 0x00000000e2800000, 0x00000000e2800000|100%| O|  |TAMS 0x00000000e2700000| PB 0x00000000e2800000| Untracked 
| 552|0x00000000e2800000, 0x00000000e2900000, 0x00000000e2900000|100%| O|  |TAMS 0x00000000e2800000| PB 0x00000000e2900000| Untracked 
| 553|0x00000000e2900000, 0x00000000e2a00000, 0x00000000e2a00000|100%| O|  |TAMS 0x00000000e2900000| PB 0x00000000e2a00000| Untracked 
| 554|0x00000000e2a00000, 0x00000000e2b00000, 0x00000000e2b00000|100%| O|  |TAMS 0x00000000e2a00000| PB 0x00000000e2b00000| Untracked 
| 555|0x00000000e2b00000, 0x00000000e2c00000, 0x00000000e2c00000|100%| O|  |TAMS 0x00000000e2b00000| PB 0x00000000e2c00000| Untracked 
| 556|0x00000000e2c00000, 0x00000000e2d00000, 0x00000000e2d00000|100%| O|  |TAMS 0x00000000e2c00000| PB 0x00000000e2d00000| Untracked 
| 557|0x00000000e2d00000, 0x00000000e2e00000, 0x00000000e2e00000|100%| O|  |TAMS 0x00000000e2d00000| PB 0x00000000e2e00000| Untracked 
| 558|0x00000000e2e00000, 0x00000000e2f00000, 0x00000000e2f00000|100%| O|  |TAMS 0x00000000e2e00000| PB 0x00000000e2f00000| Untracked 
| 559|0x00000000e2f00000, 0x00000000e3000000, 0x00000000e3000000|100%| O|  |TAMS 0x00000000e2f00000| PB 0x00000000e3000000| Untracked 
| 560|0x00000000e3000000, 0x00000000e3100000, 0x00000000e3100000|100%| O|  |TAMS 0x00000000e3000000| PB 0x00000000e3100000| Untracked 
| 561|0x00000000e3100000, 0x00000000e31fffd8, 0x00000000e3200000| 99%| O|  |TAMS 0x00000000e3100000| PB 0x00000000e31fffd8| Untracked 
| 562|0x00000000e3200000, 0x00000000e3300000, 0x00000000e3300000|100%| O|  |TAMS 0x00000000e3200000| PB 0x00000000e3300000| Untracked 
| 563|0x00000000e3300000, 0x00000000e33fff78, 0x00000000e3400000| 99%| O|  |TAMS 0x00000000e3300000| PB 0x00000000e33fff78| Untracked 
| 564|0x00000000e3400000, 0x00000000e3500000, 0x00000000e3500000|100%| O|  |TAMS 0x00000000e3400000| PB 0x00000000e3500000| Untracked 
| 565|0x00000000e3500000, 0x00000000e3600000, 0x00000000e3600000|100%| O|  |TAMS 0x00000000e3500000| PB 0x00000000e3600000| Untracked 
| 566|0x00000000e3600000, 0x00000000e3700000, 0x00000000e3700000|100%| O|  |TAMS 0x00000000e3600000| PB 0x00000000e3700000| Untracked 
| 567|0x00000000e3700000, 0x00000000e3800000, 0x00000000e3800000|100%| O|  |TAMS 0x00000000e3700000| PB 0x00000000e3800000| Untracked 
| 568|0x00000000e3800000, 0x00000000e3900000, 0x00000000e3900000|100%| O|  |TAMS 0x00000000e3800000| PB 0x00000000e3900000| Untracked 
| 569|0x00000000e3900000, 0x00000000e3a00000, 0x00000000e3a00000|100%| O|  |TAMS 0x00000000e3900000| PB 0x00000000e3a00000| Untracked 
| 570|0x00000000e3a00000, 0x00000000e3b00000, 0x00000000e3b00000|100%| O|  |TAMS 0x00000000e3a00000| PB 0x00000000e3b00000| Untracked 
| 571|0x00000000e3b00000, 0x00000000e3c00000, 0x00000000e3c00000|100%| O|  |TAMS 0x00000000e3b00000| PB 0x00000000e3c00000| Untracked 
| 572|0x00000000e3c00000, 0x00000000e3d00000, 0x00000000e3d00000|100%| O|  |TAMS 0x00000000e3c00000| PB 0x00000000e3d00000| Untracked 
| 573|0x00000000e3d00000, 0x00000000e3e00000, 0x00000000e3e00000|100%| O|  |TAMS 0x00000000e3d00000| PB 0x00000000e3e00000| Untracked 
| 574|0x00000000e3e00000, 0x00000000e3f00000, 0x00000000e3f00000|100%| O|  |TAMS 0x00000000e3e00000| PB 0x00000000e3f00000| Untracked 
| 575|0x00000000e3f00000, 0x00000000e4000000, 0x00000000e4000000|100%| O|  |TAMS 0x00000000e3f00000| PB 0x00000000e4000000| Untracked 
| 576|0x00000000e4000000, 0x00000000e4100000, 0x00000000e4100000|100%| O|  |TAMS 0x00000000e4000000| PB 0x00000000e4100000| Untracked 
| 577|0x00000000e4100000, 0x00000000e4200000, 0x00000000e4200000|100%| O|  |TAMS 0x00000000e4100000| PB 0x00000000e4200000| Untracked 
| 578|0x00000000e4200000, 0x00000000e4300000, 0x00000000e4300000|100%| O|  |TAMS 0x00000000e4200000| PB 0x00000000e4300000| Untracked 
| 579|0x00000000e4300000, 0x00000000e4400000, 0x00000000e4400000|100%| O|  |TAMS 0x00000000e4300000| PB 0x00000000e4400000| Untracked 
| 580|0x00000000e4400000, 0x00000000e4500000, 0x00000000e4500000|100%| O|  |TAMS 0x00000000e4400000| PB 0x00000000e4500000| Untracked 
| 581|0x00000000e4500000, 0x00000000e4600000, 0x00000000e4600000|100%| O|  |TAMS 0x00000000e4500000| PB 0x00000000e4600000| Untracked 
| 582|0x00000000e4600000, 0x00000000e4700000, 0x00000000e4700000|100%| O|  |TAMS 0x00000000e4600000| PB 0x00000000e4700000| Untracked 
| 583|0x00000000e4700000, 0x00000000e4800000, 0x00000000e4800000|100%| O|  |TAMS 0x00000000e4700000| PB 0x00000000e4800000| Untracked 
| 584|0x00000000e4800000, 0x00000000e4900000, 0x00000000e4900000|100%| O|  |TAMS 0x00000000e4800000| PB 0x00000000e4900000| Untracked 
| 585|0x00000000e4900000, 0x00000000e4a00000, 0x00000000e4a00000|100%| O|  |TAMS 0x00000000e4900000| PB 0x00000000e4a00000| Untracked 
| 586|0x00000000e4a00000, 0x00000000e4b00000, 0x00000000e4b00000|100%| O|  |TAMS 0x00000000e4a00000| PB 0x00000000e4b00000| Untracked 
| 587|0x00000000e4b00000, 0x00000000e4c00000, 0x00000000e4c00000|100%| O|  |TAMS 0x00000000e4b00000| PB 0x00000000e4c00000| Untracked 
| 588|0x00000000e4c00000, 0x00000000e4d00000, 0x00000000e4d00000|100%| O|  |TAMS 0x00000000e4c00000| PB 0x00000000e4d00000| Untracked 
| 589|0x00000000e4d00000, 0x00000000e4e00000, 0x00000000e4e00000|100%| O|  |TAMS 0x00000000e4d00000| PB 0x00000000e4e00000| Untracked 
| 590|0x00000000e4e00000, 0x00000000e4f00000, 0x00000000e4f00000|100%| O|  |TAMS 0x00000000e4e00000| PB 0x00000000e4f00000| Untracked 
| 591|0x00000000e4f00000, 0x00000000e5000000, 0x00000000e5000000|100%| O|  |TAMS 0x00000000e4f00000| PB 0x00000000e5000000| Untracked 
| 592|0x00000000e5000000, 0x00000000e5100000, 0x00000000e5100000|100%| O|  |TAMS 0x00000000e5000000| PB 0x00000000e5100000| Untracked 
| 593|0x00000000e5100000, 0x00000000e5200000, 0x00000000e5200000|100%| O|  |TAMS 0x00000000e5100000| PB 0x00000000e5200000| Untracked 
| 594|0x00000000e5200000, 0x00000000e5300000, 0x00000000e5300000|100%| O|  |TAMS 0x00000000e5200000| PB 0x00000000e5300000| Untracked 
| 595|0x00000000e5300000, 0x00000000e5400000, 0x00000000e5400000|100%| O|  |TAMS 0x00000000e5300000| PB 0x00000000e5400000| Untracked 
| 596|0x00000000e5400000, 0x00000000e5500000, 0x00000000e5500000|100%| O|  |TAMS 0x00000000e5400000| PB 0x00000000e5500000| Untracked 
| 597|0x00000000e5500000, 0x00000000e5600000, 0x00000000e5600000|100%| O|  |TAMS 0x00000000e5500000| PB 0x00000000e5600000| Untracked 
| 598|0x00000000e5600000, 0x00000000e5700000, 0x00000000e5700000|100%| O|  |TAMS 0x00000000e5600000| PB 0x00000000e5700000| Untracked 
| 599|0x00000000e5700000, 0x00000000e57ffff8, 0x00000000e5800000| 99%| O|  |TAMS 0x00000000e5700000| PB 0x00000000e57ffff8| Untracked 
| 600|0x00000000e5800000, 0x00000000e5900000, 0x00000000e5900000|100%| O|  |TAMS 0x00000000e5800000| PB 0x00000000e5900000| Untracked 
| 601|0x00000000e5900000, 0x00000000e5a00000, 0x00000000e5a00000|100%| O|  |TAMS 0x00000000e5900000| PB 0x00000000e5a00000| Untracked 
| 602|0x00000000e5a00000, 0x00000000e5b00000, 0x00000000e5b00000|100%| O|  |TAMS 0x00000000e5a00000| PB 0x00000000e5b00000| Untracked 
| 603|0x00000000e5b00000, 0x00000000e5bffff0, 0x00000000e5c00000| 99%| O|  |TAMS 0x00000000e5b00000| PB 0x00000000e5bffff0| Untracked 
| 604|0x00000000e5c00000, 0x00000000e5cfffa0, 0x00000000e5d00000| 99%| O|  |TAMS 0x00000000e5c00000| PB 0x00000000e5cfffa0| Untracked 
| 605|0x00000000e5d00000, 0x00000000e5e00000, 0x00000000e5e00000|100%| O|  |TAMS 0x00000000e5d00000| PB 0x00000000e5e00000| Untracked 
| 606|0x00000000e5e00000, 0x00000000e5f00000, 0x00000000e5f00000|100%| O|  |TAMS 0x00000000e5e00000| PB 0x00000000e5f00000| Untracked 
| 607|0x00000000e5f00000, 0x00000000e6000000, 0x00000000e6000000|100%| O|  |TAMS 0x00000000e5f00000| PB 0x00000000e6000000| Untracked 
| 608|0x00000000e6000000, 0x00000000e6100000, 0x00000000e6100000|100%| O|  |TAMS 0x00000000e6000000| PB 0x00000000e6100000| Untracked 
| 609|0x00000000e6100000, 0x00000000e6200000, 0x00000000e6200000|100%| O|  |TAMS 0x00000000e6100000| PB 0x00000000e6200000| Untracked 
| 610|0x00000000e6200000, 0x00000000e6300000, 0x00000000e6300000|100%| O|  |TAMS 0x00000000e6200000| PB 0x00000000e6300000| Untracked 
| 611|0x00000000e6300000, 0x00000000e6400000, 0x00000000e6400000|100%| O|  |TAMS 0x00000000e6300000| PB 0x00000000e6400000| Untracked 
| 612|0x00000000e6400000, 0x00000000e6500000, 0x00000000e6500000|100%| O|  |TAMS 0x00000000e6400000| PB 0x00000000e6500000| Untracked 
| 613|0x00000000e6500000, 0x00000000e6600000, 0x00000000e6600000|100%| O|  |TAMS 0x00000000e6500000| PB 0x00000000e6600000| Untracked 
| 614|0x00000000e6600000, 0x00000000e6700000, 0x00000000e6700000|100%| O|  |TAMS 0x00000000e6600000| PB 0x00000000e6700000| Untracked 
| 615|0x00000000e6700000, 0x00000000e6800000, 0x00000000e6800000|100%| O|  |TAMS 0x00000000e6700000| PB 0x00000000e6800000| Untracked 
| 616|0x00000000e6800000, 0x00000000e6900000, 0x00000000e6900000|100%| O|  |TAMS 0x00000000e6800000| PB 0x00000000e6900000| Untracked 
| 617|0x00000000e6900000, 0x00000000e6a00000, 0x00000000e6a00000|100%| O|  |TAMS 0x00000000e6900000| PB 0x00000000e6a00000| Untracked 
| 618|0x00000000e6a00000, 0x00000000e6b00000, 0x00000000e6b00000|100%| O|  |TAMS 0x00000000e6a00000| PB 0x00000000e6b00000| Untracked 
| 619|0x00000000e6b00000, 0x00000000e6c00000, 0x00000000e6c00000|100%| O|  |TAMS 0x00000000e6b00000| PB 0x00000000e6c00000| Untracked 
| 620|0x00000000e6c00000, 0x00000000e6d00000, 0x00000000e6d00000|100%| O|  |TAMS 0x00000000e6c00000| PB 0x00000000e6d00000| Untracked 
| 621|0x00000000e6d00000, 0x00000000e6e00000, 0x00000000e6e00000|100%| O|  |TAMS 0x00000000e6d00000| PB 0x00000000e6e00000| Untracked 
| 622|0x00000000e6e00000, 0x00000000e6f00000, 0x00000000e6f00000|100%| O|  |TAMS 0x00000000e6e00000| PB 0x00000000e6f00000| Untracked 
| 623|0x00000000e6f00000, 0x00000000e7000000, 0x00000000e7000000|100%| O|  |TAMS 0x00000000e6f00000| PB 0x00000000e7000000| Untracked 
| 624|0x00000000e7000000, 0x00000000e7100000, 0x00000000e7100000|100%| O|  |TAMS 0x00000000e7000000| PB 0x00000000e7100000| Untracked 
| 625|0x00000000e7100000, 0x00000000e7200000, 0x00000000e7200000|100%| O|  |TAMS 0x00000000e7100000| PB 0x00000000e7200000| Untracked 
| 626|0x00000000e7200000, 0x00000000e7300000, 0x00000000e7300000|100%| O|  |TAMS 0x00000000e7200000| PB 0x00000000e7300000| Untracked 
| 627|0x00000000e7300000, 0x00000000e7400000, 0x00000000e7400000|100%| O|  |TAMS 0x00000000e7300000| PB 0x00000000e7400000| Untracked 
| 628|0x00000000e7400000, 0x00000000e7500000, 0x00000000e7500000|100%| O|  |TAMS 0x00000000e7400000| PB 0x00000000e7500000| Untracked 
| 629|0x00000000e7500000, 0x00000000e7600000, 0x00000000e7600000|100%| O|  |TAMS 0x00000000e7500000| PB 0x00000000e7600000| Untracked 
| 630|0x00000000e7600000, 0x00000000e7700000, 0x00000000e7700000|100%| O|  |TAMS 0x00000000e7600000| PB 0x00000000e7700000| Untracked 
| 631|0x00000000e7700000, 0x00000000e7800000, 0x00000000e7800000|100%| O|  |TAMS 0x00000000e7700000| PB 0x00000000e7800000| Untracked 
| 632|0x00000000e7800000, 0x00000000e7900000, 0x00000000e7900000|100%| O|  |TAMS 0x00000000e7800000| PB 0x00000000e7900000| Untracked 
| 633|0x00000000e7900000, 0x00000000e7a00000, 0x00000000e7a00000|100%| O|  |TAMS 0x00000000e7900000| PB 0x00000000e7a00000| Untracked 
| 634|0x00000000e7a00000, 0x00000000e7b00000, 0x00000000e7b00000|100%| O|  |TAMS 0x00000000e7a00000| PB 0x00000000e7b00000| Untracked 
| 635|0x00000000e7b00000, 0x00000000e7c00000, 0x00000000e7c00000|100%| O|  |TAMS 0x00000000e7b00000| PB 0x00000000e7c00000| Untracked 
| 636|0x00000000e7c00000, 0x00000000e7d00000, 0x00000000e7d00000|100%| O|  |TAMS 0x00000000e7c00000| PB 0x00000000e7d00000| Untracked 
| 637|0x00000000e7d00000, 0x00000000e7e00000, 0x00000000e7e00000|100%| O|  |TAMS 0x00000000e7d00000| PB 0x00000000e7e00000| Untracked 
| 638|0x00000000e7e00000, 0x00000000e7efffe8, 0x00000000e7f00000| 99%| O|  |TAMS 0x00000000e7e00000| PB 0x00000000e7efffe8| Untracked 
| 639|0x00000000e7f00000, 0x00000000e7ffff60, 0x00000000e8000000| 99%| O|  |TAMS 0x00000000e7f00000| PB 0x00000000e7ffff60| Untracked 
| 640|0x00000000e8000000, 0x00000000e8100000, 0x00000000e8100000|100%| O|  |TAMS 0x00000000e8000000| PB 0x00000000e8100000| Untracked 
| 641|0x00000000e8100000, 0x00000000e81fff80, 0x00000000e8200000| 99%| O|  |TAMS 0x00000000e8100000| PB 0x00000000e81fff80| Untracked 
| 642|0x00000000e8200000, 0x00000000e82fff80, 0x00000000e8300000| 99%| O|  |TAMS 0x00000000e8200000| PB 0x00000000e82fff80| Untracked 
| 643|0x00000000e8300000, 0x00000000e8400000, 0x00000000e8400000|100%| O|  |TAMS 0x00000000e8300000| PB 0x00000000e8400000| Untracked 
| 644|0x00000000e8400000, 0x00000000e8500000, 0x00000000e8500000|100%| O|  |TAMS 0x00000000e8400000| PB 0x00000000e8500000| Untracked 
| 645|0x00000000e8500000, 0x00000000e8600000, 0x00000000e8600000|100%| O|  |TAMS 0x00000000e8500000| PB 0x00000000e8600000| Untracked 
| 646|0x00000000e8600000, 0x00000000e8700000, 0x00000000e8700000|100%| O|  |TAMS 0x00000000e8600000| PB 0x00000000e8700000| Untracked 
| 647|0x00000000e8700000, 0x00000000e8800000, 0x00000000e8800000|100%| O|  |TAMS 0x00000000e8700000| PB 0x00000000e8800000| Untracked 
| 648|0x00000000e8800000, 0x00000000e8900000, 0x00000000e8900000|100%| O|  |TAMS 0x00000000e8800000| PB 0x00000000e8900000| Untracked 
| 649|0x00000000e8900000, 0x00000000e8a00000, 0x00000000e8a00000|100%| O|  |TAMS 0x00000000e8900000| PB 0x00000000e8a00000| Untracked 
| 650|0x00000000e8a00000, 0x00000000e8b00000, 0x00000000e8b00000|100%| O|  |TAMS 0x00000000e8a00000| PB 0x00000000e8b00000| Untracked 
| 651|0x00000000e8b00000, 0x00000000e8c00000, 0x00000000e8c00000|100%| O|  |TAMS 0x00000000e8b00000| PB 0x00000000e8c00000| Untracked 
| 652|0x00000000e8c00000, 0x00000000e8d00000, 0x00000000e8d00000|100%| O|  |TAMS 0x00000000e8c00000| PB 0x00000000e8d00000| Untracked 
| 653|0x00000000e8d00000, 0x00000000e8e00000, 0x00000000e8e00000|100%| O|  |TAMS 0x00000000e8d00000| PB 0x00000000e8e00000| Untracked 
| 654|0x00000000e8e00000, 0x00000000e8f00000, 0x00000000e8f00000|100%| O|  |TAMS 0x00000000e8e00000| PB 0x00000000e8f00000| Untracked 
| 655|0x00000000e8f00000, 0x00000000e9000000, 0x00000000e9000000|100%| O|  |TAMS 0x00000000e8f00000| PB 0x00000000e9000000| Untracked 
| 656|0x00000000e9000000, 0x00000000e9100000, 0x00000000e9100000|100%| O|  |TAMS 0x00000000e9000000| PB 0x00000000e9100000| Untracked 
| 657|0x00000000e9100000, 0x00000000e9200000, 0x00000000e9200000|100%| O|  |TAMS 0x00000000e9100000| PB 0x00000000e9200000| Untracked 
| 658|0x00000000e9200000, 0x00000000e9300000, 0x00000000e9300000|100%| O|  |TAMS 0x00000000e9200000| PB 0x00000000e9300000| Untracked 
| 659|0x00000000e9300000, 0x00000000e9400000, 0x00000000e9400000|100%| O|  |TAMS 0x00000000e9300000| PB 0x00000000e9400000| Untracked 
| 660|0x00000000e9400000, 0x00000000e9500000, 0x00000000e9500000|100%| O|  |TAMS 0x00000000e9400000| PB 0x00000000e9500000| Untracked 
| 661|0x00000000e9500000, 0x00000000e9600000, 0x00000000e9600000|100%| O|  |TAMS 0x00000000e9500000| PB 0x00000000e9600000| Untracked 
| 662|0x00000000e9600000, 0x00000000e9700000, 0x00000000e9700000|100%| O|  |TAMS 0x00000000e9600000| PB 0x00000000e9700000| Untracked 
| 663|0x00000000e9700000, 0x00000000e9800000, 0x00000000e9800000|100%| O|  |TAMS 0x00000000e9700000| PB 0x00000000e9800000| Untracked 
| 664|0x00000000e9800000, 0x00000000e9900000, 0x00000000e9900000|100%| O|  |TAMS 0x00000000e9800000| PB 0x00000000e9900000| Untracked 
| 665|0x00000000e9900000, 0x00000000e9a00000, 0x00000000e9a00000|100%| O|  |TAMS 0x00000000e9900000| PB 0x00000000e9a00000| Untracked 
| 666|0x00000000e9a00000, 0x00000000e9b00000, 0x00000000e9b00000|100%| O|  |TAMS 0x00000000e9a00000| PB 0x00000000e9b00000| Untracked 
| 667|0x00000000e9b00000, 0x00000000e9c00000, 0x00000000e9c00000|100%| O|  |TAMS 0x00000000e9b00000| PB 0x00000000e9c00000| Untracked 
| 668|0x00000000e9c00000, 0x00000000e9d00000, 0x00000000e9d00000|100%| O|  |TAMS 0x00000000e9c00000| PB 0x00000000e9d00000| Untracked 
| 669|0x00000000e9d00000, 0x00000000e9e00000, 0x00000000e9e00000|100%| O|  |TAMS 0x00000000e9d00000| PB 0x00000000e9e00000| Untracked 
| 670|0x00000000e9e00000, 0x00000000e9f00000, 0x00000000e9f00000|100%| O|  |TAMS 0x00000000e9e00000| PB 0x00000000e9f00000| Untracked 
| 671|0x00000000e9f00000, 0x00000000ea000000, 0x00000000ea000000|100%| O|  |TAMS 0x00000000e9f00000| PB 0x00000000ea000000| Untracked 
| 672|0x00000000ea000000, 0x00000000ea100000, 0x00000000ea100000|100%| O|  |TAMS 0x00000000ea000000| PB 0x00000000ea100000| Untracked 
| 673|0x00000000ea100000, 0x00000000ea200000, 0x00000000ea200000|100%| O|  |TAMS 0x00000000ea100000| PB 0x00000000ea200000| Untracked 
| 674|0x00000000ea200000, 0x00000000ea300000, 0x00000000ea300000|100%| O|  |TAMS 0x00000000ea200000| PB 0x00000000ea300000| Untracked 
| 675|0x00000000ea300000, 0x00000000ea400000, 0x00000000ea400000|100%| O|  |TAMS 0x00000000ea300000| PB 0x00000000ea400000| Untracked 
| 676|0x00000000ea400000, 0x00000000ea500000, 0x00000000ea500000|100%| O|  |TAMS 0x00000000ea400000| PB 0x00000000ea500000| Untracked 
| 677|0x00000000ea500000, 0x00000000ea600000, 0x00000000ea600000|100%| O|  |TAMS 0x00000000ea500000| PB 0x00000000ea600000| Untracked 
| 678|0x00000000ea600000, 0x00000000ea700000, 0x00000000ea700000|100%| O|  |TAMS 0x00000000ea600000| PB 0x00000000ea700000| Untracked 
| 679|0x00000000ea700000, 0x00000000ea800000, 0x00000000ea800000|100%| O|  |TAMS 0x00000000ea700000| PB 0x00000000ea800000| Untracked 
| 680|0x00000000ea800000, 0x00000000ea900000, 0x00000000ea900000|100%| O|  |TAMS 0x00000000ea800000| PB 0x00000000ea900000| Untracked 
| 681|0x00000000ea900000, 0x00000000eaa00000, 0x00000000eaa00000|100%| O|  |TAMS 0x00000000ea900000| PB 0x00000000eaa00000| Untracked 
| 682|0x00000000eaa00000, 0x00000000eab00000, 0x00000000eab00000|100%| O|  |TAMS 0x00000000eaa00000| PB 0x00000000eab00000| Untracked 
| 683|0x00000000eab00000, 0x00000000eac00000, 0x00000000eac00000|100%| O|  |TAMS 0x00000000eab00000| PB 0x00000000eac00000| Untracked 
| 684|0x00000000eac00000, 0x00000000ead00000, 0x00000000ead00000|100%| O|  |TAMS 0x00000000eac00000| PB 0x00000000ead00000| Untracked 
| 685|0x00000000ead00000, 0x00000000eae00000, 0x00000000eae00000|100%| O|  |TAMS 0x00000000ead00000| PB 0x00000000eae00000| Untracked 
| 686|0x00000000eae00000, 0x00000000eaefffd8, 0x00000000eaf00000| 99%| O|  |TAMS 0x00000000eae00000| PB 0x00000000eaefffd8| Untracked 
| 687|0x00000000eaf00000, 0x00000000eaffffe8, 0x00000000eb000000| 99%| O|  |TAMS 0x00000000eaf00000| PB 0x00000000eaffffe8| Untracked 
| 688|0x00000000eb000000, 0x00000000eb100000, 0x00000000eb100000|100%| O|  |TAMS 0x00000000eb000000| PB 0x00000000eb100000| Untracked 
| 689|0x00000000eb100000, 0x00000000eb200000, 0x00000000eb200000|100%| O|  |TAMS 0x00000000eb100000| PB 0x00000000eb200000| Untracked 
| 690|0x00000000eb200000, 0x00000000eb300000, 0x00000000eb300000|100%| O|  |TAMS 0x00000000eb200000| PB 0x00000000eb300000| Untracked 
| 691|0x00000000eb300000, 0x00000000eb400000, 0x00000000eb400000|100%| O|  |TAMS 0x00000000eb300000| PB 0x00000000eb400000| Untracked 
| 692|0x00000000eb400000, 0x00000000eb500000, 0x00000000eb500000|100%| O|  |TAMS 0x00000000eb400000| PB 0x00000000eb500000| Untracked 
| 693|0x00000000eb500000, 0x00000000eb600000, 0x00000000eb600000|100%| O|  |TAMS 0x00000000eb500000| PB 0x00000000eb600000| Untracked 
| 694|0x00000000eb600000, 0x00000000eb700000, 0x00000000eb700000|100%| O|  |TAMS 0x00000000eb600000| PB 0x00000000eb700000| Untracked 
| 695|0x00000000eb700000, 0x00000000eb800000, 0x00000000eb800000|100%| O|  |TAMS 0x00000000eb700000| PB 0x00000000eb800000| Untracked 
| 696|0x00000000eb800000, 0x00000000eb900000, 0x00000000eb900000|100%| O|  |TAMS 0x00000000eb800000| PB 0x00000000eb900000| Untracked 
| 697|0x00000000eb900000, 0x00000000eba00000, 0x00000000eba00000|100%| O|  |TAMS 0x00000000eb900000| PB 0x00000000eba00000| Untracked 
| 698|0x00000000eba00000, 0x00000000ebb00000, 0x00000000ebb00000|100%| O|  |TAMS 0x00000000eba00000| PB 0x00000000ebb00000| Untracked 
| 699|0x00000000ebb00000, 0x00000000ebc00000, 0x00000000ebc00000|100%| O|  |TAMS 0x00000000ebb00000| PB 0x00000000ebc00000| Untracked 
| 700|0x00000000ebc00000, 0x00000000ebd00000, 0x00000000ebd00000|100%| O|  |TAMS 0x00000000ebc00000| PB 0x00000000ebd00000| Untracked 
| 701|0x00000000ebd00000, 0x00000000ebe00000, 0x00000000ebe00000|100%| O|  |TAMS 0x00000000ebd00000| PB 0x00000000ebe00000| Untracked 
| 702|0x00000000ebe00000, 0x00000000ebf00000, 0x00000000ebf00000|100%| O|  |TAMS 0x00000000ebe00000| PB 0x00000000ebf00000| Untracked 
| 703|0x00000000ebf00000, 0x00000000ec000000, 0x00000000ec000000|100%| O|  |TAMS 0x00000000ebf00000| PB 0x00000000ec000000| Untracked 
| 704|0x00000000ec000000, 0x00000000ec100000, 0x00000000ec100000|100%| O|  |TAMS 0x00000000ec000000| PB 0x00000000ec100000| Untracked 
| 705|0x00000000ec100000, 0x00000000ec200000, 0x00000000ec200000|100%| O|  |TAMS 0x00000000ec100000| PB 0x00000000ec200000| Untracked 
| 706|0x00000000ec200000, 0x00000000ec300000, 0x00000000ec300000|100%| O|  |TAMS 0x00000000ec200000| PB 0x00000000ec300000| Untracked 
| 707|0x00000000ec300000, 0x00000000ec400000, 0x00000000ec400000|100%| O|  |TAMS 0x00000000ec300000| PB 0x00000000ec400000| Untracked 
| 708|0x00000000ec400000, 0x00000000ec500000, 0x00000000ec500000|100%| O|  |TAMS 0x00000000ec400000| PB 0x00000000ec500000| Untracked 
| 709|0x00000000ec500000, 0x00000000ec600000, 0x00000000ec600000|100%| O|  |TAMS 0x00000000ec500000| PB 0x00000000ec600000| Untracked 
| 710|0x00000000ec600000, 0x00000000ec700000, 0x00000000ec700000|100%| O|  |TAMS 0x00000000ec600000| PB 0x00000000ec700000| Untracked 
| 711|0x00000000ec700000, 0x00000000ec800000, 0x00000000ec800000|100%| O|  |TAMS 0x00000000ec700000| PB 0x00000000ec800000| Untracked 
| 712|0x00000000ec800000, 0x00000000ec900000, 0x00000000ec900000|100%| O|  |TAMS 0x00000000ec800000| PB 0x00000000ec900000| Untracked 
| 713|0x00000000ec900000, 0x00000000eca00000, 0x00000000eca00000|100%| O|  |TAMS 0x00000000ec900000| PB 0x00000000eca00000| Untracked 
| 714|0x00000000eca00000, 0x00000000ecb00000, 0x00000000ecb00000|100%| O|  |TAMS 0x00000000eca00000| PB 0x00000000ecb00000| Untracked 
| 715|0x00000000ecb00000, 0x00000000ecc00000, 0x00000000ecc00000|100%| O|  |TAMS 0x00000000ecb00000| PB 0x00000000ecc00000| Untracked 
| 716|0x00000000ecc00000, 0x00000000ecd00000, 0x00000000ecd00000|100%| O|  |TAMS 0x00000000ecc00000| PB 0x00000000ecd00000| Untracked 
| 717|0x00000000ecd00000, 0x00000000ece00000, 0x00000000ece00000|100%| O|  |TAMS 0x00000000ecd00000| PB 0x00000000ece00000| Untracked 
| 718|0x00000000ece00000, 0x00000000ecf00000, 0x00000000ecf00000|100%| O|  |TAMS 0x00000000ece00000| PB 0x00000000ecf00000| Untracked 
| 719|0x00000000ecf00000, 0x00000000ed000000, 0x00000000ed000000|100%| O|  |TAMS 0x00000000ecf00000| PB 0x00000000ed000000| Untracked 
| 720|0x00000000ed000000, 0x00000000ed100000, 0x00000000ed100000|100%| O|  |TAMS 0x00000000ed000000| PB 0x00000000ed100000| Untracked 
| 721|0x00000000ed100000, 0x00000000ed200000, 0x00000000ed200000|100%| O|  |TAMS 0x00000000ed100000| PB 0x00000000ed200000| Untracked 
| 722|0x00000000ed200000, 0x00000000ed300000, 0x00000000ed300000|100%| O|  |TAMS 0x00000000ed200000| PB 0x00000000ed300000| Untracked 
| 723|0x00000000ed300000, 0x00000000ed400000, 0x00000000ed400000|100%| O|  |TAMS 0x00000000ed300000| PB 0x00000000ed400000| Untracked 
| 724|0x00000000ed400000, 0x00000000ed500000, 0x00000000ed500000|100%| O|  |TAMS 0x00000000ed400000| PB 0x00000000ed500000| Untracked 
| 725|0x00000000ed500000, 0x00000000ed600000, 0x00000000ed600000|100%| O|  |TAMS 0x00000000ed500000| PB 0x00000000ed600000| Untracked 
| 726|0x00000000ed600000, 0x00000000ed700000, 0x00000000ed700000|100%| O|  |TAMS 0x00000000ed600000| PB 0x00000000ed700000| Untracked 
| 727|0x00000000ed700000, 0x00000000ed800000, 0x00000000ed800000|100%| O|  |TAMS 0x00000000ed700000| PB 0x00000000ed800000| Untracked 
| 728|0x00000000ed800000, 0x00000000ed900000, 0x00000000ed900000|100%| O|  |TAMS 0x00000000ed800000| PB 0x00000000ed900000| Untracked 
| 729|0x00000000ed900000, 0x00000000eda00000, 0x00000000eda00000|100%| O|  |TAMS 0x00000000ed900000| PB 0x00000000eda00000| Untracked 
| 730|0x00000000eda00000, 0x00000000edb00000, 0x00000000edb00000|100%| O|  |TAMS 0x00000000eda00000| PB 0x00000000edb00000| Untracked 
| 731|0x00000000edb00000, 0x00000000edbfff50, 0x00000000edc00000| 99%| O|  |TAMS 0x00000000edb00000| PB 0x00000000edbfff50| Untracked 
| 732|0x00000000edc00000, 0x00000000edd00000, 0x00000000edd00000|100%| O|  |TAMS 0x00000000edc00000| PB 0x00000000edd00000| Untracked 
| 733|0x00000000edd00000, 0x00000000ede00000, 0x00000000ede00000|100%| O|  |TAMS 0x00000000edd00000| PB 0x00000000ede00000| Untracked 
| 734|0x00000000ede00000, 0x00000000edefff68, 0x00000000edf00000| 99%| O|  |TAMS 0x00000000ede00000| PB 0x00000000edefff68| Untracked 
| 735|0x00000000edf00000, 0x00000000ee000000, 0x00000000ee000000|100%| O|  |TAMS 0x00000000edf00000| PB 0x00000000ee000000| Untracked 
| 736|0x00000000ee000000, 0x00000000ee100000, 0x00000000ee100000|100%| O|  |TAMS 0x00000000ee000000| PB 0x00000000ee100000| Untracked 
| 737|0x00000000ee100000, 0x00000000ee200000, 0x00000000ee200000|100%| O|  |TAMS 0x00000000ee100000| PB 0x00000000ee200000| Untracked 
| 738|0x00000000ee200000, 0x00000000ee300000, 0x00000000ee300000|100%| O|  |TAMS 0x00000000ee200000| PB 0x00000000ee300000| Untracked 
| 739|0x00000000ee300000, 0x00000000ee400000, 0x00000000ee400000|100%| O|  |TAMS 0x00000000ee300000| PB 0x00000000ee400000| Untracked 
| 740|0x00000000ee400000, 0x00000000ee500000, 0x00000000ee500000|100%| O|  |TAMS 0x00000000ee400000| PB 0x00000000ee500000| Untracked 
| 741|0x00000000ee500000, 0x00000000ee600000, 0x00000000ee600000|100%| O|  |TAMS 0x00000000ee500000| PB 0x00000000ee600000| Untracked 
| 742|0x00000000ee600000, 0x00000000ee700000, 0x00000000ee700000|100%| O|  |TAMS 0x00000000ee600000| PB 0x00000000ee700000| Untracked 
| 743|0x00000000ee700000, 0x00000000ee800000, 0x00000000ee800000|100%| O|  |TAMS 0x00000000ee700000| PB 0x00000000ee800000| Untracked 
| 744|0x00000000ee800000, 0x00000000ee900000, 0x00000000ee900000|100%| O|  |TAMS 0x00000000ee800000| PB 0x00000000ee900000| Untracked 
| 745|0x00000000ee900000, 0x00000000eea00000, 0x00000000eea00000|100%| O|  |TAMS 0x00000000ee900000| PB 0x00000000eea00000| Untracked 
| 746|0x00000000eea00000, 0x00000000eeb00000, 0x00000000eeb00000|100%| O|  |TAMS 0x00000000eea00000| PB 0x00000000eeb00000| Untracked 
| 747|0x00000000eeb00000, 0x00000000eec00000, 0x00000000eec00000|100%| O|  |TAMS 0x00000000eeb00000| PB 0x00000000eec00000| Untracked 
| 748|0x00000000eec00000, 0x00000000eed00000, 0x00000000eed00000|100%| O|  |TAMS 0x00000000eec00000| PB 0x00000000eed00000| Untracked 
| 749|0x00000000eed00000, 0x00000000eee00000, 0x00000000eee00000|100%| O|  |TAMS 0x00000000eed00000| PB 0x00000000eee00000| Untracked 
| 750|0x00000000eee00000, 0x00000000eef00000, 0x00000000eef00000|100%| O|  |TAMS 0x00000000eee00000| PB 0x00000000eef00000| Untracked 
| 751|0x00000000eef00000, 0x00000000ef000000, 0x00000000ef000000|100%| O|  |TAMS 0x00000000eef00000| PB 0x00000000ef000000| Untracked 
| 752|0x00000000ef000000, 0x00000000ef100000, 0x00000000ef100000|100%| O|  |TAMS 0x00000000ef000000| PB 0x00000000ef100000| Untracked 
| 753|0x00000000ef100000, 0x00000000ef200000, 0x00000000ef200000|100%| O|  |TAMS 0x00000000ef100000| PB 0x00000000ef200000| Untracked 
| 754|0x00000000ef200000, 0x00000000ef300000, 0x00000000ef300000|100%| O|  |TAMS 0x00000000ef200000| PB 0x00000000ef300000| Untracked 
| 755|0x00000000ef300000, 0x00000000ef400000, 0x00000000ef400000|100%| O|  |TAMS 0x00000000ef300000| PB 0x00000000ef400000| Untracked 
| 756|0x00000000ef400000, 0x00000000ef500000, 0x00000000ef500000|100%| O|  |TAMS 0x00000000ef400000| PB 0x00000000ef500000| Untracked 
| 757|0x00000000ef500000, 0x00000000ef600000, 0x00000000ef600000|100%| O|  |TAMS 0x00000000ef500000| PB 0x00000000ef600000| Untracked 
| 758|0x00000000ef600000, 0x00000000ef700000, 0x00000000ef700000|100%| O|  |TAMS 0x00000000ef600000| PB 0x00000000ef700000| Untracked 
| 759|0x00000000ef700000, 0x00000000ef800000, 0x00000000ef800000|100%| O|  |TAMS 0x00000000ef700000| PB 0x00000000ef800000| Untracked 
| 760|0x00000000ef800000, 0x00000000ef900000, 0x00000000ef900000|100%| O|  |TAMS 0x00000000ef800000| PB 0x00000000ef900000| Untracked 
| 761|0x00000000ef900000, 0x00000000efa00000, 0x00000000efa00000|100%| O|  |TAMS 0x00000000ef900000| PB 0x00000000efa00000| Untracked 
| 762|0x00000000efa00000, 0x00000000efb00000, 0x00000000efb00000|100%| O|  |TAMS 0x00000000efa00000| PB 0x00000000efb00000| Untracked 
| 763|0x00000000efb00000, 0x00000000efbffff0, 0x00000000efc00000| 99%| O|  |TAMS 0x00000000efb00000| PB 0x00000000efbffff0| Untracked 
| 764|0x00000000efc00000, 0x00000000efcfffc8, 0x00000000efd00000| 99%| O|  |TAMS 0x00000000efc00000| PB 0x00000000efcfffc8| Untracked 
| 765|0x00000000efd00000, 0x00000000efe00000, 0x00000000efe00000|100%| O|  |TAMS 0x00000000efd00000| PB 0x00000000efe00000| Untracked 
| 766|0x00000000efe00000, 0x00000000eff00000, 0x00000000eff00000|100%| O|  |TAMS 0x00000000efe00000| PB 0x00000000eff00000| Untracked 
| 767|0x00000000eff00000, 0x00000000f0000000, 0x00000000f0000000|100%| O|  |TAMS 0x00000000eff00000| PB 0x00000000f0000000| Untracked 
| 768|0x00000000f0000000, 0x00000000f0100000, 0x00000000f0100000|100%| O|  |TAMS 0x00000000f0000000| PB 0x00000000f0100000| Untracked 
| 769|0x00000000f0100000, 0x00000000f0200000, 0x00000000f0200000|100%| O|  |TAMS 0x00000000f0100000| PB 0x00000000f0200000| Untracked 
| 770|0x00000000f0200000, 0x00000000f0300000, 0x00000000f0300000|100%| O|  |TAMS 0x00000000f0200000| PB 0x00000000f0300000| Untracked 
| 771|0x00000000f0300000, 0x00000000f0400000, 0x00000000f0400000|100%| O|  |TAMS 0x00000000f0300000| PB 0x00000000f0400000| Untracked 
| 772|0x00000000f0400000, 0x00000000f0500000, 0x00000000f0500000|100%| O|  |TAMS 0x00000000f0400000| PB 0x00000000f0500000| Untracked 
| 773|0x00000000f0500000, 0x00000000f0600000, 0x00000000f0600000|100%| O|  |TAMS 0x00000000f0500000| PB 0x00000000f0600000| Untracked 
| 774|0x00000000f0600000, 0x00000000f0700000, 0x00000000f0700000|100%| O|  |TAMS 0x00000000f0600000| PB 0x00000000f0700000| Untracked 
| 775|0x00000000f0700000, 0x00000000f0800000, 0x00000000f0800000|100%| O|  |TAMS 0x00000000f0700000| PB 0x00000000f0800000| Untracked 
| 776|0x00000000f0800000, 0x00000000f0900000, 0x00000000f0900000|100%| O|  |TAMS 0x00000000f0800000| PB 0x00000000f0900000| Untracked 
| 777|0x00000000f0900000, 0x00000000f0a00000, 0x00000000f0a00000|100%| O|  |TAMS 0x00000000f0900000| PB 0x00000000f0a00000| Untracked 
| 778|0x00000000f0a00000, 0x00000000f0b00000, 0x00000000f0b00000|100%| O|  |TAMS 0x00000000f0a00000| PB 0x00000000f0b00000| Untracked 
| 779|0x00000000f0b00000, 0x00000000f0c00000, 0x00000000f0c00000|100%| O|  |TAMS 0x00000000f0b00000| PB 0x00000000f0c00000| Untracked 
| 780|0x00000000f0c00000, 0x00000000f0d00000, 0x00000000f0d00000|100%| O|  |TAMS 0x00000000f0c00000| PB 0x00000000f0d00000| Untracked 
| 781|0x00000000f0d00000, 0x00000000f0e00000, 0x00000000f0e00000|100%| O|  |TAMS 0x00000000f0d00000| PB 0x00000000f0e00000| Untracked 
| 782|0x00000000f0e00000, 0x00000000f0f00000, 0x00000000f0f00000|100%| O|  |TAMS 0x00000000f0e00000| PB 0x00000000f0f00000| Untracked 
| 783|0x00000000f0f00000, 0x00000000f1000000, 0x00000000f1000000|100%| O|  |TAMS 0x00000000f0f00000| PB 0x00000000f1000000| Untracked 
| 784|0x00000000f1000000, 0x00000000f1100000, 0x00000000f1100000|100%| O|  |TAMS 0x00000000f1000000| PB 0x00000000f1100000| Untracked 
| 785|0x00000000f1100000, 0x00000000f1200000, 0x00000000f1200000|100%| O|  |TAMS 0x00000000f1100000| PB 0x00000000f1200000| Untracked 
| 786|0x00000000f1200000, 0x00000000f1300000, 0x00000000f1300000|100%| O|  |TAMS 0x00000000f1200000| PB 0x00000000f1300000| Untracked 
| 787|0x00000000f1300000, 0x00000000f1400000, 0x00000000f1400000|100%| O|  |TAMS 0x00000000f1300000| PB 0x00000000f1400000| Untracked 
| 788|0x00000000f1400000, 0x00000000f1500000, 0x00000000f1500000|100%| O|  |TAMS 0x00000000f1400000| PB 0x00000000f1500000| Untracked 
| 789|0x00000000f1500000, 0x00000000f1600000, 0x00000000f1600000|100%| O|  |TAMS 0x00000000f1500000| PB 0x00000000f1600000| Untracked 
| 790|0x00000000f1600000, 0x00000000f1700000, 0x00000000f1700000|100%| O|  |TAMS 0x00000000f1600000| PB 0x00000000f1700000| Untracked 
| 791|0x00000000f1700000, 0x00000000f1800000, 0x00000000f1800000|100%| O|  |TAMS 0x00000000f1700000| PB 0x00000000f1800000| Untracked 
| 792|0x00000000f1800000, 0x00000000f1900000, 0x00000000f1900000|100%| O|  |TAMS 0x00000000f1800000| PB 0x00000000f1900000| Untracked 
| 793|0x00000000f1900000, 0x00000000f19fff88, 0x00000000f1a00000| 99%| O|  |TAMS 0x00000000f1900000| PB 0x00000000f19fff88| Untracked 
| 794|0x00000000f1a00000, 0x00000000f1affff8, 0x00000000f1b00000| 99%| O|  |TAMS 0x00000000f1a00000| PB 0x00000000f1affff8| Untracked 
| 795|0x00000000f1b00000, 0x00000000f1c00000, 0x00000000f1c00000|100%| O|  |TAMS 0x00000000f1b00000| PB 0x00000000f1c00000| Untracked 
| 796|0x00000000f1c00000, 0x00000000f1d00000, 0x00000000f1d00000|100%| O|  |TAMS 0x00000000f1c00000| PB 0x00000000f1d00000| Untracked 
| 797|0x00000000f1d00000, 0x00000000f1e00000, 0x00000000f1e00000|100%| O|  |TAMS 0x00000000f1d00000| PB 0x00000000f1e00000| Untracked 
| 798|0x00000000f1e00000, 0x00000000f1f00000, 0x00000000f1f00000|100%| O|  |TAMS 0x00000000f1e00000| PB 0x00000000f1f00000| Untracked 
| 799|0x00000000f1f00000, 0x00000000f2000000, 0x00000000f2000000|100%| O|  |TAMS 0x00000000f1f00000| PB 0x00000000f2000000| Untracked 
| 800|0x00000000f2000000, 0x00000000f2100000, 0x00000000f2100000|100%| O|  |TAMS 0x00000000f2000000| PB 0x00000000f2100000| Untracked 
| 801|0x00000000f2100000, 0x00000000f2200000, 0x00000000f2200000|100%| O|  |TAMS 0x00000000f2100000| PB 0x00000000f2200000| Untracked 
| 802|0x00000000f2200000, 0x00000000f2300000, 0x00000000f2300000|100%| O|  |TAMS 0x00000000f2200000| PB 0x00000000f2300000| Untracked 
| 803|0x00000000f2300000, 0x00000000f2400000, 0x00000000f2400000|100%| O|  |TAMS 0x00000000f2300000| PB 0x00000000f2400000| Untracked 
| 804|0x00000000f2400000, 0x00000000f24ffff8, 0x00000000f2500000| 99%| O|  |TAMS 0x00000000f2400000| PB 0x00000000f24ffff8| Untracked 
| 805|0x00000000f2500000, 0x00000000f2600000, 0x00000000f2600000|100%| O|  |TAMS 0x00000000f2500000| PB 0x00000000f2600000| Untracked 
| 806|0x00000000f2600000, 0x00000000f2700000, 0x00000000f2700000|100%| O|  |TAMS 0x00000000f2600000| PB 0x00000000f2700000| Untracked 
| 807|0x00000000f2700000, 0x00000000f2800000, 0x00000000f2800000|100%| O|  |TAMS 0x00000000f2700000| PB 0x00000000f2800000| Untracked 
| 808|0x00000000f2800000, 0x00000000f2900000, 0x00000000f2900000|100%| O|  |TAMS 0x00000000f2800000| PB 0x00000000f2900000| Untracked 
| 809|0x00000000f2900000, 0x00000000f29ffff8, 0x00000000f2a00000| 99%| O|  |TAMS 0x00000000f2900000| PB 0x00000000f29ffff8| Untracked 
| 810|0x00000000f2a00000, 0x00000000f2b00000, 0x00000000f2b00000|100%| O|  |TAMS 0x00000000f2a00000| PB 0x00000000f2b00000| Untracked 
| 811|0x00000000f2b00000, 0x00000000f2c00000, 0x00000000f2c00000|100%| O|  |TAMS 0x00000000f2b00000| PB 0x00000000f2c00000| Untracked 
| 812|0x00000000f2c00000, 0x00000000f2d00000, 0x00000000f2d00000|100%| O|  |TAMS 0x00000000f2c00000| PB 0x00000000f2d00000| Untracked 
| 813|0x00000000f2d00000, 0x00000000f2e00000, 0x00000000f2e00000|100%| O|  |TAMS 0x00000000f2d00000| PB 0x00000000f2e00000| Untracked 
| 814|0x00000000f2e00000, 0x00000000f2f00000, 0x00000000f2f00000|100%| O|  |TAMS 0x00000000f2e00000| PB 0x00000000f2f00000| Untracked 
| 815|0x00000000f2f00000, 0x00000000f3000000, 0x00000000f3000000|100%| O|  |TAMS 0x00000000f2f00000| PB 0x00000000f3000000| Untracked 
| 816|0x00000000f3000000, 0x00000000f3100000, 0x00000000f3100000|100%| O|  |TAMS 0x00000000f3000000| PB 0x00000000f3100000| Untracked 
| 817|0x00000000f3100000, 0x00000000f3200000, 0x00000000f3200000|100%| O|  |TAMS 0x00000000f3100000| PB 0x00000000f3200000| Untracked 
| 818|0x00000000f3200000, 0x00000000f3300000, 0x00000000f3300000|100%| O|  |TAMS 0x00000000f3200000| PB 0x00000000f3300000| Untracked 
| 819|0x00000000f3300000, 0x00000000f3400000, 0x00000000f3400000|100%| O|  |TAMS 0x00000000f3300000| PB 0x00000000f3400000| Untracked 
| 820|0x00000000f3400000, 0x00000000f3500000, 0x00000000f3500000|100%| O|  |TAMS 0x00000000f3400000| PB 0x00000000f3500000| Untracked 
| 821|0x00000000f3500000, 0x00000000f3600000, 0x00000000f3600000|100%| O|  |TAMS 0x00000000f3500000| PB 0x00000000f3600000| Untracked 
| 822|0x00000000f3600000, 0x00000000f3700000, 0x00000000f3700000|100%| O|  |TAMS 0x00000000f3600000| PB 0x00000000f3700000| Untracked 
| 823|0x00000000f3700000, 0x00000000f3800000, 0x00000000f3800000|100%| O|  |TAMS 0x00000000f3700000| PB 0x00000000f3800000| Untracked 
| 824|0x00000000f3800000, 0x00000000f3900000, 0x00000000f3900000|100%| O|  |TAMS 0x00000000f3800000| PB 0x00000000f3900000| Untracked 
| 825|0x00000000f3900000, 0x00000000f3a00000, 0x00000000f3a00000|100%| O|  |TAMS 0x00000000f3900000| PB 0x00000000f3a00000| Untracked 
| 826|0x00000000f3a00000, 0x00000000f3b00000, 0x00000000f3b00000|100%| O|  |TAMS 0x00000000f3a00000| PB 0x00000000f3b00000| Untracked 
| 827|0x00000000f3b00000, 0x00000000f3c00000, 0x00000000f3c00000|100%| O|  |TAMS 0x00000000f3b00000| PB 0x00000000f3c00000| Untracked 
| 828|0x00000000f3c00000, 0x00000000f3d00000, 0x00000000f3d00000|100%| O|  |TAMS 0x00000000f3c00000| PB 0x00000000f3d00000| Untracked 
| 829|0x00000000f3d00000, 0x00000000f3e00000, 0x00000000f3e00000|100%| O|  |TAMS 0x00000000f3d00000| PB 0x00000000f3e00000| Untracked 
| 830|0x00000000f3e00000, 0x00000000f3f00000, 0x00000000f3f00000|100%| O|  |TAMS 0x00000000f3e00000| PB 0x00000000f3f00000| Untracked 
| 831|0x00000000f3f00000, 0x00000000f4000000, 0x00000000f4000000|100%| O|  |TAMS 0x00000000f3f00000| PB 0x00000000f4000000| Untracked 
| 832|0x00000000f4000000, 0x00000000f4100000, 0x00000000f4100000|100%| O|  |TAMS 0x00000000f4000000| PB 0x00000000f4100000| Untracked 
| 833|0x00000000f4100000, 0x00000000f4200000, 0x00000000f4200000|100%| O|  |TAMS 0x00000000f4100000| PB 0x00000000f4200000| Untracked 
| 834|0x00000000f4200000, 0x00000000f4300000, 0x00000000f4300000|100%| O|  |TAMS 0x00000000f4200000| PB 0x00000000f4300000| Untracked 
| 835|0x00000000f4300000, 0x00000000f4400000, 0x00000000f4400000|100%| O|  |TAMS 0x00000000f4300000| PB 0x00000000f4400000| Untracked 
| 836|0x00000000f4400000, 0x00000000f4500000, 0x00000000f4500000|100%| O|  |TAMS 0x00000000f4400000| PB 0x00000000f4500000| Untracked 
| 837|0x00000000f4500000, 0x00000000f4600000, 0x00000000f4600000|100%| O|  |TAMS 0x00000000f4500000| PB 0x00000000f4600000| Untracked 
| 838|0x00000000f4600000, 0x00000000f4700000, 0x00000000f4700000|100%| O|  |TAMS 0x00000000f4600000| PB 0x00000000f4700000| Untracked 
| 839|0x00000000f4700000, 0x00000000f4800000, 0x00000000f4800000|100%| O|  |TAMS 0x00000000f4700000| PB 0x00000000f4800000| Untracked 
| 840|0x00000000f4800000, 0x00000000f4900000, 0x00000000f4900000|100%| O|  |TAMS 0x00000000f4800000| PB 0x00000000f4900000| Untracked 
| 841|0x00000000f4900000, 0x00000000f49fffc8, 0x00000000f4a00000| 99%| O|  |TAMS 0x00000000f4900000| PB 0x00000000f49fffc8| Untracked 
| 842|0x00000000f4a00000, 0x00000000f4b00000, 0x00000000f4b00000|100%| O|  |TAMS 0x00000000f4a00000| PB 0x00000000f4b00000| Untracked 
| 843|0x00000000f4b00000, 0x00000000f4bffff8, 0x00000000f4c00000| 99%| O|  |TAMS 0x00000000f4b00000| PB 0x00000000f4bffff8| Untracked 
| 844|0x00000000f4c00000, 0x00000000f4cfff80, 0x00000000f4d00000| 99%| O|  |TAMS 0x00000000f4c00000| PB 0x00000000f4cfff80| Untracked 
| 845|0x00000000f4d00000, 0x00000000f4dffff0, 0x00000000f4e00000| 99%| O|  |TAMS 0x00000000f4d00000| PB 0x00000000f4dffff0| Untracked 
| 846|0x00000000f4e00000, 0x00000000f4f00000, 0x00000000f4f00000|100%| O|  |TAMS 0x00000000f4e00000| PB 0x00000000f4f00000| Untracked 
| 847|0x00000000f4f00000, 0x00000000f5000000, 0x00000000f5000000|100%| O|  |TAMS 0x00000000f4f00000| PB 0x00000000f5000000| Untracked 
| 848|0x00000000f5000000, 0x00000000f5100000, 0x00000000f5100000|100%| O|  |TAMS 0x00000000f5000000| PB 0x00000000f5100000| Untracked 
| 849|0x00000000f5100000, 0x00000000f5200000, 0x00000000f5200000|100%| O|  |TAMS 0x00000000f5100000| PB 0x00000000f5200000| Untracked 
| 850|0x00000000f5200000, 0x00000000f5300000, 0x00000000f5300000|100%| O|  |TAMS 0x00000000f5200000| PB 0x00000000f5300000| Untracked 
| 851|0x00000000f5300000, 0x00000000f5400000, 0x00000000f5400000|100%| O|  |TAMS 0x00000000f5300000| PB 0x00000000f5400000| Untracked 
| 852|0x00000000f5400000, 0x00000000f5500000, 0x00000000f5500000|100%| O|  |TAMS 0x00000000f5400000| PB 0x00000000f5500000| Untracked 
| 853|0x00000000f5500000, 0x00000000f5600000, 0x00000000f5600000|100%| O|  |TAMS 0x00000000f5500000| PB 0x00000000f5600000| Untracked 
| 854|0x00000000f5600000, 0x00000000f5700000, 0x00000000f5700000|100%| O|  |TAMS 0x00000000f5600000| PB 0x00000000f5700000| Untracked 
| 855|0x00000000f5700000, 0x00000000f5800000, 0x00000000f5800000|100%| O|  |TAMS 0x00000000f5700000| PB 0x00000000f5800000| Untracked 
| 856|0x00000000f5800000, 0x00000000f5900000, 0x00000000f5900000|100%| O|  |TAMS 0x00000000f5800000| PB 0x00000000f5900000| Untracked 
| 857|0x00000000f5900000, 0x00000000f59fff80, 0x00000000f5a00000| 99%| O|  |TAMS 0x00000000f5900000| PB 0x00000000f59fff80| Untracked 
| 858|0x00000000f5a00000, 0x00000000f5affff8, 0x00000000f5b00000| 99%| O|  |TAMS 0x00000000f5a00000| PB 0x00000000f5affff8| Untracked 
| 859|0x00000000f5b00000, 0x00000000f5c00000, 0x00000000f5c00000|100%| O|  |TAMS 0x00000000f5b00000| PB 0x00000000f5c00000| Untracked 
| 860|0x00000000f5c00000, 0x00000000f5d00000, 0x00000000f5d00000|100%| O|  |TAMS 0x00000000f5c00000| PB 0x00000000f5d00000| Untracked 
| 861|0x00000000f5d00000, 0x00000000f5e00000, 0x00000000f5e00000|100%| O|  |TAMS 0x00000000f5d00000| PB 0x00000000f5e00000| Untracked 
| 862|0x00000000f5e00000, 0x00000000f5f00000, 0x00000000f5f00000|100%| O|  |TAMS 0x00000000f5e00000| PB 0x00000000f5f00000| Untracked 
| 863|0x00000000f5f00000, 0x00000000f6000000, 0x00000000f6000000|100%| O|  |TAMS 0x00000000f5f00000| PB 0x00000000f6000000| Untracked 
| 864|0x00000000f6000000, 0x00000000f6100000, 0x00000000f6100000|100%| O|  |TAMS 0x00000000f6000000| PB 0x00000000f6100000| Untracked 
| 865|0x00000000f6100000, 0x00000000f6200000, 0x00000000f6200000|100%| O|  |TAMS 0x00000000f6100000| PB 0x00000000f6200000| Untracked 
| 866|0x00000000f6200000, 0x00000000f6300000, 0x00000000f6300000|100%| O|  |TAMS 0x00000000f6200000| PB 0x00000000f6300000| Untracked 
| 867|0x00000000f6300000, 0x00000000f6400000, 0x00000000f6400000|100%| O|  |TAMS 0x00000000f6300000| PB 0x00000000f6400000| Untracked 
| 868|0x00000000f6400000, 0x00000000f6500000, 0x00000000f6500000|100%| O|  |TAMS 0x00000000f6400000| PB 0x00000000f6500000| Untracked 
| 869|0x00000000f6500000, 0x00000000f6600000, 0x00000000f6600000|100%| O|  |TAMS 0x00000000f6500000| PB 0x00000000f6600000| Untracked 
| 870|0x00000000f6600000, 0x00000000f6700000, 0x00000000f6700000|100%| O|  |TAMS 0x00000000f6600000| PB 0x00000000f6700000| Untracked 
| 871|0x00000000f6700000, 0x00000000f6800000, 0x00000000f6800000|100%| O|  |TAMS 0x00000000f6700000| PB 0x00000000f6800000| Untracked 
| 872|0x00000000f6800000, 0x00000000f6900000, 0x00000000f6900000|100%| O|  |TAMS 0x00000000f6800000| PB 0x00000000f6900000| Untracked 
| 873|0x00000000f6900000, 0x00000000f6a00000, 0x00000000f6a00000|100%| O|  |TAMS 0x00000000f6900000| PB 0x00000000f6a00000| Untracked 
| 874|0x00000000f6a00000, 0x00000000f6afffa0, 0x00000000f6b00000| 99%| O|  |TAMS 0x00000000f6a00000| PB 0x00000000f6afffa0| Untracked 
| 875|0x00000000f6b00000, 0x00000000f6bfffa8, 0x00000000f6c00000| 99%| O|  |TAMS 0x00000000f6b00000| PB 0x00000000f6bfffa8| Untracked 
| 876|0x00000000f6c00000, 0x00000000f6cfe0b0, 0x00000000f6d00000| 99%| O|  |TAMS 0x00000000f6c00000| PB 0x00000000f6cfe0b0| Untracked 
| 877|0x00000000f6d00000, 0x00000000f6e00000, 0x00000000f6e00000|100%| O|  |TAMS 0x00000000f6d00000| PB 0x00000000f6e00000| Untracked 
| 878|0x00000000f6e00000, 0x00000000f6f00000, 0x00000000f6f00000|100%| O|  |TAMS 0x00000000f6e00000| PB 0x00000000f6f00000| Untracked 
| 879|0x00000000f6f00000, 0x00000000f7000000, 0x00000000f7000000|100%| O|  |TAMS 0x00000000f6f00000| PB 0x00000000f7000000| Untracked 
| 880|0x00000000f7000000, 0x00000000f70ffff0, 0x00000000f7100000| 99%| O|  |TAMS 0x00000000f7000000| PB 0x00000000f70ffff0| Untracked 
| 881|0x00000000f7100000, 0x00000000f7200000, 0x00000000f7200000|100%| O|  |TAMS 0x00000000f7100000| PB 0x00000000f7200000| Untracked 
| 882|0x00000000f7200000, 0x00000000f7300000, 0x00000000f7300000|100%| O|  |TAMS 0x00000000f7200000| PB 0x00000000f7300000| Untracked 
| 883|0x00000000f7300000, 0x00000000f7400000, 0x00000000f7400000|100%| O|  |TAMS 0x00000000f7300000| PB 0x00000000f7400000| Untracked 
| 884|0x00000000f7400000, 0x00000000f7500000, 0x00000000f7500000|100%| O|  |TAMS 0x00000000f7400000| PB 0x00000000f7500000| Untracked 
| 885|0x00000000f7500000, 0x00000000f7600000, 0x00000000f7600000|100%| O|  |TAMS 0x00000000f7500000| PB 0x00000000f7600000| Untracked 
| 886|0x00000000f7600000, 0x00000000f7700000, 0x00000000f7700000|100%| O|  |TAMS 0x00000000f7600000| PB 0x00000000f7700000| Untracked 
| 887|0x00000000f7700000, 0x00000000f7800000, 0x00000000f7800000|100%| O|  |TAMS 0x00000000f7700000| PB 0x00000000f7800000| Untracked 
| 888|0x00000000f7800000, 0x00000000f7900000, 0x00000000f7900000|100%| O|  |TAMS 0x00000000f7800000| PB 0x00000000f7900000| Untracked 
| 889|0x00000000f7900000, 0x00000000f7a00000, 0x00000000f7a00000|100%| O|  |TAMS 0x00000000f7900000| PB 0x00000000f7a00000| Untracked 
| 890|0x00000000f7a00000, 0x00000000f7b00000, 0x00000000f7b00000|100%| O|  |TAMS 0x00000000f7a00000| PB 0x00000000f7b00000| Untracked 
| 891|0x00000000f7b00000, 0x00000000f7c00000, 0x00000000f7c00000|100%| O|  |TAMS 0x00000000f7b00000| PB 0x00000000f7c00000| Untracked 
| 892|0x00000000f7c00000, 0x00000000f7d00000, 0x00000000f7d00000|100%| O|  |TAMS 0x00000000f7c00000| PB 0x00000000f7d00000| Untracked 
| 893|0x00000000f7d00000, 0x00000000f7e00000, 0x00000000f7e00000|100%| O|  |TAMS 0x00000000f7d00000| PB 0x00000000f7e00000| Untracked 
| 894|0x00000000f7e00000, 0x00000000f7f00000, 0x00000000f7f00000|100%| O|  |TAMS 0x00000000f7e00000| PB 0x00000000f7f00000| Untracked 
| 895|0x00000000f7f00000, 0x00000000f8000000, 0x00000000f8000000|100%| O|  |TAMS 0x00000000f7f00000| PB 0x00000000f8000000| Untracked 
| 896|0x00000000f8000000, 0x00000000f8100000, 0x00000000f8100000|100%| O|  |TAMS 0x00000000f8000000| PB 0x00000000f8100000| Untracked 
| 897|0x00000000f8100000, 0x00000000f8200000, 0x00000000f8200000|100%| O|  |TAMS 0x00000000f8100000| PB 0x00000000f8200000| Untracked 
| 898|0x00000000f8200000, 0x00000000f82ffff8, 0x00000000f8300000| 99%| O|  |TAMS 0x00000000f8200000| PB 0x00000000f82ffff8| Untracked 
| 899|0x00000000f8300000, 0x00000000f83fff68, 0x00000000f8400000| 99%| O|  |TAMS 0x00000000f8300000| PB 0x00000000f83fff68| Untracked 
| 900|0x00000000f8400000, 0x00000000f8500000, 0x00000000f8500000|100%| O|  |TAMS 0x00000000f8400000| PB 0x00000000f8500000| Untracked 
| 901|0x00000000f8500000, 0x00000000f8600000, 0x00000000f8600000|100%| O|  |TAMS 0x00000000f8500000| PB 0x00000000f8600000| Untracked 
| 902|0x00000000f8600000, 0x00000000f8700000, 0x00000000f8700000|100%| O|  |TAMS 0x00000000f8600000| PB 0x00000000f8700000| Untracked 
| 903|0x00000000f8700000, 0x00000000f8800000, 0x00000000f8800000|100%| O|  |TAMS 0x00000000f8700000| PB 0x00000000f8800000| Untracked 
| 904|0x00000000f8800000, 0x00000000f8900000, 0x00000000f8900000|100%| O|  |TAMS 0x00000000f8800000| PB 0x00000000f8900000| Untracked 
| 905|0x00000000f8900000, 0x00000000f8a00000, 0x00000000f8a00000|100%| O|  |TAMS 0x00000000f8900000| PB 0x00000000f8a00000| Untracked 
| 906|0x00000000f8a00000, 0x00000000f8b00000, 0x00000000f8b00000|100%| O|  |TAMS 0x00000000f8a00000| PB 0x00000000f8b00000| Untracked 
| 907|0x00000000f8b00000, 0x00000000f8c00000, 0x00000000f8c00000|100%| O|  |TAMS 0x00000000f8b00000| PB 0x00000000f8c00000| Untracked 
| 908|0x00000000f8c00000, 0x00000000f8d00000, 0x00000000f8d00000|100%| O|  |TAMS 0x00000000f8c00000| PB 0x00000000f8d00000| Untracked 
| 909|0x00000000f8d00000, 0x00000000f8e00000, 0x00000000f8e00000|100%| O|  |TAMS 0x00000000f8d00000| PB 0x00000000f8e00000| Untracked 
| 910|0x00000000f8e00000, 0x00000000f8f00000, 0x00000000f8f00000|100%| O|  |TAMS 0x00000000f8e00000| PB 0x00000000f8f00000| Untracked 
| 911|0x00000000f8f00000, 0x00000000f9000000, 0x00000000f9000000|100%| O|  |TAMS 0x00000000f8f00000| PB 0x00000000f9000000| Untracked 
| 912|0x00000000f9000000, 0x00000000f9100000, 0x00000000f9100000|100%| O|  |TAMS 0x00000000f9000000| PB 0x00000000f9100000| Untracked 
| 913|0x00000000f9100000, 0x00000000f91fa1f8, 0x00000000f9200000| 97%| O|  |TAMS 0x00000000f9100000| PB 0x00000000f91fa1f8| Untracked 
| 914|0x00000000f9200000, 0x00000000f9300000, 0x00000000f9300000|100%| O|  |TAMS 0x00000000f9200000| PB 0x00000000f9300000| Untracked 
| 915|0x00000000f9300000, 0x00000000f93fff60, 0x00000000f9400000| 99%| O|  |TAMS 0x00000000f9300000| PB 0x00000000f93fff60| Untracked 
| 916|0x00000000f9400000, 0x00000000f9500000, 0x00000000f9500000|100%| O|  |TAMS 0x00000000f9400000| PB 0x00000000f9500000| Untracked 
| 917|0x00000000f9500000, 0x00000000f9600000, 0x00000000f9600000|100%| O|  |TAMS 0x00000000f9500000| PB 0x00000000f9600000| Untracked 
| 918|0x00000000f9600000, 0x00000000f9700000, 0x00000000f9700000|100%| O|  |TAMS 0x00000000f9600000| PB 0x00000000f9700000| Untracked 
| 919|0x00000000f9700000, 0x00000000f9800000, 0x00000000f9800000|100%| O|  |TAMS 0x00000000f9700000| PB 0x00000000f9800000| Untracked 
| 920|0x00000000f9800000, 0x00000000f9900000, 0x00000000f9900000|100%| O|  |TAMS 0x00000000f9800000| PB 0x00000000f9900000| Untracked 
| 921|0x00000000f9900000, 0x00000000f9a00000, 0x00000000f9a00000|100%| O|  |TAMS 0x00000000f9900000| PB 0x00000000f9a00000| Untracked 
| 922|0x00000000f9a00000, 0x00000000f9b00000, 0x00000000f9b00000|100%| O|  |TAMS 0x00000000f9a00000| PB 0x00000000f9b00000| Untracked 
| 923|0x00000000f9b00000, 0x00000000f9c00000, 0x00000000f9c00000|100%| O|  |TAMS 0x00000000f9b00000| PB 0x00000000f9c00000| Untracked 
| 924|0x00000000f9c00000, 0x00000000f9d00000, 0x00000000f9d00000|100%| O|  |TAMS 0x00000000f9c00000| PB 0x00000000f9d00000| Untracked 
| 925|0x00000000f9d00000, 0x00000000f9e00000, 0x00000000f9e00000|100%| O|  |TAMS 0x00000000f9d00000| PB 0x00000000f9e00000| Untracked 
| 926|0x00000000f9e00000, 0x00000000f9f00000, 0x00000000f9f00000|100%| O|  |TAMS 0x00000000f9e00000| PB 0x00000000f9f00000| Untracked 
| 927|0x00000000f9f00000, 0x00000000fa000000, 0x00000000fa000000|100%| O|  |TAMS 0x00000000f9f00000| PB 0x00000000fa000000| Untracked 
| 928|0x00000000fa000000, 0x00000000fa100000, 0x00000000fa100000|100%| O|  |TAMS 0x00000000fa000000| PB 0x00000000fa100000| Untracked 
| 929|0x00000000fa100000, 0x00000000fa200000, 0x00000000fa200000|100%| O|  |TAMS 0x00000000fa100000| PB 0x00000000fa200000| Untracked 
| 930|0x00000000fa200000, 0x00000000fa300000, 0x00000000fa300000|100%| O|  |TAMS 0x00000000fa200000| PB 0x00000000fa300000| Untracked 
| 931|0x00000000fa300000, 0x00000000fa400000, 0x00000000fa400000|100%| O|  |TAMS 0x00000000fa300000| PB 0x00000000fa400000| Untracked 
| 932|0x00000000fa400000, 0x00000000fa4ffff0, 0x00000000fa500000| 99%| O|  |TAMS 0x00000000fa400000| PB 0x00000000fa4ffff0| Untracked 
| 933|0x00000000fa500000, 0x00000000fa600000, 0x00000000fa600000|100%| O|  |TAMS 0x00000000fa500000| PB 0x00000000fa600000| Untracked 
| 934|0x00000000fa600000, 0x00000000fa700000, 0x00000000fa700000|100%| O|  |TAMS 0x00000000fa600000| PB 0x00000000fa700000| Untracked 
| 935|0x00000000fa700000, 0x00000000fa800000, 0x00000000fa800000|100%| O|  |TAMS 0x00000000fa700000| PB 0x00000000fa800000| Untracked 
| 936|0x00000000fa800000, 0x00000000fa900000, 0x00000000fa900000|100%| O|  |TAMS 0x00000000fa800000| PB 0x00000000fa900000| Untracked 
| 937|0x00000000fa900000, 0x00000000faa00000, 0x00000000faa00000|100%| O|  |TAMS 0x00000000fa900000| PB 0x00000000faa00000| Untracked 
| 938|0x00000000faa00000, 0x00000000faafffe0, 0x00000000fab00000| 99%| O|  |TAMS 0x00000000faa00000| PB 0x00000000faafffe0| Untracked 
| 939|0x00000000fab00000, 0x00000000fabffff0, 0x00000000fac00000| 99%| O|  |TAMS 0x00000000fab00000| PB 0x00000000fabffff0| Untracked 
| 940|0x00000000fac00000, 0x00000000facfffe8, 0x00000000fad00000| 99%| O|  |TAMS 0x00000000fac00000| PB 0x00000000facfffe8| Untracked 
| 941|0x00000000fad00000, 0x00000000fae00000, 0x00000000fae00000|100%| O|  |TAMS 0x00000000fad00000| PB 0x00000000fae00000| Untracked 
| 942|0x00000000fae00000, 0x00000000faf00000, 0x00000000faf00000|100%| O|  |TAMS 0x00000000fae00000| PB 0x00000000faf00000| Untracked 
| 943|0x00000000faf00000, 0x00000000fb000000, 0x00000000fb000000|100%| O|  |TAMS 0x00000000faf00000| PB 0x00000000fb000000| Untracked 
| 944|0x00000000fb000000, 0x00000000fb100000, 0x00000000fb100000|100%| O|  |TAMS 0x00000000fb000000| PB 0x00000000fb100000| Untracked 
| 945|0x00000000fb100000, 0x00000000fb200000, 0x00000000fb200000|100%| O|  |TAMS 0x00000000fb100000| PB 0x00000000fb200000| Untracked 
| 946|0x00000000fb200000, 0x00000000fb300000, 0x00000000fb300000|100%| O|  |TAMS 0x00000000fb200000| PB 0x00000000fb300000| Untracked 
| 947|0x00000000fb300000, 0x00000000fb400000, 0x00000000fb400000|100%| O|  |TAMS 0x00000000fb300000| PB 0x00000000fb400000| Untracked 
| 948|0x00000000fb400000, 0x00000000fb500000, 0x00000000fb500000|100%| O|  |TAMS 0x00000000fb400000| PB 0x00000000fb500000| Untracked 
| 949|0x00000000fb500000, 0x00000000fb600000, 0x00000000fb600000|100%| O|  |TAMS 0x00000000fb500000| PB 0x00000000fb600000| Untracked 
| 950|0x00000000fb600000, 0x00000000fb700000, 0x00000000fb700000|100%| O|  |TAMS 0x00000000fb600000| PB 0x00000000fb700000| Untracked 
| 951|0x00000000fb700000, 0x00000000fb800000, 0x00000000fb800000|100%| O|  |TAMS 0x00000000fb700000| PB 0x00000000fb800000| Untracked 
| 952|0x00000000fb800000, 0x00000000fb900000, 0x00000000fb900000|100%| O|  |TAMS 0x00000000fb800000| PB 0x00000000fb900000| Untracked 
| 953|0x00000000fb900000, 0x00000000fba00000, 0x00000000fba00000|100%| O|  |TAMS 0x00000000fb900000| PB 0x00000000fba00000| Untracked 
| 954|0x00000000fba00000, 0x00000000fbb00000, 0x00000000fbb00000|100%| O|  |TAMS 0x00000000fba00000| PB 0x00000000fbb00000| Untracked 
| 955|0x00000000fbb00000, 0x00000000fbc00000, 0x00000000fbc00000|100%| O|  |TAMS 0x00000000fbb00000| PB 0x00000000fbc00000| Untracked 
| 956|0x00000000fbc00000, 0x00000000fbd00000, 0x00000000fbd00000|100%| O|  |TAMS 0x00000000fbc00000| PB 0x00000000fbd00000| Untracked 
| 957|0x00000000fbd00000, 0x00000000fbe00000, 0x00000000fbe00000|100%| O|  |TAMS 0x00000000fbd00000| PB 0x00000000fbe00000| Untracked 
| 958|0x00000000fbe00000, 0x00000000fbf00000, 0x00000000fbf00000|100%| O|  |TAMS 0x00000000fbe00000| PB 0x00000000fbf00000| Untracked 
| 959|0x00000000fbf00000, 0x00000000fbfffff8, 0x00000000fc000000| 99%| O|  |TAMS 0x00000000fbf00000| PB 0x00000000fbfffff8| Untracked 
| 960|0x00000000fc000000, 0x00000000fc100000, 0x00000000fc100000|100%| O|  |TAMS 0x00000000fc000000| PB 0x00000000fc100000| Untracked 
| 961|0x00000000fc100000, 0x00000000fc200000, 0x00000000fc200000|100%| O|  |TAMS 0x00000000fc100000| PB 0x00000000fc200000| Untracked 
| 962|0x00000000fc200000, 0x00000000fc2fffa0, 0x00000000fc300000| 99%| O|  |TAMS 0x00000000fc200000| PB 0x00000000fc2fffa0| Untracked 
| 963|0x00000000fc300000, 0x00000000fc400000, 0x00000000fc400000|100%| O|  |TAMS 0x00000000fc300000| PB 0x00000000fc400000| Untracked 
| 964|0x00000000fc400000, 0x00000000fc500000, 0x00000000fc500000|100%| O|  |TAMS 0x00000000fc400000| PB 0x00000000fc500000| Untracked 
| 965|0x00000000fc500000, 0x00000000fc600000, 0x00000000fc600000|100%| O|  |TAMS 0x00000000fc500000| PB 0x00000000fc600000| Untracked 
| 966|0x00000000fc600000, 0x00000000fc700000, 0x00000000fc700000|100%| O|  |TAMS 0x00000000fc600000| PB 0x00000000fc700000| Untracked 
| 967|0x00000000fc700000, 0x00000000fc800000, 0x00000000fc800000|100%| O|  |TAMS 0x00000000fc700000| PB 0x00000000fc800000| Untracked 
| 968|0x00000000fc800000, 0x00000000fc900000, 0x00000000fc900000|100%| O|  |TAMS 0x00000000fc800000| PB 0x00000000fc900000| Untracked 
| 969|0x00000000fc900000, 0x00000000fca00000, 0x00000000fca00000|100%| O|  |TAMS 0x00000000fc900000| PB 0x00000000fca00000| Untracked 
| 970|0x00000000fca00000, 0x00000000fcaffff8, 0x00000000fcb00000| 99%| O|  |TAMS 0x00000000fca00000| PB 0x00000000fcaffff8| Untracked 
| 971|0x00000000fcb00000, 0x00000000fcc00000, 0x00000000fcc00000|100%| O|  |TAMS 0x00000000fcb00000| PB 0x00000000fcc00000| Untracked 
| 972|0x00000000fcc00000, 0x00000000fcd00000, 0x00000000fcd00000|100%| O|  |TAMS 0x00000000fcc00000| PB 0x00000000fcd00000| Untracked 
| 973|0x00000000fcd00000, 0x00000000fce00000, 0x00000000fce00000|100%| O|  |TAMS 0x00000000fcd00000| PB 0x00000000fce00000| Untracked 
| 974|0x00000000fce00000, 0x00000000fcefffe0, 0x00000000fcf00000| 99%| O|  |TAMS 0x00000000fce00000| PB 0x00000000fcefffe0| Untracked 
| 975|0x00000000fcf00000, 0x00000000fcffd2a0, 0x00000000fd000000| 98%| O|  |TAMS 0x00000000fcf00000| PB 0x00000000fcffd2a0| Untracked 
| 976|0x00000000fd000000, 0x00000000fd0fff80, 0x00000000fd100000| 99%| O|  |TAMS 0x00000000fd000000| PB 0x00000000fd0fff80| Untracked 
| 977|0x00000000fd100000, 0x00000000fd1ffff8, 0x00000000fd200000| 99%| O|  |TAMS 0x00000000fd100000| PB 0x00000000fd1ffff8| Untracked 
| 978|0x00000000fd200000, 0x00000000fd2fffa0, 0x00000000fd300000| 99%| O|  |TAMS 0x00000000fd200000| PB 0x00000000fd2fffa0| Untracked 
| 979|0x00000000fd300000, 0x00000000fd3fffe0, 0x00000000fd400000| 99%| O|  |TAMS 0x00000000fd300000| PB 0x00000000fd3fffe0| Untracked 
| 980|0x00000000fd400000, 0x00000000fd4f5598, 0x00000000fd500000| 95%| O|  |TAMS 0x00000000fd400000| PB 0x00000000fd4f5598| Untracked 
| 981|0x00000000fd500000, 0x00000000fd5fffe8, 0x00000000fd600000| 99%| O|  |TAMS 0x00000000fd500000| PB 0x00000000fd5fffe8| Untracked 
| 982|0x00000000fd600000, 0x00000000fd6ffff0, 0x00000000fd700000| 99%| O|  |TAMS 0x00000000fd600000| PB 0x00000000fd6ffff0| Untracked 
| 983|0x00000000fd700000, 0x00000000fd7ffff0, 0x00000000fd800000| 99%| O|  |TAMS 0x00000000fd700000| PB 0x00000000fd7ffff0| Untracked 
| 984|0x00000000fd800000, 0x00000000fd8fffe8, 0x00000000fd900000| 99%| O|  |TAMS 0x00000000fd800000| PB 0x00000000fd8fffe8| Untracked 
| 985|0x00000000fd900000, 0x00000000fd9ffff8, 0x00000000fda00000| 99%| O|  |TAMS 0x00000000fd900000| PB 0x00000000fd9ffff8| Untracked 
| 986|0x00000000fda00000, 0x00000000fdafffd8, 0x00000000fdb00000| 99%| O|  |TAMS 0x00000000fda00000| PB 0x00000000fdafffd8| Untracked 
| 987|0x00000000fdb00000, 0x00000000fdbfff90, 0x00000000fdc00000| 99%| O|  |TAMS 0x00000000fdb00000| PB 0x00000000fdbfff90| Untracked 
| 988|0x00000000fdc00000, 0x00000000fdcfff68, 0x00000000fdd00000| 99%| O|  |TAMS 0x00000000fdc00000| PB 0x00000000fdcfff68| Untracked 
| 989|0x00000000fdd00000, 0x00000000fddfffb0, 0x00000000fde00000| 99%| O|  |TAMS 0x00000000fdd00000| PB 0x00000000fddfffb0| Untracked 
| 990|0x00000000fde00000, 0x00000000fdf00000, 0x00000000fdf00000|100%| O|  |TAMS 0x00000000fde00000| PB 0x00000000fdf00000| Untracked 
| 991|0x00000000fdf00000, 0x00000000fdffffa0, 0x00000000fe000000| 99%| O|  |TAMS 0x00000000fdf00000| PB 0x00000000fdffffa0| Untracked 
| 992|0x00000000fe000000, 0x00000000fe0ffff0, 0x00000000fe100000| 99%| O|  |TAMS 0x00000000fe000000| PB 0x00000000fe0ffff0| Untracked 
| 993|0x00000000fe100000, 0x00000000fe200000, 0x00000000fe200000|100%| O|  |TAMS 0x00000000fe100000| PB 0x00000000fe200000| Untracked 
| 994|0x00000000fe200000, 0x00000000fe2ffff0, 0x00000000fe300000| 99%| O|  |TAMS 0x00000000fe200000| PB 0x00000000fe2ffff0| Untracked 
| 995|0x00000000fe300000, 0x00000000fe3fff50, 0x00000000fe400000| 99%| O|  |TAMS 0x00000000fe300000| PB 0x00000000fe3fff50| Untracked 
| 996|0x00000000fe400000, 0x00000000fe4fc980, 0x00000000fe500000| 98%| O|  |TAMS 0x00000000fe400000| PB 0x00000000fe4fc980| Untracked 
| 997|0x00000000fe500000, 0x00000000fe5ffff8, 0x00000000fe600000| 99%| O|  |TAMS 0x00000000fe500000| PB 0x00000000fe5ffff8| Untracked 
| 998|0x00000000fe600000, 0x00000000fe6f8e60, 0x00000000fe700000| 97%| O|  |TAMS 0x00000000fe600000| PB 0x00000000fe6f8e60| Untracked 
| 999|0x00000000fe700000, 0x00000000fe7fffa8, 0x00000000fe800000| 99%| O|  |TAMS 0x00000000fe700000| PB 0x00000000fe7fffa8| Untracked 
|1000|0x00000000fe800000, 0x00000000fe8f5bf0, 0x00000000fe900000| 95%| O|  |TAMS 0x00000000fe800000| PB 0x00000000fe8f5bf0| Untracked 
|1001|0x00000000fe900000, 0x00000000fe9ffff0, 0x00000000fea00000| 99%| O|  |TAMS 0x00000000fe900000| PB 0x00000000fe9ffff0| Untracked 
|1002|0x00000000fea00000, 0x00000000feafff98, 0x00000000feb00000| 99%| O|  |TAMS 0x00000000fea00000| PB 0x00000000feafff98| Untracked 
|1003|0x00000000feb00000, 0x00000000febffff8, 0x00000000fec00000| 99%| O|  |TAMS 0x00000000feb00000| PB 0x00000000febffff8| Untracked 
|1004|0x00000000fec00000, 0x00000000fecfffb0, 0x00000000fed00000| 99%| O|  |TAMS 0x00000000fec00000| PB 0x00000000fecfffb0| Untracked 
|1005|0x00000000fed00000, 0x00000000fedfff68, 0x00000000fee00000| 99%| O|  |TAMS 0x00000000fed00000| PB 0x00000000fedfff68| Untracked 
|1006|0x00000000fee00000, 0x00000000fef00000, 0x00000000fef00000|100%| O|  |TAMS 0x00000000fee00000| PB 0x00000000fef00000| Untracked 
|1007|0x00000000fef00000, 0x00000000ff000000, 0x00000000ff000000|100%| O|  |TAMS 0x00000000fef00000| PB 0x00000000ff000000| Untracked 
|1008|0x00000000ff000000, 0x00000000ff0fff58, 0x00000000ff100000| 99%| O|  |TAMS 0x00000000ff000000| PB 0x00000000ff0fff58| Untracked 
|1009|0x00000000ff100000, 0x00000000ff1fffe0, 0x00000000ff200000| 99%| O|  |TAMS 0x00000000ff100000| PB 0x00000000ff1fffe0| Untracked 
|1010|0x00000000ff200000, 0x00000000ff2fffd8, 0x00000000ff300000| 99%| O|  |TAMS 0x00000000ff200000| PB 0x00000000ff2fffd8| Untracked 
|1011|0x00000000ff300000, 0x00000000ff3ffff0, 0x00000000ff400000| 99%| O|  |TAMS 0x00000000ff300000| PB 0x00000000ff3ffff0| Untracked 
|1012|0x00000000ff400000, 0x00000000ff4fd410, 0x00000000ff500000| 98%| O|  |TAMS 0x00000000ff400000| PB 0x00000000ff4fd410| Untracked 
|1013|0x00000000ff500000, 0x00000000ff600000, 0x00000000ff600000|100%| O|  |TAMS 0x00000000ff500000| PB 0x00000000ff600000| Untracked 
|1014|0x00000000ff600000, 0x00000000ff700000, 0x00000000ff700000|100%| O|  |TAMS 0x00000000ff600000| PB 0x00000000ff700000| Untracked 
|1015|0x00000000ff700000, 0x00000000ff800000, 0x00000000ff800000|100%| O|  |TAMS 0x00000000ff700000| PB 0x00000000ff800000| Untracked 
|1016|0x00000000ff800000, 0x00000000ff900000, 0x00000000ff900000|100%| O|  |TAMS 0x00000000ff800000| PB 0x00000000ff900000| Untracked 
|1017|0x00000000ff900000, 0x00000000ff9ffff8, 0x00000000ffa00000| 99%| O|  |TAMS 0x00000000ff900000| PB 0x00000000ff9ffff8| Untracked 
|1018|0x00000000ffa00000, 0x00000000ffb00000, 0x00000000ffb00000|100%| O|  |TAMS 0x00000000ffa00000| PB 0x00000000ffb00000| Untracked 
|1019|0x00000000ffb00000, 0x00000000ffbb3e00, 0x00000000ffc00000| 70%| O|  |TAMS 0x00000000ffb00000| PB 0x00000000ffbb3e00| Untracked 
|1020|0x00000000ffc00000, 0x00000000ffd00000, 0x00000000ffd00000|100%| O|  |TAMS 0x00000000ffc00000| PB 0x00000000ffd00000| Untracked 
|1021|0x00000000ffd00000, 0x00000000ffe00000, 0x00000000ffe00000|100%| O|  |TAMS 0x00000000ffd00000| PB 0x00000000ffe00000| Untracked 
|1022|0x00000000ffe00000, 0x00000000fff00000, 0x00000000fff00000|100%| O|  |TAMS 0x00000000ffe00000| PB 0x00000000fff00000| Untracked 
|1023|0x00000000fff00000, 0x0000000100000000, 0x0000000100000000|100%| O|  |TAMS 0x00000000fff00000| PB 0x0000000100000000| Untracked 

Card table byte_map: [0x000001fe28720000,0x000001fe28920000] _byte_map_base: 0x000001fe28120000

Marking Bits: (CMBitMap*) 0x000001fe0eb25800
 Bits: [0x000001fe28920000, 0x000001fe29920000)

Polling page: 0x000001fe0e800000

Metaspace:

Usage:
  Non-class:     55.61 MB used.
      Class:      8.54 MB used.
       Both:     64.14 MB used.

Virtual space:
  Non-class space:       64.00 MB reserved,      58.31 MB ( 91%) committed,  1 nodes.
      Class space:        1.00 GB reserved,      10.25 MB (  1%) committed,  1 nodes.
             Both:        1.06 GB reserved,      68.56 MB (  6%) committed. 

Chunk freelists:
   Non-Class:  7.98 MB
       Class:  6.95 MB
        Both:  14.94 MB

MaxMetaspaceSize: unlimited
CompressedClassSpaceSize: 1.00 GB
Initial GC threshold: 21.00 MB
Current GC threshold: 114.38 MB
CDS: on
 - commit_granule_bytes: 65536.
 - commit_granule_words: 8192.
 - virtual_space_node_default_size: 8388608.
 - enlarge_chunks_in_place: 1.
 - use_allocation_guard: 0.


Internal statistics:

num_allocs_failed_limit: 18.
num_arena_births: 4068.
num_arena_deaths: 2646.
num_vsnodes_births: 2.
num_vsnodes_deaths: 0.
num_space_committed: 1099.
num_space_uncommitted: 2.
num_chunks_returned_to_freelist: 3053.
num_chunks_taken_from_freelist: 7642.
num_chunk_merges: 1112.
num_chunk_splits: 4785.
num_chunks_enlarged: 2747.
num_inconsistent_stats: 0.

CodeHeap 'non-profiled nmethods': size=119168Kb used=1357Kb max_used=7533Kb free=117810Kb
 bounds [0x000001fe20110000, 0x000001fe20870000, 0x000001fe27570000]
CodeHeap 'profiled nmethods': size=119104Kb used=1115Kb max_used=22740Kb free=117988Kb
 bounds [0x000001fe18570000, 0x000001fe19bb0000, 0x000001fe1f9c0000]
CodeHeap 'non-nmethods': size=7488Kb used=2026Kb max_used=3792Kb free=5461Kb
 bounds [0x000001fe1f9c0000, 0x000001fe1fd80000, 0x000001fe20110000]
 total_blobs=1925 nmethods=1153 adapters=675
 compilation: enabled
              stopped_count=0, restarted_count=0
 full_count=0

Compilation events (20 events):
Event: 6133.467 Thread 0x000001fe2cca0e30 12758       4       org.gradle.internal.time.MonotonicClock::syncIsDue (28 bytes)
Event: 6133.467 Thread 0x000001fe2cca0e30 nmethod 12758 0x000001fe202c3490 code [0x000001fe202c3620, 0x000001fe202c3700]
Event: 6134.468 Thread 0x000001fe2cca0e30 12761       4       java.util.stream.ReferencePipeline::filter (22 bytes)
Event: 6134.468 Thread 0x000001fe2cca9a10 12762       1       java.util.stream.FindOps$FindOp::getOpFlags (5 bytes)
Event: 6134.468 Thread 0x000001fe2cca9a10 nmethod 12762 0x000001fe20118390 code [0x000001fe20118520, 0x000001fe201185e8]
Event: 6134.468 Thread 0x000001fe2cca9a10 12766   !   3       java.util.concurrent.LinkedBlockingDeque::peekLast (41 bytes)
Event: 6134.469 Thread 0x000001fe2cca9a10 nmethod 12766 0x000001fe1979c390 code [0x000001fe1979c5c0, 0x000001fe1979cf28]
Event: 6134.469 Thread 0x000001fe2cca9a10 12763       3       java.util.concurrent.LinkedBlockingDeque::remove (5 bytes)
Event: 6134.469 Thread 0x000001fe2cca9a10 nmethod 12763 0x000001fe18cc4790 code [0x000001fe18cc4a00, 0x000001fe18cc5510]
Event: 6134.469 Thread 0x000001fe2cca9a10 12764       3       java.util.concurrent.LinkedBlockingDeque::removeFirst (19 bytes)
Event: 6134.470 Thread 0x000001fe2cca9a10 nmethod 12764 0x000001fe196e5590 code [0x000001fe196e5800, 0x000001fe196e62b8]
Event: 6134.470 Thread 0x000001fe2cca9a10 12765   !   3       java.util.concurrent.LinkedBlockingDeque::pollFirst (27 bytes)
Event: 6134.470 Thread 0x000001fe2cca9a10 nmethod 12765 0x000001fe19a56f90 code [0x000001fe19a571e0, 0x000001fe19a57b18]
Event: 6134.471 Thread 0x000001fe2cca0e30 nmethod 12761 0x000001fe2021a010 code [0x000001fe2021a1c0, 0x000001fe2021a5e8]
Event: 6201.459 Thread 0x000001fe2cca9a10 12767       1       java.util.stream.ReferencePipeline$StatelessOp::opIsStateful (2 bytes)
Event: 6201.459 Thread 0x000001fe2cca9a10 nmethod 12767 0x000001fe201fc010 code [0x000001fe201fc1a0, 0x000001fe201fc268]
Event: 6204.458 Thread 0x000001fe2cca9a10 12768   !   3       java.util.concurrent.ThreadPoolExecutor::runWorker (187 bytes)
Event: 6204.459 Thread 0x000001fe2cca9a10 nmethod 12768 0x000001fe196dda90 code [0x000001fe196dddc0, 0x000001fe196df188]
Event: 6211.457 Thread 0x000001fe2cca0e30 12769       4       java.util.stream.AbstractPipeline::<init> (91 bytes)
Event: 6211.460 Thread 0x000001fe2cca0e30 nmethod 12769 0x000001fe2060aa90 code [0x000001fe2060ac40, 0x000001fe2060b0a8]

GC Heap History (20 events):
Event: 6293.766 GC heap after
{Heap after GC invocations=121 (full 15):
 garbage-first heap   total 1048576K, used 1039818K [0x00000000c0000000, 0x0000000100000000)
  region size 1024K, 0 young (0K), 0 survivors (0K)
 Metaspace       used 65683K, committed 70208K, reserved 1114112K
  class space    used 8742K, committed 10496K, reserved 1048576K
}
Event: 6299.143 GC heap before
{Heap before GC invocations=121 (full 15):
 garbage-first heap   total 1048576K, used 1048010K [0x00000000c0000000, 0x0000000100000000)
  region size 1024K, 8 young (8192K), 0 survivors (0K)
 Metaspace       used 65683K, committed 70208K, reserved 1114112K
  class space    used 8742K, committed 10496K, reserved 1048576K
}
Event: 6299.146 GC heap after
{Heap after GC invocations=122 (full 15):
 garbage-first heap   total 1048576K, used 1048010K [0x00000000c0000000, 0x0000000100000000)
  region size 1024K, 0 young (0K), 0 survivors (0K)
 Metaspace       used 65683K, committed 70208K, reserved 1114112K
  class space    used 8742K, committed 10496K, reserved 1048576K
}
Event: 6299.147 GC heap before
{Heap before GC invocations=122 (full 15):
 garbage-first heap   total 1048576K, used 1048010K [0x00000000c0000000, 0x0000000100000000)
  region size 1024K, 0 young (0K), 0 survivors (0K)
 Metaspace       used 65683K, committed 70208K, reserved 1114112K
  class space    used 8742K, committed 10496K, reserved 1048576K
}
Event: 6299.753 GC heap after
{Heap after GC invocations=123 (full 16):
 garbage-first heap   total 1048576K, used 1041207K [0x00000000c0000000, 0x0000000100000000)
  region size 1024K, 0 young (0K), 0 survivors (0K)
 Metaspace       used 65683K, committed 70208K, reserved 1114112K
  class space    used 8742K, committed 10496K, reserved 1048576K
}
Event: 6304.397 GC heap before
{Heap before GC invocations=123 (full 16):
 garbage-first heap   total 1048576K, used 1048375K [0x00000000c0000000, 0x0000000100000000)
  region size 1024K, 7 young (7168K), 0 survivors (0K)
 Metaspace       used 65683K, committed 70208K, reserved 1114112K
  class space    used 8742K, committed 10496K, reserved 1048576K
}
Event: 6304.400 GC heap after
{Heap after GC invocations=124 (full 16):
 garbage-first heap   total 1048576K, used 1048375K [0x00000000c0000000, 0x0000000100000000)
  region size 1024K, 0 young (0K), 0 survivors (0K)
 Metaspace       used 65683K, committed 70208K, reserved 1114112K
  class space    used 8742K, committed 10496K, reserved 1048576K
}
Event: 6304.400 GC heap before
{Heap before GC invocations=124 (full 16):
 garbage-first heap   total 1048576K, used 1048375K [0x00000000c0000000, 0x0000000100000000)
  region size 1024K, 0 young (0K), 0 survivors (0K)
 Metaspace       used 65683K, committed 70208K, reserved 1114112K
  class space    used 8742K, committed 10496K, reserved 1048576K
}
Event: 6305.015 GC heap after
{Heap after GC invocations=125 (full 17):
 garbage-first heap   total 1048576K, used 1042411K [0x00000000c0000000, 0x0000000100000000)
  region size 1024K, 0 young (0K), 0 survivors (0K)
 Metaspace       used 65683K, committed 70208K, reserved 1114112K
  class space    used 8742K, committed 10496K, reserved 1048576K
}
Event: 6308.150 GC heap before
{Heap before GC invocations=125 (full 17):
 garbage-first heap   total 1048576K, used 1047531K [0x00000000c0000000, 0x0000000100000000)
  region size 1024K, 5 young (5120K), 0 survivors (0K)
 Metaspace       used 65683K, committed 70208K, reserved 1114112K
  class space    used 8742K, committed 10496K, reserved 1048576K
}
Event: 6308.153 GC heap after
{Heap after GC invocations=126 (full 17):
 garbage-first heap   total 1048576K, used 1047531K [0x00000000c0000000, 0x0000000100000000)
  region size 1024K, 0 young (0K), 0 survivors (0K)
 Metaspace       used 65683K, committed 70208K, reserved 1114112K
  class space    used 8742K, committed 10496K, reserved 1048576K
}
Event: 6308.153 GC heap before
{Heap before GC invocations=126 (full 17):
 garbage-first heap   total 1048576K, used 1047531K [0x00000000c0000000, 0x0000000100000000)
  region size 1024K, 0 young (0K), 0 survivors (0K)
 Metaspace       used 65683K, committed 70208K, reserved 1114112K
  class space    used 8742K, committed 10496K, reserved 1048576K
}
Event: 6308.749 GC heap after
{Heap after GC invocations=127 (full 18):
 garbage-first heap   total 1048576K, used 1043279K [0x00000000c0000000, 0x0000000100000000)
  region size 1024K, 0 young (0K), 0 survivors (0K)
 Metaspace       used 65683K, committed 70208K, reserved 1114112K
  class space    used 8742K, committed 10496K, reserved 1048576K
}
Event: 6311.198 GC heap before
{Heap before GC invocations=127 (full 18):
 garbage-first heap   total 1048576K, used 1047375K [0x00000000c0000000, 0x0000000100000000)
  region size 1024K, 4 young (4096K), 0 survivors (0K)
 Metaspace       used 65683K, committed 70208K, reserved 1114112K
  class space    used 8742K, committed 10496K, reserved 1048576K
}
Event: 6311.200 GC heap after
{Heap after GC invocations=128 (full 18):
 garbage-first heap   total 1048576K, used 1047375K [0x00000000c0000000, 0x0000000100000000)
  region size 1024K, 0 young (0K), 0 survivors (0K)
 Metaspace       used 65683K, committed 70208K, reserved 1114112K
  class space    used 8742K, committed 10496K, reserved 1048576K
}
Event: 6311.200 GC heap before
{Heap before GC invocations=128 (full 18):
 garbage-first heap   total 1048576K, used 1047375K [0x00000000c0000000, 0x0000000100000000)
  region size 1024K, 0 young (0K), 0 survivors (0K)
 Metaspace       used 65683K, committed 70208K, reserved 1114112K
  class space    used 8742K, committed 10496K, reserved 1048576K
}
Event: 6311.793 GC heap after
{Heap after GC invocations=129 (full 19):
 garbage-first heap   total 1048576K, used 1043974K [0x00000000c0000000, 0x0000000100000000)
  region size 1024K, 0 young (0K), 0 survivors (0K)
 Metaspace       used 65683K, committed 70208K, reserved 1114112K
  class space    used 8742K, committed 10496K, reserved 1048576K
}
Event: 6314.200 GC heap before
{Heap before GC invocations=129 (full 19):
 garbage-first heap   total 1048576K, used 1048070K [0x00000000c0000000, 0x0000000100000000)
  region size 1024K, 4 young (4096K), 0 survivors (0K)
 Metaspace       used 65683K, committed 70208K, reserved 1114112K
  class space    used 8742K, committed 10496K, reserved 1048576K
}
Event: 6314.202 GC heap after
{Heap after GC invocations=130 (full 19):
 garbage-first heap   total 1048576K, used 1048070K [0x00000000c0000000, 0x0000000100000000)
  region size 1024K, 0 young (0K), 0 survivors (0K)
 Metaspace       used 65683K, committed 70208K, reserved 1114112K
  class space    used 8742K, committed 10496K, reserved 1048576K
}
Event: 6314.202 GC heap before
{Heap before GC invocations=130 (full 19):
 garbage-first heap   total 1048576K, used 1048070K [0x00000000c0000000, 0x0000000100000000)
  region size 1024K, 0 young (0K), 0 survivors (0K)
 Metaspace       used 65683K, committed 70208K, reserved 1114112K
  class space    used 8742K, committed 10496K, reserved 1048576K
}

Dll operation events (15 events):
Event: 0.008 Loaded shared library C:\Program Files\Java\jdk-21.0.10\bin\java.dll
Event: 0.035 Loaded shared library C:\Program Files\Java\jdk-21.0.10\bin\jsvml.dll
Event: 0.077 Loaded shared library C:\Program Files\Java\jdk-21.0.10\bin\zip.dll
Event: 0.080 Loaded shared library C:\Program Files\Java\jdk-21.0.10\bin\instrument.dll
Event: 0.084 Loaded shared library C:\Program Files\Java\jdk-21.0.10\bin\net.dll
Event: 0.086 Loaded shared library C:\Program Files\Java\jdk-21.0.10\bin\nio.dll
Event: 0.088 Loaded shared library C:\Program Files\Java\jdk-21.0.10\bin\zip.dll
Event: 0.307 Loaded shared library C:\Program Files\Java\jdk-21.0.10\bin\jimage.dll
Event: 0.510 Loaded shared library C:\Program Files\Java\jdk-21.0.10\bin\verify.dll
Event: 0.539 Loaded shared library C:\Users\Travis\.gradle\native\660c5614fbf4a5f2a75b1949f50a0caf5cd603558e7d8a26e50b933a0cfb79d1\windows-amd64\native-platform.dll
Event: 0.546 Loaded shared library C:\Users\Travis\.gradle\native\0.2.8\x86_64-windows-gnu\gradle-fileevents.dll
Event: 1.427 Loaded shared library C:\Program Files\Java\jdk-21.0.10\bin\management.dll
Event: 1.430 Loaded shared library C:\Program Files\Java\jdk-21.0.10\bin\management_ext.dll
Event: 1.528 Loaded shared library C:\Program Files\Java\jdk-21.0.10\bin\extnet.dll
Event: 1.674 Loaded shared library C:\Program Files\Java\jdk-21.0.10\bin\sunmscapi.dll

Deoptimization events (20 events):
Event: 4136.466 Thread 0x000001fe73f52fc0 Uncommon trap: trap_request=0xffffffd6 fr.pc=0x000001fe20419df0 relative=0x0000000000000610
Event: 4136.466 Thread 0x000001fe73f52fc0 Uncommon trap: reason=array_check action=maybe_recompile pc=0x000001fe20419df0 method=java.util.concurrent.ScheduledThreadPoolExecutor$DelayedWorkQueue.offer(Ljava/lang/Runnable;)Z @ 65 c2
Event: 4136.466 Thread 0x000001fe73f52fc0 DEOPT PACKING pc=0x000001fe20419df0 sp=0x00000041bf6fef80
Event: 4136.466 Thread 0x000001fe73f52fc0 DEOPT UNPACKING pc=0x000001fe1fa146a2 sp=0x00000041bf6fee50 mode 2
Event: 4137.464 Thread 0x000001fe73f52fc0 Uncommon trap: trap_request=0xffffffd6 fr.pc=0x000001fe20419df0 relative=0x0000000000000610
Event: 4137.464 Thread 0x000001fe73f52fc0 Uncommon trap: reason=array_check action=maybe_recompile pc=0x000001fe20419df0 method=java.util.concurrent.ScheduledThreadPoolExecutor$DelayedWorkQueue.offer(Ljava/lang/Runnable;)Z @ 65 c2
Event: 4137.464 Thread 0x000001fe73f52fc0 DEOPT PACKING pc=0x000001fe20419df0 sp=0x00000041bf6fef80
Event: 4137.464 Thread 0x000001fe73f52fc0 DEOPT UNPACKING pc=0x000001fe1fa146a2 sp=0x00000041bf6fee50 mode 2
Event: 4138.468 Thread 0x000001fe73f52fc0 Uncommon trap: trap_request=0xffffffd6 fr.pc=0x000001fe20419df0 relative=0x0000000000000610
Event: 4138.468 Thread 0x000001fe73f52fc0 Uncommon trap: reason=array_check action=maybe_recompile pc=0x000001fe20419df0 method=java.util.concurrent.ScheduledThreadPoolExecutor$DelayedWorkQueue.offer(Ljava/lang/Runnable;)Z @ 65 c2
Event: 4138.468 Thread 0x000001fe73f52fc0 DEOPT PACKING pc=0x000001fe20419df0 sp=0x00000041bf6fef80
Event: 4138.468 Thread 0x000001fe73f52fc0 DEOPT UNPACKING pc=0x000001fe1fa146a2 sp=0x00000041bf6fee50 mode 2
Event: 6006.770 Thread 0x000001fe73f52fc0 Uncommon trap: trap_request=0xffffff45 fr.pc=0x000001fe205ee76c relative=0x000000000000434c
Event: 6006.770 Thread 0x000001fe73f52fc0 Uncommon trap: reason=unstable_if action=reinterpret pc=0x000001fe205ee76c method=org.gradle.launcher.daemon.server.health.gc.GarbageCollectionCheck.run()V @ 100 c2
Event: 6006.770 Thread 0x000001fe73f52fc0 DEOPT PACKING pc=0x000001fe205ee76c sp=0x00000041bf6fef10
Event: 6006.770 Thread 0x000001fe73f52fc0 DEOPT UNPACKING pc=0x000001fe1fa146a2 sp=0x00000041bf6feee0 mode 2
Event: 6006.770 Thread 0x000001fe73f52fc0 Uncommon trap: trap_request=0xffffff45 fr.pc=0x000001fe201273bc relative=0x000000000000019c
Event: 6006.770 Thread 0x000001fe73f52fc0 Uncommon trap: reason=unstable_if action=reinterpret pc=0x000001fe201273bc method=java.lang.management.MemoryUsage.<init>(JJJJ)V @ 119 c2
Event: 6006.770 Thread 0x000001fe73f52fc0 DEOPT PACKING pc=0x000001fe201273bc sp=0x00000041bf6fe7a0
Event: 6006.770 Thread 0x000001fe73f52fc0 DEOPT UNPACKING pc=0x000001fe1fa146a2 sp=0x00000041bf6fe718 mode 2

Classes loaded (20 events):
Event: 364.493 Loading class java/io/ObjectInputStream$HandleTable$HandleList
Event: 364.493 Loading class java/io/ObjectInputStream$HandleTable$HandleList done
Event: 364.493 Loading class java/io/ObjectInputStream$ValidationList
Event: 364.493 Loading class java/io/ObjectInputStream$ValidationList done
Event: 364.493 Loading class java/io/ObjectInputFilter$Config
Event: 364.493 Loading class java/io/ObjectInputFilter$Config done
Event: 364.493 Loading class java/io/ObjectInputFilter
Event: 364.493 Loading class java/io/ObjectInputFilter done
Event: 364.493 Loading class java/io/ObjectInputFilter$Config$BuiltinFilterFactory
Event: 364.493 Loading class java/io/ObjectInputFilter$Config$BuiltinFilterFactory done
Event: 364.493 Loading class jdk/internal/access/JavaObjectInputFilterAccess
Event: 364.493 Loading class jdk/internal/access/JavaObjectInputFilterAccess done
Event: 364.494 Loading class jdk/internal/event/DeserializationEvent
Event: 364.494 Loading class jdk/internal/event/DeserializationEvent done
Event: 364.495 Loading class java/io/ObjectInputStream$FieldValues
Event: 364.495 Loading class java/io/ObjectInputStream$GetField
Event: 364.495 Loading class java/io/ObjectInputStream$GetField done
Event: 364.495 Loading class java/io/ObjectInputStream$FieldValues done
Event: 364.504 Loading class jdk/internal/math/FormattedFPDecimal
Event: 364.504 Loading class jdk/internal/math/FormattedFPDecimal done

Classes unloaded (20 events):
Event: 2275.014 Thread 0x000001fe2cc70b30 Unloading class 0x000001fe2e800400 'jdk/internal/reflect/GeneratedSerializationConstructorAccessor102'
Event: 2275.014 Thread 0x000001fe2cc70b30 Unloading class 0x000001fe2e800000 'jdk/internal/reflect/GeneratedSerializationConstructorAccessor101'
Event: 2275.014 Thread 0x000001fe2cc70b30 Unloading class 0x000001fe2e7fd800 'jdk/internal/reflect/GeneratedSerializationConstructorAccessor100'
Event: 2275.014 Thread 0x000001fe2cc70b30 Unloading class 0x000001fe2e7fd400 'jdk/internal/reflect/GeneratedSerializationConstructorAccessor99'
Event: 2275.014 Thread 0x000001fe2cc70b30 Unloading class 0x000001fe2e7fc800 'jdk/internal/reflect/GeneratedSerializationConstructorAccessor98'
Event: 2275.014 Thread 0x000001fe2cc70b30 Unloading class 0x000001fe2e7fc000 'jdk/internal/reflect/GeneratedSerializationConstructorAccessor96'
Event: 2275.014 Thread 0x000001fe2cc70b30 Unloading class 0x000001fe2e7a1400 'java/lang/invoke/LambdaForm$MH+0x000001fe2e7a1400'
Event: 2275.014 Thread 0x000001fe2cc70b30 Unloading class 0x000001fe2e7a0400 'java/lang/invoke/LambdaForm$MH+0x000001fe2e7a0400'
Event: 2275.014 Thread 0x000001fe2cc70b30 Unloading class 0x000001fe2e6fcc00 'java/lang/invoke/LambdaForm$MH+0x000001fe2e6fcc00'
Event: 2275.014 Thread 0x000001fe2cc70b30 Unloading class 0x000001fe2e000400 'java/lang/invoke/LambdaForm$MH+0x000001fe2e000400'
Event: 2471.045 Thread 0x000001fe2cc70b30 Unloading class 0x000001fe2e7b8c00 'java/lang/invoke/LambdaForm$MH+0x000001fe2e7b8c00'
Event: 2471.045 Thread 0x000001fe2cc70b30 Unloading class 0x000001fe2e7e0c00 'java/lang/invoke/LambdaForm$MH+0x000001fe2e7e0c00'
Event: 2471.045 Thread 0x000001fe2cc70b30 Unloading class 0x000001fe2e7eac00 'java/lang/invoke/LambdaForm$MH+0x000001fe2e7eac00'
Event: 2471.045 Thread 0x000001fe2cc70b30 Unloading class 0x000001fe2e7fc400 'java/lang/invoke/LambdaForm$MH+0x000001fe2e7fc400'
Event: 2471.045 Thread 0x000001fe2cc70b30 Unloading class 0x000001fe2e818000 'java/lang/invoke/LambdaForm$MH+0x000001fe2e818000'
Event: 2471.045 Thread 0x000001fe2cc70b30 Unloading class 0x000001fe2e818800 'java/lang/invoke/LambdaForm$MH+0x000001fe2e818800'
Event: 2471.045 Thread 0x000001fe2cc70b30 Unloading class 0x000001fe2e881000 'java/lang/invoke/LambdaForm$MH+0x000001fe2e881000'
Event: 2471.045 Thread 0x000001fe2cc70b30 Unloading class 0x000001fe2e883400 'java/lang/invoke/LambdaForm$MH+0x000001fe2e883400'
Event: 2471.045 Thread 0x000001fe2cc70b30 Unloading class 0x000001fe2e8a1400 'jdk/internal/reflect/GeneratedSerializationConstructorAccessor155'
Event: 2471.045 Thread 0x000001fe2cc70b30 Unloading class 0x000001fe2e8b8c00 'jdk/internal/reflect/GeneratedSerializationConstructorAccessor154'

Classes redefined (0 events):
No events

Internal exceptions (20 events):
Event: 962.599 Thread 0x000001fe72298db0 Exception <a 'sun/nio/fs/WindowsException'{0x00000000c912e7b8}> (0x00000000c912e7b8) 
thrown [s\open\src\hotspot\share\prims\jni.cpp, line 520]
Event: 962.618 Thread 0x000001fe72298db0 Exception <a 'sun/nio/fs/WindowsException'{0x00000000c8f34ae8}> (0x00000000c8f34ae8) 
thrown [s\open\src\hotspot\share\prims\jni.cpp, line 520]
Event: 962.630 Thread 0x000001fe72298db0 Exception <a 'sun/nio/fs/WindowsException'{0x00000000c8c49f80}> (0x00000000c8c49f80) 
thrown [s\open\src\hotspot\share\prims\jni.cpp, line 520]
Event: 962.635 Thread 0x000001fe72298db0 Exception <a 'sun/nio/fs/WindowsException'{0x00000000c8cc3430}> (0x00000000c8cc3430) 
thrown [s\open\src\hotspot\share\prims\jni.cpp, line 520]
Event: 962.638 Thread 0x000001fe72298db0 Exception <a 'sun/nio/fs/WindowsException'{0x00000000c8b53708}> (0x00000000c8b53708) 
thrown [s\open\src\hotspot\share\prims\jni.cpp, line 520]
Event: 962.641 Thread 0x000001fe72298db0 Exception <a 'sun/nio/fs/WindowsException'{0x00000000c8b93608}> (0x00000000c8b93608) 
thrown [s\open\src\hotspot\share\prims\jni.cpp, line 520]
Event: 962.644 Thread 0x000001fe72298db0 Exception <a 'sun/nio/fs/WindowsException'{0x00000000c8bbc1f0}> (0x00000000c8bbc1f0) 
thrown [s\open\src\hotspot\share\prims\jni.cpp, line 520]
Event: 962.645 Thread 0x000001fe72298db0 Exception <a 'sun/nio/fs/WindowsException'{0x00000000c8bde2a0}> (0x00000000c8bde2a0) 
thrown [s\open\src\hotspot\share\prims\jni.cpp, line 520]
Event: 962.652 Thread 0x000001fe72298db0 Exception <a 'sun/nio/fs/WindowsException'{0x00000000c8ab87a8}> (0x00000000c8ab87a8) 
thrown [s\open\src\hotspot\share\prims\jni.cpp, line 520]
Event: 962.657 Thread 0x000001fe72298db0 Exception <a 'sun/nio/fs/WindowsException'{0x00000000c8950120}> (0x00000000c8950120) 
thrown [s\open\src\hotspot\share\prims\jni.cpp, line 520]
Event: 962.661 Thread 0x000001fe72298db0 Exception <a 'sun/nio/fs/WindowsException'{0x00000000c89e1830}> (0x00000000c89e1830) 
thrown [s\open\src\hotspot\share\prims\jni.cpp, line 520]
Event: 962.662 Thread 0x000001fe72298db0 Exception <a 'sun/nio/fs/WindowsException'{0x00000000c89fdec8}> (0x00000000c89fdec8) 
thrown [s\open\src\hotspot\share\prims\jni.cpp, line 520]
Event: 962.663 Thread 0x000001fe72298db0 Exception <a 'sun/nio/fs/WindowsException'{0x00000000c881be58}> (0x00000000c881be58) 
thrown [s\open\src\hotspot\share\prims\jni.cpp, line 520]
Event: 962.681 Thread 0x000001fe72298db0 Exception <a 'sun/nio/fs/WindowsException'{0x00000000c85a86b0}> (0x00000000c85a86b0) 
thrown [s\open\src\hotspot\share\prims\jni.cpp, line 520]
Event: 962.806 Thread 0x000001fe72298db0 Implicit null exception at 0x000001fe20647e3e to 0x000001fe206489c4
Event: 962.826 Thread 0x000001fe72298db0 Implicit null exception at 0x000001fe202e74f2 to 0x000001fe202e772c
Event: 962.893 Thread 0x000001fe75776c00 Exception <a 'java/lang/NoSuchMethodError'{0x00000000fff0a498}: static Lorg/gradle/internal/build/event/types/DefaultTaskStartedProgressEvent;.<clinit>()V> (0x00000000fff0a498) 
thrown [s\open\src\hotspot\share\prims\jni.cpp, line 1111]
Event: 962.899 Thread 0x000001fe72298db0 Exception <a 'sun/nio/fs/WindowsException'{0x00000000c73f4cb0}> (0x00000000c73f4cb0) 
thrown [s\open\src\hotspot\share\prims\jni.cpp, line 520]
Event: 962.904 Thread 0x000001fe72298db0 Implicit null exception at 0x000001fe2013b83e to 0x000001fe2013bca8
Event: 962.908 Thread 0x000001fe72298db0 Implicit null exception at 0x000001fe2017adc2 to 0x000001fe2017b230

ZGC Phase Switch (0 events):
No events

VM Operations (20 events):
Event: 6265.944 Executing VM operation: G1CollectForAllocation (G1 Evacuation Pause) done
Event: 6272.097 Executing VM operation: G1CollectForAllocation (G1 Evacuation Pause)
Event: 6272.696 Executing VM operation: G1CollectForAllocation (G1 Evacuation Pause) done
Event: 6275.843 Executing VM operation: G1CollectForAllocation (G1 Evacuation Pause)
Event: 6276.456 Executing VM operation: G1CollectForAllocation (G1 Evacuation Pause) done
Event: 6277.402 Executing VM operation: G1CollectForAllocation (G1 Evacuation Pause)
Event: 6278.022 Executing VM operation: G1CollectForAllocation (G1 Evacuation Pause) done
Event: 6285.648 Executing VM operation: G1CollectForAllocation (G1 Evacuation Pause)
Event: 6286.247 Executing VM operation: G1CollectForAllocation (G1 Evacuation Pause) done
Event: 6293.151 Executing VM operation: G1CollectForAllocation (G1 Evacuation Pause)
Event: 6293.766 Executing VM operation: G1CollectForAllocation (G1 Evacuation Pause) done
Event: 6299.143 Executing VM operation: G1CollectForAllocation (G1 Evacuation Pause)
Event: 6299.753 Executing VM operation: G1CollectForAllocation (G1 Evacuation Pause) done
Event: 6304.397 Executing VM operation: G1CollectForAllocation (G1 Evacuation Pause)
Event: 6305.015 Executing VM operation: G1CollectForAllocation (G1 Evacuation Pause) done
Event: 6308.150 Executing VM operation: G1CollectForAllocation (G1 Evacuation Pause)
Event: 6308.749 Executing VM operation: G1CollectForAllocation (G1 Evacuation Pause) done
Event: 6311.198 Executing VM operation: G1CollectForAllocation (G1 Evacuation Pause)
Event: 6311.793 Executing VM operation: G1CollectForAllocation (G1 Evacuation Pause) done
Event: 6314.200 Executing VM operation: G1CollectForAllocation (G1 Evacuation Pause)

Events (20 events):
Event: 5828.765 Thread 0x000001fe2cc70b30 flushing nmethod 0x000001fe1981a990
Event: 5952.464 Thread 0x000001fe2cc70b30 flushing nmethod 0x000001fe202d4c10
Event: 5952.464 Thread 0x000001fe2cc70b30 flushing nmethod 0x000001fe18fd8a90
Event: 5952.464 Thread 0x000001fe2cc70b30 flushing nmethod 0x000001fe19b7b410
Event: 5952.464 Thread 0x000001fe2cc70b30 flushing nmethod 0x000001fe197aca10
Event: 5952.464 Thread 0x000001fe2cc70b30 flushing nmethod 0x000001fe20468e10
Event: 5952.464 Thread 0x000001fe2cc70b30 flushing nmethod 0x000001fe196e9690
Event: 5952.464 Thread 0x000001fe2cc70b30 flushing nmethod 0x000001fe196f0e10
Event: 5952.464 Thread 0x000001fe2cc70b30 flushing nmethod 0x000001fe186a8790
Event: 5952.464 Thread 0x000001fe2cc70b30 flushing nmethod 0x000001fe186aa510
Event: 5952.464 Thread 0x000001fe2cc70b30 flushing nmethod 0x000001fe186bc090
Event: 5952.464 Thread 0x000001fe2cc70b30 flushing nmethod 0x000001fe1960d290
Event: 5952.464 Thread 0x000001fe2cc70b30 flushing nmethod 0x000001fe2081a290
Event: 6004.596 Thread 0x000001fe2cc70b30 flushing nmethod 0x000001fe197c1790
Event: 6126.688 Thread 0x000001fe2cc70b30 flushing nmethod 0x000001fe205e9c10
Event: 6126.688 Thread 0x000001fe2cc70b30 flushing nmethod 0x000001fe20127090
Event: 6126.688 Thread 0x000001fe2cc70b30 flushing nmethod 0x000001fe2021a010
Event: 6133.176 Thread 0x000001fe2cc70b30 flushing nmethod 0x000001fe19780310
Event: 6133.176 Thread 0x000001fe2cc70b30 flushing nmethod 0x000001fe2060aa90
Event: 6133.176 Thread 0x000001fe2cc70b30 flushing nmethod 0x000001fe20118390


Dynamic libraries:
0x00007ff648c30000 - 0x00007ff648c40000 	C:\Program Files\Java\jdk-21.0.10\bin\java.exe
0x00007ff952a40000 - 0x00007ff952ca7000 	C:\WINDOWS\SYSTEM32\ntdll.dll
0x00007ff9523c0000 - 0x00007ff952489000 	C:\WINDOWS\System32\KERNEL32.DLL
0x00007ff950350000 - 0x00007ff950741000 	C:\WINDOWS\System32\KERNELBASE.dll
0x00007ff950200000 - 0x00007ff95034b000 	C:\WINDOWS\System32\ucrtbase.dll
0x00007ff941330000 - 0x00007ff941349000 	C:\Program Files\Java\jdk-21.0.10\bin\jli.dll
0x00007ff941310000 - 0x00007ff94132e000 	C:\Program Files\Java\jdk-21.0.10\bin\VCRUNTIME140.dll
0x00007ff9511a0000 - 0x00007ff95125b000 	C:\WINDOWS\System32\ADVAPI32.dll
0x00007ff952590000 - 0x00007ff952639000 	C:\WINDOWS\System32\msvcrt.dll
0x00007ff952790000 - 0x00007ff952837000 	C:\WINDOWS\System32\sechost.dll
0x00007ff951f20000 - 0x00007ff952038000 	C:\WINDOWS\System32\RPCRT4.dll
0x00007ff952090000 - 0x00007ff952255000 	C:\WINDOWS\System32\USER32.dll
0x00007ff934640000 - 0x00007ff9348d3000 	C:\WINDOWS\WinSxS\amd64_microsoft.windows.common-controls_6595b64144ccf1df_6.0.26100.8037_none_3e092faae333b53b\COMCTL32.dll
0x00007ff9501d0000 - 0x00007ff9501f7000 	C:\WINDOWS\System32\win32u.dll
0x00007ff951d60000 - 0x00007ff951d8b000 	C:\WINDOWS\System32\GDI32.dll
0x00007ff94fd00000 - 0x00007ff94fe2b000 	C:\WINDOWS\System32\gdi32full.dll
0x00007ff94ffa0000 - 0x00007ff950043000 	C:\WINDOWS\System32\msvcp_win.dll
0x00007ff94dc80000 - 0x00007ff94dc8b000 	C:\WINDOWS\SYSTEM32\VERSION.dll
0x00007ff950d70000 - 0x00007ff950da1000 	C:\WINDOWS\System32\IMM32.DLL
0x00007ff928cb0000 - 0x00007ff928cbc000 	C:\Program Files\Java\jdk-21.0.10\bin\vcruntime140_1.dll
0x00007ff8deb50000 - 0x00007ff8debdd000 	C:\Program Files\Java\jdk-21.0.10\bin\msvcp140.dll
0x00007ff852a90000 - 0x00007ff8537b7000 	C:\Program Files\Java\jdk-21.0.10\bin\server\jvm.dll
0x00007ff950c70000 - 0x00007ff950ce4000 	C:\WINDOWS\System32\WS2_32.dll
0x00007ff94efd0000 - 0x00007ff94f02e000 	C:\WINDOWS\SYSTEM32\POWRPROF.dll
0x00007ff942b00000 - 0x00007ff942b35000 	C:\WINDOWS\SYSTEM32\WINMM.dll
0x00007ff94efb0000 - 0x00007ff94efc4000 	C:\WINDOWS\SYSTEM32\UMPDC.dll
0x00007ff94e070000 - 0x00007ff94e08b000 	C:\WINDOWS\SYSTEM32\kernel.appcore.dll
0x00007ff928c80000 - 0x00007ff928c8a000 	C:\Program Files\Java\jdk-21.0.10\bin\jimage.dll
0x00007ff94cf80000 - 0x00007ff94d1c2000 	C:\WINDOWS\SYSTEM32\DBGHELP.DLL
0x00007ff951260000 - 0x00007ff9515e2000 	C:\WINDOWS\System32\combase.dll
0x00007ff950e30000 - 0x00007ff950f07000 	C:\WINDOWS\System32\OLEAUT32.dll
0x00007ff929320000 - 0x00007ff92935b000 	C:\WINDOWS\SYSTEM32\dbgcore.DLL
0x00007ff94f320000 - 0x00007ff94f3c5000 	C:\WINDOWS\System32\bcryptPrimitives.dll
0x00007ff941a70000 - 0x00007ff941a80000 	C:\Program Files\Java\jdk-21.0.10\bin\instrument.dll
0x00007ff926e30000 - 0x00007ff926e51000 	C:\Program Files\Java\jdk-21.0.10\bin\java.dll
0x00007ff9515f0000 - 0x00007ff951d4f000 	C:\WINDOWS\System32\SHELL32.dll
0x00007ff94fe30000 - 0x00007ff94ff9a000 	C:\WINDOWS\System32\wintypes.dll
0x00007ff94f490000 - 0x00007ff94fcf4000 	C:\WINDOWS\System32\windows.storage.dll
0x00007ff952490000 - 0x00007ff952587000 	C:\WINDOWS\System32\SHCORE.dll
0x00007ff950dc0000 - 0x00007ff950e27000 	C:\WINDOWS\System32\shlwapi.dll
0x00007ff94f240000 - 0x00007ff94f269000 	C:\WINDOWS\SYSTEM32\profapi.dll
0x00007ff8dea70000 - 0x00007ff8deb47000 	C:\Program Files\Java\jdk-21.0.10\bin\jsvml.dll
0x00007ff926de0000 - 0x00007ff926df8000 	C:\Program Files\Java\jdk-21.0.10\bin\zip.dll
0x00007ff928840000 - 0x00007ff928851000 	C:\Program Files\Java\jdk-21.0.10\bin\net.dll
0x00007ff948930000 - 0x00007ff948a57000 	C:\WINDOWS\SYSTEM32\WINHTTP.dll
0x00007ff94e5c0000 - 0x00007ff94e62b000 	C:\WINDOWS\system32\mswsock.dll
0x00007ff927dc0000 - 0x00007ff927dd6000 	C:\Program Files\Java\jdk-21.0.10\bin\nio.dll
0x00007ff9284a0000 - 0x00007ff9284b0000 	C:\Program Files\Java\jdk-21.0.10\bin\verify.dll
0x00007ff90b0c0000 - 0x00007ff90b0e7000 	C:\Users\Travis\.gradle\native\660c5614fbf4a5f2a75b1949f50a0caf5cd603558e7d8a26e50b933a0cfb79d1\windows-amd64\native-platform.dll
0x00007ff920190000 - 0x00007ff920207000 	C:\Users\Travis\.gradle\native\0.2.8\x86_64-windows-gnu\gradle-fileevents.dll
0x00007ff926e20000 - 0x00007ff926e2a000 	C:\Program Files\Java\jdk-21.0.10\bin\management.dll
0x00007ff917830000 - 0x00007ff91783c000 	C:\Program Files\Java\jdk-21.0.10\bin\management_ext.dll
0x00007ff952840000 - 0x00007ff952848000 	C:\WINDOWS\System32\PSAPI.DLL
0x00007ff94d7a0000 - 0x00007ff94d7d3000 	C:\WINDOWS\SYSTEM32\IPHLPAPI.DLL
0x00007ff950db0000 - 0x00007ff950dba000 	C:\WINDOWS\System32\NSI.dll
0x00007ff915280000 - 0x00007ff915289000 	C:\Program Files\Java\jdk-21.0.10\bin\extnet.dll
0x00007ff94e9c0000 - 0x00007ff94e9db000 	C:\WINDOWS\SYSTEM32\CRYPTSP.dll
0x00007ff94dfd0000 - 0x00007ff94e009000 	C:\WINDOWS\system32\rsaenh.dll
0x00007ff94e670000 - 0x00007ff94e6a2000 	C:\WINDOWS\SYSTEM32\USERENV.dll
0x00007ff94f210000 - 0x00007ff94f23a000 	C:\WINDOWS\SYSTEM32\bcrypt.dll
0x00007ff94e820000 - 0x00007ff94e82c000 	C:\WINDOWS\SYSTEM32\CRYPTBASE.dll
0x00007ff915290000 - 0x00007ff91529e000 	C:\Program Files\Java\jdk-21.0.10\bin\sunmscapi.dll
0x00007ff950050000 - 0x00007ff9501c7000 	C:\WINDOWS\System32\CRYPT32.dll
0x00007ff94eb90000 - 0x00007ff94ebc0000 	C:\WINDOWS\SYSTEM32\ncrypt.dll
0x00007ff94eb40000 - 0x00007ff94eb7f000 	C:\WINDOWS\SYSTEM32\NTASN1.dll
0x00007ff922a20000 - 0x00007ff922a28000 	C:\WINDOWS\system32\wshunix.dll

dbghelp: loaded successfully - version: 4.0.5 - missing functions: none
symbol engine: initialized successfully - sym options: 0x614 - pdb path: .;C:\Program Files\Java\jdk-21.0.10\bin;C:\WINDOWS\SYSTEM32;C:\WINDOWS\WinSxS\amd64_microsoft.windows.common-controls_6595b64144ccf1df_6.0.26100.8037_none_3e092faae333b53b;C:\Program Files\Java\jdk-21.0.10\bin\server;C:\Users\Travis\.gradle\native\660c5614fbf4a5f2a75b1949f50a0caf5cd603558e7d8a26e50b933a0cfb79d1\windows-amd64;C:\Users\Travis\.gradle\native\0.2.8\x86_64-windows-gnu

VM Arguments:
jvm_args: --add-opens=java.base/java.lang=ALL-UNNAMED --add-opens=java.base/java.lang.invoke=ALL-UNNAMED --add-opens=java.base/java.util=ALL-UNNAMED --add-opens=java.prefs/java.util.prefs=ALL-UNNAMED --add-exports=jdk.compiler/com.sun.tools.javac.api=ALL-UNNAMED --add-exports=jdk.compiler/com.sun.tools.javac.util=ALL-UNNAMED --add-opens=java.base/java.util=ALL-UNNAMED --add-opens=java.prefs/java.util.prefs=ALL-UNNAMED --add-opens=java.base/java.nio.charset=ALL-UNNAMED --add-opens=java.base/java.net=ALL-UNNAMED --add-opens=java.base/java.util.concurrent=ALL-UNNAMED --add-opens=java.base/java.util.concurrent.atomic=ALL-UNNAMED --add-opens=java.xml/javax.xml.namespace=ALL-UNNAMED --add-opens=java.base/java.time=ALL-UNNAMED -Xmx1G -Dfile.encoding=UTF-8 -Duser.country=US -Duser.language=en -Duser.variant -javaagent:C:\Users\Travis\.gradle\wrapper\dists\gradle-9.2.1-bin\2t0n5ozlw9xmuyvbp7dnzaxug\gradle-9.2.1\lib\agents\gradle-instrumentation-agent-9.2.1.jar 
java_command: org.gradle.launcher.daemon.bootstrap.GradleDaemon 9.2.1
java_class_path (initial): C:\Users\Travis\.gradle\wrapper\dists\gradle-9.2.1-bin\2t0n5ozlw9xmuyvbp7dnzaxug\gradle-9.2.1\lib\gradle-daemon-main-9.2.1.jar
Launcher Type: SUN_STANDARD

[Global flags]
     intx CICompilerCount                          = 12                                        {product} {ergonomic}
     uint ConcGCThreads                            = 3                                         {product} {ergonomic}
     uint G1ConcRefinementThreads                  = 13                                        {product} {ergonomic}
   size_t G1HeapRegionSize                         = 1048576                                   {product} {ergonomic}
    uintx GCDrainStackTargetSize                   = 64                                        {product} {ergonomic}
   size_t InitialHeapSize                          = 1073741824                                {product} {ergonomic}
   size_t MarkStackSize                            = 4194304                                   {product} {ergonomic}
   size_t MaxHeapSize                              = 1073741824                                {product} {command line}
   size_t MaxNewSize                               = 643825664                                 {product} {ergonomic}
   size_t MinHeapDeltaBytes                        = 1048576                                   {product} {ergonomic}
   size_t MinHeapSize                              = 8388608                                   {product} {ergonomic}
    uintx NonNMethodCodeHeapSize                   = 7602480                                {pd product} {ergonomic}
    uintx NonProfiledCodeHeapSize                  = 122027880                              {pd product} {ergonomic}
    uintx ProfiledCodeHeapSize                     = 122027880                              {pd product} {ergonomic}
    uintx ReservedCodeCacheSize                    = 251658240                              {pd product} {ergonomic}
     bool SegmentedCodeCache                       = true                                      {product} {ergonomic}
   size_t SoftMaxHeapSize                          = 1073741824                             {manageable} {ergonomic}
     bool UseCompressedOops                        = true                           {product lp64_product} {ergonomic}
     bool UseG1GC                                  = true                                      {product} {ergonomic}
     bool UseLargePagesIndividualAllocation        = false                                  {pd product} {ergonomic}

Logging:
Log output configuration:
 #0: stdout all=warning uptime,level,tags foldmultilines=false
 #1: stderr all=off uptime,level,tags foldmultilines=false

Environment Variables:
PATH=C:\Program Files\Common Files\Oracle\Java\javapath;C:\Program Files (x86)\Common Files\Oracle\Java\java8path;C:\Program Files (x86)\Common Files\Oracle\Java\javapath;C:\Program Files (x86)\Razer Chroma SDK\bin;C:\Program Files\Razer Chroma SDK\bin;C:\Program Files (x86)\Razer\ChromaBroadcast\bin;C:\Program Files\Razer\ChromaBroadcast\bin;C:\WINDOWS\system32;C:\WINDOWS;C:\WINDOWS\System32\Wbem;C:\WINDOWS\System32\WindowsPowerShell\v1.0\;C:\WINDOWS\System32\OpenSSH\;C:\Program Files (x86)\Intel\Intel(R) Management Engine Components\DAL;C:\Program Files\Intel\Intel(R) Management Engine Components\DAL;C:\WINDOWS\system32\config\systemprofile\AppData\Local\Microsoft\WindowsApps;C:\Program Files (x86)\NVIDIA Corporation\PhysX\Common;;C:\Users\Travis\AppData\Local\Microsoft\WindowsApps;C:\adb;C:\Program Files (x86)\dotnet\;C:\Program Files\PuTTY\;C:\Program Files\dotnet\;C:\Program Files\Microsoft VS Code\bin;C:\WINDOWS\system32;C:\WINDOWS;C:\WINDOWS\System32\Wbem;C:\WINDOWS\System32\WindowsPowerShell\v1.0\;C:\WINDOWS\System32\OpenSSH\;C:\Program Files\NVIDIA Corporation\NVIDIA app\NvDLISR;C:\Program Files\PowerToys\DSCModules\;C:\Program Files\nodejs\;C:\ProgramData\chocolatey\bin;C:\Users\Travis\AppData\Local\Microsoft\WindowsApps;C:\Users\Travis\AppData\Roaming\npm;C:\Users\Travis\.lmstudio\bin;C:\Users\Travis\AppData\Local\Programs\Ollama
USERNAME=Travis
OS=Windows_NT
PROCESSOR_IDENTIFIER=Intel64 Family 6 Model 158 Stepping 12, GenuineIntel
TMP=C:\Users\Travis\AppData\Local\Temp
TEMP=C:\Users\Travis\AppData\Local\Temp




Periodic native trim disabled

---------------  S Y S T E M  ---------------

OS:
 Windows 11 , 64 bit Build 26100 (10.0.26100.7920)
OS uptime: 9 days 13:51 hours
Hyper-V role detected

CPU: total 16 (initial active 16) (8 cores per cpu, 2 threads per core) family 6 model 158 stepping 12 microcode 0xde, cx8, cmov, fxsr, ht, mmx, 3dnowpref, sse, sse2, sse3, ssse3, sse4.1, sse4.2, popcnt, lzcnt, tsc, tscinvbit, avx, avx2, aes, erms, clmul, bmi1, bmi2, rtm, adx, fma, vzeroupper, clflush, clflushopt, hv, rdtscp, f16c
Processor Information for all 16 processors :
  Max Mhz: 3600, Current Mhz: 3600, Mhz Limit: 3600

Memory: 4k page, system-wide physical 65465M (28843M free)
TotalPageFile size 69561M (AvailPageFile size 13849M)
current process WorkingSet (physical memory assigned to process): 1271M, peak: 1271M
current process commit charge ("private bytes"): 1357M, peak: 1357M

vm_info: Java HotSpot(TM) 64-Bit Server VM (21.0.10+8-LTS-217) for windows-amd64 JRE (21.0.10+8-LTS-217), built on 2025-12-18T14:59:28Z by "mach5run" with MS VC++ 17.13 (VS2022)

END.
