#
# A fatal error has been detected by the Java Runtime Environment:
#
#  EXCEPTION_ACCESS_VIOLATION (0xc0000005) at pc=0x00007ffbdf7ad3f0, pid=70100, tid=56984
#
# JRE version: Java(TM) SE Runtime Environment (21.0.10+8) (build 21.0.10+8-LTS-217)
# Java VM: Java HotSpot(TM) 64-Bit Server VM (21.0.10+8-LTS-217, mixed mode, sharing, tiered, compressed oops, compressed class ptrs, g1 gc, windows-amd64)
# Problematic frame:
# V  [jvm.dll+0x34d3f0]
#
# No core dump will be written. Minidumps are not enabled by default on client versions of Windows
#
# If you would like to submit a bug report, please visit:
#   https://bugreport.java.com/bugreport/crash.jsp
#

---------------  S U M M A R Y ------------

Command Line: --add-opens=java.base/java.lang=ALL-UNNAMED --add-opens=java.base/java.lang.invoke=ALL-UNNAMED --add-opens=java.base/java.util=ALL-UNNAMED --add-opens=java.prefs/java.util.prefs=ALL-UNNAMED --add-exports=jdk.compiler/com.sun.tools.javac.api=ALL-UNNAMED --add-exports=jdk.compiler/com.sun.tools.javac.util=ALL-UNNAMED --add-opens=java.base/java.util=ALL-UNNAMED --add-opens=java.prefs/java.util.prefs=ALL-UNNAMED --add-opens=java.base/java.nio.charset=ALL-UNNAMED --add-opens=java.base/java.net=ALL-UNNAMED --add-opens=java.base/java.util.concurrent=ALL-UNNAMED --add-opens=java.base/java.util.concurrent.atomic=ALL-UNNAMED --add-opens=java.xml/javax.xml.namespace=ALL-UNNAMED --add-opens=java.base/java.time=ALL-UNNAMED -Xmx1G -Dfile.encoding=UTF-8 -Duser.country=US -Duser.language=en -Duser.variant -javaagent:C:\Users\Travis\.gradle\wrapper\dists\gradle-9.2.1-bin\2t0n5ozlw9xmuyvbp7dnzaxug\gradle-9.2.1\lib\agents\gradle-instrumentation-agent-9.2.1.jar org.gradle.launcher.daemon.bootstrap.GradleDaemon 9.2.1

Host: Intel(R) Core(TM) i9-9900K CPU @ 3.60GHz, 16 cores, 63G,  Windows 11 , 64 bit Build 26100 (10.0.26100.7920)
Time: Sat Feb 28 18:51:48 2026 Pacific Standard Time elapsed time: 7204.329784 seconds (0d 2h 0m 4s)

---------------  T H R E A D  ---------------

Current thread (0x000001dac758d440):  WorkerThread "GC Thread#12"   [id=56984, stack(0x00000063fac00000,0x00000063fad00000) (1024K)]

Stack: [0x00000063fac00000,0x00000063fad00000],  sp=0x00000063facff690,  free space=1021k
Native frames: (J=compiled Java code, j=interpreted, Vv=VM code, C=native code)
V  [jvm.dll+0x34d3f0]
V  [jvm.dll+0x34cb19]
V  [jvm.dll+0x34c39b]
V  [jvm.dll+0x88d951]
V  [jvm.dll+0x80a83d]
V  [jvm.dll+0x6cf3fd]
C  [ucrtbase.dll+0x37b0]
C  [KERNEL32.DLL+0x2e8d7]
C  [ntdll.dll+0x8c48c]


siginfo: EXCEPTION_ACCESS_VIOLATION (0xc0000005), writing address 0x0000000000000000


Registers:
RAX=0x0000000000000000, RBX=0x00000000ffffffff, RCX=0x0000000000000000, RDX=0x0000000000000000
RSP=0x00000063facff690, RBP=0x0000000000000004, RSI=0x00000063f8fff410, RDI=0x000001daccdd48c0
R8 =0x0000000000000005, R9 =0x0000000000000000, R10=0x0000000000000010, R11=0x0000000000000028
R12=0x000000000000001a, R13=0x0000000000000020, R14=0x0000000000000013, R15=0x00000063facff700
RIP=0x00007ffbdf7ad3f0, EFLAGS=0x0000000000010297


Register to memory mapping:

RAX=0x0 is null
RBX=0x00000000ffffffff points into unknown readable memory: 00
RCX=0x0 is null
RDX=0x0 is null
RSP=0x00000063facff690 points into unknown readable memory: 0x000001daccdd48c0 | c0 48 dd cc da 01 00 00
RBP=0x0000000000000004 is an unknown value
RSI=0x00000063f8fff410 points into unknown readable memory: 0x00007ffbdfe40478 | 78 04 e4 df fb 7f 00 00
RDI=0x000001daccdd48c0 points into unknown readable memory: 0x0000000000000000 | 00 00 00 00 00 00 00 00
R8 =0x0000000000000005 is an unknown value
R9 =0x0 is null
R10=0x0000000000000010 is an unknown value
R11=0x0000000000000028 is an unknown value
R12=0x000000000000001a is an unknown value
R13=0x0000000000000020 is an unknown value
R14=0x0000000000000013 is an unknown value
R15=0x00000063facff700 points into unknown readable memory: 0x00000000d5d3eac8 | c8 ea d3 d5 00 00 00 00

Top of Stack: (sp=0x00000063facff690)
0x00000063facff690:   000001daccdd48c0 0000000000000006
0x00000063facff6a0:   0000000000000000 0000000000000000
0x00000063facff6b0:   00000063f8fff3f8 00000063f8ffea40
0x00000063facff6c0:   0000000000000000 00000063f8fff410
0x00000063facff6d0:   00000000d3e4c9a8 00007ffbdf7acb19
0x00000063facff6e0:   000001daccdd45e0 00007ffbe0029d98
0x00000063facff6f0:   000000000000000c 00000063f8ffea40
0x00000063facff700:   00000000d5d3eac8 0000000000000000
0x00000063facff710:   000001daff722668 0000000000000004
0x00000063facff720:   000001daccdd45e0 00000000000003d8
0x00000063facff730:   000001daff722290 00007ffbdf7ac39b
0x00000063facff740:   00000000d3e4c9a8 000001daff722280
0x00000063facff750:   000001dac75ec700 00000063f8ffe8e0
0x00000063facff760:   00000000d8800000 00007ffbdf7ad029
0x00000063facff770:   00000010c603a5d8 0000179677e9a435
0x00000063facff780:   00000010c603a5d8 0000179677e9a435
0x00000063facff790:   0000000000000000 0000000000000000
0x00000063facff7a0:   00007ffbdfe40988 000001daccdd4b90
0x00000063facff7b0:   0000000000000000 0000000000000001
0x00000063facff7c0:   0000000000000000 000001dac75f3700
0x00000063facff7d0:   0000000000000000 0000000000000000
0x00000063facff7e0:   0000000000000004 00007ffbdfced951
0x00000063facff7f0:   000001dae50f3008 000001dac758d440
0x00000063facff800:   000001dac75f3740 0000000000000004
0x00000063facff810:   000001dac758d440 0000000000100000
0x00000063facff820:   0000000000000000 00007ffbdfc6a83d
0x00000063facff830:   00000063fac00000 00000000ffffffff
0x00000063facff840:   0000000000000000 0000000000000000
0x00000063facff850:   0000000000000004 0000000000001000
0x00000063facff860:   0000000400001000 0000000000020000
0x00000063facff870:   0000000000000000 00007ffc6c7fba9b
0x00000063facff880:   000001dac758d440 0000000000000000 

Instructions: (pc=0x00007ffbdf7ad3f0)
0x00007ffbdf7ad2f0:   41 5f 41 5e 5e 5d 5b c3 cc cc cc cc cc cc cc cc
0x00007ffbdf7ad300:   40 53 48 83 ec 30 8b 44 24 2c 48 8b d9 48 89 54
0x00007ffbdf7ad310:   24 20 44 89 44 24 28 44 8b 81 60 03 00 00 41 8b
0x00007ffbdf7ad320:   d0 89 44 24 2c 8b 81 e0 03 00 00 2b d0 81 e2 ff
0x00007ffbdf7ad330:   ff 01 00 81 fa fe ff 01 00 73 2b 48 8b 83 60 04
0x00007ffbdf7ad340:   00 00 41 8b c8 0f 28 44 24 20 48 03 c9 0f 11 04
0x00007ffbdf7ad350:   c8 41 8d 40 01 25 ff ff 01 00 89 83 60 03 00 00
0x00007ffbdf7ad360:   48 83 c4 30 5b c3 48 8b 91 80 05 00 00 48 3b 91
0x00007ffbdf7ad370:   68 05 00 00 75 0e 48 81 c1 60 05 00 00 e8 be cb
0x00007ffbdf7ad380:   f3 ff 33 d2 48 8b 83 98 05 00 00 48 8b ca 0f 28
0x00007ffbdf7ad390:   44 24 20 48 03 c9 0f 11 04 c8 48 8d 42 01 48 89
0x00007ffbdf7ad3a0:   83 80 05 00 00 48 83 c4 30 5b c3 cc cc cc cc cc
0x00007ffbdf7ad3b0:   48 89 5c 24 08 48 89 6c 24 10 48 89 74 24 18 57
0x00007ffbdf7ad3c0:   41 54 41 55 41 56 41 57 48 83 ec 20 44 8b 61 08
0x00007ffbdf7ad3d0:   4d 8b f8 8b ea 48 8b f1 41 be 00 00 00 00 45 03
0x00007ffbdf7ad3e0:   e4 0f 84 90 01 00 00 4c 8d 2c ed 00 00 00 00 90
0x00007ffbdf7ad3f0:   83 7e 08 02 48 8b 4e 10 4a 8b 3c 29 0f 86 50 01
0x00007ffbdf7ad400:   00 00 44 8b 87 00 02 00 00 41 83 f8 ff 75 51 8b
0x00007ffbdf7ad410:   8f 04 02 00 00 66 66 66 0f 1f 84 00 00 00 00 00
0x00007ffbdf7ad420:   b8 5f 0b 4e 83 f7 e9 03 d1 69 c9 a7 41 00 00 c1
0x00007ffbdf7ad430:   fa 10 8b c2 c1 e8 1f 03 d0 69 c2 ff ff ff 7f 2b
0x00007ffbdf7ad440:   c8 85 c9 8d 81 ff ff ff 7f 0f 4e c8 33 d2 8b c1
0x00007ffbdf7ad450:   89 8f 04 02 00 00 f7 76 08 44 8b c2 3b d5 74 c0
0x00007ffbdf7ad460:   8b dd 3b dd 74 05 41 3b d8 75 41 8b 8f 04 02 00
0x00007ffbdf7ad470:   00 b8 5f 0b 4e 83 f7 e9 03 d1 c1 fa 10 8b c2 c1
0x00007ffbdf7ad480:   e8 1f 03 d0 69 c1 a7 41 00 00 69 ca ff ff ff 7f
0x00007ffbdf7ad490:   2b c1 85 c0 8d 88 ff ff ff 7f 0f 4e c1 33 d2 89
0x00007ffbdf7ad4a0:   87 04 02 00 00 f7 76 08 8b da eb b6 41 8b c0 4c
0x00007ffbdf7ad4b0:   8d 1c c5 00 00 00 00 48 8b 46 10 49 8b 0c 03 8b
0x00007ffbdf7ad4c0:   81 00 01 00 00 44 8b 89 80 00 00 00 44 2b c8 b8
0x00007ffbdf7ad4d0:   00 00 00 00 41 81 e1 ff ff 01 00 41 81 f9 ff ff
0x00007ffbdf7ad4e0:   01 00 44 0f 44 c8 8b c3 4c 8d 14 c5 00 00 00 00 


Stack slot to memory mapping:

stack at sp + 0 slots: 0x000001daccdd48c0 points into unknown readable memory: 0x0000000000000000 | 00 00 00 00 00 00 00 00
stack at sp + 1 slots: 0x0000000000000006 is an unknown value
stack at sp + 2 slots: 0x0 is null
stack at sp + 3 slots: 0x0 is null
stack at sp + 4 slots: 0x00000063f8fff3f8 points into unknown readable memory: 0x00007ffbdfe40468 | 68 04 e4 df fb 7f 00 00
stack at sp + 5 slots: 0x00000063f8ffea40 points into unknown readable memory: 0x000000000000000d | 0d 00 00 00 00 00 00 00
stack at sp + 6 slots: 0x0 is null
stack at sp + 7 slots: 0x00000063f8fff410 points into unknown readable memory: 0x00007ffbdfe40478 | 78 04 e4 df fb 7f 00 00


---------------  P R O C E S S  ---------------

Threads class SMR info:
_java_thread_list=0x000001dac99154c0, length=70, elements={
0x000001dae2e612c0, 0x000001daff5176a0, 0x000001daff518200, 0x000001daff53b250,
0x000001daff53f200, 0x000001daff540170, 0x000001daff540d80, 0x000001daff541cc0,
0x000001daff54a920, 0x000001daff889810, 0x000001daff972940, 0x000001dac86af4d0,
0x000001dac8753a80, 0x000001dac894e5f0, 0x000001dac8845c50, 0x000001dac88462e0,
0x000001dac8846970, 0x000001dac8ebdd80, 0x000001dac8ebc9d0, 0x000001dac8ebaf90,
0x000001dac8ebe410, 0x000001dacb95ef80, 0x000001dac95cc1a0, 0x000001dac95cbb10,
0x000001dac95cc830, 0x000001dac95ca760, 0x000001dac95cfcb0, 0x000001dac95ce900,
0x000001dac95cd550, 0x000001dac95cdbe0, 0x000001dac95d0340, 0x000001dac95ce270,
0x000001dac95cf620, 0x000001dac95cef90, 0x000001dac95ccec0, 0x000001dac95d09d0,
0x000001dac95d1060, 0x000001dacb95d540, 0x000001dacb95a750, 0x000001dacb95bb00,
0x000001dacb95e260, 0x000001dacb95ceb0, 0x000001dacb95dbd0, 0x000001dacb95c820,
0x000001dacb95ade0, 0x000001dacb95b470, 0x000001dacb95e8f0, 0x000001dacb95f610,
0x000001dacb95c190, 0x000001dacb95fca0, 0x000001dacb960330, 0x000001dacb9609c0,
0x000001dacb961d70, 0x000001dacb961050, 0x000001dacb9616e0, 0x000001dac8ebb620,
0x000001dac8ebc340, 0x000001dac8eba900, 0x000001dac8ebd060, 0x000001dac8eba270,
0x000001dac8ebeaa0, 0x000001dac8ebf130, 0x000001dac8ebbcb0, 0x000001dac8ec1200,
0x000001dac8ebf7c0, 0x000001dac8ebfe50, 0x000001dac8ec04e0, 0x000001daccddb570,
0x000001daccdd8780, 0x000001daccdda1c0
}

Java Threads: ( => current thread )
  0x000001dae2e612c0 JavaThread "main"                              [_thread_blocked, id=69060, stack(0x00000063f8800000,0x00000063f8900000) (1024K)]
  0x000001daff5176a0 JavaThread "Reference Handler"          daemon [_thread_blocked, id=46552, stack(0x00000063f9000000,0x00000063f9100000) (1024K)]
  0x000001daff518200 JavaThread "Finalizer"                  daemon [_thread_blocked, id=26848, stack(0x00000063f9100000,0x00000063f9200000) (1024K)]
  0x000001daff53b250 JavaThread "Signal Dispatcher"          daemon [_thread_blocked, id=70616, stack(0x00000063f9200000,0x00000063f9300000) (1024K)]
  0x000001daff53f200 JavaThread "Attach Listener"            daemon [_thread_blocked, id=69336, stack(0x00000063f9300000,0x00000063f9400000) (1024K)]
  0x000001daff540170 JavaThread "Service Thread"             daemon [_thread_blocked, id=45360, stack(0x00000063f9400000,0x00000063f9500000) (1024K)]
  0x000001daff540d80 JavaThread "Monitor Deflation Thread"   daemon [_thread_blocked, id=68856, stack(0x00000063f9500000,0x00000063f9600000) (1024K)]
  0x000001daff541cc0 JavaThread "C2 CompilerThread0"         daemon [_thread_blocked, id=63684, stack(0x00000063f9600000,0x00000063f9700000) (1024K)]
  0x000001daff54a920 JavaThread "C1 CompilerThread0"         daemon [_thread_blocked, id=69304, stack(0x00000063f9700000,0x00000063f9800000) (1024K)]
  0x000001daff889810 JavaThread "Common-Cleaner"             daemon [_thread_blocked, id=33736, stack(0x00000063f9d00000,0x00000063f9e00000) (1024K)]
  0x000001daff972940 JavaThread "Notification Thread"        daemon [_thread_blocked, id=55936, stack(0x00000063f9e00000,0x00000063f9f00000) (1024K)]
  0x000001dac86af4d0 JavaThread "Daemon health stats"               [_thread_blocked, id=69704, stack(0x00000063fad00000,0x00000063fae00000) (1024K)]
  0x000001dac8753a80 JavaThread "Incoming local TCP Connector on port 53175"        [_thread_in_native, id=48024, stack(0x00000063fae00000,0x00000063faf00000) (1024K)]
  0x000001dac894e5f0 JavaThread "Daemon periodic checks"            [_thread_blocked, id=61612, stack(0x00000063faf00000,0x00000063fb000000) (1024K)]
  0x000001dac8845c50 JavaThread "Cache worker for journal cache (C:\Users\Travis\.gradle\caches\journal-1)"        [_thread_blocked, id=70124, stack(0x00000063fb700000,0x00000063fb800000) (1024K)]
  0x000001dac88462e0 JavaThread "File lock request listener"        [_thread_in_native, id=63072, stack(0x00000063fb800000,0x00000063fb900000) (1024K)]
  0x000001dac8846970 JavaThread "Cache worker for file hash cache (C:\Users\Travis\.gradle\caches\9.2.1\fileHashes)"        [_thread_blocked, id=68612, stack(0x00000063fb900000,0x00000063fba00000) (1024K)]
  0x000001dac8ebdd80 JavaThread "Cache worker for file content cache (C:\Users\Travis\.gradle\caches\9.2.1\fileContent)"        [_thread_blocked, id=48536, stack(0x00000063fbf00000,0x00000063fc000000) (1024K)]
  0x000001dac8ebc9d0 JavaThread "File watcher server"        daemon [_thread_blocked, id=61232, stack(0x00000063f9f00000,0x00000063fa000000) (1024K)]
  0x000001dac8ebaf90 JavaThread "File watcher consumer"      daemon [_thread_blocked, id=41208, stack(0x00000063fa000000,0x00000063fa100000) (1024K)]
  0x000001dac8ebe410 JavaThread "Memory manager"                    [_thread_blocked, id=70248, stack(0x00000063fc300000,0x00000063fc400000) (1024K)]
  0x000001dacb95ef80 JavaThread "Cache worker for Java compile cache (C:\Users\Travis\.gradle\caches\9.2.1\javaCompile)"        [_thread_blocked, id=20808, stack(0x00000063fda00000,0x00000063fdb00000) (1024K)]
  0x000001dac95cc1a0 JavaThread "Daemon Thread 3"                   [_thread_blocked, id=30352, stack(0x00000063f9900000,0x00000063f9a00000) (1024K)]
  0x000001dac95cbb10 JavaThread "Handler for socket connection from /127.0.0.1:53175 to /127.0.0.1:61125"        [_thread_in_native, id=71756, stack(0x00000063f9a00000,0x00000063f9b00000) (1024K)]
  0x000001dac95cc830 JavaThread "Cancel handler"                    [_thread_blocked, id=71296, stack(0x00000063f9c00000,0x00000063f9d00000) (1024K)]
  0x000001dac95ca760 JavaThread "Daemon worker Thread 2"            [_thread_blocked, id=64424, stack(0x00000063f8700000,0x00000063f8800000) (1024K)]
  0x000001dac95cfcb0 JavaThread "Asynchronous log dispatcher for DefaultDaemonConnection: socket connection from /127.0.0.1:53175 to /127.0.0.1:61125"        [_thread_blocked, id=70784, stack(0x00000063fb000000,0x00000063fb100000) (1024K)]
  0x000001dac95ce900 JavaThread "Stdin handler"                     [_thread_blocked, id=19776, stack(0x00000063fb100000,0x00000063fb200000) (1024K)]
  0x000001dac95cd550 JavaThread "Daemon client event forwarder"        [_thread_blocked, id=71936, stack(0x00000063fb200000,0x00000063fb300000) (1024K)]
  0x000001dac95cdbe0 JavaThread "Cache worker for file hash cache (D:\Google Drive\Project stuff\MInecraft Mods\EngineerMod\.gradle\9.2.1\fileHashes)"        [_thread_blocked, id=72352, stack(0x00000063fb300000,0x00000063fb400000) (1024K)]
  0x000001dac95d0340 JavaThread "Cache worker for checksums cache (D:\Google Drive\Project stuff\MInecraft Mods\EngineerMod\.gradle\9.2.1\checksums)"        [_thread_blocked, id=58584, stack(0x00000063fb400000,0x00000063fb500000) (1024K)]
  0x000001dac95ce270 JavaThread "Cache worker for Build Output Cleanup Cache (D:\Google Drive\Project stuff\MInecraft Mods\EngineerMod\.gradle\buildOutputCleanup)"        [_thread_blocked, id=65008, stack(0x00000063fb500000,0x00000063fb600000) (1024K)]
  0x000001dac95cf620 JavaThread "Cache worker for cache directory md-supplier (C:\Users\Travis\.gradle\caches\9.2.1\md-supplier)"        [_thread_blocked, id=43608, stack(0x00000063fbe00000,0x00000063fbf00000) (1024K)]
  0x000001dac95cef90 JavaThread "Cache worker for cache directory md-rule (C:\Users\Travis\.gradle\caches\9.2.1\md-rule)"        [_thread_blocked, id=69360, stack(0x00000063fc100000,0x00000063fc200000) (1024K)]
  0x000001dac95ccec0 JavaThread "Build operations"                  [_thread_blocked, id=71488, stack(0x00000063fc200000,0x00000063fc300000) (1024K)]
  0x000001dac95d09d0 JavaThread "included builds"                   [_thread_blocked, id=71184, stack(0x00000063fc400000,0x00000063fc500000) (1024K)]
  0x000001dac95d1060 JavaThread "Execution worker"                  [_thread_blocked, id=66308, stack(0x00000063fc500000,0x00000063fc600000) (1024K)]
  0x000001dacb95d540 JavaThread "Execution worker Thread 2"         [_thread_blocked, id=58596, stack(0x00000063fc600000,0x00000063fc700000) (1024K)]
  0x000001dacb95a750 JavaThread "Execution worker Thread 3"         [_thread_blocked, id=40492, stack(0x00000063fc700000,0x00000063fc800000) (1024K)]
  0x000001dacb95bb00 JavaThread "Execution worker Thread 4"         [_thread_blocked, id=70820, stack(0x00000063fc800000,0x00000063fc900000) (1024K)]
  0x000001dacb95e260 JavaThread "Execution worker Thread 5"         [_thread_blocked, id=67920, stack(0x00000063fc900000,0x00000063fca00000) (1024K)]
  0x000001dacb95ceb0 JavaThread "Execution worker Thread 6"         [_thread_blocked, id=71688, stack(0x00000063fca00000,0x00000063fcb00000) (1024K)]
  0x000001dacb95dbd0 JavaThread "Cache worker for execution history cache (D:\Google Drive\Project stuff\MInecraft Mods\EngineerMod\.gradle\9.2.1\executionHistory)"        [_thread_blocked, id=61664, stack(0x00000063fcb00000,0x00000063fcc00000) (1024K)]
  0x000001dacb95c820 JavaThread "Execution worker Thread 7"         [_thread_blocked, id=72672, stack(0x00000063fcc00000,0x00000063fcd00000) (1024K)]
  0x000001dacb95ade0 JavaThread "Execution worker Thread 8"         [_thread_blocked, id=72484, stack(0x00000063fcd00000,0x00000063fce00000) (1024K)]
  0x000001dacb95b470 JavaThread "Execution worker Thread 9"         [_thread_blocked, id=49864, stack(0x00000063fce00000,0x00000063fcf00000) (1024K)]
  0x000001dacb95e8f0 JavaThread "Execution worker Thread 10"        [_thread_blocked, id=72588, stack(0x00000063fcf00000,0x00000063fd000000) (1024K)]
  0x000001dacb95f610 JavaThread "Execution worker Thread 11"        [_thread_blocked, id=72012, stack(0x00000063fd000000,0x00000063fd100000) (1024K)]
  0x000001dacb95c190 JavaThread "Execution worker Thread 12"        [_thread_blocked, id=72104, stack(0x00000063fd100000,0x00000063fd200000) (1024K)]
  0x000001dacb95fca0 JavaThread "Execution worker Thread 13"        [_thread_blocked, id=64692, stack(0x00000063fd200000,0x00000063fd300000) (1024K)]
  0x000001dacb960330 JavaThread "Execution worker Thread 14"        [_thread_blocked, id=72028, stack(0x00000063fd300000,0x00000063fd400000) (1024K)]
  0x000001dacb9609c0 JavaThread "Execution worker Thread 15"        [_thread_blocked, id=69648, stack(0x00000063fd400000,0x00000063fd500000) (1024K)]
  0x000001dacb961d70 JavaThread "Build operations Thread 2"         [_thread_blocked, id=71592, stack(0x00000063fdb00000,0x00000063fdc00000) (1024K)]
  0x000001dacb961050 JavaThread "Build operations Thread 3"         [_thread_blocked, id=68536, stack(0x00000063fdc00000,0x00000063fdd00000) (1024K)]
  0x000001dacb9616e0 JavaThread "Build operations Thread 4"         [_thread_blocked, id=69620, stack(0x00000063fdd00000,0x00000063fde00000) (1024K)]
  0x000001dac8ebb620 JavaThread "Build operations Thread 5"         [_thread_blocked, id=71844, stack(0x00000063fde00000,0x00000063fdf00000) (1024K)]
  0x000001dac8ebc340 JavaThread "Build operations Thread 6"         [_thread_blocked, id=53664, stack(0x00000063fdf00000,0x00000063fe000000) (1024K)]
  0x000001dac8eba900 JavaThread "Build operations Thread 7"         [_thread_blocked, id=69184, stack(0x00000063fe000000,0x00000063fe100000) (1024K)]
  0x000001dac8ebd060 JavaThread "Build operations Thread 8"         [_thread_blocked, id=65188, stack(0x00000063fe100000,0x00000063fe200000) (1024K)]
  0x000001dac8eba270 JavaThread "Build operations Thread 9"         [_thread_blocked, id=54720, stack(0x00000063fe200000,0x00000063fe300000) (1024K)]
  0x000001dac8ebeaa0 JavaThread "Build operations Thread 10"        [_thread_blocked, id=6156, stack(0x00000063fe300000,0x00000063fe400000) (1024K)]
  0x000001dac8ebf130 JavaThread "Build operations Thread 11"        [_thread_blocked, id=20468, stack(0x00000063fe400000,0x00000063fe500000) (1024K)]
  0x000001dac8ebbcb0 JavaThread "Build operations Thread 12"        [_thread_blocked, id=19796, stack(0x00000063fe500000,0x00000063fe600000) (1024K)]
  0x000001dac8ec1200 JavaThread "Build operations Thread 13"        [_thread_blocked, id=62368, stack(0x00000063fe600000,0x00000063fe700000) (1024K)]
  0x000001dac8ebf7c0 JavaThread "Build operations Thread 14"        [_thread_blocked, id=72016, stack(0x00000063fe700000,0x00000063fe800000) (1024K)]
  0x000001dac8ebfe50 JavaThread "Build operations Thread 15"        [_thread_blocked, id=63556, stack(0x00000063fe800000,0x00000063fe900000) (1024K)]
  0x000001dac8ec04e0 JavaThread "Build operations Thread 16"        [_thread_blocked, id=72644, stack(0x00000063fe900000,0x00000063fea00000) (1024K)]
  0x000001daccddb570 JavaThread "Exec process Thread 4"             [_thread_in_native, id=58820, stack(0x00000063fea00000,0x00000063feb00000) (1024K)]
  0x000001daccdd8780 JavaThread "Exec process Thread 5"             [_thread_in_native, id=72528, stack(0x00000063feb00000,0x00000063fec00000) (1024K)]
  0x000001daccdda1c0 JavaThread "Exec process Thread 6"             [_thread_blocked, id=63928, stack(0x00000063fec00000,0x00000063fed00000) (1024K)]
Total: 70

Other Threads:
  0x000001daff4ff360 VMThread "VM Thread"                           [id=7392, stack(0x00000063f8f00000,0x00000063f9000000) (1024K)]
  0x000001daff4e9ba0 WatcherThread "VM Periodic Task Thread"        [id=70816, stack(0x00000063f8e00000,0x00000063f8f00000) (1024K)]
  0x000001dae5125a70 WorkerThread "GC Thread#0"                     [id=68980, stack(0x00000063f8900000,0x00000063f8a00000) (1024K)]
  0x000001dac7a28160 WorkerThread "GC Thread#1"                     [id=61124, stack(0x00000063fa100000,0x00000063fa200000) (1024K)]
  0x000001dac77a6b40 WorkerThread "GC Thread#2"                     [id=70772, stack(0x00000063fa200000,0x00000063fa300000) (1024K)]
  0x000001dac7a30940 WorkerThread "GC Thread#3"                     [id=64988, stack(0x00000063fa300000,0x00000063fa400000) (1024K)]
  0x000001dac7a310c0 WorkerThread "GC Thread#4"                     [id=69944, stack(0x00000063fa400000,0x00000063fa500000) (1024K)]
  0x000001dac75f3da0 WorkerThread "GC Thread#5"                     [id=70304, stack(0x00000063fa500000,0x00000063fa600000) (1024K)]
  0x000001dac70eccb0 WorkerThread "GC Thread#6"                     [id=68424, stack(0x00000063fa600000,0x00000063fa700000) (1024K)]
  0x000001dac7a563e0 WorkerThread "GC Thread#7"                     [id=59300, stack(0x00000063fa700000,0x00000063fa800000) (1024K)]
  0x000001dac7a56b60 WorkerThread "GC Thread#8"                     [id=71052, stack(0x00000063fa800000,0x00000063fa900000) (1024K)]
  0x000001dac758c190 WorkerThread "GC Thread#9"                     [id=69484, stack(0x00000063fa900000,0x00000063faa00000) (1024K)]
  0x000001dac758c910 WorkerThread "GC Thread#10"                    [id=65892, stack(0x00000063faa00000,0x00000063fab00000) (1024K)]
  0x000001dac758d090 WorkerThread "GC Thread#11"                    [id=63504, stack(0x00000063fab00000,0x00000063fac00000) (1024K)]
=>0x000001dac758d440 WorkerThread "GC Thread#12"                    [id=56984, stack(0x00000063fac00000,0x00000063fad00000) (1024K)]
  0x000001dae512f7f0 ConcurrentGCThread "G1 Main Marker"            [id=70080, stack(0x00000063f8a00000,0x00000063f8b00000) (1024K)]
  0x000001dae5130210 WorkerThread "G1 Conc#0"                       [id=65420, stack(0x00000063f8b00000,0x00000063f8c00000) (1024K)]
  0x000001dac7727dc0 WorkerThread "G1 Conc#1"                       [id=58540, stack(0x00000063fba00000,0x00000063fbb00000) (1024K)]
  0x000001dac7727a10 WorkerThread "G1 Conc#2"                       [id=32524, stack(0x00000063fbb00000,0x00000063fbc00000) (1024K)]
  0x000001daff1eb8d0 ConcurrentGCThread "G1 Refine#0"               [id=24840, stack(0x00000063f8c00000,0x00000063f8d00000) (1024K)]
  0x000001daff1ec360 ConcurrentGCThread "G1 Service"                [id=65728, stack(0x00000063f8d00000,0x00000063f8e00000) (1024K)]
Total: 21

Threads with active compile tasks:
Total: 0

VM state: at safepoint (normal execution)

VM Mutex/Monitor currently owned by a thread:  ([mutex/lock_event])
[0x00007ffbe00a9f10] Threads_lock - owner thread: 0x000001daff4ff360
[0x00007ffbe00aa010] Heap_lock - owner thread: 0x000001daff889810

OutOfMemory and StackOverflow Exception counts:
OutOfMemoryError java_heap_errors=22
LinkageErrors=265

Heap address: 0x00000000c0000000, size: 1024 MB, Compressed Oops mode: 32-bit

CDS archive(s) mapped at: [0x000001da82000000-0x000001da82c90000-0x000001da82c90000), size 13172736, SharedBaseAddress: 0x000001da82000000, ArchiveRelocationMode: 1.
Compressed class space mapped at: 0x000001da83000000-0x000001dac3000000, reserved size: 1073741824
Narrow klass base: 0x000001da82000000, Narrow klass shift: 0, Narrow klass range: 0x100000000

GC Precious Log:
 CardTable entry size: 512
 Card Set container configuration: InlinePtr #cards 5 size 8 Array Of Cards #cards 12 size 40 Howl #buckets 4 coarsen threshold 1843 Howl Bitmap #cards 512 size 80 coarsen threshold 460 Card regions per heap region 1 cards per card region 2048
 CPUs: 16 total, 16 available
 Memory: 65465M
 Large Page Support: Disabled
 NUMA Support: Disabled
 Compressed Oops: Enabled (32-bit)
 Heap Region Size: 1M
 Heap Min Capacity: 8M
 Heap Initial Capacity: 1G
 Heap Max Capacity: 1G
 Pre-touch: Disabled
 Parallel Workers: 13
 Concurrent Workers: 3
 Concurrent Refinement Workers: 13
 Periodic GC: Disabled

Heap:
 garbage-first heap   total 1048576K, used 1047624K [0x00000000c0000000, 0x0000000100000000)
  region size 1024K, 0 young (0K), 0 survivors (0K)
 Metaspace       used 67353K, committed 72128K, reserved 1114112K
  class space    used 8840K, committed 10560K, reserved 1048576K

Heap Regions: E=young(eden), S=young(survivor), O=old, HS=humongous(starts), HC=humongous(continues), CS=collection set, F=free, TAMS=top-at-mark-start, PB=parsable bottom
|   0|0x00000000c0000000, 0x00000000c0100000, 0x00000000c0100000|100%|HS|  |TAMS 0x00000000c0000000| PB 0x00000000c0100000| Untracked 
|   1|0x00000000c0100000, 0x00000000c0200000, 0x00000000c0200000|100%|HC|  |TAMS 0x00000000c0100000| PB 0x00000000c0200000| Untracked 
|   2|0x00000000c0200000, 0x00000000c0300000, 0x00000000c0300000|100%|HC|  |TAMS 0x00000000c0200000| PB 0x00000000c0300000| Untracked 
|   3|0x00000000c0300000, 0x00000000c0400000, 0x00000000c0400000|100%|HC|  |TAMS 0x00000000c0300000| PB 0x00000000c0400000| Untracked 
|   4|0x00000000c0400000, 0x00000000c04fff30, 0x00000000c0500000| 99%| O|  |TAMS 0x00000000c0400000| PB 0x00000000c04fff30| Untracked 
|   5|0x00000000c0500000, 0x00000000c0600000, 0x00000000c0600000|100%|HS|  |TAMS 0x00000000c0500000| PB 0x00000000c0600000| Untracked 
|   6|0x00000000c0600000, 0x00000000c06ffff0, 0x00000000c0700000| 99%| O|  |TAMS 0x00000000c0600000| PB 0x00000000c06ffff0| Untracked 
|   7|0x00000000c0700000, 0x00000000c07ffff0, 0x00000000c0800000| 99%| O|  |TAMS 0x00000000c0700000| PB 0x00000000c07ffff0| Untracked 
|   8|0x00000000c0800000, 0x00000000c08fffd8, 0x00000000c0900000| 99%| O|  |TAMS 0x00000000c0800000| PB 0x00000000c08fffd8| Untracked 
|   9|0x00000000c0900000, 0x00000000c09ffff0, 0x00000000c0a00000| 99%| O|  |TAMS 0x00000000c0900000| PB 0x00000000c09ffff0| Untracked 
|  10|0x00000000c0a00000, 0x00000000c0b00000, 0x00000000c0b00000|100%| O|  |TAMS 0x00000000c0a00000| PB 0x00000000c0b00000| Untracked 
|  11|0x00000000c0b00000, 0x00000000c0bffff0, 0x00000000c0c00000| 99%| O|  |TAMS 0x00000000c0b00000| PB 0x00000000c0bffff0| Untracked 
|  12|0x00000000c0c00000, 0x00000000c0d00000, 0x00000000c0d00000|100%| O|  |TAMS 0x00000000c0c00000| PB 0x00000000c0d00000| Untracked 
|  13|0x00000000c0d00000, 0x00000000c0dffff0, 0x00000000c0e00000| 99%| O|  |TAMS 0x00000000c0d00000| PB 0x00000000c0dffff0| Untracked 
|  14|0x00000000c0e00000, 0x00000000c0effee0, 0x00000000c0f00000| 99%| O|  |TAMS 0x00000000c0e00000| PB 0x00000000c0effee0| Untracked 
|  15|0x00000000c0f00000, 0x00000000c1000000, 0x00000000c1000000|100%| O|  |TAMS 0x00000000c0f00000| PB 0x00000000c1000000| Untracked 
|  16|0x00000000c1000000, 0x00000000c10ffff8, 0x00000000c1100000| 99%| O|  |TAMS 0x00000000c1000000| PB 0x00000000c10ffff8| Untracked 
|  17|0x00000000c1100000, 0x00000000c11fffa0, 0x00000000c1200000| 99%| O|  |TAMS 0x00000000c1100000| PB 0x00000000c11fffa0| Untracked 
|  18|0x00000000c1200000, 0x00000000c12fffe8, 0x00000000c1300000| 99%| O|  |TAMS 0x00000000c1200000| PB 0x00000000c12fffe8| Untracked 
|  19|0x00000000c1300000, 0x00000000c13ffff8, 0x00000000c1400000| 99%| O|  |TAMS 0x00000000c1300000| PB 0x00000000c13ffff8| Untracked 
|  20|0x00000000c1400000, 0x00000000c14fffe8, 0x00000000c1500000| 99%| O|  |TAMS 0x00000000c1400000| PB 0x00000000c14fffe8| Untracked 
|  21|0x00000000c1500000, 0x00000000c15fffd0, 0x00000000c1600000| 99%| O|  |TAMS 0x00000000c1500000| PB 0x00000000c15fffd0| Untracked 
|  22|0x00000000c1600000, 0x00000000c1700000, 0x00000000c1700000|100%| O|  |TAMS 0x00000000c1600000| PB 0x00000000c1700000| Untracked 
|  23|0x00000000c1700000, 0x00000000c17fffb0, 0x00000000c1800000| 99%| O|  |TAMS 0x00000000c1700000| PB 0x00000000c17fffb0| Untracked 
|  24|0x00000000c1800000, 0x00000000c18fe510, 0x00000000c1900000| 99%| O|  |TAMS 0x00000000c1800000| PB 0x00000000c18fe510| Untracked 
|  25|0x00000000c1900000, 0x00000000c19fff48, 0x00000000c1a00000| 99%| O|  |TAMS 0x00000000c1900000| PB 0x00000000c19fff48| Untracked 
|  26|0x00000000c1a00000, 0x00000000c1afedb8, 0x00000000c1b00000| 99%| O|  |TAMS 0x00000000c1a00000| PB 0x00000000c1afedb8| Untracked 
|  27|0x00000000c1b00000, 0x00000000c1c00000, 0x00000000c1c00000|100%| O|  |TAMS 0x00000000c1b00000| PB 0x00000000c1c00000| Untracked 
|  28|0x00000000c1c00000, 0x00000000c1cfffe8, 0x00000000c1d00000| 99%| O|  |TAMS 0x00000000c1c00000| PB 0x00000000c1cfffe8| Untracked 
|  29|0x00000000c1d00000, 0x00000000c1dffe70, 0x00000000c1e00000| 99%| O|  |TAMS 0x00000000c1d00000| PB 0x00000000c1dffe70| Untracked 
|  30|0x00000000c1e00000, 0x00000000c1effff0, 0x00000000c1f00000| 99%| O|  |TAMS 0x00000000c1e00000| PB 0x00000000c1effff0| Untracked 
|  31|0x00000000c1f00000, 0x00000000c1ffffa8, 0x00000000c2000000| 99%| O|  |TAMS 0x00000000c1f00000| PB 0x00000000c1ffffa8| Untracked 
|  32|0x00000000c2000000, 0x00000000c20ffff8, 0x00000000c2100000| 99%| O|  |TAMS 0x00000000c2000000| PB 0x00000000c20ffff8| Untracked 
|  33|0x00000000c2100000, 0x00000000c2200000, 0x00000000c2200000|100%|HS|  |TAMS 0x00000000c2100000| PB 0x00000000c2200000| Untracked 
|  34|0x00000000c2200000, 0x00000000c2300000, 0x00000000c2300000|100%|HC|  |TAMS 0x00000000c2200000| PB 0x00000000c2300000| Untracked 
|  35|0x00000000c2300000, 0x00000000c23fffa0, 0x00000000c2400000| 99%| O|  |TAMS 0x00000000c2300000| PB 0x00000000c23fffa0| Untracked 
|  36|0x00000000c2400000, 0x00000000c24ffff0, 0x00000000c2500000| 99%| O|  |TAMS 0x00000000c2400000| PB 0x00000000c24ffff0| Untracked 
|  37|0x00000000c2500000, 0x00000000c25fffe8, 0x00000000c2600000| 99%| O|  |TAMS 0x00000000c2500000| PB 0x00000000c25fffe8| Untracked 
|  38|0x00000000c2600000, 0x00000000c2700000, 0x00000000c2700000|100%| O|  |TAMS 0x00000000c2600000| PB 0x00000000c2700000| Untracked 
|  39|0x00000000c2700000, 0x00000000c27fffe0, 0x00000000c2800000| 99%| O|  |TAMS 0x00000000c2700000| PB 0x00000000c27fffe0| Untracked 
|  40|0x00000000c2800000, 0x00000000c28fff98, 0x00000000c2900000| 99%| O|  |TAMS 0x00000000c2800000| PB 0x00000000c28fff98| Untracked 
|  41|0x00000000c2900000, 0x00000000c29fffb0, 0x00000000c2a00000| 99%| O|  |TAMS 0x00000000c2900000| PB 0x00000000c29fffb0| Untracked 
|  42|0x00000000c2a00000, 0x00000000c2affff8, 0x00000000c2b00000| 99%| O|  |TAMS 0x00000000c2a00000| PB 0x00000000c2affff8| Untracked 
|  43|0x00000000c2b00000, 0x00000000c2bffff8, 0x00000000c2c00000| 99%| O|  |TAMS 0x00000000c2b00000| PB 0x00000000c2bffff8| Untracked 
|  44|0x00000000c2c00000, 0x00000000c2cffff8, 0x00000000c2d00000| 99%| O|  |TAMS 0x00000000c2c00000| PB 0x00000000c2cffff8| Untracked 
|  45|0x00000000c2d00000, 0x00000000c2dffff0, 0x00000000c2e00000| 99%| O|  |TAMS 0x00000000c2d00000| PB 0x00000000c2dffff0| Untracked 
|  46|0x00000000c2e00000, 0x00000000c2effff0, 0x00000000c2f00000| 99%| O|  |TAMS 0x00000000c2e00000| PB 0x00000000c2effff0| Untracked 
|  47|0x00000000c2f00000, 0x00000000c2fffff8, 0x00000000c3000000| 99%| O|  |TAMS 0x00000000c2f00000| PB 0x00000000c2fffff8| Untracked 
|  48|0x00000000c3000000, 0x00000000c30ff8d0, 0x00000000c3100000| 99%| O|  |TAMS 0x00000000c3000000| PB 0x00000000c30ff8d0| Untracked 
|  49|0x00000000c3100000, 0x00000000c31ffff8, 0x00000000c3200000| 99%| O|  |TAMS 0x00000000c3100000| PB 0x00000000c31ffff8| Untracked 
|  50|0x00000000c3200000, 0x00000000c32fffc0, 0x00000000c3300000| 99%| O|  |TAMS 0x00000000c3200000| PB 0x00000000c32fffc0| Untracked 
|  51|0x00000000c3300000, 0x00000000c3400000, 0x00000000c3400000|100%| O|  |TAMS 0x00000000c3300000| PB 0x00000000c3400000| Untracked 
|  52|0x00000000c3400000, 0x00000000c34ffff8, 0x00000000c3500000| 99%| O|  |TAMS 0x00000000c3400000| PB 0x00000000c34ffff8| Untracked 
|  53|0x00000000c3500000, 0x00000000c3600000, 0x00000000c3600000|100%| O|  |TAMS 0x00000000c3500000| PB 0x00000000c3600000| Untracked 
|  54|0x00000000c3600000, 0x00000000c3700000, 0x00000000c3700000|100%| O|  |TAMS 0x00000000c3600000| PB 0x00000000c3700000| Untracked 
|  55|0x00000000c3700000, 0x00000000c37ffff0, 0x00000000c3800000| 99%| O|  |TAMS 0x00000000c3700000| PB 0x00000000c37ffff0| Untracked 
|  56|0x00000000c3800000, 0x00000000c38ffff8, 0x00000000c3900000| 99%| O|  |TAMS 0x00000000c3800000| PB 0x00000000c38ffff8| Untracked 
|  57|0x00000000c3900000, 0x00000000c39fff70, 0x00000000c3a00000| 99%| O|  |TAMS 0x00000000c3900000| PB 0x00000000c39fff70| Untracked 
|  58|0x00000000c3a00000, 0x00000000c3affff0, 0x00000000c3b00000| 99%| O|  |TAMS 0x00000000c3a00000| PB 0x00000000c3affff0| Untracked 
|  59|0x00000000c3b00000, 0x00000000c3bfff68, 0x00000000c3c00000| 99%| O|  |TAMS 0x00000000c3b00000| PB 0x00000000c3bfff68| Untracked 
|  60|0x00000000c3c00000, 0x00000000c3d00000, 0x00000000c3d00000|100%| O|  |TAMS 0x00000000c3c00000| PB 0x00000000c3d00000| Untracked 
|  61|0x00000000c3d00000, 0x00000000c3dffff8, 0x00000000c3e00000| 99%| O|  |TAMS 0x00000000c3d00000| PB 0x00000000c3dffff8| Untracked 
|  62|0x00000000c3e00000, 0x00000000c3efffb8, 0x00000000c3f00000| 99%| O|  |TAMS 0x00000000c3e00000| PB 0x00000000c3efffb8| Untracked 
|  63|0x00000000c3f00000, 0x00000000c4000000, 0x00000000c4000000|100%| O|  |TAMS 0x00000000c3f00000| PB 0x00000000c4000000| Untracked 
|  64|0x00000000c4000000, 0x00000000c40ffff0, 0x00000000c4100000| 99%| O|  |TAMS 0x00000000c4000000| PB 0x00000000c40ffff0| Untracked 
|  65|0x00000000c4100000, 0x00000000c41ffff8, 0x00000000c4200000| 99%| O|  |TAMS 0x00000000c4100000| PB 0x00000000c41ffff8| Untracked 
|  66|0x00000000c4200000, 0x00000000c42ffff8, 0x00000000c4300000| 99%| O|  |TAMS 0x00000000c4200000| PB 0x00000000c42ffff8| Untracked 
|  67|0x00000000c4300000, 0x00000000c43ffff8, 0x00000000c4400000| 99%| O|  |TAMS 0x00000000c4300000| PB 0x00000000c43ffff8| Untracked 
|  68|0x00000000c4400000, 0x00000000c44ffff8, 0x00000000c4500000| 99%| O|  |TAMS 0x00000000c4400000| PB 0x00000000c44ffff8| Untracked 
|  69|0x00000000c4500000, 0x00000000c4600000, 0x00000000c4600000|100%| O|  |TAMS 0x00000000c4500000| PB 0x00000000c4600000| Untracked 
|  70|0x00000000c4600000, 0x00000000c46ffff0, 0x00000000c4700000| 99%| O|  |TAMS 0x00000000c4600000| PB 0x00000000c46ffff0| Untracked 
|  71|0x00000000c4700000, 0x00000000c47fff60, 0x00000000c4800000| 99%| O|  |TAMS 0x00000000c4700000| PB 0x00000000c47fff60| Untracked 
|  72|0x00000000c4800000, 0x00000000c48fffa8, 0x00000000c4900000| 99%| O|  |TAMS 0x00000000c4800000| PB 0x00000000c48fffa8| Untracked 
|  73|0x00000000c4900000, 0x00000000c49ffff0, 0x00000000c4a00000| 99%| O|  |TAMS 0x00000000c4900000| PB 0x00000000c49ffff0| Untracked 
|  74|0x00000000c4a00000, 0x00000000c4affff0, 0x00000000c4b00000| 99%| O|  |TAMS 0x00000000c4a00000| PB 0x00000000c4affff0| Untracked 
|  75|0x00000000c4b00000, 0x00000000c4bffff0, 0x00000000c4c00000| 99%| O|  |TAMS 0x00000000c4b00000| PB 0x00000000c4bffff0| Untracked 
|  76|0x00000000c4c00000, 0x00000000c4cfff98, 0x00000000c4d00000| 99%| O|  |TAMS 0x00000000c4c00000| PB 0x00000000c4cfff98| Untracked 
|  77|0x00000000c4d00000, 0x00000000c4dfffe8, 0x00000000c4e00000| 99%| O|  |TAMS 0x00000000c4d00000| PB 0x00000000c4dfffe8| Untracked 
|  78|0x00000000c4e00000, 0x00000000c4effff8, 0x00000000c4f00000| 99%| O|  |TAMS 0x00000000c4e00000| PB 0x00000000c4effff8| Untracked 
|  79|0x00000000c4f00000, 0x00000000c5000000, 0x00000000c5000000|100%| O|  |TAMS 0x00000000c4f00000| PB 0x00000000c5000000| Untracked 
|  80|0x00000000c5000000, 0x00000000c50ffff8, 0x00000000c5100000| 99%| O|  |TAMS 0x00000000c5000000| PB 0x00000000c50ffff8| Untracked 
|  81|0x00000000c5100000, 0x00000000c51fffe8, 0x00000000c5200000| 99%| O|  |TAMS 0x00000000c5100000| PB 0x00000000c51fffe8| Untracked 
|  82|0x00000000c5200000, 0x00000000c5300000, 0x00000000c5300000|100%| O|  |TAMS 0x00000000c5200000| PB 0x00000000c5300000| Untracked 
|  83|0x00000000c5300000, 0x00000000c5400000, 0x00000000c5400000|100%| O|  |TAMS 0x00000000c5300000| PB 0x00000000c5400000| Untracked 
|  84|0x00000000c5400000, 0x00000000c54fffd8, 0x00000000c5500000| 99%| O|  |TAMS 0x00000000c5400000| PB 0x00000000c54fffd8| Untracked 
|  85|0x00000000c5500000, 0x00000000c55ffff8, 0x00000000c5600000| 99%| O|  |TAMS 0x00000000c5500000| PB 0x00000000c55ffff8| Untracked 
|  86|0x00000000c5600000, 0x00000000c56fff98, 0x00000000c5700000| 99%| O|  |TAMS 0x00000000c5600000| PB 0x00000000c56fff98| Untracked 
|  87|0x00000000c5700000, 0x00000000c57ff968, 0x00000000c5800000| 99%| O|  |TAMS 0x00000000c5700000| PB 0x00000000c57ff968| Untracked 
|  88|0x00000000c5800000, 0x00000000c58fffa8, 0x00000000c5900000| 99%| O|  |TAMS 0x00000000c5800000| PB 0x00000000c58fffa8| Untracked 
|  89|0x00000000c5900000, 0x00000000c59fff68, 0x00000000c5a00000| 99%| O|  |TAMS 0x00000000c5900000| PB 0x00000000c59fff68| Untracked 
|  90|0x00000000c5a00000, 0x00000000c5affff8, 0x00000000c5b00000| 99%| O|  |TAMS 0x00000000c5a00000| PB 0x00000000c5affff8| Untracked 
|  91|0x00000000c5b00000, 0x00000000c5bfffa0, 0x00000000c5c00000| 99%| O|  |TAMS 0x00000000c5b00000| PB 0x00000000c5bfffa0| Untracked 
|  92|0x00000000c5c00000, 0x00000000c5cfffe8, 0x00000000c5d00000| 99%| O|  |TAMS 0x00000000c5c00000| PB 0x00000000c5cfffe8| Untracked 
|  93|0x00000000c5d00000, 0x00000000c5e00000, 0x00000000c5e00000|100%| O|  |TAMS 0x00000000c5d00000| PB 0x00000000c5e00000| Untracked 
|  94|0x00000000c5e00000, 0x00000000c5efffe0, 0x00000000c5f00000| 99%| O|  |TAMS 0x00000000c5e00000| PB 0x00000000c5efffe0| Untracked 
|  95|0x00000000c5f00000, 0x00000000c5ffffe8, 0x00000000c6000000| 99%| O|  |TAMS 0x00000000c5f00000| PB 0x00000000c5ffffe8| Untracked 
|  96|0x00000000c6000000, 0x00000000c60fffd0, 0x00000000c6100000| 99%| O|  |TAMS 0x00000000c6000000| PB 0x00000000c60fffd0| Untracked 
|  97|0x00000000c6100000, 0x00000000c61fffe0, 0x00000000c6200000| 99%| O|  |TAMS 0x00000000c6100000| PB 0x00000000c61fffe0| Untracked 
|  98|0x00000000c6200000, 0x00000000c62ffff0, 0x00000000c6300000| 99%| O|  |TAMS 0x00000000c6200000| PB 0x00000000c62ffff0| Untracked 
|  99|0x00000000c6300000, 0x00000000c63fff78, 0x00000000c6400000| 99%| O|  |TAMS 0x00000000c6300000| PB 0x00000000c63fff78| Untracked 
| 100|0x00000000c6400000, 0x00000000c64fffe8, 0x00000000c6500000| 99%| O|  |TAMS 0x00000000c6400000| PB 0x00000000c64fffe8| Untracked 
| 101|0x00000000c6500000, 0x00000000c65ffff8, 0x00000000c6600000| 99%| O|  |TAMS 0x00000000c6500000| PB 0x00000000c65ffff8| Untracked 
| 102|0x00000000c6600000, 0x00000000c66ffff0, 0x00000000c6700000| 99%| O|  |TAMS 0x00000000c6600000| PB 0x00000000c66ffff0| Untracked 
| 103|0x00000000c6700000, 0x00000000c67ffff8, 0x00000000c6800000| 99%| O|  |TAMS 0x00000000c6700000| PB 0x00000000c67ffff8| Untracked 
| 104|0x00000000c6800000, 0x00000000c68ffff8, 0x00000000c6900000| 99%| O|  |TAMS 0x00000000c6800000| PB 0x00000000c68ffff8| Untracked 
| 105|0x00000000c6900000, 0x00000000c6a00000, 0x00000000c6a00000|100%| O|  |TAMS 0x00000000c6900000| PB 0x00000000c6a00000| Untracked 
| 106|0x00000000c6a00000, 0x00000000c6afffc0, 0x00000000c6b00000| 99%| O|  |TAMS 0x00000000c6a00000| PB 0x00000000c6afffc0| Untracked 
| 107|0x00000000c6b00000, 0x00000000c6bfff68, 0x00000000c6c00000| 99%| O|  |TAMS 0x00000000c6b00000| PB 0x00000000c6bfff68| Untracked 
| 108|0x00000000c6c00000, 0x00000000c6cfffe0, 0x00000000c6d00000| 99%| O|  |TAMS 0x00000000c6c00000| PB 0x00000000c6cfffe0| Untracked 
| 109|0x00000000c6d00000, 0x00000000c6e00000, 0x00000000c6e00000|100%| O|  |TAMS 0x00000000c6d00000| PB 0x00000000c6e00000| Untracked 
| 110|0x00000000c6e00000, 0x00000000c6efffb8, 0x00000000c6f00000| 99%| O|  |TAMS 0x00000000c6e00000| PB 0x00000000c6efffb8| Untracked 
| 111|0x00000000c6f00000, 0x00000000c6fffff0, 0x00000000c7000000| 99%| O|  |TAMS 0x00000000c6f00000| PB 0x00000000c6fffff0| Untracked 
| 112|0x00000000c7000000, 0x00000000c7100000, 0x00000000c7100000|100%| O|  |TAMS 0x00000000c7000000| PB 0x00000000c7100000| Untracked 
| 113|0x00000000c7100000, 0x00000000c71fff48, 0x00000000c7200000| 99%| O|  |TAMS 0x00000000c7100000| PB 0x00000000c71fff48| Untracked 
| 114|0x00000000c7200000, 0x00000000c7300000, 0x00000000c7300000|100%| O|  |TAMS 0x00000000c7200000| PB 0x00000000c7300000| Untracked 
| 115|0x00000000c7300000, 0x00000000c73ffff0, 0x00000000c7400000| 99%| O|  |TAMS 0x00000000c7300000| PB 0x00000000c73ffff0| Untracked 
| 116|0x00000000c7400000, 0x00000000c74ffff0, 0x00000000c7500000| 99%| O|  |TAMS 0x00000000c7400000| PB 0x00000000c74ffff0| Untracked 
| 117|0x00000000c7500000, 0x00000000c75ffff8, 0x00000000c7600000| 99%| O|  |TAMS 0x00000000c7500000| PB 0x00000000c75ffff8| Untracked 
| 118|0x00000000c7600000, 0x00000000c76fff88, 0x00000000c7700000| 99%| O|  |TAMS 0x00000000c7600000| PB 0x00000000c76fff88| Untracked 
| 119|0x00000000c7700000, 0x00000000c77fff68, 0x00000000c7800000| 99%| O|  |TAMS 0x00000000c7700000| PB 0x00000000c77fff68| Untracked 
| 120|0x00000000c7800000, 0x00000000c78fff70, 0x00000000c7900000| 99%| O|  |TAMS 0x00000000c7800000| PB 0x00000000c78fff70| Untracked 
| 121|0x00000000c7900000, 0x00000000c7a00000, 0x00000000c7a00000|100%| O|  |TAMS 0x00000000c7900000| PB 0x00000000c7a00000| Untracked 
| 122|0x00000000c7a00000, 0x00000000c7affff0, 0x00000000c7b00000| 99%| O|  |TAMS 0x00000000c7a00000| PB 0x00000000c7affff0| Untracked 
| 123|0x00000000c7b00000, 0x00000000c7bfff48, 0x00000000c7c00000| 99%| O|  |TAMS 0x00000000c7b00000| PB 0x00000000c7bfff48| Untracked 
| 124|0x00000000c7c00000, 0x00000000c7cffff8, 0x00000000c7d00000| 99%| O|  |TAMS 0x00000000c7c00000| PB 0x00000000c7cffff8| Untracked 
| 125|0x00000000c7d00000, 0x00000000c7dfff70, 0x00000000c7e00000| 99%| O|  |TAMS 0x00000000c7d00000| PB 0x00000000c7dfff70| Untracked 
| 126|0x00000000c7e00000, 0x00000000c7f00000, 0x00000000c7f00000|100%| O|  |TAMS 0x00000000c7e00000| PB 0x00000000c7f00000| Untracked 
| 127|0x00000000c7f00000, 0x00000000c7ffffe0, 0x00000000c8000000| 99%| O|  |TAMS 0x00000000c7f00000| PB 0x00000000c7ffffe0| Untracked 
| 128|0x00000000c8000000, 0x00000000c80fffc0, 0x00000000c8100000| 99%| O|  |TAMS 0x00000000c8000000| PB 0x00000000c80fffc0| Untracked 
| 129|0x00000000c8100000, 0x00000000c81ffff0, 0x00000000c8200000| 99%| O|  |TAMS 0x00000000c8100000| PB 0x00000000c81ffff0| Untracked 
| 130|0x00000000c8200000, 0x00000000c8300000, 0x00000000c8300000|100%| O|  |TAMS 0x00000000c8200000| PB 0x00000000c8300000| Untracked 
| 131|0x00000000c8300000, 0x00000000c83fffe8, 0x00000000c8400000| 99%| O|  |TAMS 0x00000000c8300000| PB 0x00000000c83fffe8| Untracked 
| 132|0x00000000c8400000, 0x00000000c84fff88, 0x00000000c8500000| 99%| O|  |TAMS 0x00000000c8400000| PB 0x00000000c84fff88| Untracked 
| 133|0x00000000c8500000, 0x00000000c85fff78, 0x00000000c8600000| 99%| O|  |TAMS 0x00000000c8500000| PB 0x00000000c85fff78| Untracked 
| 134|0x00000000c8600000, 0x00000000c86ffff0, 0x00000000c8700000| 99%| O|  |TAMS 0x00000000c8600000| PB 0x00000000c86ffff0| Untracked 
| 135|0x00000000c8700000, 0x00000000c87fff70, 0x00000000c8800000| 99%| O|  |TAMS 0x00000000c8700000| PB 0x00000000c87fff70| Untracked 
| 136|0x00000000c8800000, 0x00000000c8900000, 0x00000000c8900000|100%| O|  |TAMS 0x00000000c8800000| PB 0x00000000c8900000| Untracked 
| 137|0x00000000c8900000, 0x00000000c89fffb8, 0x00000000c8a00000| 99%| O|  |TAMS 0x00000000c8900000| PB 0x00000000c89fffb8| Untracked 
| 138|0x00000000c8a00000, 0x00000000c8afffa0, 0x00000000c8b00000| 99%| O|  |TAMS 0x00000000c8a00000| PB 0x00000000c8afffa0| Untracked 
| 139|0x00000000c8b00000, 0x00000000c8c00000, 0x00000000c8c00000|100%| O|  |TAMS 0x00000000c8b00000| PB 0x00000000c8c00000| Untracked 
| 140|0x00000000c8c00000, 0x00000000c8cfffa0, 0x00000000c8d00000| 99%| O|  |TAMS 0x00000000c8c00000| PB 0x00000000c8cfffa0| Untracked 
| 141|0x00000000c8d00000, 0x00000000c8dfff48, 0x00000000c8e00000| 99%| O|  |TAMS 0x00000000c8d00000| PB 0x00000000c8dfff48| Untracked 
| 142|0x00000000c8e00000, 0x00000000c8efffa8, 0x00000000c8f00000| 99%| O|  |TAMS 0x00000000c8e00000| PB 0x00000000c8efffa8| Untracked 
| 143|0x00000000c8f00000, 0x00000000c8ffff30, 0x00000000c9000000| 99%| O|  |TAMS 0x00000000c8f00000| PB 0x00000000c8ffff30| Untracked 
| 144|0x00000000c9000000, 0x00000000c90fff70, 0x00000000c9100000| 99%| O|  |TAMS 0x00000000c9000000| PB 0x00000000c90fff70| Untracked 
| 145|0x00000000c9100000, 0x00000000c91ffff8, 0x00000000c9200000| 99%| O|  |TAMS 0x00000000c9100000| PB 0x00000000c91ffff8| Untracked 
| 146|0x00000000c9200000, 0x00000000c92ffff0, 0x00000000c9300000| 99%| O|  |TAMS 0x00000000c9200000| PB 0x00000000c92ffff0| Untracked 
| 147|0x00000000c9300000, 0x00000000c93fff70, 0x00000000c9400000| 99%| O|  |TAMS 0x00000000c9300000| PB 0x00000000c93fff70| Untracked 
| 148|0x00000000c9400000, 0x00000000c94ffff8, 0x00000000c9500000| 99%| O|  |TAMS 0x00000000c9400000| PB 0x00000000c94ffff8| Untracked 
| 149|0x00000000c9500000, 0x00000000c95ffff0, 0x00000000c9600000| 99%| O|  |TAMS 0x00000000c9500000| PB 0x00000000c95ffff0| Untracked 
| 150|0x00000000c9600000, 0x00000000c96fffc0, 0x00000000c9700000| 99%| O|  |TAMS 0x00000000c9600000| PB 0x00000000c96fffc0| Untracked 
| 151|0x00000000c9700000, 0x00000000c97fffe8, 0x00000000c9800000| 99%| O|  |TAMS 0x00000000c9700000| PB 0x00000000c97fffe8| Untracked 
| 152|0x00000000c9800000, 0x00000000c98fffe8, 0x00000000c9900000| 99%| O|  |TAMS 0x00000000c9800000| PB 0x00000000c98fffe8| Untracked 
| 153|0x00000000c9900000, 0x00000000c99ffff8, 0x00000000c9a00000| 99%| O|  |TAMS 0x00000000c9900000| PB 0x00000000c99ffff8| Untracked 
| 154|0x00000000c9a00000, 0x00000000c9b00000, 0x00000000c9b00000|100%| O|  |TAMS 0x00000000c9a00000| PB 0x00000000c9b00000| Untracked 
| 155|0x00000000c9b00000, 0x00000000c9bfffe0, 0x00000000c9c00000| 99%| O|  |TAMS 0x00000000c9b00000| PB 0x00000000c9bfffe0| Untracked 
| 156|0x00000000c9c00000, 0x00000000c9cfff50, 0x00000000c9d00000| 99%| O|  |TAMS 0x00000000c9c00000| PB 0x00000000c9cfff50| Untracked 
| 157|0x00000000c9d00000, 0x00000000c9dffff0, 0x00000000c9e00000| 99%| O|  |TAMS 0x00000000c9d00000| PB 0x00000000c9dffff0| Untracked 
| 158|0x00000000c9e00000, 0x00000000c9f00000, 0x00000000c9f00000|100%| O|  |TAMS 0x00000000c9e00000| PB 0x00000000c9f00000| Untracked 
| 159|0x00000000c9f00000, 0x00000000c9ffffe8, 0x00000000ca000000| 99%| O|  |TAMS 0x00000000c9f00000| PB 0x00000000c9ffffe8| Untracked 
| 160|0x00000000ca000000, 0x00000000ca0fffa8, 0x00000000ca100000| 99%| O|  |TAMS 0x00000000ca000000| PB 0x00000000ca0fffa8| Untracked 
| 161|0x00000000ca100000, 0x00000000ca1fff58, 0x00000000ca200000| 99%| O|  |TAMS 0x00000000ca100000| PB 0x00000000ca1fff58| Untracked 
| 162|0x00000000ca200000, 0x00000000ca2fff60, 0x00000000ca300000| 99%| O|  |TAMS 0x00000000ca200000| PB 0x00000000ca2fff60| Untracked 
| 163|0x00000000ca300000, 0x00000000ca3ffff0, 0x00000000ca400000| 99%| O|  |TAMS 0x00000000ca300000| PB 0x00000000ca3ffff0| Untracked 
| 164|0x00000000ca400000, 0x00000000ca4ffff8, 0x00000000ca500000| 99%| O|  |TAMS 0x00000000ca400000| PB 0x00000000ca4ffff8| Untracked 
| 165|0x00000000ca500000, 0x00000000ca600000, 0x00000000ca600000|100%| O|  |TAMS 0x00000000ca500000| PB 0x00000000ca600000| Untracked 
| 166|0x00000000ca600000, 0x00000000ca6fffe0, 0x00000000ca700000| 99%| O|  |TAMS 0x00000000ca600000| PB 0x00000000ca6fffe0| Untracked 
| 167|0x00000000ca700000, 0x00000000ca7fffa8, 0x00000000ca800000| 99%| O|  |TAMS 0x00000000ca700000| PB 0x00000000ca7fffa8| Untracked 
| 168|0x00000000ca800000, 0x00000000ca8fffd8, 0x00000000ca900000| 99%| O|  |TAMS 0x00000000ca800000| PB 0x00000000ca8fffd8| Untracked 
| 169|0x00000000ca900000, 0x00000000ca9ffff8, 0x00000000caa00000| 99%| O|  |TAMS 0x00000000ca900000| PB 0x00000000ca9ffff8| Untracked 
| 170|0x00000000caa00000, 0x00000000caafffe8, 0x00000000cab00000| 99%| O|  |TAMS 0x00000000caa00000| PB 0x00000000caafffe8| Untracked 
| 171|0x00000000cab00000, 0x00000000cabfff90, 0x00000000cac00000| 99%| O|  |TAMS 0x00000000cab00000| PB 0x00000000cabfff90| Untracked 
| 172|0x00000000cac00000, 0x00000000cacfffb8, 0x00000000cad00000| 99%| O|  |TAMS 0x00000000cac00000| PB 0x00000000cacfffb8| Untracked 
| 173|0x00000000cad00000, 0x00000000cadfff70, 0x00000000cae00000| 99%| O|  |TAMS 0x00000000cad00000| PB 0x00000000cadfff70| Untracked 
| 174|0x00000000cae00000, 0x00000000caeffff0, 0x00000000caf00000| 99%| O|  |TAMS 0x00000000cae00000| PB 0x00000000caeffff0| Untracked 
| 175|0x00000000caf00000, 0x00000000caffffc8, 0x00000000cb000000| 99%| O|  |TAMS 0x00000000caf00000| PB 0x00000000caffffc8| Untracked 
| 176|0x00000000cb000000, 0x00000000cb0ffff8, 0x00000000cb100000| 99%| O|  |TAMS 0x00000000cb000000| PB 0x00000000cb0ffff8| Untracked 
| 177|0x00000000cb100000, 0x00000000cb1fff58, 0x00000000cb200000| 99%| O|  |TAMS 0x00000000cb100000| PB 0x00000000cb1fff58| Untracked 
| 178|0x00000000cb200000, 0x00000000cb300000, 0x00000000cb300000|100%| O|  |TAMS 0x00000000cb200000| PB 0x00000000cb300000| Untracked 
| 179|0x00000000cb300000, 0x00000000cb3ffff8, 0x00000000cb400000| 99%| O|  |TAMS 0x00000000cb300000| PB 0x00000000cb3ffff8| Untracked 
| 180|0x00000000cb400000, 0x00000000cb4ffff0, 0x00000000cb500000| 99%| O|  |TAMS 0x00000000cb400000| PB 0x00000000cb4ffff0| Untracked 
| 181|0x00000000cb500000, 0x00000000cb5fffe8, 0x00000000cb600000| 99%| O|  |TAMS 0x00000000cb500000| PB 0x00000000cb5fffe8| Untracked 
| 182|0x00000000cb600000, 0x00000000cb6fffc8, 0x00000000cb700000| 99%| O|  |TAMS 0x00000000cb600000| PB 0x00000000cb6fffc8| Untracked 
| 183|0x00000000cb700000, 0x00000000cb7fff38, 0x00000000cb800000| 99%| O|  |TAMS 0x00000000cb700000| PB 0x00000000cb7fff38| Untracked 
| 184|0x00000000cb800000, 0x00000000cb900000, 0x00000000cb900000|100%| O|  |TAMS 0x00000000cb800000| PB 0x00000000cb900000| Untracked 
| 185|0x00000000cb900000, 0x00000000cb9ffff0, 0x00000000cba00000| 99%| O|  |TAMS 0x00000000cb900000| PB 0x00000000cb9ffff0| Untracked 
| 186|0x00000000cba00000, 0x00000000cbaffff8, 0x00000000cbb00000| 99%| O|  |TAMS 0x00000000cba00000| PB 0x00000000cbaffff8| Untracked 
| 187|0x00000000cbb00000, 0x00000000cbbfff98, 0x00000000cbc00000| 99%| O|  |TAMS 0x00000000cbb00000| PB 0x00000000cbbfff98| Untracked 
| 188|0x00000000cbc00000, 0x00000000cbd00000, 0x00000000cbd00000|100%| O|  |TAMS 0x00000000cbc00000| PB 0x00000000cbd00000| Untracked 
| 189|0x00000000cbd00000, 0x00000000cbdfffe0, 0x00000000cbe00000| 99%| O|  |TAMS 0x00000000cbd00000| PB 0x00000000cbdfffe0| Untracked 
| 190|0x00000000cbe00000, 0x00000000cbefff88, 0x00000000cbf00000| 99%| O|  |TAMS 0x00000000cbe00000| PB 0x00000000cbefff88| Untracked 
| 191|0x00000000cbf00000, 0x00000000cbfffff0, 0x00000000cc000000| 99%| O|  |TAMS 0x00000000cbf00000| PB 0x00000000cbfffff0| Untracked 
| 192|0x00000000cc000000, 0x00000000cc0ffff0, 0x00000000cc100000| 99%| O|  |TAMS 0x00000000cc000000| PB 0x00000000cc0ffff0| Untracked 
| 193|0x00000000cc100000, 0x00000000cc1ffff0, 0x00000000cc200000| 99%| O|  |TAMS 0x00000000cc100000| PB 0x00000000cc1ffff0| Untracked 
| 194|0x00000000cc200000, 0x00000000cc2ffff0, 0x00000000cc300000| 99%| O|  |TAMS 0x00000000cc200000| PB 0x00000000cc2ffff0| Untracked 
| 195|0x00000000cc300000, 0x00000000cc3fff90, 0x00000000cc400000| 99%| O|  |TAMS 0x00000000cc300000| PB 0x00000000cc3fff90| Untracked 
| 196|0x00000000cc400000, 0x00000000cc4fffc8, 0x00000000cc500000| 99%| O|  |TAMS 0x00000000cc400000| PB 0x00000000cc4fffc8| Untracked 
| 197|0x00000000cc500000, 0x00000000cc600000, 0x00000000cc600000|100%| O|  |TAMS 0x00000000cc500000| PB 0x00000000cc600000| Untracked 
| 198|0x00000000cc600000, 0x00000000cc6fffe8, 0x00000000cc700000| 99%| O|  |TAMS 0x00000000cc600000| PB 0x00000000cc6fffe8| Untracked 
| 199|0x00000000cc700000, 0x00000000cc7fff80, 0x00000000cc800000| 99%| O|  |TAMS 0x00000000cc700000| PB 0x00000000cc7fff80| Untracked 
| 200|0x00000000cc800000, 0x00000000cc8ffff8, 0x00000000cc900000| 99%| O|  |TAMS 0x00000000cc800000| PB 0x00000000cc8ffff8| Untracked 
| 201|0x00000000cc900000, 0x00000000cc9fffe8, 0x00000000cca00000| 99%| O|  |TAMS 0x00000000cc900000| PB 0x00000000cc9fffe8| Untracked 
| 202|0x00000000cca00000, 0x00000000ccaffff0, 0x00000000ccb00000| 99%| O|  |TAMS 0x00000000cca00000| PB 0x00000000ccaffff0| Untracked 
| 203|0x00000000ccb00000, 0x00000000ccc00000, 0x00000000ccc00000|100%| O|  |TAMS 0x00000000ccb00000| PB 0x00000000ccc00000| Untracked 
| 204|0x00000000ccc00000, 0x00000000cccffff0, 0x00000000ccd00000| 99%| O|  |TAMS 0x00000000ccc00000| PB 0x00000000cccffff0| Untracked 
| 205|0x00000000ccd00000, 0x00000000ccdfffe8, 0x00000000cce00000| 99%| O|  |TAMS 0x00000000ccd00000| PB 0x00000000ccdfffe8| Untracked 
| 206|0x00000000cce00000, 0x00000000cceffff8, 0x00000000ccf00000| 99%| O|  |TAMS 0x00000000cce00000| PB 0x00000000cceffff8| Untracked 
| 207|0x00000000ccf00000, 0x00000000ccffff58, 0x00000000cd000000| 99%| O|  |TAMS 0x00000000ccf00000| PB 0x00000000ccffff58| Untracked 
| 208|0x00000000cd000000, 0x00000000cd0fff60, 0x00000000cd100000| 99%| O|  |TAMS 0x00000000cd000000| PB 0x00000000cd0fff60| Untracked 
| 209|0x00000000cd100000, 0x00000000cd1fffc0, 0x00000000cd200000| 99%| O|  |TAMS 0x00000000cd100000| PB 0x00000000cd1fffc0| Untracked 
| 210|0x00000000cd200000, 0x00000000cd2fffa8, 0x00000000cd300000| 99%| O|  |TAMS 0x00000000cd200000| PB 0x00000000cd2fffa8| Untracked 
| 211|0x00000000cd300000, 0x00000000cd400000, 0x00000000cd400000|100%| O|  |TAMS 0x00000000cd300000| PB 0x00000000cd400000| Untracked 
| 212|0x00000000cd400000, 0x00000000cd4ffff0, 0x00000000cd500000| 99%| O|  |TAMS 0x00000000cd400000| PB 0x00000000cd4ffff0| Untracked 
| 213|0x00000000cd500000, 0x00000000cd5ffff0, 0x00000000cd600000| 99%| O|  |TAMS 0x00000000cd500000| PB 0x00000000cd5ffff0| Untracked 
| 214|0x00000000cd600000, 0x00000000cd700000, 0x00000000cd700000|100%| O|  |TAMS 0x00000000cd600000| PB 0x00000000cd700000| Untracked 
| 215|0x00000000cd700000, 0x00000000cd7fffd8, 0x00000000cd800000| 99%| O|  |TAMS 0x00000000cd700000| PB 0x00000000cd7fffd8| Untracked 
| 216|0x00000000cd800000, 0x00000000cd8fff80, 0x00000000cd900000| 99%| O|  |TAMS 0x00000000cd800000| PB 0x00000000cd8fff80| Untracked 
| 217|0x00000000cd900000, 0x00000000cd9fffb8, 0x00000000cda00000| 99%| O|  |TAMS 0x00000000cd900000| PB 0x00000000cd9fffb8| Untracked 
| 218|0x00000000cda00000, 0x00000000cdaffff8, 0x00000000cdb00000| 99%| O|  |TAMS 0x00000000cda00000| PB 0x00000000cdaffff8| Untracked 
| 219|0x00000000cdb00000, 0x00000000cdbfffe8, 0x00000000cdc00000| 99%| O|  |TAMS 0x00000000cdb00000| PB 0x00000000cdbfffe8| Untracked 
| 220|0x00000000cdc00000, 0x00000000cdd00000, 0x00000000cdd00000|100%| O|  |TAMS 0x00000000cdc00000| PB 0x00000000cdd00000| Untracked 
| 221|0x00000000cdd00000, 0x00000000cddffff0, 0x00000000cde00000| 99%| O|  |TAMS 0x00000000cdd00000| PB 0x00000000cddffff0| Untracked 
| 222|0x00000000cde00000, 0x00000000cdf00000, 0x00000000cdf00000|100%| O|  |TAMS 0x00000000cde00000| PB 0x00000000cdf00000| Untracked 
| 223|0x00000000cdf00000, 0x00000000cdfffff8, 0x00000000ce000000| 99%| O|  |TAMS 0x00000000cdf00000| PB 0x00000000cdfffff8| Untracked 
| 224|0x00000000ce000000, 0x00000000ce0ffff0, 0x00000000ce100000| 99%| O|  |TAMS 0x00000000ce000000| PB 0x00000000ce0ffff0| Untracked 
| 225|0x00000000ce100000, 0x00000000ce200000, 0x00000000ce200000|100%| O|  |TAMS 0x00000000ce100000| PB 0x00000000ce200000| Untracked 
| 226|0x00000000ce200000, 0x00000000ce2fff88, 0x00000000ce300000| 99%| O|  |TAMS 0x00000000ce200000| PB 0x00000000ce2fff88| Untracked 
| 227|0x00000000ce300000, 0x00000000ce3fffe8, 0x00000000ce400000| 99%| O|  |TAMS 0x00000000ce300000| PB 0x00000000ce3fffe8| Untracked 
| 228|0x00000000ce400000, 0x00000000ce500000, 0x00000000ce500000|100%| O|  |TAMS 0x00000000ce400000| PB 0x00000000ce500000| Untracked 
| 229|0x00000000ce500000, 0x00000000ce5fffe8, 0x00000000ce600000| 99%| O|  |TAMS 0x00000000ce500000| PB 0x00000000ce5fffe8| Untracked 
| 230|0x00000000ce600000, 0x00000000ce6fffa0, 0x00000000ce700000| 99%| O|  |TAMS 0x00000000ce600000| PB 0x00000000ce6fffa0| Untracked 
| 231|0x00000000ce700000, 0x00000000ce7fff78, 0x00000000ce800000| 99%| O|  |TAMS 0x00000000ce700000| PB 0x00000000ce7fff78| Untracked 
| 232|0x00000000ce800000, 0x00000000ce8fff98, 0x00000000ce900000| 99%| O|  |TAMS 0x00000000ce800000| PB 0x00000000ce8fff98| Untracked 
| 233|0x00000000ce900000, 0x00000000ce9fffa0, 0x00000000cea00000| 99%| O|  |TAMS 0x00000000ce900000| PB 0x00000000ce9fffa0| Untracked 
| 234|0x00000000cea00000, 0x00000000ceafffb0, 0x00000000ceb00000| 99%| O|  |TAMS 0x00000000cea00000| PB 0x00000000ceafffb0| Untracked 
| 235|0x00000000ceb00000, 0x00000000cebfff70, 0x00000000cec00000| 99%| O|  |TAMS 0x00000000ceb00000| PB 0x00000000cebfff70| Untracked 
| 236|0x00000000cec00000, 0x00000000cecffff8, 0x00000000ced00000| 99%| O|  |TAMS 0x00000000cec00000| PB 0x00000000cecffff8| Untracked 
| 237|0x00000000ced00000, 0x00000000cee00000, 0x00000000cee00000|100%| O|  |TAMS 0x00000000ced00000| PB 0x00000000cee00000| Untracked 
| 238|0x00000000cee00000, 0x00000000ceefff60, 0x00000000cef00000| 99%| O|  |TAMS 0x00000000cee00000| PB 0x00000000ceefff60| Untracked 
| 239|0x00000000cef00000, 0x00000000cefffff8, 0x00000000cf000000| 99%| O|  |TAMS 0x00000000cef00000| PB 0x00000000cefffff8| Untracked 
| 240|0x00000000cf000000, 0x00000000cf0fff70, 0x00000000cf100000| 99%| O|  |TAMS 0x00000000cf000000| PB 0x00000000cf0fff70| Untracked 
| 241|0x00000000cf100000, 0x00000000cf200000, 0x00000000cf200000|100%| O|  |TAMS 0x00000000cf100000| PB 0x00000000cf200000| Untracked 
| 242|0x00000000cf200000, 0x00000000cf2fffc0, 0x00000000cf300000| 99%| O|  |TAMS 0x00000000cf200000| PB 0x00000000cf2fffc0| Untracked 
| 243|0x00000000cf300000, 0x00000000cf3fffe0, 0x00000000cf400000| 99%| O|  |TAMS 0x00000000cf300000| PB 0x00000000cf3fffe0| Untracked 
| 244|0x00000000cf400000, 0x00000000cf4fffa8, 0x00000000cf500000| 99%| O|  |TAMS 0x00000000cf400000| PB 0x00000000cf4fffa8| Untracked 
| 245|0x00000000cf500000, 0x00000000cf5fff70, 0x00000000cf600000| 99%| O|  |TAMS 0x00000000cf500000| PB 0x00000000cf5fff70| Untracked 
| 246|0x00000000cf600000, 0x00000000cf6fff50, 0x00000000cf700000| 99%| O|  |TAMS 0x00000000cf600000| PB 0x00000000cf6fff50| Untracked 
| 247|0x00000000cf700000, 0x00000000cf7ffff8, 0x00000000cf800000| 99%| O|  |TAMS 0x00000000cf700000| PB 0x00000000cf7ffff8| Untracked 
| 248|0x00000000cf800000, 0x00000000cf8ffff8, 0x00000000cf900000| 99%| O|  |TAMS 0x00000000cf800000| PB 0x00000000cf8ffff8| Untracked 
| 249|0x00000000cf900000, 0x00000000cf9ffff0, 0x00000000cfa00000| 99%| O|  |TAMS 0x00000000cf900000| PB 0x00000000cf9ffff0| Untracked 
| 250|0x00000000cfa00000, 0x00000000cfafff90, 0x00000000cfb00000| 99%| O|  |TAMS 0x00000000cfa00000| PB 0x00000000cfafff90| Untracked 
| 251|0x00000000cfb00000, 0x00000000cfbfffa0, 0x00000000cfc00000| 99%| O|  |TAMS 0x00000000cfb00000| PB 0x00000000cfbfffa0| Untracked 
| 252|0x00000000cfc00000, 0x00000000cfcfffa8, 0x00000000cfd00000| 99%| O|  |TAMS 0x00000000cfc00000| PB 0x00000000cfcfffa8| Untracked 
| 253|0x00000000cfd00000, 0x00000000cfdfffb8, 0x00000000cfe00000| 99%| O|  |TAMS 0x00000000cfd00000| PB 0x00000000cfdfffb8| Untracked 
| 254|0x00000000cfe00000, 0x00000000cfefff60, 0x00000000cff00000| 99%| O|  |TAMS 0x00000000cfe00000| PB 0x00000000cfefff60| Untracked 
| 255|0x00000000cff00000, 0x00000000cfffff70, 0x00000000d0000000| 99%| O|  |TAMS 0x00000000cff00000| PB 0x00000000cfffff70| Untracked 
| 256|0x00000000d0000000, 0x00000000d0100000, 0x00000000d0100000|100%| O|  |TAMS 0x00000000d0000000| PB 0x00000000d0100000| Untracked 
| 257|0x00000000d0100000, 0x00000000d01ffff0, 0x00000000d0200000| 99%| O|  |TAMS 0x00000000d0100000| PB 0x00000000d01ffff0| Untracked 
| 258|0x00000000d0200000, 0x00000000d02fff70, 0x00000000d0300000| 99%| O|  |TAMS 0x00000000d0200000| PB 0x00000000d02fff70| Untracked 
| 259|0x00000000d0300000, 0x00000000d03fffd0, 0x00000000d0400000| 99%| O|  |TAMS 0x00000000d0300000| PB 0x00000000d03fffd0| Untracked 
| 260|0x00000000d0400000, 0x00000000d04ffff8, 0x00000000d0500000| 99%| O|  |TAMS 0x00000000d0400000| PB 0x00000000d04ffff8| Untracked 
| 261|0x00000000d0500000, 0x00000000d05fffe8, 0x00000000d0600000| 99%| O|  |TAMS 0x00000000d0500000| PB 0x00000000d05fffe8| Untracked 
| 262|0x00000000d0600000, 0x00000000d06fffc0, 0x00000000d0700000| 99%| O|  |TAMS 0x00000000d0600000| PB 0x00000000d06fffc0| Untracked 
| 263|0x00000000d0700000, 0x00000000d07ffff0, 0x00000000d0800000| 99%| O|  |TAMS 0x00000000d0700000| PB 0x00000000d07ffff0| Untracked 
| 264|0x00000000d0800000, 0x00000000d08ffff8, 0x00000000d0900000| 99%| O|  |TAMS 0x00000000d0800000| PB 0x00000000d08ffff8| Untracked 
| 265|0x00000000d0900000, 0x00000000d09ffff8, 0x00000000d0a00000| 99%| O|  |TAMS 0x00000000d0900000| PB 0x00000000d09ffff8| Untracked 
| 266|0x00000000d0a00000, 0x00000000d0b00000, 0x00000000d0b00000|100%| O|  |TAMS 0x00000000d0a00000| PB 0x00000000d0b00000| Untracked 
| 267|0x00000000d0b00000, 0x00000000d0bffff8, 0x00000000d0c00000| 99%| O|  |TAMS 0x00000000d0b00000| PB 0x00000000d0bffff8| Untracked 
| 268|0x00000000d0c00000, 0x00000000d0cfffe8, 0x00000000d0d00000| 99%| O|  |TAMS 0x00000000d0c00000| PB 0x00000000d0cfffe8| Untracked 
| 269|0x00000000d0d00000, 0x00000000d0dffff8, 0x00000000d0e00000| 99%| O|  |TAMS 0x00000000d0d00000| PB 0x00000000d0dffff8| Untracked 
| 270|0x00000000d0e00000, 0x00000000d0effff8, 0x00000000d0f00000| 99%| O|  |TAMS 0x00000000d0e00000| PB 0x00000000d0effff8| Untracked 
| 271|0x00000000d0f00000, 0x00000000d0ffffa8, 0x00000000d1000000| 99%| O|  |TAMS 0x00000000d0f00000| PB 0x00000000d0ffffa8| Untracked 
| 272|0x00000000d1000000, 0x00000000d10fffc8, 0x00000000d1100000| 99%| O|  |TAMS 0x00000000d1000000| PB 0x00000000d10fffc8| Untracked 
| 273|0x00000000d1100000, 0x00000000d11fff60, 0x00000000d1200000| 99%| O|  |TAMS 0x00000000d1100000| PB 0x00000000d11fff60| Untracked 
| 274|0x00000000d1200000, 0x00000000d12fffd8, 0x00000000d1300000| 99%| O|  |TAMS 0x00000000d1200000| PB 0x00000000d12fffd8| Untracked 
| 275|0x00000000d1300000, 0x00000000d1400000, 0x00000000d1400000|100%| O|  |TAMS 0x00000000d1300000| PB 0x00000000d1400000| Untracked 
| 276|0x00000000d1400000, 0x00000000d14fffe0, 0x00000000d1500000| 99%| O|  |TAMS 0x00000000d1400000| PB 0x00000000d14fffe0| Untracked 
| 277|0x00000000d1500000, 0x00000000d15fffd0, 0x00000000d1600000| 99%| O|  |TAMS 0x00000000d1500000| PB 0x00000000d15fffd0| Untracked 
| 278|0x00000000d1600000, 0x00000000d16fffa0, 0x00000000d1700000| 99%| O|  |TAMS 0x00000000d1600000| PB 0x00000000d16fffa0| Untracked 
| 279|0x00000000d1700000, 0x00000000d17fff78, 0x00000000d1800000| 99%| O|  |TAMS 0x00000000d1700000| PB 0x00000000d17fff78| Untracked 
| 280|0x00000000d1800000, 0x00000000d18fffa0, 0x00000000d1900000| 99%| O|  |TAMS 0x00000000d1800000| PB 0x00000000d18fffa0| Untracked 
| 281|0x00000000d1900000, 0x00000000d19fff30, 0x00000000d1a00000| 99%| O|  |TAMS 0x00000000d1900000| PB 0x00000000d19fff30| Untracked 
| 282|0x00000000d1a00000, 0x00000000d1affff0, 0x00000000d1b00000| 99%| O|  |TAMS 0x00000000d1a00000| PB 0x00000000d1affff0| Untracked 
| 283|0x00000000d1b00000, 0x00000000d1bfff40, 0x00000000d1c00000| 99%| O|  |TAMS 0x00000000d1b00000| PB 0x00000000d1bfff40| Untracked 
| 284|0x00000000d1c00000, 0x00000000d1d00000, 0x00000000d1d00000|100%| O|  |TAMS 0x00000000d1c00000| PB 0x00000000d1d00000| Untracked 
| 285|0x00000000d1d00000, 0x00000000d1e00000, 0x00000000d1e00000|100%| O|  |TAMS 0x00000000d1d00000| PB 0x00000000d1e00000| Untracked 
| 286|0x00000000d1e00000, 0x00000000d1efffa8, 0x00000000d1f00000| 99%| O|  |TAMS 0x00000000d1e00000| PB 0x00000000d1efffa8| Untracked 
| 287|0x00000000d1f00000, 0x00000000d1ffff70, 0x00000000d2000000| 99%| O|  |TAMS 0x00000000d1f00000| PB 0x00000000d1ffff70| Untracked 
| 288|0x00000000d2000000, 0x00000000d20fff68, 0x00000000d2100000| 99%| O|  |TAMS 0x00000000d2000000| PB 0x00000000d20fff68| Untracked 
| 289|0x00000000d2100000, 0x00000000d21ffff8, 0x00000000d2200000| 99%| O|  |TAMS 0x00000000d2100000| PB 0x00000000d21ffff8| Untracked 
| 290|0x00000000d2200000, 0x00000000d22ffff8, 0x00000000d2300000| 99%| O|  |TAMS 0x00000000d2200000| PB 0x00000000d22ffff8| Untracked 
| 291|0x00000000d2300000, 0x00000000d23fff80, 0x00000000d2400000| 99%| O|  |TAMS 0x00000000d2300000| PB 0x00000000d23fff80| Untracked 
| 292|0x00000000d2400000, 0x00000000d24ffff0, 0x00000000d2500000| 99%| O|  |TAMS 0x00000000d2400000| PB 0x00000000d24ffff0| Untracked 
| 293|0x00000000d2500000, 0x00000000d25ffff0, 0x00000000d2600000| 99%| O|  |TAMS 0x00000000d2500000| PB 0x00000000d25ffff0| Untracked 
| 294|0x00000000d2600000, 0x00000000d26ffff0, 0x00000000d2700000| 99%| O|  |TAMS 0x00000000d2600000| PB 0x00000000d26ffff0| Untracked 
| 295|0x00000000d2700000, 0x00000000d27ffff0, 0x00000000d2800000| 99%| O|  |TAMS 0x00000000d2700000| PB 0x00000000d27ffff0| Untracked 
| 296|0x00000000d2800000, 0x00000000d28fff68, 0x00000000d2900000| 99%| O|  |TAMS 0x00000000d2800000| PB 0x00000000d28fff68| Untracked 
| 297|0x00000000d2900000, 0x00000000d2a00000, 0x00000000d2a00000|100%| O|  |TAMS 0x00000000d2900000| PB 0x00000000d2a00000| Untracked 
| 298|0x00000000d2a00000, 0x00000000d2afff88, 0x00000000d2b00000| 99%| O|  |TAMS 0x00000000d2a00000| PB 0x00000000d2afff88| Untracked 
| 299|0x00000000d2b00000, 0x00000000d2c00000, 0x00000000d2c00000|100%| O|  |TAMS 0x00000000d2b00000| PB 0x00000000d2c00000| Untracked 
| 300|0x00000000d2c00000, 0x00000000d2cffff8, 0x00000000d2d00000| 99%| O|  |TAMS 0x00000000d2c00000| PB 0x00000000d2cffff8| Untracked 
| 301|0x00000000d2d00000, 0x00000000d2dfff98, 0x00000000d2e00000| 99%| O|  |TAMS 0x00000000d2d00000| PB 0x00000000d2dfff98| Untracked 
| 302|0x00000000d2e00000, 0x00000000d2efffe8, 0x00000000d2f00000| 99%| O|  |TAMS 0x00000000d2e00000| PB 0x00000000d2efffe8| Untracked 
| 303|0x00000000d2f00000, 0x00000000d2fffff0, 0x00000000d3000000| 99%| O|  |TAMS 0x00000000d2f00000| PB 0x00000000d2fffff0| Untracked 
| 304|0x00000000d3000000, 0x00000000d30fffc0, 0x00000000d3100000| 99%| O|  |TAMS 0x00000000d3000000| PB 0x00000000d30fffc0| Untracked 
| 305|0x00000000d3100000, 0x00000000d31fffb8, 0x00000000d3200000| 99%| O|  |TAMS 0x00000000d3100000| PB 0x00000000d31fffb8| Untracked 
| 306|0x00000000d3200000, 0x00000000d32fffe0, 0x00000000d3300000| 99%| O|  |TAMS 0x00000000d3200000| PB 0x00000000d32fffe0| Untracked 
| 307|0x00000000d3300000, 0x00000000d33fffe8, 0x00000000d3400000| 99%| O|  |TAMS 0x00000000d3300000| PB 0x00000000d33fffe8| Untracked 
| 308|0x00000000d3400000, 0x00000000d34fff58, 0x00000000d3500000| 99%| O|  |TAMS 0x00000000d3400000| PB 0x00000000d34fff58| Untracked 
| 309|0x00000000d3500000, 0x00000000d35fff88, 0x00000000d3600000| 99%| O|  |TAMS 0x00000000d3500000| PB 0x00000000d35fff88| Untracked 
| 310|0x00000000d3600000, 0x00000000d36ffff8, 0x00000000d3700000| 99%| O|  |TAMS 0x00000000d3600000| PB 0x00000000d36ffff8| Untracked 
| 311|0x00000000d3700000, 0x00000000d3800000, 0x00000000d3800000|100%| O|  |TAMS 0x00000000d3700000| PB 0x00000000d3800000| Untracked 
| 312|0x00000000d3800000, 0x00000000d38ffff8, 0x00000000d3900000| 99%| O|  |TAMS 0x00000000d3800000| PB 0x00000000d38ffff8| Untracked 
| 313|0x00000000d3900000, 0x00000000d39ffff0, 0x00000000d3a00000| 99%| O|  |TAMS 0x00000000d3900000| PB 0x00000000d39ffff0| Untracked 
| 314|0x00000000d3a00000, 0x00000000d3afffc0, 0x00000000d3b00000| 99%| O|  |TAMS 0x00000000d3a00000| PB 0x00000000d3afffc0| Untracked 
| 315|0x00000000d3b00000, 0x00000000d3bfffa0, 0x00000000d3c00000| 99%| O|  |TAMS 0x00000000d3b00000| PB 0x00000000d3bfffa0| Untracked 
| 316|0x00000000d3c00000, 0x00000000d3cffff0, 0x00000000d3d00000| 99%| O|  |TAMS 0x00000000d3c00000| PB 0x00000000d3cffff0| Untracked 
| 317|0x00000000d3d00000, 0x00000000d3e00000, 0x00000000d3e00000|100%| O|  |TAMS 0x00000000d3d00000| PB 0x00000000d3e00000| Untracked 
| 318|0x00000000d3e00000, 0x00000000d3f00000, 0x00000000d3f00000|100%| O|  |TAMS 0x00000000d3e00000| PB 0x00000000d3f00000| Untracked 
| 319|0x00000000d3f00000, 0x00000000d3ffffe0, 0x00000000d4000000| 99%| O|  |TAMS 0x00000000d3f00000| PB 0x00000000d3ffffe0| Untracked 
| 320|0x00000000d4000000, 0x00000000d4100000, 0x00000000d4100000|100%| O|  |TAMS 0x00000000d4000000| PB 0x00000000d4100000| Untracked 
| 321|0x00000000d4100000, 0x00000000d41ffff0, 0x00000000d4200000| 99%| O|  |TAMS 0x00000000d4100000| PB 0x00000000d41ffff0| Untracked 
| 322|0x00000000d4200000, 0x00000000d4300000, 0x00000000d4300000|100%| O|  |TAMS 0x00000000d4200000| PB 0x00000000d4300000| Untracked 
| 323|0x00000000d4300000, 0x00000000d43ffff0, 0x00000000d4400000| 99%| O|  |TAMS 0x00000000d4300000| PB 0x00000000d43ffff0| Untracked 
| 324|0x00000000d4400000, 0x00000000d44fffb0, 0x00000000d4500000| 99%| O|  |TAMS 0x00000000d4400000| PB 0x00000000d44fffb0| Untracked 
| 325|0x00000000d4500000, 0x00000000d45ffff0, 0x00000000d4600000| 99%| O|  |TAMS 0x00000000d4500000| PB 0x00000000d45ffff0| Untracked 
| 326|0x00000000d4600000, 0x00000000d46ffff8, 0x00000000d4700000| 99%| O|  |TAMS 0x00000000d4600000| PB 0x00000000d46ffff8| Untracked 
| 327|0x00000000d4700000, 0x00000000d47fffd8, 0x00000000d4800000| 99%| O|  |TAMS 0x00000000d4700000| PB 0x00000000d47fffd8| Untracked 
| 328|0x00000000d4800000, 0x00000000d48fffc0, 0x00000000d4900000| 99%| O|  |TAMS 0x00000000d4800000| PB 0x00000000d48fffc0| Untracked 
| 329|0x00000000d4900000, 0x00000000d49ffff8, 0x00000000d4a00000| 99%| O|  |TAMS 0x00000000d4900000| PB 0x00000000d49ffff8| Untracked 
| 330|0x00000000d4a00000, 0x00000000d4afffa0, 0x00000000d4b00000| 99%| O|  |TAMS 0x00000000d4a00000| PB 0x00000000d4afffa0| Untracked 
| 331|0x00000000d4b00000, 0x00000000d4bfff98, 0x00000000d4c00000| 99%| O|  |TAMS 0x00000000d4b00000| PB 0x00000000d4bfff98| Untracked 
| 332|0x00000000d4c00000, 0x00000000d4cffff0, 0x00000000d4d00000| 99%| O|  |TAMS 0x00000000d4c00000| PB 0x00000000d4cffff0| Untracked 
| 333|0x00000000d4d00000, 0x00000000d4dfff58, 0x00000000d4e00000| 99%| O|  |TAMS 0x00000000d4d00000| PB 0x00000000d4dfff58| Untracked 
| 334|0x00000000d4e00000, 0x00000000d4efffd0, 0x00000000d4f00000| 99%| O|  |TAMS 0x00000000d4e00000| PB 0x00000000d4efffd0| Untracked 
| 335|0x00000000d4f00000, 0x00000000d5000000, 0x00000000d5000000|100%| O|  |TAMS 0x00000000d4f00000| PB 0x00000000d5000000| Untracked 
| 336|0x00000000d5000000, 0x00000000d50ffff8, 0x00000000d5100000| 99%| O|  |TAMS 0x00000000d5000000| PB 0x00000000d50ffff8| Untracked 
| 337|0x00000000d5100000, 0x00000000d51ffff8, 0x00000000d5200000| 99%| O|  |TAMS 0x00000000d5100000| PB 0x00000000d51ffff8| Untracked 
| 338|0x00000000d5200000, 0x00000000d5300000, 0x00000000d5300000|100%| O|  |TAMS 0x00000000d5200000| PB 0x00000000d5300000| Untracked 
| 339|0x00000000d5300000, 0x00000000d5400000, 0x00000000d5400000|100%| O|  |TAMS 0x00000000d5300000| PB 0x00000000d5400000| Untracked 
| 340|0x00000000d5400000, 0x00000000d54fffe0, 0x00000000d5500000| 99%| O|  |TAMS 0x00000000d5400000| PB 0x00000000d54fffe0| Untracked 
| 341|0x00000000d5500000, 0x00000000d55fff70, 0x00000000d5600000| 99%| O|  |TAMS 0x00000000d5500000| PB 0x00000000d55fff70| Untracked 
| 342|0x00000000d5600000, 0x00000000d56fff90, 0x00000000d5700000| 99%| O|  |TAMS 0x00000000d5600000| PB 0x00000000d56fff90| Untracked 
| 343|0x00000000d5700000, 0x00000000d57fff98, 0x00000000d5800000| 99%| O|  |TAMS 0x00000000d5700000| PB 0x00000000d57fff98| Untracked 
| 344|0x00000000d5800000, 0x00000000d58ffff8, 0x00000000d5900000| 99%| O|  |TAMS 0x00000000d5800000| PB 0x00000000d58ffff8| Untracked 
| 345|0x00000000d5900000, 0x00000000d59fffe8, 0x00000000d5a00000| 99%| O|  |TAMS 0x00000000d5900000| PB 0x00000000d59fffe8| Untracked 
| 346|0x00000000d5a00000, 0x00000000d5affff8, 0x00000000d5b00000| 99%| O|  |TAMS 0x00000000d5a00000| PB 0x00000000d5affff8| Untracked 
| 347|0x00000000d5b00000, 0x00000000d5bffff8, 0x00000000d5c00000| 99%| O|  |TAMS 0x00000000d5b00000| PB 0x00000000d5bffff8| Untracked 
| 348|0x00000000d5c00000, 0x00000000d5d00000, 0x00000000d5d00000|100%| O|  |TAMS 0x00000000d5c00000| PB 0x00000000d5d00000| Untracked 
| 349|0x00000000d5d00000, 0x00000000d5dfffc0, 0x00000000d5e00000| 99%| O|  |TAMS 0x00000000d5d00000| PB 0x00000000d5dfffc0| Untracked 
| 350|0x00000000d5e00000, 0x00000000d5effff8, 0x00000000d5f00000| 99%| O|  |TAMS 0x00000000d5e00000| PB 0x00000000d5effff8| Untracked 
| 351|0x00000000d5f00000, 0x00000000d5fffff8, 0x00000000d6000000| 99%| O|  |TAMS 0x00000000d5f00000| PB 0x00000000d5fffff8| Untracked 
| 352|0x00000000d6000000, 0x00000000d60ffff8, 0x00000000d6100000| 99%| O|  |TAMS 0x00000000d6000000| PB 0x00000000d60ffff8| Untracked 
| 353|0x00000000d6100000, 0x00000000d61ffff8, 0x00000000d6200000| 99%| O|  |TAMS 0x00000000d6100000| PB 0x00000000d61ffff8| Untracked 
| 354|0x00000000d6200000, 0x00000000d6300000, 0x00000000d6300000|100%| O|  |TAMS 0x00000000d6200000| PB 0x00000000d6300000| Untracked 
| 355|0x00000000d6300000, 0x00000000d63fffa0, 0x00000000d6400000| 99%| O|  |TAMS 0x00000000d6300000| PB 0x00000000d63fffa0| Untracked 
| 356|0x00000000d6400000, 0x00000000d64fffa8, 0x00000000d6500000| 99%| O|  |TAMS 0x00000000d6400000| PB 0x00000000d64fffa8| Untracked 
| 357|0x00000000d6500000, 0x00000000d65ffff8, 0x00000000d6600000| 99%| O|  |TAMS 0x00000000d6500000| PB 0x00000000d65ffff8| Untracked 
| 358|0x00000000d6600000, 0x00000000d6700000, 0x00000000d6700000|100%| O|  |TAMS 0x00000000d6600000| PB 0x00000000d6700000| Untracked 
| 359|0x00000000d6700000, 0x00000000d67fffe8, 0x00000000d6800000| 99%| O|  |TAMS 0x00000000d6700000| PB 0x00000000d67fffe8| Untracked 
| 360|0x00000000d6800000, 0x00000000d68fffc0, 0x00000000d6900000| 99%| O|  |TAMS 0x00000000d6800000| PB 0x00000000d68fffc0| Untracked 
| 361|0x00000000d6900000, 0x00000000d69fffe0, 0x00000000d6a00000| 99%| O|  |TAMS 0x00000000d6900000| PB 0x00000000d69fffe0| Untracked 
| 362|0x00000000d6a00000, 0x00000000d6afff80, 0x00000000d6b00000| 99%| O|  |TAMS 0x00000000d6a00000| PB 0x00000000d6afff80| Untracked 
| 363|0x00000000d6b00000, 0x00000000d6c00000, 0x00000000d6c00000|100%| O|  |TAMS 0x00000000d6b00000| PB 0x00000000d6c00000| Untracked 
| 364|0x00000000d6c00000, 0x00000000d6d00000, 0x00000000d6d00000|100%| O|  |TAMS 0x00000000d6c00000| PB 0x00000000d6d00000| Untracked 
| 365|0x00000000d6d00000, 0x00000000d6dfff90, 0x00000000d6e00000| 99%| O|  |TAMS 0x00000000d6d00000| PB 0x00000000d6dfff90| Untracked 
| 366|0x00000000d6e00000, 0x00000000d6f00000, 0x00000000d6f00000|100%| O|  |TAMS 0x00000000d6e00000| PB 0x00000000d6f00000| Untracked 
| 367|0x00000000d6f00000, 0x00000000d7000000, 0x00000000d7000000|100%| O|  |TAMS 0x00000000d6f00000| PB 0x00000000d7000000| Untracked 
| 368|0x00000000d7000000, 0x00000000d7100000, 0x00000000d7100000|100%| O|  |TAMS 0x00000000d7000000| PB 0x00000000d7100000| Untracked 
| 369|0x00000000d7100000, 0x00000000d71ffff8, 0x00000000d7200000| 99%| O|  |TAMS 0x00000000d7100000| PB 0x00000000d71ffff8| Untracked 
| 370|0x00000000d7200000, 0x00000000d72fffa8, 0x00000000d7300000| 99%| O|  |TAMS 0x00000000d7200000| PB 0x00000000d72fffa8| Untracked 
| 371|0x00000000d7300000, 0x00000000d7400000, 0x00000000d7400000|100%| O|  |TAMS 0x00000000d7300000| PB 0x00000000d7400000| Untracked 
| 372|0x00000000d7400000, 0x00000000d7500000, 0x00000000d7500000|100%| O|  |TAMS 0x00000000d7400000| PB 0x00000000d7500000| Untracked 
| 373|0x00000000d7500000, 0x00000000d75ffff8, 0x00000000d7600000| 99%| O|  |TAMS 0x00000000d7500000| PB 0x00000000d75ffff8| Untracked 
| 374|0x00000000d7600000, 0x00000000d76fffa8, 0x00000000d7700000| 99%| O|  |TAMS 0x00000000d7600000| PB 0x00000000d76fffa8| Untracked 
| 375|0x00000000d7700000, 0x00000000d77fff68, 0x00000000d7800000| 99%| O|  |TAMS 0x00000000d7700000| PB 0x00000000d77fff68| Untracked 
| 376|0x00000000d7800000, 0x00000000d7900000, 0x00000000d7900000|100%| O|  |TAMS 0x00000000d7800000| PB 0x00000000d7900000| Untracked 
| 377|0x00000000d7900000, 0x00000000d79fffe8, 0x00000000d7a00000| 99%| O|  |TAMS 0x00000000d7900000| PB 0x00000000d79fffe8| Untracked 
| 378|0x00000000d7a00000, 0x00000000d7affff8, 0x00000000d7b00000| 99%| O|  |TAMS 0x00000000d7a00000| PB 0x00000000d7affff8| Untracked 
| 379|0x00000000d7b00000, 0x00000000d7bfffb0, 0x00000000d7c00000| 99%| O|  |TAMS 0x00000000d7b00000| PB 0x00000000d7bfffb0| Untracked 
| 380|0x00000000d7c00000, 0x00000000d7cffff8, 0x00000000d7d00000| 99%| O|  |TAMS 0x00000000d7c00000| PB 0x00000000d7cffff8| Untracked 
| 381|0x00000000d7d00000, 0x00000000d7dfffd0, 0x00000000d7e00000| 99%| O|  |TAMS 0x00000000d7d00000| PB 0x00000000d7dfffd0| Untracked 
| 382|0x00000000d7e00000, 0x00000000d7efff88, 0x00000000d7f00000| 99%| O|  |TAMS 0x00000000d7e00000| PB 0x00000000d7efff88| Untracked 
| 383|0x00000000d7f00000, 0x00000000d7fffff0, 0x00000000d8000000| 99%| O|  |TAMS 0x00000000d7f00000| PB 0x00000000d7fffff0| Untracked 
| 384|0x00000000d8000000, 0x00000000d80fff80, 0x00000000d8100000| 99%| O|  |TAMS 0x00000000d8000000| PB 0x00000000d80fff80| Untracked 
| 385|0x00000000d8100000, 0x00000000d81fff90, 0x00000000d8200000| 99%| O|  |TAMS 0x00000000d8100000| PB 0x00000000d81fff90| Untracked 
| 386|0x00000000d8200000, 0x00000000d82fffb8, 0x00000000d8300000| 99%| O|  |TAMS 0x00000000d8200000| PB 0x00000000d82fffb8| Untracked 
| 387|0x00000000d8300000, 0x00000000d83fffe8, 0x00000000d8400000| 99%| O|  |TAMS 0x00000000d8300000| PB 0x00000000d83fffe8| Untracked 
| 388|0x00000000d8400000, 0x00000000d84ffff8, 0x00000000d8500000| 99%| O|  |TAMS 0x00000000d8400000| PB 0x00000000d84ffff8| Untracked 
| 389|0x00000000d8500000, 0x00000000d85fffe8, 0x00000000d8600000| 99%| O|  |TAMS 0x00000000d8500000| PB 0x00000000d85fffe8| Untracked 
| 390|0x00000000d8600000, 0x00000000d86ffff8, 0x00000000d8700000| 99%| O|  |TAMS 0x00000000d8600000| PB 0x00000000d86ffff8| Untracked 
| 391|0x00000000d8700000, 0x00000000d87fffc8, 0x00000000d8800000| 99%| O|  |TAMS 0x00000000d8700000| PB 0x00000000d87fffc8| Untracked 
| 392|0x00000000d8800000, 0x00000000d88fffb8, 0x00000000d8900000| 99%| O|  |TAMS 0x00000000d8800000| PB 0x00000000d88fffb8| Untracked 
| 393|0x00000000d8900000, 0x00000000d89ffff0, 0x00000000d8a00000| 99%| O|  |TAMS 0x00000000d8900000| PB 0x00000000d89ffff0| Untracked 
| 394|0x00000000d8a00000, 0x00000000d8affff0, 0x00000000d8b00000| 99%| O|  |TAMS 0x00000000d8a00000| PB 0x00000000d8affff0| Untracked 
| 395|0x00000000d8b00000, 0x00000000d8c00000, 0x00000000d8c00000|100%| O|  |TAMS 0x00000000d8b00000| PB 0x00000000d8c00000| Untracked 
| 396|0x00000000d8c00000, 0x00000000d8cfff98, 0x00000000d8d00000| 99%| O|  |TAMS 0x00000000d8c00000| PB 0x00000000d8cfff98| Untracked 
| 397|0x00000000d8d00000, 0x00000000d8dffff0, 0x00000000d8e00000| 99%| O|  |TAMS 0x00000000d8d00000| PB 0x00000000d8dffff0| Untracked 
| 398|0x00000000d8e00000, 0x00000000d8effff8, 0x00000000d8f00000| 99%| O|  |TAMS 0x00000000d8e00000| PB 0x00000000d8effff8| Untracked 
| 399|0x00000000d8f00000, 0x00000000d8fffff0, 0x00000000d9000000| 99%| O|  |TAMS 0x00000000d8f00000| PB 0x00000000d8fffff0| Untracked 
| 400|0x00000000d9000000, 0x00000000d90fffe8, 0x00000000d9100000| 99%| O|  |TAMS 0x00000000d9000000| PB 0x00000000d90fffe8| Untracked 
| 401|0x00000000d9100000, 0x00000000d9200000, 0x00000000d9200000|100%| O|  |TAMS 0x00000000d9100000| PB 0x00000000d9200000| Untracked 
| 402|0x00000000d9200000, 0x00000000d92ffff8, 0x00000000d9300000| 99%| O|  |TAMS 0x00000000d9200000| PB 0x00000000d92ffff8| Untracked 
| 403|0x00000000d9300000, 0x00000000d93ffff8, 0x00000000d9400000| 99%| O|  |TAMS 0x00000000d9300000| PB 0x00000000d93ffff8| Untracked 
| 404|0x00000000d9400000, 0x00000000d94ffff8, 0x00000000d9500000| 99%| O|  |TAMS 0x00000000d9400000| PB 0x00000000d94ffff8| Untracked 
| 405|0x00000000d9500000, 0x00000000d9600000, 0x00000000d9600000|100%| O|  |TAMS 0x00000000d9500000| PB 0x00000000d9600000| Untracked 
| 406|0x00000000d9600000, 0x00000000d96ffff8, 0x00000000d9700000| 99%| O|  |TAMS 0x00000000d9600000| PB 0x00000000d96ffff8| Untracked 
| 407|0x00000000d9700000, 0x00000000d97fffc0, 0x00000000d9800000| 99%| O|  |TAMS 0x00000000d9700000| PB 0x00000000d97fffc0| Untracked 
| 408|0x00000000d9800000, 0x00000000d98fff70, 0x00000000d9900000| 99%| O|  |TAMS 0x00000000d9800000| PB 0x00000000d98fff70| Untracked 
| 409|0x00000000d9900000, 0x00000000d99fffe8, 0x00000000d9a00000| 99%| O|  |TAMS 0x00000000d9900000| PB 0x00000000d99fffe8| Untracked 
| 410|0x00000000d9a00000, 0x00000000d9affff8, 0x00000000d9b00000| 99%| O|  |TAMS 0x00000000d9a00000| PB 0x00000000d9affff8| Untracked 
| 411|0x00000000d9b00000, 0x00000000d9bfff98, 0x00000000d9c00000| 99%| O|  |TAMS 0x00000000d9b00000| PB 0x00000000d9bfff98| Untracked 
| 412|0x00000000d9c00000, 0x00000000d9d00000, 0x00000000d9d00000|100%| O|  |TAMS 0x00000000d9c00000| PB 0x00000000d9d00000| Untracked 
| 413|0x00000000d9d00000, 0x00000000d9dffff0, 0x00000000d9e00000| 99%| O|  |TAMS 0x00000000d9d00000| PB 0x00000000d9dffff0| Untracked 
| 414|0x00000000d9e00000, 0x00000000d9efff48, 0x00000000d9f00000| 99%| O|  |TAMS 0x00000000d9e00000| PB 0x00000000d9efff48| Untracked 
| 415|0x00000000d9f00000, 0x00000000d9fffff8, 0x00000000da000000| 99%| O|  |TAMS 0x00000000d9f00000| PB 0x00000000d9fffff8| Untracked 
| 416|0x00000000da000000, 0x00000000da0ffff8, 0x00000000da100000| 99%| O|  |TAMS 0x00000000da000000| PB 0x00000000da0ffff8| Untracked 
| 417|0x00000000da100000, 0x00000000da1fffb8, 0x00000000da200000| 99%| O|  |TAMS 0x00000000da100000| PB 0x00000000da1fffb8| Untracked 
| 418|0x00000000da200000, 0x00000000da2ffff8, 0x00000000da300000| 99%| O|  |TAMS 0x00000000da200000| PB 0x00000000da2ffff8| Untracked 
| 419|0x00000000da300000, 0x00000000da3fffe0, 0x00000000da400000| 99%| O|  |TAMS 0x00000000da300000| PB 0x00000000da3fffe0| Untracked 
| 420|0x00000000da400000, 0x00000000da4fffd8, 0x00000000da500000| 99%| O|  |TAMS 0x00000000da400000| PB 0x00000000da4fffd8| Untracked 
| 421|0x00000000da500000, 0x00000000da600000, 0x00000000da600000|100%| O|  |TAMS 0x00000000da500000| PB 0x00000000da600000| Untracked 
| 422|0x00000000da600000, 0x00000000da6fffa0, 0x00000000da700000| 99%| O|  |TAMS 0x00000000da600000| PB 0x00000000da6fffa0| Untracked 
| 423|0x00000000da700000, 0x00000000da7ffff0, 0x00000000da800000| 99%| O|  |TAMS 0x00000000da700000| PB 0x00000000da7ffff0| Untracked 
| 424|0x00000000da800000, 0x00000000da8ffff8, 0x00000000da900000| 99%| O|  |TAMS 0x00000000da800000| PB 0x00000000da8ffff8| Untracked 
| 425|0x00000000da900000, 0x00000000da9fffd8, 0x00000000daa00000| 99%| O|  |TAMS 0x00000000da900000| PB 0x00000000da9fffd8| Untracked 
| 426|0x00000000daa00000, 0x00000000daafffc0, 0x00000000dab00000| 99%| O|  |TAMS 0x00000000daa00000| PB 0x00000000daafffc0| Untracked 
| 427|0x00000000dab00000, 0x00000000dabffff8, 0x00000000dac00000| 99%| O|  |TAMS 0x00000000dab00000| PB 0x00000000dabffff8| Untracked 
| 428|0x00000000dac00000, 0x00000000dacfffb8, 0x00000000dad00000| 99%| O|  |TAMS 0x00000000dac00000| PB 0x00000000dacfffb8| Untracked 
| 429|0x00000000dad00000, 0x00000000dae00000, 0x00000000dae00000|100%| O|  |TAMS 0x00000000dad00000| PB 0x00000000dae00000| Untracked 
| 430|0x00000000dae00000, 0x00000000daeffff0, 0x00000000daf00000| 99%| O|  |TAMS 0x00000000dae00000| PB 0x00000000daeffff0| Untracked 
| 431|0x00000000daf00000, 0x00000000dafffff8, 0x00000000db000000| 99%| O|  |TAMS 0x00000000daf00000| PB 0x00000000dafffff8| Untracked 
| 432|0x00000000db000000, 0x00000000db0ffff8, 0x00000000db100000| 99%| O|  |TAMS 0x00000000db000000| PB 0x00000000db0ffff8| Untracked 
| 433|0x00000000db100000, 0x00000000db1fff88, 0x00000000db200000| 99%| O|  |TAMS 0x00000000db100000| PB 0x00000000db1fff88| Untracked 
| 434|0x00000000db200000, 0x00000000db300000, 0x00000000db300000|100%| O|  |TAMS 0x00000000db200000| PB 0x00000000db300000| Untracked 
| 435|0x00000000db300000, 0x00000000db3fffe0, 0x00000000db400000| 99%| O|  |TAMS 0x00000000db300000| PB 0x00000000db3fffe0| Untracked 
| 436|0x00000000db400000, 0x00000000db4fff88, 0x00000000db500000| 99%| O|  |TAMS 0x00000000db400000| PB 0x00000000db4fff88| Untracked 
| 437|0x00000000db500000, 0x00000000db5ffff0, 0x00000000db600000| 99%| O|  |TAMS 0x00000000db500000| PB 0x00000000db5ffff0| Untracked 
| 438|0x00000000db600000, 0x00000000db6fffe8, 0x00000000db700000| 99%| O|  |TAMS 0x00000000db600000| PB 0x00000000db6fffe8| Untracked 
| 439|0x00000000db700000, 0x00000000db800000, 0x00000000db800000|100%| O|  |TAMS 0x00000000db700000| PB 0x00000000db800000| Untracked 
| 440|0x00000000db800000, 0x00000000db8fffe0, 0x00000000db900000| 99%| O|  |TAMS 0x00000000db800000| PB 0x00000000db8fffe0| Untracked 
| 441|0x00000000db900000, 0x00000000db9ffff8, 0x00000000dba00000| 99%| O|  |TAMS 0x00000000db900000| PB 0x00000000db9ffff8| Untracked 
| 442|0x00000000dba00000, 0x00000000dbaffff0, 0x00000000dbb00000| 99%| O|  |TAMS 0x00000000dba00000| PB 0x00000000dbaffff0| Untracked 
| 443|0x00000000dbb00000, 0x00000000dbbfff98, 0x00000000dbc00000| 99%| O|  |TAMS 0x00000000dbb00000| PB 0x00000000dbbfff98| Untracked 
| 444|0x00000000dbc00000, 0x00000000dbcfff60, 0x00000000dbd00000| 99%| O|  |TAMS 0x00000000dbc00000| PB 0x00000000dbcfff60| Untracked 
| 445|0x00000000dbd00000, 0x00000000dbdfff60, 0x00000000dbe00000| 99%| O|  |TAMS 0x00000000dbd00000| PB 0x00000000dbdfff60| Untracked 
| 446|0x00000000dbe00000, 0x00000000dbeffff8, 0x00000000dbf00000| 99%| O|  |TAMS 0x00000000dbe00000| PB 0x00000000dbeffff8| Untracked 
| 447|0x00000000dbf00000, 0x00000000dbffffa8, 0x00000000dc000000| 99%| O|  |TAMS 0x00000000dbf00000| PB 0x00000000dbffffa8| Untracked 
| 448|0x00000000dc000000, 0x00000000dc0fffe0, 0x00000000dc100000| 99%| O|  |TAMS 0x00000000dc000000| PB 0x00000000dc0fffe0| Untracked 
| 449|0x00000000dc100000, 0x00000000dc200000, 0x00000000dc200000|100%| O|  |TAMS 0x00000000dc100000| PB 0x00000000dc200000| Untracked 
| 450|0x00000000dc200000, 0x00000000dc300000, 0x00000000dc300000|100%| O|  |TAMS 0x00000000dc200000| PB 0x00000000dc300000| Untracked 
| 451|0x00000000dc300000, 0x00000000dc3fffd0, 0x00000000dc400000| 99%| O|  |TAMS 0x00000000dc300000| PB 0x00000000dc3fffd0| Untracked 
| 452|0x00000000dc400000, 0x00000000dc4fff90, 0x00000000dc500000| 99%| O|  |TAMS 0x00000000dc400000| PB 0x00000000dc4fff90| Untracked 
| 453|0x00000000dc500000, 0x00000000dc5fffc0, 0x00000000dc600000| 99%| O|  |TAMS 0x00000000dc500000| PB 0x00000000dc5fffc0| Untracked 
| 454|0x00000000dc600000, 0x00000000dc6fffe8, 0x00000000dc700000| 99%| O|  |TAMS 0x00000000dc600000| PB 0x00000000dc6fffe8| Untracked 
| 455|0x00000000dc700000, 0x00000000dc7fffc8, 0x00000000dc800000| 99%| O|  |TAMS 0x00000000dc700000| PB 0x00000000dc7fffc8| Untracked 
| 456|0x00000000dc800000, 0x00000000dc8fffe0, 0x00000000dc900000| 99%| O|  |TAMS 0x00000000dc800000| PB 0x00000000dc8fffe0| Untracked 
| 457|0x00000000dc900000, 0x00000000dca00000, 0x00000000dca00000|100%| O|  |TAMS 0x00000000dc900000| PB 0x00000000dca00000| Untracked 
| 458|0x00000000dca00000, 0x00000000dcb00000, 0x00000000dcb00000|100%| O|  |TAMS 0x00000000dca00000| PB 0x00000000dcb00000| Untracked 
| 459|0x00000000dcb00000, 0x00000000dcbffff0, 0x00000000dcc00000| 99%| O|  |TAMS 0x00000000dcb00000| PB 0x00000000dcbffff0| Untracked 
| 460|0x00000000dcc00000, 0x00000000dccfff88, 0x00000000dcd00000| 99%| O|  |TAMS 0x00000000dcc00000| PB 0x00000000dccfff88| Untracked 
| 461|0x00000000dcd00000, 0x00000000dcdfffd0, 0x00000000dce00000| 99%| O|  |TAMS 0x00000000dcd00000| PB 0x00000000dcdfffd0| Untracked 
| 462|0x00000000dce00000, 0x00000000dcefffe0, 0x00000000dcf00000| 99%| O|  |TAMS 0x00000000dce00000| PB 0x00000000dcefffe0| Untracked 
| 463|0x00000000dcf00000, 0x00000000dcfffff0, 0x00000000dd000000| 99%| O|  |TAMS 0x00000000dcf00000| PB 0x00000000dcfffff0| Untracked 
| 464|0x00000000dd000000, 0x00000000dd0fffd8, 0x00000000dd100000| 99%| O|  |TAMS 0x00000000dd000000| PB 0x00000000dd0fffd8| Untracked 
| 465|0x00000000dd100000, 0x00000000dd1fff68, 0x00000000dd200000| 99%| O|  |TAMS 0x00000000dd100000| PB 0x00000000dd1fff68| Untracked 
| 466|0x00000000dd200000, 0x00000000dd2fffb8, 0x00000000dd300000| 99%| O|  |TAMS 0x00000000dd200000| PB 0x00000000dd2fffb8| Untracked 
| 467|0x00000000dd300000, 0x00000000dd400000, 0x00000000dd400000|100%| O|  |TAMS 0x00000000dd300000| PB 0x00000000dd400000| Untracked 
| 468|0x00000000dd400000, 0x00000000dd4ffff0, 0x00000000dd500000| 99%| O|  |TAMS 0x00000000dd400000| PB 0x00000000dd4ffff0| Untracked 
| 469|0x00000000dd500000, 0x00000000dd5fffe8, 0x00000000dd600000| 99%| O|  |TAMS 0x00000000dd500000| PB 0x00000000dd5fffe8| Untracked 
| 470|0x00000000dd600000, 0x00000000dd6fff88, 0x00000000dd700000| 99%| O|  |TAMS 0x00000000dd600000| PB 0x00000000dd6fff88| Untracked 
| 471|0x00000000dd700000, 0x00000000dd800000, 0x00000000dd800000|100%| O|  |TAMS 0x00000000dd700000| PB 0x00000000dd800000| Untracked 
| 472|0x00000000dd800000, 0x00000000dd8fffc0, 0x00000000dd900000| 99%| O|  |TAMS 0x00000000dd800000| PB 0x00000000dd8fffc0| Untracked 
| 473|0x00000000dd900000, 0x00000000dd9fff88, 0x00000000dda00000| 99%| O|  |TAMS 0x00000000dd900000| PB 0x00000000dd9fff88| Untracked 
| 474|0x00000000dda00000, 0x00000000ddafffa0, 0x00000000ddb00000| 99%| O|  |TAMS 0x00000000dda00000| PB 0x00000000ddafffa0| Untracked 
| 475|0x00000000ddb00000, 0x00000000ddbffff0, 0x00000000ddc00000| 99%| O|  |TAMS 0x00000000ddb00000| PB 0x00000000ddbffff0| Untracked 
| 476|0x00000000ddc00000, 0x00000000ddd00000, 0x00000000ddd00000|100%| O|  |TAMS 0x00000000ddc00000| PB 0x00000000ddd00000| Untracked 
| 477|0x00000000ddd00000, 0x00000000dddfff90, 0x00000000dde00000| 99%| O|  |TAMS 0x00000000ddd00000| PB 0x00000000dddfff90| Untracked 
| 478|0x00000000dde00000, 0x00000000ddeffff0, 0x00000000ddf00000| 99%| O|  |TAMS 0x00000000dde00000| PB 0x00000000ddeffff0| Untracked 
| 479|0x00000000ddf00000, 0x00000000ddfffff8, 0x00000000de000000| 99%| O|  |TAMS 0x00000000ddf00000| PB 0x00000000ddfffff8| Untracked 
| 480|0x00000000de000000, 0x00000000de0ffff0, 0x00000000de100000| 99%| O|  |TAMS 0x00000000de000000| PB 0x00000000de0ffff0| Untracked 
| 481|0x00000000de100000, 0x00000000de200000, 0x00000000de200000|100%| O|  |TAMS 0x00000000de100000| PB 0x00000000de200000| Untracked 
| 482|0x00000000de200000, 0x00000000de2fffe0, 0x00000000de300000| 99%| O|  |TAMS 0x00000000de200000| PB 0x00000000de2fffe0| Untracked 
| 483|0x00000000de300000, 0x00000000de3fffb8, 0x00000000de400000| 99%| O|  |TAMS 0x00000000de300000| PB 0x00000000de3fffb8| Untracked 
| 484|0x00000000de400000, 0x00000000de4fff68, 0x00000000de500000| 99%| O|  |TAMS 0x00000000de400000| PB 0x00000000de4fff68| Untracked 
| 485|0x00000000de500000, 0x00000000de5ffff8, 0x00000000de600000| 99%| O|  |TAMS 0x00000000de500000| PB 0x00000000de5ffff8| Untracked 
| 486|0x00000000de600000, 0x00000000de6fffb0, 0x00000000de700000| 99%| O|  |TAMS 0x00000000de600000| PB 0x00000000de6fffb0| Untracked 
| 487|0x00000000de700000, 0x00000000de7fffe8, 0x00000000de800000| 99%| O|  |TAMS 0x00000000de700000| PB 0x00000000de7fffe8| Untracked 
| 488|0x00000000de800000, 0x00000000de8fff68, 0x00000000de900000| 99%| O|  |TAMS 0x00000000de800000| PB 0x00000000de8fff68| Untracked 
| 489|0x00000000de900000, 0x00000000de9fff50, 0x00000000dea00000| 99%| O|  |TAMS 0x00000000de900000| PB 0x00000000de9fff50| Untracked 
| 490|0x00000000dea00000, 0x00000000deaffff0, 0x00000000deb00000| 99%| O|  |TAMS 0x00000000dea00000| PB 0x00000000deaffff0| Untracked 
| 491|0x00000000deb00000, 0x00000000debfff90, 0x00000000dec00000| 99%| O|  |TAMS 0x00000000deb00000| PB 0x00000000debfff90| Untracked 
| 492|0x00000000dec00000, 0x00000000decfff98, 0x00000000ded00000| 99%| O|  |TAMS 0x00000000dec00000| PB 0x00000000decfff98| Untracked 
| 493|0x00000000ded00000, 0x00000000dedfffe8, 0x00000000dee00000| 99%| O|  |TAMS 0x00000000ded00000| PB 0x00000000dedfffe8| Untracked 
| 494|0x00000000dee00000, 0x00000000deefff50, 0x00000000def00000| 99%| O|  |TAMS 0x00000000dee00000| PB 0x00000000deefff50| Untracked 
| 495|0x00000000def00000, 0x00000000defffff8, 0x00000000df000000| 99%| O|  |TAMS 0x00000000def00000| PB 0x00000000defffff8| Untracked 
| 496|0x00000000df000000, 0x00000000df0ffff0, 0x00000000df100000| 99%| O|  |TAMS 0x00000000df000000| PB 0x00000000df0ffff0| Untracked 
| 497|0x00000000df100000, 0x00000000df1fffc0, 0x00000000df200000| 99%| O|  |TAMS 0x00000000df100000| PB 0x00000000df1fffc0| Untracked 
| 498|0x00000000df200000, 0x00000000df2ffff0, 0x00000000df300000| 99%| O|  |TAMS 0x00000000df200000| PB 0x00000000df2ffff0| Untracked 
| 499|0x00000000df300000, 0x00000000df3fff48, 0x00000000df400000| 99%| O|  |TAMS 0x00000000df300000| PB 0x00000000df3fff48| Untracked 
| 500|0x00000000df400000, 0x00000000df4ffff0, 0x00000000df500000| 99%| O|  |TAMS 0x00000000df400000| PB 0x00000000df4ffff0| Untracked 
| 501|0x00000000df500000, 0x00000000df600000, 0x00000000df600000|100%| O|  |TAMS 0x00000000df500000| PB 0x00000000df600000| Untracked 
| 502|0x00000000df600000, 0x00000000df6ffff0, 0x00000000df700000| 99%| O|  |TAMS 0x00000000df600000| PB 0x00000000df6ffff0| Untracked 
| 503|0x00000000df700000, 0x00000000df7fff68, 0x00000000df800000| 99%| O|  |TAMS 0x00000000df700000| PB 0x00000000df7fff68| Untracked 
| 504|0x00000000df800000, 0x00000000df8fffe8, 0x00000000df900000| 99%| O|  |TAMS 0x00000000df800000| PB 0x00000000df8fffe8| Untracked 
| 505|0x00000000df900000, 0x00000000df9fff90, 0x00000000dfa00000| 99%| O|  |TAMS 0x00000000df900000| PB 0x00000000df9fff90| Untracked 
| 506|0x00000000dfa00000, 0x00000000dfb00000, 0x00000000dfb00000|100%| O|  |TAMS 0x00000000dfa00000| PB 0x00000000dfb00000| Untracked 
| 507|0x00000000dfb00000, 0x00000000dfbfffe8, 0x00000000dfc00000| 99%| O|  |TAMS 0x00000000dfb00000| PB 0x00000000dfbfffe8| Untracked 
| 508|0x00000000dfc00000, 0x00000000dfcfffe8, 0x00000000dfd00000| 99%| O|  |TAMS 0x00000000dfc00000| PB 0x00000000dfcfffe8| Untracked 
| 509|0x00000000dfd00000, 0x00000000dfdffff8, 0x00000000dfe00000| 99%| O|  |TAMS 0x00000000dfd00000| PB 0x00000000dfdffff8| Untracked 
| 510|0x00000000dfe00000, 0x00000000dfeffff8, 0x00000000dff00000| 99%| O|  |TAMS 0x00000000dfe00000| PB 0x00000000dfeffff8| Untracked 
| 511|0x00000000dff00000, 0x00000000dffffff0, 0x00000000e0000000| 99%| O|  |TAMS 0x00000000dff00000| PB 0x00000000dffffff0| Untracked 
| 512|0x00000000e0000000, 0x00000000e00ffff8, 0x00000000e0100000| 99%| O|  |TAMS 0x00000000e0000000| PB 0x00000000e00ffff8| Untracked 
| 513|0x00000000e0100000, 0x00000000e0200000, 0x00000000e0200000|100%| O|  |TAMS 0x00000000e0100000| PB 0x00000000e0200000| Untracked 
| 514|0x00000000e0200000, 0x00000000e02ffff8, 0x00000000e0300000| 99%| O|  |TAMS 0x00000000e0200000| PB 0x00000000e02ffff8| Untracked 
| 515|0x00000000e0300000, 0x00000000e03fff88, 0x00000000e0400000| 99%| O|  |TAMS 0x00000000e0300000| PB 0x00000000e03fff88| Untracked 
| 516|0x00000000e0400000, 0x00000000e0500000, 0x00000000e0500000|100%| O|  |TAMS 0x00000000e0400000| PB 0x00000000e0500000| Untracked 
| 517|0x00000000e0500000, 0x00000000e05fffa0, 0x00000000e0600000| 99%| O|  |TAMS 0x00000000e0500000| PB 0x00000000e05fffa0| Untracked 
| 518|0x00000000e0600000, 0x00000000e06ffff8, 0x00000000e0700000| 99%| O|  |TAMS 0x00000000e0600000| PB 0x00000000e06ffff8| Untracked 
| 519|0x00000000e0700000, 0x00000000e07fffe0, 0x00000000e0800000| 99%| O|  |TAMS 0x00000000e0700000| PB 0x00000000e07fffe0| Untracked 
| 520|0x00000000e0800000, 0x00000000e0900000, 0x00000000e0900000|100%| O|  |TAMS 0x00000000e0800000| PB 0x00000000e0900000| Untracked 
| 521|0x00000000e0900000, 0x00000000e09fffd8, 0x00000000e0a00000| 99%| O|  |TAMS 0x00000000e0900000| PB 0x00000000e09fffd8| Untracked 
| 522|0x00000000e0a00000, 0x00000000e0affff8, 0x00000000e0b00000| 99%| O|  |TAMS 0x00000000e0a00000| PB 0x00000000e0affff8| Untracked 
| 523|0x00000000e0b00000, 0x00000000e0c00000, 0x00000000e0c00000|100%| O|  |TAMS 0x00000000e0b00000| PB 0x00000000e0c00000| Untracked 
| 524|0x00000000e0c00000, 0x00000000e0d00000, 0x00000000e0d00000|100%| O|  |TAMS 0x00000000e0c00000| PB 0x00000000e0d00000| Untracked 
| 525|0x00000000e0d00000, 0x00000000e0dfff80, 0x00000000e0e00000| 99%| O|  |TAMS 0x00000000e0d00000| PB 0x00000000e0dfff80| Untracked 
| 526|0x00000000e0e00000, 0x00000000e0effff0, 0x00000000e0f00000| 99%| O|  |TAMS 0x00000000e0e00000| PB 0x00000000e0effff0| Untracked 
| 527|0x00000000e0f00000, 0x00000000e1000000, 0x00000000e1000000|100%| O|  |TAMS 0x00000000e0f00000| PB 0x00000000e1000000| Untracked 
| 528|0x00000000e1000000, 0x00000000e10fffb0, 0x00000000e1100000| 99%| O|  |TAMS 0x00000000e1000000| PB 0x00000000e10fffb0| Untracked 
| 529|0x00000000e1100000, 0x00000000e11fffe0, 0x00000000e1200000| 99%| O|  |TAMS 0x00000000e1100000| PB 0x00000000e11fffe0| Untracked 
| 530|0x00000000e1200000, 0x00000000e12fffe0, 0x00000000e1300000| 99%| O|  |TAMS 0x00000000e1200000| PB 0x00000000e12fffe0| Untracked 
| 531|0x00000000e1300000, 0x00000000e13fffa8, 0x00000000e1400000| 99%| O|  |TAMS 0x00000000e1300000| PB 0x00000000e13fffa8| Untracked 
| 532|0x00000000e1400000, 0x00000000e14fffc8, 0x00000000e1500000| 99%| O|  |TAMS 0x00000000e1400000| PB 0x00000000e14fffc8| Untracked 
| 533|0x00000000e1500000, 0x00000000e15ffff8, 0x00000000e1600000| 99%| O|  |TAMS 0x00000000e1500000| PB 0x00000000e15ffff8| Untracked 
| 534|0x00000000e1600000, 0x00000000e1700000, 0x00000000e1700000|100%| O|  |TAMS 0x00000000e1600000| PB 0x00000000e1700000| Untracked 
| 535|0x00000000e1700000, 0x00000000e17ffff8, 0x00000000e1800000| 99%| O|  |TAMS 0x00000000e1700000| PB 0x00000000e17ffff8| Untracked 
| 536|0x00000000e1800000, 0x00000000e18fffc8, 0x00000000e1900000| 99%| O|  |TAMS 0x00000000e1800000| PB 0x00000000e18fffc8| Untracked 
| 537|0x00000000e1900000, 0x00000000e19ffff0, 0x00000000e1a00000| 99%| O|  |TAMS 0x00000000e1900000| PB 0x00000000e19ffff0| Untracked 
| 538|0x00000000e1a00000, 0x00000000e1affff8, 0x00000000e1b00000| 99%| O|  |TAMS 0x00000000e1a00000| PB 0x00000000e1affff8| Untracked 
| 539|0x00000000e1b00000, 0x00000000e1c00000, 0x00000000e1c00000|100%| O|  |TAMS 0x00000000e1b00000| PB 0x00000000e1c00000| Untracked 
| 540|0x00000000e1c00000, 0x00000000e1cfffc8, 0x00000000e1d00000| 99%| O|  |TAMS 0x00000000e1c00000| PB 0x00000000e1cfffc8| Untracked 
| 541|0x00000000e1d00000, 0x00000000e1dfffe0, 0x00000000e1e00000| 99%| O|  |TAMS 0x00000000e1d00000| PB 0x00000000e1dfffe0| Untracked 
| 542|0x00000000e1e00000, 0x00000000e1effff8, 0x00000000e1f00000| 99%| O|  |TAMS 0x00000000e1e00000| PB 0x00000000e1effff8| Untracked 
| 543|0x00000000e1f00000, 0x00000000e1ffff90, 0x00000000e2000000| 99%| O|  |TAMS 0x00000000e1f00000| PB 0x00000000e1ffff90| Untracked 
| 544|0x00000000e2000000, 0x00000000e20fffa8, 0x00000000e2100000| 99%| O|  |TAMS 0x00000000e2000000| PB 0x00000000e20fffa8| Untracked 
| 545|0x00000000e2100000, 0x00000000e21fff88, 0x00000000e2200000| 99%| O|  |TAMS 0x00000000e2100000| PB 0x00000000e21fff88| Untracked 
| 546|0x00000000e2200000, 0x00000000e22fffc0, 0x00000000e2300000| 99%| O|  |TAMS 0x00000000e2200000| PB 0x00000000e22fffc0| Untracked 
| 547|0x00000000e2300000, 0x00000000e23ffff0, 0x00000000e2400000| 99%| O|  |TAMS 0x00000000e2300000| PB 0x00000000e23ffff0| Untracked 
| 548|0x00000000e2400000, 0x00000000e24ffff8, 0x00000000e2500000| 99%| O|  |TAMS 0x00000000e2400000| PB 0x00000000e24ffff8| Untracked 
| 549|0x00000000e2500000, 0x00000000e25fffd0, 0x00000000e2600000| 99%| O|  |TAMS 0x00000000e2500000| PB 0x00000000e25fffd0| Untracked 
| 550|0x00000000e2600000, 0x00000000e26ffff0, 0x00000000e2700000| 99%| O|  |TAMS 0x00000000e2600000| PB 0x00000000e26ffff0| Untracked 
| 551|0x00000000e2700000, 0x00000000e27ffff0, 0x00000000e2800000| 99%| O|  |TAMS 0x00000000e2700000| PB 0x00000000e27ffff0| Untracked 
| 552|0x00000000e2800000, 0x00000000e28fff60, 0x00000000e2900000| 99%| O|  |TAMS 0x00000000e2800000| PB 0x00000000e28fff60| Untracked 
| 553|0x00000000e2900000, 0x00000000e29ffff8, 0x00000000e2a00000| 99%| O|  |TAMS 0x00000000e2900000| PB 0x00000000e29ffff8| Untracked 
| 554|0x00000000e2a00000, 0x00000000e2affff0, 0x00000000e2b00000| 99%| O|  |TAMS 0x00000000e2a00000| PB 0x00000000e2affff0| Untracked 
| 555|0x00000000e2b00000, 0x00000000e2bfffa0, 0x00000000e2c00000| 99%| O|  |TAMS 0x00000000e2b00000| PB 0x00000000e2bfffa0| Untracked 
| 556|0x00000000e2c00000, 0x00000000e2cffff8, 0x00000000e2d00000| 99%| O|  |TAMS 0x00000000e2c00000| PB 0x00000000e2cffff8| Untracked 
| 557|0x00000000e2d00000, 0x00000000e2dffff0, 0x00000000e2e00000| 99%| O|  |TAMS 0x00000000e2d00000| PB 0x00000000e2dffff0| Untracked 
| 558|0x00000000e2e00000, 0x00000000e2f00000, 0x00000000e2f00000|100%| O|  |TAMS 0x00000000e2e00000| PB 0x00000000e2f00000| Untracked 
| 559|0x00000000e2f00000, 0x00000000e2ffffa0, 0x00000000e3000000| 99%| O|  |TAMS 0x00000000e2f00000| PB 0x00000000e2ffffa0| Untracked 
| 560|0x00000000e3000000, 0x00000000e30fffc8, 0x00000000e3100000| 99%| O|  |TAMS 0x00000000e3000000| PB 0x00000000e30fffc8| Untracked 
| 561|0x00000000e3100000, 0x00000000e3200000, 0x00000000e3200000|100%| O|  |TAMS 0x00000000e3100000| PB 0x00000000e3200000| Untracked 
| 562|0x00000000e3200000, 0x00000000e32fffc0, 0x00000000e3300000| 99%| O|  |TAMS 0x00000000e3200000| PB 0x00000000e32fffc0| Untracked 
| 563|0x00000000e3300000, 0x00000000e3400000, 0x00000000e3400000|100%| O|  |TAMS 0x00000000e3300000| PB 0x00000000e3400000| Untracked 
| 564|0x00000000e3400000, 0x00000000e34fffd8, 0x00000000e3500000| 99%| O|  |TAMS 0x00000000e3400000| PB 0x00000000e34fffd8| Untracked 
| 565|0x00000000e3500000, 0x00000000e35ffff8, 0x00000000e3600000| 99%| O|  |TAMS 0x00000000e3500000| PB 0x00000000e35ffff8| Untracked 
| 566|0x00000000e3600000, 0x00000000e36fffb8, 0x00000000e3700000| 99%| O|  |TAMS 0x00000000e3600000| PB 0x00000000e36fffb8| Untracked 
| 567|0x00000000e3700000, 0x00000000e37ffff8, 0x00000000e3800000| 99%| O|  |TAMS 0x00000000e3700000| PB 0x00000000e37ffff8| Untracked 
| 568|0x00000000e3800000, 0x00000000e3900000, 0x00000000e3900000|100%| O|  |TAMS 0x00000000e3800000| PB 0x00000000e3900000| Untracked 
| 569|0x00000000e3900000, 0x00000000e39ffff0, 0x00000000e3a00000| 99%| O|  |TAMS 0x00000000e3900000| PB 0x00000000e39ffff0| Untracked 
| 570|0x00000000e3a00000, 0x00000000e3b00000, 0x00000000e3b00000|100%| O|  |TAMS 0x00000000e3a00000| PB 0x00000000e3b00000| Untracked 
| 571|0x00000000e3b00000, 0x00000000e3c00000, 0x00000000e3c00000|100%| O|  |TAMS 0x00000000e3b00000| PB 0x00000000e3c00000| Untracked 
| 572|0x00000000e3c00000, 0x00000000e3cfffa8, 0x00000000e3d00000| 99%| O|  |TAMS 0x00000000e3c00000| PB 0x00000000e3cfffa8| Untracked 
| 573|0x00000000e3d00000, 0x00000000e3dffff0, 0x00000000e3e00000| 99%| O|  |TAMS 0x00000000e3d00000| PB 0x00000000e3dffff0| Untracked 
| 574|0x00000000e3e00000, 0x00000000e3efffb8, 0x00000000e3f00000| 99%| O|  |TAMS 0x00000000e3e00000| PB 0x00000000e3efffb8| Untracked 
| 575|0x00000000e3f00000, 0x00000000e3fffff0, 0x00000000e4000000| 99%| O|  |TAMS 0x00000000e3f00000| PB 0x00000000e3fffff0| Untracked 
| 576|0x00000000e4000000, 0x00000000e40ffff0, 0x00000000e4100000| 99%| O|  |TAMS 0x00000000e4000000| PB 0x00000000e40ffff0| Untracked 
| 577|0x00000000e4100000, 0x00000000e41ffff0, 0x00000000e4200000| 99%| O|  |TAMS 0x00000000e4100000| PB 0x00000000e41ffff0| Untracked 
| 578|0x00000000e4200000, 0x00000000e42ffff0, 0x00000000e4300000| 99%| O|  |TAMS 0x00000000e4200000| PB 0x00000000e42ffff0| Untracked 
| 579|0x00000000e4300000, 0x00000000e43fff50, 0x00000000e4400000| 99%| O|  |TAMS 0x00000000e4300000| PB 0x00000000e43fff50| Untracked 
| 580|0x00000000e4400000, 0x00000000e44ffff0, 0x00000000e4500000| 99%| O|  |TAMS 0x00000000e4400000| PB 0x00000000e44ffff0| Untracked 
| 581|0x00000000e4500000, 0x00000000e45fff80, 0x00000000e4600000| 99%| O|  |TAMS 0x00000000e4500000| PB 0x00000000e45fff80| Untracked 
| 582|0x00000000e4600000, 0x00000000e46fffc8, 0x00000000e4700000| 99%| O|  |TAMS 0x00000000e4600000| PB 0x00000000e46fffc8| Untracked 
| 583|0x00000000e4700000, 0x00000000e47fff88, 0x00000000e4800000| 99%| O|  |TAMS 0x00000000e4700000| PB 0x00000000e47fff88| Untracked 
| 584|0x00000000e4800000, 0x00000000e48ffff8, 0x00000000e4900000| 99%| O|  |TAMS 0x00000000e4800000| PB 0x00000000e48ffff8| Untracked 
| 585|0x00000000e4900000, 0x00000000e49fffa0, 0x00000000e4a00000| 99%| O|  |TAMS 0x00000000e4900000| PB 0x00000000e49fffa0| Untracked 
| 586|0x00000000e4a00000, 0x00000000e4afffe8, 0x00000000e4b00000| 99%| O|  |TAMS 0x00000000e4a00000| PB 0x00000000e4afffe8| Untracked 
| 587|0x00000000e4b00000, 0x00000000e4bffff8, 0x00000000e4c00000| 99%| O|  |TAMS 0x00000000e4b00000| PB 0x00000000e4bffff8| Untracked 
| 588|0x00000000e4c00000, 0x00000000e4cfff68, 0x00000000e4d00000| 99%| O|  |TAMS 0x00000000e4c00000| PB 0x00000000e4cfff68| Untracked 
| 589|0x00000000e4d00000, 0x00000000e4dfff90, 0x00000000e4e00000| 99%| O|  |TAMS 0x00000000e4d00000| PB 0x00000000e4dfff90| Untracked 
| 590|0x00000000e4e00000, 0x00000000e4effff8, 0x00000000e4f00000| 99%| O|  |TAMS 0x00000000e4e00000| PB 0x00000000e4effff8| Untracked 
| 591|0x00000000e4f00000, 0x00000000e5000000, 0x00000000e5000000|100%| O|  |TAMS 0x00000000e4f00000| PB 0x00000000e5000000| Untracked 
| 592|0x00000000e5000000, 0x00000000e50fff40, 0x00000000e5100000| 99%| O|  |TAMS 0x00000000e5000000| PB 0x00000000e50fff40| Untracked 
| 593|0x00000000e5100000, 0x00000000e51fffe8, 0x00000000e5200000| 99%| O|  |TAMS 0x00000000e5100000| PB 0x00000000e51fffe8| Untracked 
| 594|0x00000000e5200000, 0x00000000e52ffff8, 0x00000000e5300000| 99%| O|  |TAMS 0x00000000e5200000| PB 0x00000000e52ffff8| Untracked 
| 595|0x00000000e5300000, 0x00000000e53ffff8, 0x00000000e5400000| 99%| O|  |TAMS 0x00000000e5300000| PB 0x00000000e53ffff8| Untracked 
| 596|0x00000000e5400000, 0x00000000e5500000, 0x00000000e5500000|100%| O|  |TAMS 0x00000000e5400000| PB 0x00000000e5500000| Untracked 
| 597|0x00000000e5500000, 0x00000000e5600000, 0x00000000e5600000|100%| O|  |TAMS 0x00000000e5500000| PB 0x00000000e5600000| Untracked 
| 598|0x00000000e5600000, 0x00000000e56ffff0, 0x00000000e5700000| 99%| O|  |TAMS 0x00000000e5600000| PB 0x00000000e56ffff0| Untracked 
| 599|0x00000000e5700000, 0x00000000e57ffff8, 0x00000000e5800000| 99%| O|  |TAMS 0x00000000e5700000| PB 0x00000000e57ffff8| Untracked 
| 600|0x00000000e5800000, 0x00000000e58fff70, 0x00000000e5900000| 99%| O|  |TAMS 0x00000000e5800000| PB 0x00000000e58fff70| Untracked 
| 601|0x00000000e5900000, 0x00000000e59ffff0, 0x00000000e5a00000| 99%| O|  |TAMS 0x00000000e5900000| PB 0x00000000e59ffff0| Untracked 
| 602|0x00000000e5a00000, 0x00000000e5affff8, 0x00000000e5b00000| 99%| O|  |TAMS 0x00000000e5a00000| PB 0x00000000e5affff8| Untracked 
| 603|0x00000000e5b00000, 0x00000000e5bfff58, 0x00000000e5c00000| 99%| O|  |TAMS 0x00000000e5b00000| PB 0x00000000e5bfff58| Untracked 
| 604|0x00000000e5c00000, 0x00000000e5d00000, 0x00000000e5d00000|100%| O|  |TAMS 0x00000000e5c00000| PB 0x00000000e5d00000| Untracked 
| 605|0x00000000e5d00000, 0x00000000e5dfffc0, 0x00000000e5e00000| 99%| O|  |TAMS 0x00000000e5d00000| PB 0x00000000e5dfffc0| Untracked 
| 606|0x00000000e5e00000, 0x00000000e5effff0, 0x00000000e5f00000| 99%| O|  |TAMS 0x00000000e5e00000| PB 0x00000000e5effff0| Untracked 
| 607|0x00000000e5f00000, 0x00000000e6000000, 0x00000000e6000000|100%| O|  |TAMS 0x00000000e5f00000| PB 0x00000000e6000000| Untracked 
| 608|0x00000000e6000000, 0x00000000e60ffff0, 0x00000000e6100000| 99%| O|  |TAMS 0x00000000e6000000| PB 0x00000000e60ffff0| Untracked 
| 609|0x00000000e6100000, 0x00000000e61fff80, 0x00000000e6200000| 99%| O|  |TAMS 0x00000000e6100000| PB 0x00000000e61fff80| Untracked 
| 610|0x00000000e6200000, 0x00000000e62ffff0, 0x00000000e6300000| 99%| O|  |TAMS 0x00000000e6200000| PB 0x00000000e62ffff0| Untracked 
| 611|0x00000000e6300000, 0x00000000e63fffe8, 0x00000000e6400000| 99%| O|  |TAMS 0x00000000e6300000| PB 0x00000000e63fffe8| Untracked 
| 612|0x00000000e6400000, 0x00000000e64fff50, 0x00000000e6500000| 99%| O|  |TAMS 0x00000000e6400000| PB 0x00000000e64fff50| Untracked 
| 613|0x00000000e6500000, 0x00000000e65fffb0, 0x00000000e6600000| 99%| O|  |TAMS 0x00000000e6500000| PB 0x00000000e65fffb0| Untracked 
| 614|0x00000000e6600000, 0x00000000e66fff90, 0x00000000e6700000| 99%| O|  |TAMS 0x00000000e6600000| PB 0x00000000e66fff90| Untracked 
| 615|0x00000000e6700000, 0x00000000e67fffa0, 0x00000000e6800000| 99%| O|  |TAMS 0x00000000e6700000| PB 0x00000000e67fffa0| Untracked 
| 616|0x00000000e6800000, 0x00000000e68ffff8, 0x00000000e6900000| 99%| O|  |TAMS 0x00000000e6800000| PB 0x00000000e68ffff8| Untracked 
| 617|0x00000000e6900000, 0x00000000e69fffe8, 0x00000000e6a00000| 99%| O|  |TAMS 0x00000000e6900000| PB 0x00000000e69fffe8| Untracked 
| 618|0x00000000e6a00000, 0x00000000e6afffb8, 0x00000000e6b00000| 99%| O|  |TAMS 0x00000000e6a00000| PB 0x00000000e6afffb8| Untracked 
| 619|0x00000000e6b00000, 0x00000000e6bfffd0, 0x00000000e6c00000| 99%| O|  |TAMS 0x00000000e6b00000| PB 0x00000000e6bfffd0| Untracked 
| 620|0x00000000e6c00000, 0x00000000e6d00000, 0x00000000e6d00000|100%| O|  |TAMS 0x00000000e6c00000| PB 0x00000000e6d00000| Untracked 
| 621|0x00000000e6d00000, 0x00000000e6dffff0, 0x00000000e6e00000| 99%| O|  |TAMS 0x00000000e6d00000| PB 0x00000000e6dffff0| Untracked 
| 622|0x00000000e6e00000, 0x00000000e6effff8, 0x00000000e6f00000| 99%| O|  |TAMS 0x00000000e6e00000| PB 0x00000000e6effff8| Untracked 
| 623|0x00000000e6f00000, 0x00000000e7000000, 0x00000000e7000000|100%| O|  |TAMS 0x00000000e6f00000| PB 0x00000000e7000000| Untracked 
| 624|0x00000000e7000000, 0x00000000e70fffd0, 0x00000000e7100000| 99%| O|  |TAMS 0x00000000e7000000| PB 0x00000000e70fffd0| Untracked 
| 625|0x00000000e7100000, 0x00000000e71ffff0, 0x00000000e7200000| 99%| O|  |TAMS 0x00000000e7100000| PB 0x00000000e71ffff0| Untracked 
| 626|0x00000000e7200000, 0x00000000e72fff60, 0x00000000e7300000| 99%| O|  |TAMS 0x00000000e7200000| PB 0x00000000e72fff60| Untracked 
| 627|0x00000000e7300000, 0x00000000e73ffff8, 0x00000000e7400000| 99%| O|  |TAMS 0x00000000e7300000| PB 0x00000000e73ffff8| Untracked 
| 628|0x00000000e7400000, 0x00000000e74ffff8, 0x00000000e7500000| 99%| O|  |TAMS 0x00000000e7400000| PB 0x00000000e74ffff8| Untracked 
| 629|0x00000000e7500000, 0x00000000e75ffff8, 0x00000000e7600000| 99%| O|  |TAMS 0x00000000e7500000| PB 0x00000000e75ffff8| Untracked 
| 630|0x00000000e7600000, 0x00000000e76fffe0, 0x00000000e7700000| 99%| O|  |TAMS 0x00000000e7600000| PB 0x00000000e76fffe0| Untracked 
| 631|0x00000000e7700000, 0x00000000e77fffe8, 0x00000000e7800000| 99%| O|  |TAMS 0x00000000e7700000| PB 0x00000000e77fffe8| Untracked 
| 632|0x00000000e7800000, 0x00000000e78fff60, 0x00000000e7900000| 99%| O|  |TAMS 0x00000000e7800000| PB 0x00000000e78fff60| Untracked 
| 633|0x00000000e7900000, 0x00000000e79ffff8, 0x00000000e7a00000| 99%| O|  |TAMS 0x00000000e7900000| PB 0x00000000e79ffff8| Untracked 
| 634|0x00000000e7a00000, 0x00000000e7afffb8, 0x00000000e7b00000| 99%| O|  |TAMS 0x00000000e7a00000| PB 0x00000000e7afffb8| Untracked 
| 635|0x00000000e7b00000, 0x00000000e7bffff0, 0x00000000e7c00000| 99%| O|  |TAMS 0x00000000e7b00000| PB 0x00000000e7bffff0| Untracked 
| 636|0x00000000e7c00000, 0x00000000e7cffff0, 0x00000000e7d00000| 99%| O|  |TAMS 0x00000000e7c00000| PB 0x00000000e7cffff0| Untracked 
| 637|0x00000000e7d00000, 0x00000000e7e00000, 0x00000000e7e00000|100%| O|  |TAMS 0x00000000e7d00000| PB 0x00000000e7e00000| Untracked 
| 638|0x00000000e7e00000, 0x00000000e7efffd8, 0x00000000e7f00000| 99%| O|  |TAMS 0x00000000e7e00000| PB 0x00000000e7efffd8| Untracked 
| 639|0x00000000e7f00000, 0x00000000e7fffff0, 0x00000000e8000000| 99%| O|  |TAMS 0x00000000e7f00000| PB 0x00000000e7fffff0| Untracked 
| 640|0x00000000e8000000, 0x00000000e80fffd8, 0x00000000e8100000| 99%| O|  |TAMS 0x00000000e8000000| PB 0x00000000e80fffd8| Untracked 
| 641|0x00000000e8100000, 0x00000000e8200000, 0x00000000e8200000|100%| O|  |TAMS 0x00000000e8100000| PB 0x00000000e8200000| Untracked 
| 642|0x00000000e8200000, 0x00000000e82fff80, 0x00000000e8300000| 99%| O|  |TAMS 0x00000000e8200000| PB 0x00000000e82fff80| Untracked 
| 643|0x00000000e8300000, 0x00000000e83fffe8, 0x00000000e8400000| 99%| O|  |TAMS 0x00000000e8300000| PB 0x00000000e83fffe8| Untracked 
| 644|0x00000000e8400000, 0x00000000e84fffe0, 0x00000000e8500000| 99%| O|  |TAMS 0x00000000e8400000| PB 0x00000000e84fffe0| Untracked 
| 645|0x00000000e8500000, 0x00000000e8600000, 0x00000000e8600000|100%| O|  |TAMS 0x00000000e8500000| PB 0x00000000e8600000| Untracked 
| 646|0x00000000e8600000, 0x00000000e86fff98, 0x00000000e8700000| 99%| O|  |TAMS 0x00000000e8600000| PB 0x00000000e86fff98| Untracked 
| 647|0x00000000e8700000, 0x00000000e8800000, 0x00000000e8800000|100%| O|  |TAMS 0x00000000e8700000| PB 0x00000000e8800000| Untracked 
| 648|0x00000000e8800000, 0x00000000e88fff68, 0x00000000e8900000| 99%| O|  |TAMS 0x00000000e8800000| PB 0x00000000e88fff68| Untracked 
| 649|0x00000000e8900000, 0x00000000e89fffd0, 0x00000000e8a00000| 99%| O|  |TAMS 0x00000000e8900000| PB 0x00000000e89fffd0| Untracked 
| 650|0x00000000e8a00000, 0x00000000e8afff88, 0x00000000e8b00000| 99%| O|  |TAMS 0x00000000e8a00000| PB 0x00000000e8afff88| Untracked 
| 651|0x00000000e8b00000, 0x00000000e8c00000, 0x00000000e8c00000|100%| O|  |TAMS 0x00000000e8b00000| PB 0x00000000e8c00000| Untracked 
| 652|0x00000000e8c00000, 0x00000000e8cffff8, 0x00000000e8d00000| 99%| O|  |TAMS 0x00000000e8c00000| PB 0x00000000e8cffff8| Untracked 
| 653|0x00000000e8d00000, 0x00000000e8dfffa0, 0x00000000e8e00000| 99%| O|  |TAMS 0x00000000e8d00000| PB 0x00000000e8dfffa0| Untracked 
| 654|0x00000000e8e00000, 0x00000000e8efff50, 0x00000000e8f00000| 99%| O|  |TAMS 0x00000000e8e00000| PB 0x00000000e8efff50| Untracked 
| 655|0x00000000e8f00000, 0x00000000e8fffff0, 0x00000000e9000000| 99%| O|  |TAMS 0x00000000e8f00000| PB 0x00000000e8fffff0| Untracked 
| 656|0x00000000e9000000, 0x00000000e9100000, 0x00000000e9100000|100%| O|  |TAMS 0x00000000e9000000| PB 0x00000000e9100000| Untracked 
| 657|0x00000000e9100000, 0x00000000e91ffff8, 0x00000000e9200000| 99%| O|  |TAMS 0x00000000e9100000| PB 0x00000000e91ffff8| Untracked 
| 658|0x00000000e9200000, 0x00000000e92fffb0, 0x00000000e9300000| 99%| O|  |TAMS 0x00000000e9200000| PB 0x00000000e92fffb0| Untracked 
| 659|0x00000000e9300000, 0x00000000e93ffff0, 0x00000000e9400000| 99%| O|  |TAMS 0x00000000e9300000| PB 0x00000000e93ffff0| Untracked 
| 660|0x00000000e9400000, 0x00000000e94fff78, 0x00000000e9500000| 99%| O|  |TAMS 0x00000000e9400000| PB 0x00000000e94fff78| Untracked 
| 661|0x00000000e9500000, 0x00000000e95fffb8, 0x00000000e9600000| 99%| O|  |TAMS 0x00000000e9500000| PB 0x00000000e95fffb8| Untracked 
| 662|0x00000000e9600000, 0x00000000e96fffe8, 0x00000000e9700000| 99%| O|  |TAMS 0x00000000e9600000| PB 0x00000000e96fffe8| Untracked 
| 663|0x00000000e9700000, 0x00000000e97ffff8, 0x00000000e9800000| 99%| O|  |TAMS 0x00000000e9700000| PB 0x00000000e97ffff8| Untracked 
| 664|0x00000000e9800000, 0x00000000e98ffff8, 0x00000000e9900000| 99%| O|  |TAMS 0x00000000e9800000| PB 0x00000000e98ffff8| Untracked 
| 665|0x00000000e9900000, 0x00000000e99fffd0, 0x00000000e9a00000| 99%| O|  |TAMS 0x00000000e9900000| PB 0x00000000e99fffd0| Untracked 
| 666|0x00000000e9a00000, 0x00000000e9affff0, 0x00000000e9b00000| 99%| O|  |TAMS 0x00000000e9a00000| PB 0x00000000e9affff0| Untracked 
| 667|0x00000000e9b00000, 0x00000000e9bfffe8, 0x00000000e9c00000| 99%| O|  |TAMS 0x00000000e9b00000| PB 0x00000000e9bfffe8| Untracked 
| 668|0x00000000e9c00000, 0x00000000e9cfff90, 0x00000000e9d00000| 99%| O|  |TAMS 0x00000000e9c00000| PB 0x00000000e9cfff90| Untracked 
| 669|0x00000000e9d00000, 0x00000000e9dffff8, 0x00000000e9e00000| 99%| O|  |TAMS 0x00000000e9d00000| PB 0x00000000e9dffff8| Untracked 
| 670|0x00000000e9e00000, 0x00000000e9efffb0, 0x00000000e9f00000| 99%| O|  |TAMS 0x00000000e9e00000| PB 0x00000000e9efffb0| Untracked 
| 671|0x00000000e9f00000, 0x00000000e9ffffe8, 0x00000000ea000000| 99%| O|  |TAMS 0x00000000e9f00000| PB 0x00000000e9ffffe8| Untracked 
| 672|0x00000000ea000000, 0x00000000ea0fffc0, 0x00000000ea100000| 99%| O|  |TAMS 0x00000000ea000000| PB 0x00000000ea0fffc0| Untracked 
| 673|0x00000000ea100000, 0x00000000ea1fff48, 0x00000000ea200000| 99%| O|  |TAMS 0x00000000ea100000| PB 0x00000000ea1fff48| Untracked 
| 674|0x00000000ea200000, 0x00000000ea2ffff8, 0x00000000ea300000| 99%| O|  |TAMS 0x00000000ea200000| PB 0x00000000ea2ffff8| Untracked 
| 675|0x00000000ea300000, 0x00000000ea400000, 0x00000000ea400000|100%| O|  |TAMS 0x00000000ea300000| PB 0x00000000ea400000| Untracked 
| 676|0x00000000ea400000, 0x00000000ea4ffff8, 0x00000000ea500000| 99%| O|  |TAMS 0x00000000ea400000| PB 0x00000000ea4ffff8| Untracked 
| 677|0x00000000ea500000, 0x00000000ea5fffd8, 0x00000000ea600000| 99%| O|  |TAMS 0x00000000ea500000| PB 0x00000000ea5fffd8| Untracked 
| 678|0x00000000ea600000, 0x00000000ea6ffff8, 0x00000000ea700000| 99%| O|  |TAMS 0x00000000ea600000| PB 0x00000000ea6ffff8| Untracked 
| 679|0x00000000ea700000, 0x00000000ea7fffb0, 0x00000000ea800000| 99%| O|  |TAMS 0x00000000ea700000| PB 0x00000000ea7fffb0| Untracked 
| 680|0x00000000ea800000, 0x00000000ea900000, 0x00000000ea900000|100%| O|  |TAMS 0x00000000ea800000| PB 0x00000000ea900000| Untracked 
| 681|0x00000000ea900000, 0x00000000ea9ffff0, 0x00000000eaa00000| 99%| O|  |TAMS 0x00000000ea900000| PB 0x00000000ea9ffff0| Untracked 
| 682|0x00000000eaa00000, 0x00000000eaaffff0, 0x00000000eab00000| 99%| O|  |TAMS 0x00000000eaa00000| PB 0x00000000eaaffff0| Untracked 
| 683|0x00000000eab00000, 0x00000000eabffff0, 0x00000000eac00000| 99%| O|  |TAMS 0x00000000eab00000| PB 0x00000000eabffff0| Untracked 
| 684|0x00000000eac00000, 0x00000000eacffff0, 0x00000000ead00000| 99%| O|  |TAMS 0x00000000eac00000| PB 0x00000000eacffff0| Untracked 
| 685|0x00000000ead00000, 0x00000000eae00000, 0x00000000eae00000|100%| O|  |TAMS 0x00000000ead00000| PB 0x00000000eae00000| Untracked 
| 686|0x00000000eae00000, 0x00000000eaefffb0, 0x00000000eaf00000| 99%| O|  |TAMS 0x00000000eae00000| PB 0x00000000eaefffb0| Untracked 
| 687|0x00000000eaf00000, 0x00000000eaffffb0, 0x00000000eb000000| 99%| O|  |TAMS 0x00000000eaf00000| PB 0x00000000eaffffb0| Untracked 
| 688|0x00000000eb000000, 0x00000000eb0fff48, 0x00000000eb100000| 99%| O|  |TAMS 0x00000000eb000000| PB 0x00000000eb0fff48| Untracked 
| 689|0x00000000eb100000, 0x00000000eb1fffd8, 0x00000000eb200000| 99%| O|  |TAMS 0x00000000eb100000| PB 0x00000000eb1fffd8| Untracked 
| 690|0x00000000eb200000, 0x00000000eb2fffd8, 0x00000000eb300000| 99%| O|  |TAMS 0x00000000eb200000| PB 0x00000000eb2fffd8| Untracked 
| 691|0x00000000eb300000, 0x00000000eb3fffd8, 0x00000000eb400000| 99%| O|  |TAMS 0x00000000eb300000| PB 0x00000000eb3fffd8| Untracked 
| 692|0x00000000eb400000, 0x00000000eb4fffa8, 0x00000000eb500000| 99%| O|  |TAMS 0x00000000eb400000| PB 0x00000000eb4fffa8| Untracked 
| 693|0x00000000eb500000, 0x00000000eb600000, 0x00000000eb600000|100%| O|  |TAMS 0x00000000eb500000| PB 0x00000000eb600000| Untracked 
| 694|0x00000000eb600000, 0x00000000eb6ffff0, 0x00000000eb700000| 99%| O|  |TAMS 0x00000000eb600000| PB 0x00000000eb6ffff0| Untracked 
| 695|0x00000000eb700000, 0x00000000eb800000, 0x00000000eb800000|100%| O|  |TAMS 0x00000000eb700000| PB 0x00000000eb800000| Untracked 
| 696|0x00000000eb800000, 0x00000000eb8fff50, 0x00000000eb900000| 99%| O|  |TAMS 0x00000000eb800000| PB 0x00000000eb8fff50| Untracked 
| 697|0x00000000eb900000, 0x00000000eba00000, 0x00000000eba00000|100%| O|  |TAMS 0x00000000eb900000| PB 0x00000000eba00000| Untracked 
| 698|0x00000000eba00000, 0x00000000ebafffe8, 0x00000000ebb00000| 99%| O|  |TAMS 0x00000000eba00000| PB 0x00000000ebafffe8| Untracked 
| 699|0x00000000ebb00000, 0x00000000ebbffff8, 0x00000000ebc00000| 99%| O|  |TAMS 0x00000000ebb00000| PB 0x00000000ebbffff8| Untracked 
| 700|0x00000000ebc00000, 0x00000000ebd00000, 0x00000000ebd00000|100%| O|  |TAMS 0x00000000ebc00000| PB 0x00000000ebd00000| Untracked 
| 701|0x00000000ebd00000, 0x00000000ebdffff8, 0x00000000ebe00000| 99%| O|  |TAMS 0x00000000ebd00000| PB 0x00000000ebdffff8| Untracked 
| 702|0x00000000ebe00000, 0x00000000ebefff58, 0x00000000ebf00000| 99%| O|  |TAMS 0x00000000ebe00000| PB 0x00000000ebefff58| Untracked 
| 703|0x00000000ebf00000, 0x00000000ebfffff0, 0x00000000ec000000| 99%| O|  |TAMS 0x00000000ebf00000| PB 0x00000000ebfffff0| Untracked 
| 704|0x00000000ec000000, 0x00000000ec0ffff0, 0x00000000ec100000| 99%| O|  |TAMS 0x00000000ec000000| PB 0x00000000ec0ffff0| Untracked 
| 705|0x00000000ec100000, 0x00000000ec1ffff8, 0x00000000ec200000| 99%| O|  |TAMS 0x00000000ec100000| PB 0x00000000ec1ffff8| Untracked 
| 706|0x00000000ec200000, 0x00000000ec2fffe8, 0x00000000ec300000| 99%| O|  |TAMS 0x00000000ec200000| PB 0x00000000ec2fffe8| Untracked 
| 707|0x00000000ec300000, 0x00000000ec3fff98, 0x00000000ec400000| 99%| O|  |TAMS 0x00000000ec300000| PB 0x00000000ec3fff98| Untracked 
| 708|0x00000000ec400000, 0x00000000ec500000, 0x00000000ec500000|100%| O|  |TAMS 0x00000000ec400000| PB 0x00000000ec500000| Untracked 
| 709|0x00000000ec500000, 0x00000000ec600000, 0x00000000ec600000|100%| O|  |TAMS 0x00000000ec500000| PB 0x00000000ec600000| Untracked 
| 710|0x00000000ec600000, 0x00000000ec6fffa8, 0x00000000ec700000| 99%| O|  |TAMS 0x00000000ec600000| PB 0x00000000ec6fffa8| Untracked 
| 711|0x00000000ec700000, 0x00000000ec7fffd8, 0x00000000ec800000| 99%| O|  |TAMS 0x00000000ec700000| PB 0x00000000ec7fffd8| Untracked 
| 712|0x00000000ec800000, 0x00000000ec8ffff8, 0x00000000ec900000| 99%| O|  |TAMS 0x00000000ec800000| PB 0x00000000ec8ffff8| Untracked 
| 713|0x00000000ec900000, 0x00000000ec9fff78, 0x00000000eca00000| 99%| O|  |TAMS 0x00000000ec900000| PB 0x00000000ec9fff78| Untracked 
| 714|0x00000000eca00000, 0x00000000ecb00000, 0x00000000ecb00000|100%| O|  |TAMS 0x00000000eca00000| PB 0x00000000ecb00000| Untracked 
| 715|0x00000000ecb00000, 0x00000000ecc00000, 0x00000000ecc00000|100%| O|  |TAMS 0x00000000ecb00000| PB 0x00000000ecc00000| Untracked 
| 716|0x00000000ecc00000, 0x00000000ecd00000, 0x00000000ecd00000|100%| O|  |TAMS 0x00000000ecc00000| PB 0x00000000ecd00000| Untracked 
| 717|0x00000000ecd00000, 0x00000000ecdfff70, 0x00000000ece00000| 99%| O|  |TAMS 0x00000000ecd00000| PB 0x00000000ecdfff70| Untracked 
| 718|0x00000000ece00000, 0x00000000ecefff88, 0x00000000ecf00000| 99%| O|  |TAMS 0x00000000ece00000| PB 0x00000000ecefff88| Untracked 
| 719|0x00000000ecf00000, 0x00000000ecfffff8, 0x00000000ed000000| 99%| O|  |TAMS 0x00000000ecf00000| PB 0x00000000ecfffff8| Untracked 
| 720|0x00000000ed000000, 0x00000000ed0fffe0, 0x00000000ed100000| 99%| O|  |TAMS 0x00000000ed000000| PB 0x00000000ed0fffe0| Untracked 
| 721|0x00000000ed100000, 0x00000000ed1fffc8, 0x00000000ed200000| 99%| O|  |TAMS 0x00000000ed100000| PB 0x00000000ed1fffc8| Untracked 
| 722|0x00000000ed200000, 0x00000000ed2fff68, 0x00000000ed300000| 99%| O|  |TAMS 0x00000000ed200000| PB 0x00000000ed2fff68| Untracked 
| 723|0x00000000ed300000, 0x00000000ed3ffff8, 0x00000000ed400000| 99%| O|  |TAMS 0x00000000ed300000| PB 0x00000000ed3ffff8| Untracked 
| 724|0x00000000ed400000, 0x00000000ed4ffff8, 0x00000000ed500000| 99%| O|  |TAMS 0x00000000ed400000| PB 0x00000000ed4ffff8| Untracked 
| 725|0x00000000ed500000, 0x00000000ed5fff60, 0x00000000ed600000| 99%| O|  |TAMS 0x00000000ed500000| PB 0x00000000ed5fff60| Untracked 
| 726|0x00000000ed600000, 0x00000000ed6fff50, 0x00000000ed700000| 99%| O|  |TAMS 0x00000000ed600000| PB 0x00000000ed6fff50| Untracked 
| 727|0x00000000ed700000, 0x00000000ed7fffe8, 0x00000000ed800000| 99%| O|  |TAMS 0x00000000ed700000| PB 0x00000000ed7fffe8| Untracked 
| 728|0x00000000ed800000, 0x00000000ed8ffff8, 0x00000000ed900000| 99%| O|  |TAMS 0x00000000ed800000| PB 0x00000000ed8ffff8| Untracked 
| 729|0x00000000ed900000, 0x00000000ed9fff78, 0x00000000eda00000| 99%| O|  |TAMS 0x00000000ed900000| PB 0x00000000ed9fff78| Untracked 
| 730|0x00000000eda00000, 0x00000000edb00000, 0x00000000edb00000|100%| O|  |TAMS 0x00000000eda00000| PB 0x00000000edb00000| Untracked 
| 731|0x00000000edb00000, 0x00000000edc00000, 0x00000000edc00000|100%| O|  |TAMS 0x00000000edb00000| PB 0x00000000edc00000| Untracked 
| 732|0x00000000edc00000, 0x00000000edd00000, 0x00000000edd00000|100%| O|  |TAMS 0x00000000edc00000| PB 0x00000000edd00000| Untracked 
| 733|0x00000000edd00000, 0x00000000eddfffe8, 0x00000000ede00000| 99%| O|  |TAMS 0x00000000edd00000| PB 0x00000000eddfffe8| Untracked 
| 734|0x00000000ede00000, 0x00000000edf00000, 0x00000000edf00000|100%| O|  |TAMS 0x00000000ede00000| PB 0x00000000edf00000| Untracked 
| 735|0x00000000edf00000, 0x00000000edfffff8, 0x00000000ee000000| 99%| O|  |TAMS 0x00000000edf00000| PB 0x00000000edfffff8| Untracked 
| 736|0x00000000ee000000, 0x00000000ee0fff68, 0x00000000ee100000| 99%| O|  |TAMS 0x00000000ee000000| PB 0x00000000ee0fff68| Untracked 
| 737|0x00000000ee100000, 0x00000000ee1ffff0, 0x00000000ee200000| 99%| O|  |TAMS 0x00000000ee100000| PB 0x00000000ee1ffff0| Untracked 
| 738|0x00000000ee200000, 0x00000000ee2fffb8, 0x00000000ee300000| 99%| O|  |TAMS 0x00000000ee200000| PB 0x00000000ee2fffb8| Untracked 
| 739|0x00000000ee300000, 0x00000000ee400000, 0x00000000ee400000|100%| O|  |TAMS 0x00000000ee300000| PB 0x00000000ee400000| Untracked 
| 740|0x00000000ee400000, 0x00000000ee4fff98, 0x00000000ee500000| 99%| O|  |TAMS 0x00000000ee400000| PB 0x00000000ee4fff98| Untracked 
| 741|0x00000000ee500000, 0x00000000ee600000, 0x00000000ee600000|100%| O|  |TAMS 0x00000000ee500000| PB 0x00000000ee600000| Untracked 
| 742|0x00000000ee600000, 0x00000000ee6fffc0, 0x00000000ee700000| 99%| O|  |TAMS 0x00000000ee600000| PB 0x00000000ee6fffc0| Untracked 
| 743|0x00000000ee700000, 0x00000000ee7fff58, 0x00000000ee800000| 99%| O|  |TAMS 0x00000000ee700000| PB 0x00000000ee7fff58| Untracked 
| 744|0x00000000ee800000, 0x00000000ee900000, 0x00000000ee900000|100%| O|  |TAMS 0x00000000ee800000| PB 0x00000000ee900000| Untracked 
| 745|0x00000000ee900000, 0x00000000ee9ffff8, 0x00000000eea00000| 99%| O|  |TAMS 0x00000000ee900000| PB 0x00000000ee9ffff8| Untracked 
| 746|0x00000000eea00000, 0x00000000eeb00000, 0x00000000eeb00000|100%| O|  |TAMS 0x00000000eea00000| PB 0x00000000eeb00000| Untracked 
| 747|0x00000000eeb00000, 0x00000000eebfffd8, 0x00000000eec00000| 99%| O|  |TAMS 0x00000000eeb00000| PB 0x00000000eebfffd8| Untracked 
| 748|0x00000000eec00000, 0x00000000eed00000, 0x00000000eed00000|100%| O|  |TAMS 0x00000000eec00000| PB 0x00000000eed00000| Untracked 
| 749|0x00000000eed00000, 0x00000000eedffff0, 0x00000000eee00000| 99%| O|  |TAMS 0x00000000eed00000| PB 0x00000000eedffff0| Untracked 
| 750|0x00000000eee00000, 0x00000000eeefffe8, 0x00000000eef00000| 99%| O|  |TAMS 0x00000000eee00000| PB 0x00000000eeefffe8| Untracked 
| 751|0x00000000eef00000, 0x00000000ef000000, 0x00000000ef000000|100%| O|  |TAMS 0x00000000eef00000| PB 0x00000000ef000000| Untracked 
| 752|0x00000000ef000000, 0x00000000ef0ffff0, 0x00000000ef100000| 99%| O|  |TAMS 0x00000000ef000000| PB 0x00000000ef0ffff0| Untracked 
| 753|0x00000000ef100000, 0x00000000ef1ffff0, 0x00000000ef200000| 99%| O|  |TAMS 0x00000000ef100000| PB 0x00000000ef1ffff0| Untracked 
| 754|0x00000000ef200000, 0x00000000ef2ffff0, 0x00000000ef300000| 99%| O|  |TAMS 0x00000000ef200000| PB 0x00000000ef2ffff0| Untracked 
| 755|0x00000000ef300000, 0x00000000ef3ffff0, 0x00000000ef400000| 99%| O|  |TAMS 0x00000000ef300000| PB 0x00000000ef3ffff0| Untracked 
| 756|0x00000000ef400000, 0x00000000ef4ffff8, 0x00000000ef500000| 99%| O|  |TAMS 0x00000000ef400000| PB 0x00000000ef4ffff8| Untracked 
| 757|0x00000000ef500000, 0x00000000ef600000, 0x00000000ef600000|100%| O|  |TAMS 0x00000000ef500000| PB 0x00000000ef600000| Untracked 
| 758|0x00000000ef600000, 0x00000000ef700000, 0x00000000ef700000|100%| O|  |TAMS 0x00000000ef600000| PB 0x00000000ef700000| Untracked 
| 759|0x00000000ef700000, 0x00000000ef7ffff0, 0x00000000ef800000| 99%| O|  |TAMS 0x00000000ef700000| PB 0x00000000ef7ffff0| Untracked 
| 760|0x00000000ef800000, 0x00000000ef900000, 0x00000000ef900000|100%| O|  |TAMS 0x00000000ef800000| PB 0x00000000ef900000| Untracked 
| 761|0x00000000ef900000, 0x00000000efa00000, 0x00000000efa00000|100%| O|  |TAMS 0x00000000ef900000| PB 0x00000000efa00000| Untracked 
| 762|0x00000000efa00000, 0x00000000efaffff8, 0x00000000efb00000| 99%| O|  |TAMS 0x00000000efa00000| PB 0x00000000efaffff8| Untracked 
| 763|0x00000000efb00000, 0x00000000efbfff88, 0x00000000efc00000| 99%| O|  |TAMS 0x00000000efb00000| PB 0x00000000efbfff88| Untracked 
| 764|0x00000000efc00000, 0x00000000efcfffd8, 0x00000000efd00000| 99%| O|  |TAMS 0x00000000efc00000| PB 0x00000000efcfffd8| Untracked 
| 765|0x00000000efd00000, 0x00000000efdfffa0, 0x00000000efe00000| 99%| O|  |TAMS 0x00000000efd00000| PB 0x00000000efdfffa0| Untracked 
| 766|0x00000000efe00000, 0x00000000efeffff8, 0x00000000eff00000| 99%| O|  |TAMS 0x00000000efe00000| PB 0x00000000efeffff8| Untracked 
| 767|0x00000000eff00000, 0x00000000efffff70, 0x00000000f0000000| 99%| O|  |TAMS 0x00000000eff00000| PB 0x00000000efffff70| Untracked 
| 768|0x00000000f0000000, 0x00000000f00ffff0, 0x00000000f0100000| 99%| O|  |TAMS 0x00000000f0000000| PB 0x00000000f00ffff0| Untracked 
| 769|0x00000000f0100000, 0x00000000f01fff78, 0x00000000f0200000| 99%| O|  |TAMS 0x00000000f0100000| PB 0x00000000f01fff78| Untracked 
| 770|0x00000000f0200000, 0x00000000f02ffff8, 0x00000000f0300000| 99%| O|  |TAMS 0x00000000f0200000| PB 0x00000000f02ffff8| Untracked 
| 771|0x00000000f0300000, 0x00000000f03fffe0, 0x00000000f0400000| 99%| O|  |TAMS 0x00000000f0300000| PB 0x00000000f03fffe0| Untracked 
| 772|0x00000000f0400000, 0x00000000f0500000, 0x00000000f0500000|100%| O|  |TAMS 0x00000000f0400000| PB 0x00000000f0500000| Untracked 
| 773|0x00000000f0500000, 0x00000000f05fffd8, 0x00000000f0600000| 99%| O|  |TAMS 0x00000000f0500000| PB 0x00000000f05fffd8| Untracked 
| 774|0x00000000f0600000, 0x00000000f0700000, 0x00000000f0700000|100%| O|  |TAMS 0x00000000f0600000| PB 0x00000000f0700000| Untracked 
| 775|0x00000000f0700000, 0x00000000f07ffff0, 0x00000000f0800000| 99%| O|  |TAMS 0x00000000f0700000| PB 0x00000000f07ffff0| Untracked 
| 776|0x00000000f0800000, 0x00000000f0900000, 0x00000000f0900000|100%| O|  |TAMS 0x00000000f0800000| PB 0x00000000f0900000| Untracked 
| 777|0x00000000f0900000, 0x00000000f0a00000, 0x00000000f0a00000|100%| O|  |TAMS 0x00000000f0900000| PB 0x00000000f0a00000| Untracked 
| 778|0x00000000f0a00000, 0x00000000f0affff8, 0x00000000f0b00000| 99%| O|  |TAMS 0x00000000f0a00000| PB 0x00000000f0affff8| Untracked 
| 779|0x00000000f0b00000, 0x00000000f0bfff58, 0x00000000f0c00000| 99%| O|  |TAMS 0x00000000f0b00000| PB 0x00000000f0bfff58| Untracked 
| 780|0x00000000f0c00000, 0x00000000f0cffff8, 0x00000000f0d00000| 99%| O|  |TAMS 0x00000000f0c00000| PB 0x00000000f0cffff8| Untracked 
| 781|0x00000000f0d00000, 0x00000000f0dfffb0, 0x00000000f0e00000| 99%| O|  |TAMS 0x00000000f0d00000| PB 0x00000000f0dfffb0| Untracked 
| 782|0x00000000f0e00000, 0x00000000f0efffd0, 0x00000000f0f00000| 99%| O|  |TAMS 0x00000000f0e00000| PB 0x00000000f0efffd0| Untracked 
| 783|0x00000000f0f00000, 0x00000000f0fffff0, 0x00000000f1000000| 99%| O|  |TAMS 0x00000000f0f00000| PB 0x00000000f0fffff0| Untracked 
| 784|0x00000000f1000000, 0x00000000f10fff68, 0x00000000f1100000| 99%| O|  |TAMS 0x00000000f1000000| PB 0x00000000f10fff68| Untracked 
| 785|0x00000000f1100000, 0x00000000f11ffff8, 0x00000000f1200000| 99%| O|  |TAMS 0x00000000f1100000| PB 0x00000000f11ffff8| Untracked 
| 786|0x00000000f1200000, 0x00000000f1300000, 0x00000000f1300000|100%| O|  |TAMS 0x00000000f1200000| PB 0x00000000f1300000| Untracked 
| 787|0x00000000f1300000, 0x00000000f13fffc8, 0x00000000f1400000| 99%| O|  |TAMS 0x00000000f1300000| PB 0x00000000f13fffc8| Untracked 
| 788|0x00000000f1400000, 0x00000000f14fff98, 0x00000000f1500000| 99%| O|  |TAMS 0x00000000f1400000| PB 0x00000000f14fff98| Untracked 
| 789|0x00000000f1500000, 0x00000000f15fffc8, 0x00000000f1600000| 99%| O|  |TAMS 0x00000000f1500000| PB 0x00000000f15fffc8| Untracked 
| 790|0x00000000f1600000, 0x00000000f16fff78, 0x00000000f1700000| 99%| O|  |TAMS 0x00000000f1600000| PB 0x00000000f16fff78| Untracked 
| 791|0x00000000f1700000, 0x00000000f17fffe8, 0x00000000f1800000| 99%| O|  |TAMS 0x00000000f1700000| PB 0x00000000f17fffe8| Untracked 
| 792|0x00000000f1800000, 0x00000000f18fff50, 0x00000000f1900000| 99%| O|  |TAMS 0x00000000f1800000| PB 0x00000000f18fff50| Untracked 
| 793|0x00000000f1900000, 0x00000000f1a00000, 0x00000000f1a00000|100%| O|  |TAMS 0x00000000f1900000| PB 0x00000000f1a00000| Untracked 
| 794|0x00000000f1a00000, 0x00000000f1b00000, 0x00000000f1b00000|100%| O|  |TAMS 0x00000000f1a00000| PB 0x00000000f1b00000| Untracked 
| 795|0x00000000f1b00000, 0x00000000f1bfffd8, 0x00000000f1c00000| 99%| O|  |TAMS 0x00000000f1b00000| PB 0x00000000f1bfffd8| Untracked 
| 796|0x00000000f1c00000, 0x00000000f1cffff8, 0x00000000f1d00000| 99%| O|  |TAMS 0x00000000f1c00000| PB 0x00000000f1cffff8| Untracked 
| 797|0x00000000f1d00000, 0x00000000f1dfffe0, 0x00000000f1e00000| 99%| O|  |TAMS 0x00000000f1d00000| PB 0x00000000f1dfffe0| Untracked 
| 798|0x00000000f1e00000, 0x00000000f1effff8, 0x00000000f1f00000| 99%| O|  |TAMS 0x00000000f1e00000| PB 0x00000000f1effff8| Untracked 
| 799|0x00000000f1f00000, 0x00000000f2000000, 0x00000000f2000000|100%| O|  |TAMS 0x00000000f1f00000| PB 0x00000000f2000000| Untracked 
| 800|0x00000000f2000000, 0x00000000f20fffb0, 0x00000000f2100000| 99%| O|  |TAMS 0x00000000f2000000| PB 0x00000000f20fffb0| Untracked 
| 801|0x00000000f2100000, 0x00000000f2200000, 0x00000000f2200000|100%| O|  |TAMS 0x00000000f2100000| PB 0x00000000f2200000| Untracked 
| 802|0x00000000f2200000, 0x00000000f22fff88, 0x00000000f2300000| 99%| O|  |TAMS 0x00000000f2200000| PB 0x00000000f22fff88| Untracked 
| 803|0x00000000f2300000, 0x00000000f2400000, 0x00000000f2400000|100%| O|  |TAMS 0x00000000f2300000| PB 0x00000000f2400000| Untracked 
| 804|0x00000000f2400000, 0x00000000f2500000, 0x00000000f2500000|100%| O|  |TAMS 0x00000000f2400000| PB 0x00000000f2500000| Untracked 
| 805|0x00000000f2500000, 0x00000000f25fffe0, 0x00000000f2600000| 99%| O|  |TAMS 0x00000000f2500000| PB 0x00000000f25fffe0| Untracked 
| 806|0x00000000f2600000, 0x00000000f2700000, 0x00000000f2700000|100%| O|  |TAMS 0x00000000f2600000| PB 0x00000000f2700000| Untracked 
| 807|0x00000000f2700000, 0x00000000f27fffe8, 0x00000000f2800000| 99%| O|  |TAMS 0x00000000f2700000| PB 0x00000000f27fffe8| Untracked 
| 808|0x00000000f2800000, 0x00000000f28fff60, 0x00000000f2900000| 99%| O|  |TAMS 0x00000000f2800000| PB 0x00000000f28fff60| Untracked 
| 809|0x00000000f2900000, 0x00000000f29ffff8, 0x00000000f2a00000| 99%| O|  |TAMS 0x00000000f2900000| PB 0x00000000f29ffff8| Untracked 
| 810|0x00000000f2a00000, 0x00000000f2afffe0, 0x00000000f2b00000| 99%| O|  |TAMS 0x00000000f2a00000| PB 0x00000000f2afffe0| Untracked 
| 811|0x00000000f2b00000, 0x00000000f2bfff68, 0x00000000f2c00000| 99%| O|  |TAMS 0x00000000f2b00000| PB 0x00000000f2bfff68| Untracked 
| 812|0x00000000f2c00000, 0x00000000f2d00000, 0x00000000f2d00000|100%| O|  |TAMS 0x00000000f2c00000| PB 0x00000000f2d00000| Untracked 
| 813|0x00000000f2d00000, 0x00000000f2dffff0, 0x00000000f2e00000| 99%| O|  |TAMS 0x00000000f2d00000| PB 0x00000000f2dffff0| Untracked 
| 814|0x00000000f2e00000, 0x00000000f2efffe8, 0x00000000f2f00000| 99%| O|  |TAMS 0x00000000f2e00000| PB 0x00000000f2efffe8| Untracked 
| 815|0x00000000f2f00000, 0x00000000f2ffffb8, 0x00000000f3000000| 99%| O|  |TAMS 0x00000000f2f00000| PB 0x00000000f2ffffb8| Untracked 
| 816|0x00000000f3000000, 0x00000000f30fffc8, 0x00000000f3100000| 99%| O|  |TAMS 0x00000000f3000000| PB 0x00000000f30fffc8| Untracked 
| 817|0x00000000f3100000, 0x00000000f31fffb0, 0x00000000f3200000| 99%| O|  |TAMS 0x00000000f3100000| PB 0x00000000f31fffb0| Untracked 
| 818|0x00000000f3200000, 0x00000000f32ffff0, 0x00000000f3300000| 99%| O|  |TAMS 0x00000000f3200000| PB 0x00000000f32ffff0| Untracked 
| 819|0x00000000f3300000, 0x00000000f33fff68, 0x00000000f3400000| 99%| O|  |TAMS 0x00000000f3300000| PB 0x00000000f33fff68| Untracked 
| 820|0x00000000f3400000, 0x00000000f3500000, 0x00000000f3500000|100%| O|  |TAMS 0x00000000f3400000| PB 0x00000000f3500000| Untracked 
| 821|0x00000000f3500000, 0x00000000f35fffa8, 0x00000000f3600000| 99%| O|  |TAMS 0x00000000f3500000| PB 0x00000000f35fffa8| Untracked 
| 822|0x00000000f3600000, 0x00000000f36ffff0, 0x00000000f3700000| 99%| O|  |TAMS 0x00000000f3600000| PB 0x00000000f36ffff0| Untracked 
| 823|0x00000000f3700000, 0x00000000f37fffb8, 0x00000000f3800000| 99%| O|  |TAMS 0x00000000f3700000| PB 0x00000000f37fffb8| Untracked 
| 824|0x00000000f3800000, 0x00000000f3900000, 0x00000000f3900000|100%| O|  |TAMS 0x00000000f3800000| PB 0x00000000f3900000| Untracked 
| 825|0x00000000f3900000, 0x00000000f3a00000, 0x00000000f3a00000|100%| O|  |TAMS 0x00000000f3900000| PB 0x00000000f3a00000| Untracked 
| 826|0x00000000f3a00000, 0x00000000f3affff0, 0x00000000f3b00000| 99%| O|  |TAMS 0x00000000f3a00000| PB 0x00000000f3affff0| Untracked 
| 827|0x00000000f3b00000, 0x00000000f3bfffe8, 0x00000000f3c00000| 99%| O|  |TAMS 0x00000000f3b00000| PB 0x00000000f3bfffe8| Untracked 
| 828|0x00000000f3c00000, 0x00000000f3cffff8, 0x00000000f3d00000| 99%| O|  |TAMS 0x00000000f3c00000| PB 0x00000000f3cffff8| Untracked 
| 829|0x00000000f3d00000, 0x00000000f3dfff80, 0x00000000f3e00000| 99%| O|  |TAMS 0x00000000f3d00000| PB 0x00000000f3dfff80| Untracked 
| 830|0x00000000f3e00000, 0x00000000f3efff70, 0x00000000f3f00000| 99%| O|  |TAMS 0x00000000f3e00000| PB 0x00000000f3efff70| Untracked 
| 831|0x00000000f3f00000, 0x00000000f3ffffe8, 0x00000000f4000000| 99%| O|  |TAMS 0x00000000f3f00000| PB 0x00000000f3ffffe8| Untracked 
| 832|0x00000000f4000000, 0x00000000f40fff98, 0x00000000f4100000| 99%| O|  |TAMS 0x00000000f4000000| PB 0x00000000f40fff98| Untracked 
| 833|0x00000000f4100000, 0x00000000f41ffff0, 0x00000000f4200000| 99%| O|  |TAMS 0x00000000f4100000| PB 0x00000000f41ffff0| Untracked 
| 834|0x00000000f4200000, 0x00000000f4300000, 0x00000000f4300000|100%| O|  |TAMS 0x00000000f4200000| PB 0x00000000f4300000| Untracked 
| 835|0x00000000f4300000, 0x00000000f43fffc8, 0x00000000f4400000| 99%| O|  |TAMS 0x00000000f4300000| PB 0x00000000f43fffc8| Untracked 
| 836|0x00000000f4400000, 0x00000000f44fff78, 0x00000000f4500000| 99%| O|  |TAMS 0x00000000f4400000| PB 0x00000000f44fff78| Untracked 
| 837|0x00000000f4500000, 0x00000000f45fffc8, 0x00000000f4600000| 99%| O|  |TAMS 0x00000000f4500000| PB 0x00000000f45fffc8| Untracked 
| 838|0x00000000f4600000, 0x00000000f46ffff8, 0x00000000f4700000| 99%| O|  |TAMS 0x00000000f4600000| PB 0x00000000f46ffff8| Untracked 
| 839|0x00000000f4700000, 0x00000000f47fffe8, 0x00000000f4800000| 99%| O|  |TAMS 0x00000000f4700000| PB 0x00000000f47fffe8| Untracked 
| 840|0x00000000f4800000, 0x00000000f4900000, 0x00000000f4900000|100%| O|  |TAMS 0x00000000f4800000| PB 0x00000000f4900000| Untracked 
| 841|0x00000000f4900000, 0x00000000f49fff60, 0x00000000f4a00000| 99%| O|  |TAMS 0x00000000f4900000| PB 0x00000000f49fff60| Untracked 
| 842|0x00000000f4a00000, 0x00000000f4afff58, 0x00000000f4b00000| 99%| O|  |TAMS 0x00000000f4a00000| PB 0x00000000f4afff58| Untracked 
| 843|0x00000000f4b00000, 0x00000000f4bffff0, 0x00000000f4c00000| 99%| O|  |TAMS 0x00000000f4b00000| PB 0x00000000f4bffff0| Untracked 
| 844|0x00000000f4c00000, 0x00000000f4cfffd8, 0x00000000f4d00000| 99%| O|  |TAMS 0x00000000f4c00000| PB 0x00000000f4cfffd8| Untracked 
| 845|0x00000000f4d00000, 0x00000000f4e00000, 0x00000000f4e00000|100%| O|  |TAMS 0x00000000f4d00000| PB 0x00000000f4e00000| Untracked 
| 846|0x00000000f4e00000, 0x00000000f4efff98, 0x00000000f4f00000| 99%| O|  |TAMS 0x00000000f4e00000| PB 0x00000000f4efff98| Untracked 
| 847|0x00000000f4f00000, 0x00000000f4ffffc0, 0x00000000f5000000| 99%| O|  |TAMS 0x00000000f4f00000| PB 0x00000000f4ffffc0| Untracked 
| 848|0x00000000f5000000, 0x00000000f5100000, 0x00000000f5100000|100%| O|  |TAMS 0x00000000f5000000| PB 0x00000000f5100000| Untracked 
| 849|0x00000000f5100000, 0x00000000f51ffff0, 0x00000000f5200000| 99%| O|  |TAMS 0x00000000f5100000| PB 0x00000000f51ffff0| Untracked 
| 850|0x00000000f5200000, 0x00000000f52ffff8, 0x00000000f5300000| 99%| O|  |TAMS 0x00000000f5200000| PB 0x00000000f52ffff8| Untracked 
| 851|0x00000000f5300000, 0x00000000f53fffb0, 0x00000000f5400000| 99%| O|  |TAMS 0x00000000f5300000| PB 0x00000000f53fffb0| Untracked 
| 852|0x00000000f5400000, 0x00000000f5500000, 0x00000000f5500000|100%| O|  |TAMS 0x00000000f5400000| PB 0x00000000f5500000| Untracked 
| 853|0x00000000f5500000, 0x00000000f55ffff0, 0x00000000f5600000| 99%| O|  |TAMS 0x00000000f5500000| PB 0x00000000f55ffff0| Untracked 
| 854|0x00000000f5600000, 0x00000000f56ffff8, 0x00000000f5700000| 99%| O|  |TAMS 0x00000000f5600000| PB 0x00000000f56ffff8| Untracked 
| 855|0x00000000f5700000, 0x00000000f57fff88, 0x00000000f5800000| 99%| O|  |TAMS 0x00000000f5700000| PB 0x00000000f57fff88| Untracked 
| 856|0x00000000f5800000, 0x00000000f58ffff8, 0x00000000f5900000| 99%| O|  |TAMS 0x00000000f5800000| PB 0x00000000f58ffff8| Untracked 
| 857|0x00000000f5900000, 0x00000000f5a00000, 0x00000000f5a00000|100%| O|  |TAMS 0x00000000f5900000| PB 0x00000000f5a00000| Untracked 
| 858|0x00000000f5a00000, 0x00000000f5affff8, 0x00000000f5b00000| 99%| O|  |TAMS 0x00000000f5a00000| PB 0x00000000f5affff8| Untracked 
| 859|0x00000000f5b00000, 0x00000000f5bffff0, 0x00000000f5c00000| 99%| O|  |TAMS 0x00000000f5b00000| PB 0x00000000f5bffff0| Untracked 
| 860|0x00000000f5c00000, 0x00000000f5d00000, 0x00000000f5d00000|100%| O|  |TAMS 0x00000000f5c00000| PB 0x00000000f5d00000| Untracked 
| 861|0x00000000f5d00000, 0x00000000f5dfffc8, 0x00000000f5e00000| 99%| O|  |TAMS 0x00000000f5d00000| PB 0x00000000f5dfffc8| Untracked 
| 862|0x00000000f5e00000, 0x00000000f5effff0, 0x00000000f5f00000| 99%| O|  |TAMS 0x00000000f5e00000| PB 0x00000000f5effff0| Untracked 
| 863|0x00000000f5f00000, 0x00000000f5fffff8, 0x00000000f6000000| 99%| O|  |TAMS 0x00000000f5f00000| PB 0x00000000f5fffff8| Untracked 
| 864|0x00000000f6000000, 0x00000000f60ffff8, 0x00000000f6100000| 99%| O|  |TAMS 0x00000000f6000000| PB 0x00000000f60ffff8| Untracked 
| 865|0x00000000f6100000, 0x00000000f61ffff0, 0x00000000f6200000| 99%| O|  |TAMS 0x00000000f6100000| PB 0x00000000f61ffff0| Untracked 
| 866|0x00000000f6200000, 0x00000000f62fffa0, 0x00000000f6300000| 99%| O|  |TAMS 0x00000000f6200000| PB 0x00000000f62fffa0| Untracked 
| 867|0x00000000f6300000, 0x00000000f63ffff0, 0x00000000f6400000| 99%| O|  |TAMS 0x00000000f6300000| PB 0x00000000f63ffff0| Untracked 
| 868|0x00000000f6400000, 0x00000000f64fff70, 0x00000000f6500000| 99%| O|  |TAMS 0x00000000f6400000| PB 0x00000000f64fff70| Untracked 
| 869|0x00000000f6500000, 0x00000000f65fff60, 0x00000000f6600000| 99%| O|  |TAMS 0x00000000f6500000| PB 0x00000000f65fff60| Untracked 
| 870|0x00000000f6600000, 0x00000000f66ffff0, 0x00000000f6700000| 99%| O|  |TAMS 0x00000000f6600000| PB 0x00000000f66ffff0| Untracked 
| 871|0x00000000f6700000, 0x00000000f6800000, 0x00000000f6800000|100%| O|  |TAMS 0x00000000f6700000| PB 0x00000000f6800000| Untracked 
| 872|0x00000000f6800000, 0x00000000f6900000, 0x00000000f6900000|100%| O|  |TAMS 0x00000000f6800000| PB 0x00000000f6900000| Untracked 
| 873|0x00000000f6900000, 0x00000000f69fffe8, 0x00000000f6a00000| 99%| O|  |TAMS 0x00000000f6900000| PB 0x00000000f69fffe8| Untracked 
| 874|0x00000000f6a00000, 0x00000000f6b00000, 0x00000000f6b00000|100%| O|  |TAMS 0x00000000f6a00000| PB 0x00000000f6b00000| Untracked 
| 875|0x00000000f6b00000, 0x00000000f6bfffe8, 0x00000000f6c00000| 99%| O|  |TAMS 0x00000000f6b00000| PB 0x00000000f6bfffe8| Untracked 
| 876|0x00000000f6c00000, 0x00000000f6cffff0, 0x00000000f6d00000| 99%| O|  |TAMS 0x00000000f6c00000| PB 0x00000000f6cffff0| Untracked 
| 877|0x00000000f6d00000, 0x00000000f6dfff98, 0x00000000f6e00000| 99%| O|  |TAMS 0x00000000f6d00000| PB 0x00000000f6dfff98| Untracked 
| 878|0x00000000f6e00000, 0x00000000f6effff8, 0x00000000f6f00000| 99%| O|  |TAMS 0x00000000f6e00000| PB 0x00000000f6effff8| Untracked 
| 879|0x00000000f6f00000, 0x00000000f6fffff0, 0x00000000f7000000| 99%| O|  |TAMS 0x00000000f6f00000| PB 0x00000000f6fffff0| Untracked 
| 880|0x00000000f7000000, 0x00000000f70fffa0, 0x00000000f7100000| 99%| O|  |TAMS 0x00000000f7000000| PB 0x00000000f70fffa0| Untracked 
| 881|0x00000000f7100000, 0x00000000f71ffff8, 0x00000000f7200000| 99%| O|  |TAMS 0x00000000f7100000| PB 0x00000000f71ffff8| Untracked 
| 882|0x00000000f7200000, 0x00000000f7300000, 0x00000000f7300000|100%| O|  |TAMS 0x00000000f7200000| PB 0x00000000f7300000| Untracked 
| 883|0x00000000f7300000, 0x00000000f73ffff8, 0x00000000f7400000| 99%| O|  |TAMS 0x00000000f7300000| PB 0x00000000f73ffff8| Untracked 
| 884|0x00000000f7400000, 0x00000000f7500000, 0x00000000f7500000|100%| O|  |TAMS 0x00000000f7400000| PB 0x00000000f7500000| Untracked 
| 885|0x00000000f7500000, 0x00000000f75fff88, 0x00000000f7600000| 99%| O|  |TAMS 0x00000000f7500000| PB 0x00000000f75fff88| Untracked 
| 886|0x00000000f7600000, 0x00000000f76fffe0, 0x00000000f7700000| 99%| O|  |TAMS 0x00000000f7600000| PB 0x00000000f76fffe0| Untracked 
| 887|0x00000000f7700000, 0x00000000f77ffff8, 0x00000000f7800000| 99%| O|  |TAMS 0x00000000f7700000| PB 0x00000000f77ffff8| Untracked 
| 888|0x00000000f7800000, 0x00000000f78fffe8, 0x00000000f7900000| 99%| O|  |TAMS 0x00000000f7800000| PB 0x00000000f78fffe8| Untracked 
| 889|0x00000000f7900000, 0x00000000f7a00000, 0x00000000f7a00000|100%| O|  |TAMS 0x00000000f7900000| PB 0x00000000f7a00000| Untracked 
| 890|0x00000000f7a00000, 0x00000000f7afffb0, 0x00000000f7b00000| 99%| O|  |TAMS 0x00000000f7a00000| PB 0x00000000f7afffb0| Untracked 
| 891|0x00000000f7b00000, 0x00000000f7bffff0, 0x00000000f7c00000| 99%| O|  |TAMS 0x00000000f7b00000| PB 0x00000000f7bffff0| Untracked 
| 892|0x00000000f7c00000, 0x00000000f7cfffe0, 0x00000000f7d00000| 99%| O|  |TAMS 0x00000000f7c00000| PB 0x00000000f7cfffe0| Untracked 
| 893|0x00000000f7d00000, 0x00000000f7dfffd0, 0x00000000f7e00000| 99%| O|  |TAMS 0x00000000f7d00000| PB 0x00000000f7dfffd0| Untracked 
| 894|0x00000000f7e00000, 0x00000000f7f00000, 0x00000000f7f00000|100%| O|  |TAMS 0x00000000f7e00000| PB 0x00000000f7f00000| Untracked 
| 895|0x00000000f7f00000, 0x00000000f7ffffe0, 0x00000000f8000000| 99%| O|  |TAMS 0x00000000f7f00000| PB 0x00000000f7ffffe0| Untracked 
| 896|0x00000000f8000000, 0x00000000f8100000, 0x00000000f8100000|100%| O|  |TAMS 0x00000000f8000000| PB 0x00000000f8100000| Untracked 
| 897|0x00000000f8100000, 0x00000000f81fff90, 0x00000000f8200000| 99%| O|  |TAMS 0x00000000f8100000| PB 0x00000000f81fff90| Untracked 
| 898|0x00000000f8200000, 0x00000000f82ffff8, 0x00000000f8300000| 99%| O|  |TAMS 0x00000000f8200000| PB 0x00000000f82ffff8| Untracked 
| 899|0x00000000f8300000, 0x00000000f83fff78, 0x00000000f8400000| 99%| O|  |TAMS 0x00000000f8300000| PB 0x00000000f83fff78| Untracked 
| 900|0x00000000f8400000, 0x00000000f84fffc0, 0x00000000f8500000| 99%| O|  |TAMS 0x00000000f8400000| PB 0x00000000f84fffc0| Untracked 
| 901|0x00000000f8500000, 0x00000000f85fffa8, 0x00000000f8600000| 99%| O|  |TAMS 0x00000000f8500000| PB 0x00000000f85fffa8| Untracked 
| 902|0x00000000f8600000, 0x00000000f86fffe8, 0x00000000f8700000| 99%| O|  |TAMS 0x00000000f8600000| PB 0x00000000f86fffe8| Untracked 
| 903|0x00000000f8700000, 0x00000000f87ffff0, 0x00000000f8800000| 99%| O|  |TAMS 0x00000000f8700000| PB 0x00000000f87ffff0| Untracked 
| 904|0x00000000f8800000, 0x00000000f88ffff0, 0x00000000f8900000| 99%| O|  |TAMS 0x00000000f8800000| PB 0x00000000f88ffff0| Untracked 
| 905|0x00000000f8900000, 0x00000000f89fffc0, 0x00000000f8a00000| 99%| O|  |TAMS 0x00000000f8900000| PB 0x00000000f89fffc0| Untracked 
| 906|0x00000000f8a00000, 0x00000000f8affff0, 0x00000000f8b00000| 99%| O|  |TAMS 0x00000000f8a00000| PB 0x00000000f8affff0| Untracked 
| 907|0x00000000f8b00000, 0x00000000f8bffff0, 0x00000000f8c00000| 99%| O|  |TAMS 0x00000000f8b00000| PB 0x00000000f8bffff0| Untracked 
| 908|0x00000000f8c00000, 0x00000000f8cffff8, 0x00000000f8d00000| 99%| O|  |TAMS 0x00000000f8c00000| PB 0x00000000f8cffff8| Untracked 
| 909|0x00000000f8d00000, 0x00000000f8e00000, 0x00000000f8e00000|100%| O|  |TAMS 0x00000000f8d00000| PB 0x00000000f8e00000| Untracked 
| 910|0x00000000f8e00000, 0x00000000f8effff0, 0x00000000f8f00000| 99%| O|  |TAMS 0x00000000f8e00000| PB 0x00000000f8effff0| Untracked 
| 911|0x00000000f8f00000, 0x00000000f8fffff0, 0x00000000f9000000| 99%| O|  |TAMS 0x00000000f8f00000| PB 0x00000000f8fffff0| Untracked 
| 912|0x00000000f9000000, 0x00000000f90ffff0, 0x00000000f9100000| 99%| O|  |TAMS 0x00000000f9000000| PB 0x00000000f90ffff0| Untracked 
| 913|0x00000000f9100000, 0x00000000f9200000, 0x00000000f9200000|100%| O|  |TAMS 0x00000000f9100000| PB 0x00000000f9200000| Untracked 
| 914|0x00000000f9200000, 0x00000000f92ffff0, 0x00000000f9300000| 99%| O|  |TAMS 0x00000000f9200000| PB 0x00000000f92ffff0| Untracked 
| 915|0x00000000f9300000, 0x00000000f93ffff0, 0x00000000f9400000| 99%| O|  |TAMS 0x00000000f9300000| PB 0x00000000f93ffff0| Untracked 
| 916|0x00000000f9400000, 0x00000000f94fff80, 0x00000000f9500000| 99%| O|  |TAMS 0x00000000f9400000| PB 0x00000000f94fff80| Untracked 
| 917|0x00000000f9500000, 0x00000000f9600000, 0x00000000f9600000|100%| O|  |TAMS 0x00000000f9500000| PB 0x00000000f9600000| Untracked 
| 918|0x00000000f9600000, 0x00000000f96fffd8, 0x00000000f9700000| 99%| O|  |TAMS 0x00000000f9600000| PB 0x00000000f96fffd8| Untracked 
| 919|0x00000000f9700000, 0x00000000f97ffff8, 0x00000000f9800000| 99%| O|  |TAMS 0x00000000f9700000| PB 0x00000000f97ffff8| Untracked 
| 920|0x00000000f9800000, 0x00000000f98fffd8, 0x00000000f9900000| 99%| O|  |TAMS 0x00000000f9800000| PB 0x00000000f98fffd8| Untracked 
| 921|0x00000000f9900000, 0x00000000f99ffff0, 0x00000000f9a00000| 99%| O|  |TAMS 0x00000000f9900000| PB 0x00000000f99ffff0| Untracked 
| 922|0x00000000f9a00000, 0x00000000f9affff8, 0x00000000f9b00000| 99%| O|  |TAMS 0x00000000f9a00000| PB 0x00000000f9affff8| Untracked 
| 923|0x00000000f9b00000, 0x00000000f9bffff0, 0x00000000f9c00000| 99%| O|  |TAMS 0x00000000f9b00000| PB 0x00000000f9bffff0| Untracked 
| 924|0x00000000f9c00000, 0x00000000f9cfffd8, 0x00000000f9d00000| 99%| O|  |TAMS 0x00000000f9c00000| PB 0x00000000f9cfffd8| Untracked 
| 925|0x00000000f9d00000, 0x00000000f9dffff8, 0x00000000f9e00000| 99%| O|  |TAMS 0x00000000f9d00000| PB 0x00000000f9dffff8| Untracked 
| 926|0x00000000f9e00000, 0x00000000f9effff0, 0x00000000f9f00000| 99%| O|  |TAMS 0x00000000f9e00000| PB 0x00000000f9effff0| Untracked 
| 927|0x00000000f9f00000, 0x00000000f9ffffe8, 0x00000000fa000000| 99%| O|  |TAMS 0x00000000f9f00000| PB 0x00000000f9ffffe8| Untracked 
| 928|0x00000000fa000000, 0x00000000fa0ffff8, 0x00000000fa100000| 99%| O|  |TAMS 0x00000000fa000000| PB 0x00000000fa0ffff8| Untracked 
| 929|0x00000000fa100000, 0x00000000fa1fffe8, 0x00000000fa200000| 99%| O|  |TAMS 0x00000000fa100000| PB 0x00000000fa1fffe8| Untracked 
| 930|0x00000000fa200000, 0x00000000fa2fff88, 0x00000000fa300000| 99%| O|  |TAMS 0x00000000fa200000| PB 0x00000000fa2fff88| Untracked 
| 931|0x00000000fa300000, 0x00000000fa3ffff8, 0x00000000fa400000| 99%| O|  |TAMS 0x00000000fa300000| PB 0x00000000fa3ffff8| Untracked 
| 932|0x00000000fa400000, 0x00000000fa4fff60, 0x00000000fa500000| 99%| O|  |TAMS 0x00000000fa400000| PB 0x00000000fa4fff60| Untracked 
| 933|0x00000000fa500000, 0x00000000fa5ffff0, 0x00000000fa600000| 99%| O|  |TAMS 0x00000000fa500000| PB 0x00000000fa5ffff0| Untracked 
| 934|0x00000000fa600000, 0x00000000fa700000, 0x00000000fa700000|100%| O|  |TAMS 0x00000000fa600000| PB 0x00000000fa700000| Untracked 
| 935|0x00000000fa700000, 0x00000000fa7ffff8, 0x00000000fa800000| 99%| O|  |TAMS 0x00000000fa700000| PB 0x00000000fa7ffff8| Untracked 
| 936|0x00000000fa800000, 0x00000000fa8fffb0, 0x00000000fa900000| 99%| O|  |TAMS 0x00000000fa800000| PB 0x00000000fa8fffb0| Untracked 
| 937|0x00000000fa900000, 0x00000000fa9fff68, 0x00000000faa00000| 99%| O|  |TAMS 0x00000000fa900000| PB 0x00000000fa9fff68| Untracked 
| 938|0x00000000faa00000, 0x00000000faafff60, 0x00000000fab00000| 99%| O|  |TAMS 0x00000000faa00000| PB 0x00000000faafff60| Untracked 
| 939|0x00000000fab00000, 0x00000000fabffff8, 0x00000000fac00000| 99%| O|  |TAMS 0x00000000fab00000| PB 0x00000000fabffff8| Untracked 
| 940|0x00000000fac00000, 0x00000000fad00000, 0x00000000fad00000|100%| O|  |TAMS 0x00000000fac00000| PB 0x00000000fad00000| Untracked 
| 941|0x00000000fad00000, 0x00000000fae00000, 0x00000000fae00000|100%| O|  |TAMS 0x00000000fad00000| PB 0x00000000fae00000| Untracked 
| 942|0x00000000fae00000, 0x00000000faefffd8, 0x00000000faf00000| 99%| O|  |TAMS 0x00000000fae00000| PB 0x00000000faefffd8| Untracked 
| 943|0x00000000faf00000, 0x00000000faffffe0, 0x00000000fb000000| 99%| O|  |TAMS 0x00000000faf00000| PB 0x00000000faffffe0| Untracked 
| 944|0x00000000fb000000, 0x00000000fb0fffa8, 0x00000000fb100000| 99%| O|  |TAMS 0x00000000fb000000| PB 0x00000000fb0fffa8| Untracked 
| 945|0x00000000fb100000, 0x00000000fb1ffff8, 0x00000000fb200000| 99%| O|  |TAMS 0x00000000fb100000| PB 0x00000000fb1ffff8| Untracked 
| 946|0x00000000fb200000, 0x00000000fb2fff68, 0x00000000fb300000| 99%| O|  |TAMS 0x00000000fb200000| PB 0x00000000fb2fff68| Untracked 
| 947|0x00000000fb300000, 0x00000000fb3fffe0, 0x00000000fb400000| 99%| O|  |TAMS 0x00000000fb300000| PB 0x00000000fb3fffe0| Untracked 
| 948|0x00000000fb400000, 0x00000000fb4ffff8, 0x00000000fb500000| 99%| O|  |TAMS 0x00000000fb400000| PB 0x00000000fb4ffff8| Untracked 
| 949|0x00000000fb500000, 0x00000000fb5ffff0, 0x00000000fb600000| 99%| O|  |TAMS 0x00000000fb500000| PB 0x00000000fb5ffff0| Untracked 
| 950|0x00000000fb600000, 0x00000000fb6fff68, 0x00000000fb700000| 99%| O|  |TAMS 0x00000000fb600000| PB 0x00000000fb6fff68| Untracked 
| 951|0x00000000fb700000, 0x00000000fb7fffa0, 0x00000000fb800000| 99%| O|  |TAMS 0x00000000fb700000| PB 0x00000000fb7fffa0| Untracked 
| 952|0x00000000fb800000, 0x00000000fb8fffc8, 0x00000000fb900000| 99%| O|  |TAMS 0x00000000fb800000| PB 0x00000000fb8fffc8| Untracked 
| 953|0x00000000fb900000, 0x00000000fb9ffff8, 0x00000000fba00000| 99%| O|  |TAMS 0x00000000fb900000| PB 0x00000000fb9ffff8| Untracked 
| 954|0x00000000fba00000, 0x00000000fbaffff0, 0x00000000fbb00000| 99%| O|  |TAMS 0x00000000fba00000| PB 0x00000000fbaffff0| Untracked 
| 955|0x00000000fbb00000, 0x00000000fbbfff78, 0x00000000fbc00000| 99%| O|  |TAMS 0x00000000fbb00000| PB 0x00000000fbbfff78| Untracked 
| 956|0x00000000fbc00000, 0x00000000fbcfffe0, 0x00000000fbd00000| 99%| O|  |TAMS 0x00000000fbc00000| PB 0x00000000fbcfffe0| Untracked 
| 957|0x00000000fbd00000, 0x00000000fbdfff78, 0x00000000fbe00000| 99%| O|  |TAMS 0x00000000fbd00000| PB 0x00000000fbdfff78| Untracked 
| 958|0x00000000fbe00000, 0x00000000fbeffff0, 0x00000000fbf00000| 99%| O|  |TAMS 0x00000000fbe00000| PB 0x00000000fbeffff0| Untracked 
| 959|0x00000000fbf00000, 0x00000000fbfffff0, 0x00000000fc000000| 99%| O|  |TAMS 0x00000000fbf00000| PB 0x00000000fbfffff0| Untracked 
| 960|0x00000000fc000000, 0x00000000fc0ffff0, 0x00000000fc100000| 99%| O|  |TAMS 0x00000000fc000000| PB 0x00000000fc0ffff0| Untracked 
| 961|0x00000000fc100000, 0x00000000fc200000, 0x00000000fc200000|100%| O|  |TAMS 0x00000000fc100000| PB 0x00000000fc200000| Untracked 
| 962|0x00000000fc200000, 0x00000000fc2fff80, 0x00000000fc300000| 99%| O|  |TAMS 0x00000000fc200000| PB 0x00000000fc2fff80| Untracked 
| 963|0x00000000fc300000, 0x00000000fc3fffb8, 0x00000000fc400000| 99%| O|  |TAMS 0x00000000fc300000| PB 0x00000000fc3fffb8| Untracked 
| 964|0x00000000fc400000, 0x00000000fc4ffff8, 0x00000000fc500000| 99%| O|  |TAMS 0x00000000fc400000| PB 0x00000000fc4ffff8| Untracked 
| 965|0x00000000fc500000, 0x00000000fc5ffff8, 0x00000000fc600000| 99%| O|  |TAMS 0x00000000fc500000| PB 0x00000000fc5ffff8| Untracked 
| 966|0x00000000fc600000, 0x00000000fc6ffff0, 0x00000000fc700000| 99%| O|  |TAMS 0x00000000fc600000| PB 0x00000000fc6ffff0| Untracked 
| 967|0x00000000fc700000, 0x00000000fc800000, 0x00000000fc800000|100%| O|  |TAMS 0x00000000fc700000| PB 0x00000000fc800000| Untracked 
| 968|0x00000000fc800000, 0x00000000fc8fffe0, 0x00000000fc900000| 99%| O|  |TAMS 0x00000000fc800000| PB 0x00000000fc8fffe0| Untracked 
| 969|0x00000000fc900000, 0x00000000fc9fffd0, 0x00000000fca00000| 99%| O|  |TAMS 0x00000000fc900000| PB 0x00000000fc9fffd0| Untracked 
| 970|0x00000000fca00000, 0x00000000fcb00000, 0x00000000fcb00000|100%| O|  |TAMS 0x00000000fca00000| PB 0x00000000fcb00000| Untracked 
| 971|0x00000000fcb00000, 0x00000000fcbfffc0, 0x00000000fcc00000| 99%| O|  |TAMS 0x00000000fcb00000| PB 0x00000000fcbfffc0| Untracked 
| 972|0x00000000fcc00000, 0x00000000fccfff48, 0x00000000fcd00000| 99%| O|  |TAMS 0x00000000fcc00000| PB 0x00000000fccfff48| Untracked 
| 973|0x00000000fcd00000, 0x00000000fcdfff90, 0x00000000fce00000| 99%| O|  |TAMS 0x00000000fcd00000| PB 0x00000000fcdfff90| Untracked 
| 974|0x00000000fce00000, 0x00000000fcefffa8, 0x00000000fcf00000| 99%| O|  |TAMS 0x00000000fce00000| PB 0x00000000fcefffa8| Untracked 
| 975|0x00000000fcf00000, 0x00000000fcffff88, 0x00000000fd000000| 99%| O|  |TAMS 0x00000000fcf00000| PB 0x00000000fcffff88| Untracked 
| 976|0x00000000fd000000, 0x00000000fd0fff88, 0x00000000fd100000| 99%| O|  |TAMS 0x00000000fd000000| PB 0x00000000fd0fff88| Untracked 
| 977|0x00000000fd100000, 0x00000000fd200000, 0x00000000fd200000|100%| O|  |TAMS 0x00000000fd100000| PB 0x00000000fd200000| Untracked 
| 978|0x00000000fd200000, 0x00000000fd2fffe8, 0x00000000fd300000| 99%| O|  |TAMS 0x00000000fd200000| PB 0x00000000fd2fffe8| Untracked 
| 979|0x00000000fd300000, 0x00000000fd3fff90, 0x00000000fd400000| 99%| O|  |TAMS 0x00000000fd300000| PB 0x00000000fd3fff90| Untracked 
| 980|0x00000000fd400000, 0x00000000fd500000, 0x00000000fd500000|100%| O|  |TAMS 0x00000000fd400000| PB 0x00000000fd500000| Untracked 
| 981|0x00000000fd500000, 0x00000000fd600000, 0x00000000fd600000|100%| O|  |TAMS 0x00000000fd500000| PB 0x00000000fd600000| Untracked 
| 982|0x00000000fd600000, 0x00000000fd700000, 0x00000000fd700000|100%| O|  |TAMS 0x00000000fd600000| PB 0x00000000fd700000| Untracked 
| 983|0x00000000fd700000, 0x00000000fd7fffe8, 0x00000000fd800000| 99%| O|  |TAMS 0x00000000fd700000| PB 0x00000000fd7fffe8| Untracked 
| 984|0x00000000fd800000, 0x00000000fd900000, 0x00000000fd900000|100%| O|  |TAMS 0x00000000fd800000| PB 0x00000000fd900000| Untracked 
| 985|0x00000000fd900000, 0x00000000fd9fffe8, 0x00000000fda00000| 99%| O|  |TAMS 0x00000000fd900000| PB 0x00000000fd9fffe8| Untracked 
| 986|0x00000000fda00000, 0x00000000fdafff88, 0x00000000fdb00000| 99%| O|  |TAMS 0x00000000fda00000| PB 0x00000000fdafff88| Untracked 
| 987|0x00000000fdb00000, 0x00000000fdbffff8, 0x00000000fdc00000| 99%| O|  |TAMS 0x00000000fdb00000| PB 0x00000000fdbffff8| Untracked 
| 988|0x00000000fdc00000, 0x00000000fdcfffb0, 0x00000000fdd00000| 99%| O|  |TAMS 0x00000000fdc00000| PB 0x00000000fdcfffb0| Untracked 
| 989|0x00000000fdd00000, 0x00000000fddffff0, 0x00000000fde00000| 99%| O|  |TAMS 0x00000000fdd00000| PB 0x00000000fddffff0| Untracked 
| 990|0x00000000fde00000, 0x00000000fdeffff8, 0x00000000fdf00000| 99%| O|  |TAMS 0x00000000fde00000| PB 0x00000000fdeffff8| Untracked 
| 991|0x00000000fdf00000, 0x00000000fdfffff0, 0x00000000fe000000| 99%| O|  |TAMS 0x00000000fdf00000| PB 0x00000000fdfffff0| Untracked 
| 992|0x00000000fe000000, 0x00000000fe0fffe8, 0x00000000fe100000| 99%| O|  |TAMS 0x00000000fe000000| PB 0x00000000fe0fffe8| Untracked 
| 993|0x00000000fe100000, 0x00000000fe1fff68, 0x00000000fe200000| 99%| O|  |TAMS 0x00000000fe100000| PB 0x00000000fe1fff68| Untracked 
| 994|0x00000000fe200000, 0x00000000fe2fff68, 0x00000000fe300000| 99%| O|  |TAMS 0x00000000fe200000| PB 0x00000000fe2fff68| Untracked 
| 995|0x00000000fe300000, 0x00000000fe3ffff8, 0x00000000fe400000| 99%| O|  |TAMS 0x00000000fe300000| PB 0x00000000fe3ffff8| Untracked 
| 996|0x00000000fe400000, 0x00000000fe4ffff0, 0x00000000fe500000| 99%| O|  |TAMS 0x00000000fe400000| PB 0x00000000fe4ffff0| Untracked 
| 997|0x00000000fe500000, 0x00000000fe5fff60, 0x00000000fe600000| 99%| O|  |TAMS 0x00000000fe500000| PB 0x00000000fe5fff60| Untracked 
| 998|0x00000000fe600000, 0x00000000fe6ffff0, 0x00000000fe700000| 99%| O|  |TAMS 0x00000000fe600000| PB 0x00000000fe6ffff0| Untracked 
| 999|0x00000000fe700000, 0x00000000fe7ffff0, 0x00000000fe800000| 99%| O|  |TAMS 0x00000000fe700000| PB 0x00000000fe7ffff0| Untracked 
|1000|0x00000000fe800000, 0x00000000fe900000, 0x00000000fe900000|100%| O|  |TAMS 0x00000000fe800000| PB 0x00000000fe900000| Untracked 
|1001|0x00000000fe900000, 0x00000000fe9ffff8, 0x00000000fea00000| 99%| O|  |TAMS 0x00000000fe900000| PB 0x00000000fe9ffff8| Untracked 
|1002|0x00000000fea00000, 0x00000000feaffff8, 0x00000000feb00000| 99%| O|  |TAMS 0x00000000fea00000| PB 0x00000000feaffff8| Untracked 
|1003|0x00000000feb00000, 0x00000000febffff8, 0x00000000fec00000| 99%| O|  |TAMS 0x00000000feb00000| PB 0x00000000febffff8| Untracked 
|1004|0x00000000fec00000, 0x00000000fecfffe8, 0x00000000fed00000| 99%| O|  |TAMS 0x00000000fec00000| PB 0x00000000fecfffe8| Untracked 
|1005|0x00000000fed00000, 0x00000000fee00000, 0x00000000fee00000|100%| O|  |TAMS 0x00000000fed00000| PB 0x00000000fee00000| Untracked 
|1006|0x00000000fee00000, 0x00000000feeffff0, 0x00000000fef00000| 99%| O|  |TAMS 0x00000000fee00000| PB 0x00000000feeffff0| Untracked 
|1007|0x00000000fef00000, 0x00000000fefffff0, 0x00000000ff000000| 99%| O|  |TAMS 0x00000000fef00000| PB 0x00000000fefffff0| Untracked 
|1008|0x00000000ff000000, 0x00000000ff100000, 0x00000000ff100000|100%| O|  |TAMS 0x00000000ff000000| PB 0x00000000ff100000| Untracked 
|1009|0x00000000ff100000, 0x00000000ff1ffff0, 0x00000000ff200000| 99%| O|  |TAMS 0x00000000ff100000| PB 0x00000000ff1ffff0| Untracked 
|1010|0x00000000ff200000, 0x00000000ff2ffff0, 0x00000000ff300000| 99%| O|  |TAMS 0x00000000ff200000| PB 0x00000000ff2ffff0| Untracked 
|1011|0x00000000ff300000, 0x00000000ff3ffff0, 0x00000000ff400000| 99%| O|  |TAMS 0x00000000ff300000| PB 0x00000000ff3ffff0| Untracked 
|1012|0x00000000ff400000, 0x00000000ff4ffff0, 0x00000000ff500000| 99%| O|  |TAMS 0x00000000ff400000| PB 0x00000000ff4ffff0| Untracked 
|1013|0x00000000ff500000, 0x00000000ff5fffa8, 0x00000000ff600000| 99%| O|  |TAMS 0x00000000ff500000| PB 0x00000000ff5fffa8| Untracked 
|1014|0x00000000ff600000, 0x00000000ff6ffff0, 0x00000000ff700000| 99%| O|  |TAMS 0x00000000ff600000| PB 0x00000000ff6ffff0| Untracked 
|1015|0x00000000ff700000, 0x00000000ff800000, 0x00000000ff800000|100%| O|  |TAMS 0x00000000ff700000| PB 0x00000000ff800000| Untracked 
|1016|0x00000000ff800000, 0x00000000ff8ffff0, 0x00000000ff900000| 99%| O|  |TAMS 0x00000000ff800000| PB 0x00000000ff8ffff0| Untracked 
|1017|0x00000000ff900000, 0x00000000ff9ffff8, 0x00000000ffa00000| 99%| O|  |TAMS 0x00000000ff900000| PB 0x00000000ff9ffff8| Untracked 
|1018|0x00000000ffa00000, 0x00000000ffafffb0, 0x00000000ffb00000| 99%| O|  |TAMS 0x00000000ffa00000| PB 0x00000000ffafffb0| Untracked 
|1019|0x00000000ffb00000, 0x00000000ffbfffd0, 0x00000000ffc00000| 99%| O|  |TAMS 0x00000000ffb00000| PB 0x00000000ffbfffd0| Untracked 
|1020|0x00000000ffc00000, 0x00000000ffcffff8, 0x00000000ffd00000| 99%| O|  |TAMS 0x00000000ffc00000| PB 0x00000000ffcffff8| Untracked 
|1021|0x00000000ffd00000, 0x00000000ffdfff68, 0x00000000ffe00000| 99%| O|  |TAMS 0x00000000ffd00000| PB 0x00000000ffdfff68| Untracked 
|1022|0x00000000ffe00000, 0x00000000ffeffff8, 0x00000000fff00000| 99%| O|  |TAMS 0x00000000ffe00000| PB 0x00000000ffeffff8| Untracked 
|1023|0x00000000fff00000, 0x00000000fff210f8, 0x0000000100000000| 12%| O|  |TAMS 0x00000000fff00000| PB 0x00000000fff210f8| Untracked 

Card table byte_map: [0x000001dafd010000,0x000001dafd210000] _byte_map_base: 0x000001dafca10000

Marking Bits: (CMBitMap*) 0x000001dae5126090
 Bits: [0x000001dafd210000, 0x000001dafe210000)

Polling page: 0x000001dae3040000

Metaspace:

Usage:
  Non-class:     57.14 MB used.
      Class:      8.63 MB used.
       Both:     65.78 MB used.

Virtual space:
  Non-class space:       64.00 MB reserved,      60.12 MB ( 94%) committed,  1 nodes.
      Class space:        1.00 GB reserved,      10.31 MB (  1%) committed,  1 nodes.
             Both:        1.06 GB reserved,      70.44 MB (  6%) committed. 

Chunk freelists:
   Non-Class:  6.43 MB
       Class:  6.87 MB
        Both:  13.29 MB

MaxMetaspaceSize: unlimited
CompressedClassSpaceSize: 1.00 GB
Initial GC threshold: 21.00 MB
Current GC threshold: 117.19 MB
CDS: on
 - commit_granule_bytes: 65536.
 - commit_granule_words: 8192.
 - virtual_space_node_default_size: 8388608.
 - enlarge_chunks_in_place: 1.
 - use_allocation_guard: 0.


Internal statistics:

num_allocs_failed_limit: 9.
num_arena_births: 3944.
num_arena_deaths: 2536.
num_vsnodes_births: 2.
num_vsnodes_deaths: 0.
num_space_committed: 1128.
num_space_uncommitted: 1.
num_chunks_returned_to_freelist: 2922.
num_chunks_taken_from_freelist: 7495.
num_chunk_merges: 1077.
num_chunk_splits: 4739.
num_chunks_enlarged: 2750.
num_inconsistent_stats: 0.

CodeHeap 'non-profiled nmethods': size=119168Kb used=476Kb max_used=7023Kb free=118691Kb
 bounds [0x000001daf5130000, 0x000001daf5830000, 0x000001dafc590000]
CodeHeap 'profiled nmethods': size=119104Kb used=73Kb max_used=22474Kb free=119031Kb
 bounds [0x000001daed590000, 0x000001daeeb90000, 0x000001daf49e0000]
CodeHeap 'non-nmethods': size=7488Kb used=2038Kb max_used=3804Kb free=5449Kb
 bounds [0x000001daf49e0000, 0x000001daf4da0000, 0x000001daf5130000]
 total_blobs=1316 nmethods=537 adapters=681
 compilation: enabled
              stopped_count=0, restarted_count=0
 full_count=0

Compilation events (20 events):
Event: 7142.099 Thread 0x000001dac9ea97e0 nmethod 14271 0x000001daf5745910 code [0x000001daf5745aa0, 0x000001daf5745b78]
Event: 7142.100 Thread 0x000001daff541cc0 14298       4       jdk.internal.misc.Unsafe::convEndian (16 bytes)
Event: 7142.100 Thread 0x000001dac9ea9110 nmethod 14349 0x000001daf5745310 code [0x000001daf57454a0, 0x000001daf57455c0]
Event: 7142.100 Thread 0x000001dac9c4d340 14273   !   4       java.util.zip.ZipFile::getMetaInfVersions (26 bytes)
Event: 7142.100 Thread 0x000001dac9ea97e0 14288   !   4       java.util.zip.Inflater::needsDictionary (19 bytes)
Event: 7142.100 Thread 0x000001dac9ea9110 14230       4       java.lang.invoke.LambdaFormEditor$TransformKey::<init> (15 bytes)
Event: 7142.101 Thread 0x000001dac9c4e0e0 nmethod 14287 0x000001daf51fff90 code [0x000001daf5200200, 0x000001daf5200bf0]
Event: 7142.102 Thread 0x000001daff541cc0 nmethod 14298 0x000001daf574bd10 code [0x000001daf574be80, 0x000001daf574bef8]
Event: 7142.102 Thread 0x000001daff541cc0 14229       4       java.lang.invoke.LambdaForm::forceInterpretation (14 bytes)
Event: 7142.104 Thread 0x000001dac9c4d340 nmethod 14273 0x000001daf574b610 code [0x000001daf574b7a0, 0x000001daf574b9d0]
Event: 7142.104 Thread 0x000001dac9ea97e0 nmethod 14288 0x000001daf5222b90 code [0x000001daf5222d20, 0x000001daf5222f20]
Event: 7142.104 Thread 0x000001dac9ea9110 nmethod 14230 0x000001daf5222890 code [0x000001daf5222a20, 0x000001daf5222b00]
Event: 7142.105 Thread 0x000001dac9ea97e0 14352       4       java.nio.Buffer::discardMark (6 bytes)
Event: 7142.105 Thread 0x000001daff541cc0 nmethod 14229 0x000001daf5222590 code [0x000001daf5222720, 0x000001daf52227c8]
Event: 7142.106 Thread 0x000001dac9ea97e0 nmethod 14352 0x000001daf54bc610 code [0x000001daf54bc7a0, 0x000001daf54bc830]
Event: 7142.109 Thread 0x000001dac9c4da10 nmethod 14268 0x000001daf532a390 code [0x000001daf532a780, 0x000001daf532c2c8]
Event: 7142.112 Thread 0x000001dac9c4e7b0 nmethod 14278 0x000001daf514f690 code [0x000001daf514f8e0, 0x000001daf5150488]
Event: 7143.630 Thread 0x000001dace575880 nmethod 14253 0x000001daf555fe90 code [0x000001daf5560720, 0x000001daf5566fc0]
Event: 7152.964 Thread 0x000001dac9ea97e0 14359       4       java.lang.ThreadLocal$ThreadLocalMap::remove (68 bytes)
Event: 7191.575 Thread 0x000001dac9ea97e0 nmethod 14359 0x000001daf5206d10 code [0x000001daf5206f00, 0x000001daf52075e0]

GC Heap History (20 events):
Event: 7200.206 GC heap after
{Heap after GC invocations=305 (full 123):
 garbage-first heap   total 1048576K, used 1047624K [0x00000000c0000000, 0x0000000100000000)
  region size 1024K, 0 young (0K), 0 survivors (0K)
 Metaspace       used 67353K, committed 72128K, reserved 1114112K
  class space    used 8840K, committed 10560K, reserved 1048576K
}
Event: 7200.206 GC heap before
{Heap before GC invocations=305 (full 123):
 garbage-first heap   total 1048576K, used 1047624K [0x00000000c0000000, 0x0000000100000000)
  region size 1024K, 0 young (0K), 0 survivors (0K)
 Metaspace       used 67353K, committed 72128K, reserved 1114112K
  class space    used 8840K, committed 10560K, reserved 1048576K
}
Event: 7200.900 GC heap after
{Heap after GC invocations=306 (full 124):
 garbage-first heap   total 1048576K, used 1047624K [0x00000000c0000000, 0x0000000100000000)
  region size 1024K, 0 young (0K), 0 survivors (0K)
 Metaspace       used 67353K, committed 72128K, reserved 1114112K
  class space    used 8840K, committed 10560K, reserved 1048576K
}
Event: 7200.900 GC heap before
{Heap before GC invocations=306 (full 124):
 garbage-first heap   total 1048576K, used 1047624K [0x00000000c0000000, 0x0000000100000000)
  region size 1024K, 0 young (0K), 0 survivors (0K)
 Metaspace       used 67353K, committed 72128K, reserved 1114112K
  class space    used 8840K, committed 10560K, reserved 1048576K
}
Event: 7200.901 GC heap after
{Heap after GC invocations=307 (full 124):
 garbage-first heap   total 1048576K, used 1047624K [0x00000000c0000000, 0x0000000100000000)
  region size 1024K, 0 young (0K), 0 survivors (0K)
 Metaspace       used 67353K, committed 72128K, reserved 1114112K
  class space    used 8840K, committed 10560K, reserved 1048576K
}
Event: 7200.901 GC heap before
{Heap before GC invocations=307 (full 124):
 garbage-first heap   total 1048576K, used 1047624K [0x00000000c0000000, 0x0000000100000000)
  region size 1024K, 0 young (0K), 0 survivors (0K)
 Metaspace       used 67353K, committed 72128K, reserved 1114112K
  class space    used 8840K, committed 10560K, reserved 1048576K
}
Event: 7201.526 GC heap after
{Heap after GC invocations=308 (full 125):
 garbage-first heap   total 1048576K, used 1047624K [0x00000000c0000000, 0x0000000100000000)
  region size 1024K, 0 young (0K), 0 survivors (0K)
 Metaspace       used 67353K, committed 72128K, reserved 1114112K
  class space    used 8840K, committed 10560K, reserved 1048576K
}
Event: 7201.526 GC heap before
{Heap before GC invocations=308 (full 125):
 garbage-first heap   total 1048576K, used 1047624K [0x00000000c0000000, 0x0000000100000000)
  region size 1024K, 0 young (0K), 0 survivors (0K)
 Metaspace       used 67353K, committed 72128K, reserved 1114112K
  class space    used 8840K, committed 10560K, reserved 1048576K
}
Event: 7202.214 GC heap after
{Heap after GC invocations=309 (full 126):
 garbage-first heap   total 1048576K, used 1047624K [0x00000000c0000000, 0x0000000100000000)
  region size 1024K, 0 young (0K), 0 survivors (0K)
 Metaspace       used 67353K, committed 72128K, reserved 1114112K
  class space    used 8840K, committed 10560K, reserved 1048576K
}
Event: 7202.214 GC heap before
{Heap before GC invocations=309 (full 126):
 garbage-first heap   total 1048576K, used 1047624K [0x00000000c0000000, 0x0000000100000000)
  region size 1024K, 0 young (0K), 0 survivors (0K)
 Metaspace       used 67353K, committed 72128K, reserved 1114112K
  class space    used 8840K, committed 10560K, reserved 1048576K
}
Event: 7202.215 GC heap after
{Heap after GC invocations=310 (full 126):
 garbage-first heap   total 1048576K, used 1047624K [0x00000000c0000000, 0x0000000100000000)
  region size 1024K, 0 young (0K), 0 survivors (0K)
 Metaspace       used 67353K, committed 72128K, reserved 1114112K
  class space    used 8840K, committed 10560K, reserved 1048576K
}
Event: 7202.215 GC heap before
{Heap before GC invocations=310 (full 126):
 garbage-first heap   total 1048576K, used 1047624K [0x00000000c0000000, 0x0000000100000000)
  region size 1024K, 0 young (0K), 0 survivors (0K)
 Metaspace       used 67353K, committed 72128K, reserved 1114112K
  class space    used 8840K, committed 10560K, reserved 1048576K
}
Event: 7202.841 GC heap after
{Heap after GC invocations=311 (full 127):
 garbage-first heap   total 1048576K, used 1047624K [0x00000000c0000000, 0x0000000100000000)
  region size 1024K, 0 young (0K), 0 survivors (0K)
 Metaspace       used 67353K, committed 72128K, reserved 1114112K
  class space    used 8840K, committed 10560K, reserved 1048576K
}
Event: 7202.841 GC heap before
{Heap before GC invocations=311 (full 127):
 garbage-first heap   total 1048576K, used 1047624K [0x00000000c0000000, 0x0000000100000000)
  region size 1024K, 0 young (0K), 0 survivors (0K)
 Metaspace       used 67353K, committed 72128K, reserved 1114112K
  class space    used 8840K, committed 10560K, reserved 1048576K
}
Event: 7203.521 GC heap after
{Heap after GC invocations=312 (full 128):
 garbage-first heap   total 1048576K, used 1047624K [0x00000000c0000000, 0x0000000100000000)
  region size 1024K, 0 young (0K), 0 survivors (0K)
 Metaspace       used 67353K, committed 72128K, reserved 1114112K
  class space    used 8840K, committed 10560K, reserved 1048576K
}
Event: 7203.522 GC heap before
{Heap before GC invocations=312 (full 128):
 garbage-first heap   total 1048576K, used 1047624K [0x00000000c0000000, 0x0000000100000000)
  region size 1024K, 0 young (0K), 0 survivors (0K)
 Metaspace       used 67353K, committed 72128K, reserved 1114112K
  class space    used 8840K, committed 10560K, reserved 1048576K
}
Event: 7203.522 GC heap after
{Heap after GC invocations=313 (full 128):
 garbage-first heap   total 1048576K, used 1047624K [0x00000000c0000000, 0x0000000100000000)
  region size 1024K, 0 young (0K), 0 survivors (0K)
 Metaspace       used 67353K, committed 72128K, reserved 1114112K
  class space    used 8840K, committed 10560K, reserved 1048576K
}
Event: 7203.522 GC heap before
{Heap before GC invocations=313 (full 128):
 garbage-first heap   total 1048576K, used 1047624K [0x00000000c0000000, 0x0000000100000000)
  region size 1024K, 0 young (0K), 0 survivors (0K)
 Metaspace       used 67353K, committed 72128K, reserved 1114112K
  class space    used 8840K, committed 10560K, reserved 1048576K
}
Event: 7204.160 GC heap after
{Heap after GC invocations=314 (full 129):
 garbage-first heap   total 1048576K, used 1047624K [0x00000000c0000000, 0x0000000100000000)
  region size 1024K, 0 young (0K), 0 survivors (0K)
 Metaspace       used 67353K, committed 72128K, reserved 1114112K
  class space    used 8840K, committed 10560K, reserved 1048576K
}
Event: 7204.160 GC heap before
{Heap before GC invocations=314 (full 129):
 garbage-first heap   total 1048576K, used 1047624K [0x00000000c0000000, 0x0000000100000000)
  region size 1024K, 0 young (0K), 0 survivors (0K)
 Metaspace       used 67353K, committed 72128K, reserved 1114112K
  class space    used 8840K, committed 10560K, reserved 1048576K
}

Dll operation events (15 events):
Event: 0.008 Loaded shared library C:\Program Files\Java\jdk-21.0.10\bin\java.dll
Event: 0.032 Loaded shared library C:\Program Files\Java\jdk-21.0.10\bin\jsvml.dll
Event: 0.059 Loaded shared library C:\Program Files\Java\jdk-21.0.10\bin\zip.dll
Event: 0.062 Loaded shared library C:\Program Files\Java\jdk-21.0.10\bin\instrument.dll
Event: 0.066 Loaded shared library C:\Program Files\Java\jdk-21.0.10\bin\net.dll
Event: 0.067 Loaded shared library C:\Program Files\Java\jdk-21.0.10\bin\nio.dll
Event: 0.069 Loaded shared library C:\Program Files\Java\jdk-21.0.10\bin\zip.dll
Event: 0.302 Loaded shared library C:\Program Files\Java\jdk-21.0.10\bin\jimage.dll
Event: 0.516 Loaded shared library C:\Program Files\Java\jdk-21.0.10\bin\verify.dll
Event: 0.549 Loaded shared library C:\Users\Travis\.gradle\native\660c5614fbf4a5f2a75b1949f50a0caf5cd603558e7d8a26e50b933a0cfb79d1\windows-amd64\native-platform.dll
Event: 0.561 Loaded shared library C:\Users\Travis\.gradle\native\0.2.8\x86_64-windows-gnu\gradle-fileevents.dll
Event: 1.417 Loaded shared library C:\Program Files\Java\jdk-21.0.10\bin\management.dll
Event: 1.418 Loaded shared library C:\Program Files\Java\jdk-21.0.10\bin\management_ext.dll
Event: 1.515 Loaded shared library C:\Program Files\Java\jdk-21.0.10\bin\extnet.dll
Event: 1.653 Loaded shared library C:\Program Files\Java\jdk-21.0.10\bin\sunmscapi.dll

Deoptimization events (20 events):
Event: 7150.354 Thread 0x000001daccdda1c0 DEOPT PACKING pc=0x000001daf5805f10 sp=0x00000063fecfe9e0
Event: 7150.354 Thread 0x000001dac8ebe410 DEOPT PACKING pc=0x000001daf5231628 sp=0x00000063fc3ff350
Event: 7150.354 Thread 0x000001daccdda1c0 DEOPT UNPACKING pc=0x000001daf4a34e42 sp=0x00000063fecfdc18 mode 1
Event: 7150.354 Thread 0x000001dac8ebe410 DEOPT UNPACKING pc=0x000001daf4a346a2 sp=0x00000063fc3ff2b8 mode 2
Event: 7151.648 Thread 0x000001dac8ebe410 Uncommon trap: trap_request=0xffffff45 fr.pc=0x000001daf51fd6ec relative=0x000000000000130c
Event: 7151.648 Thread 0x000001dac8ebe410 Uncommon trap: reason=unstable_if action=reinterpret pc=0x000001daf51fd6ec method=java.util.concurrent.ScheduledThreadPoolExecutor$DelayedWorkQueue.take()Ljava/util/concurrent/RunnableScheduledFuture; @ 17 c2
Event: 7151.648 Thread 0x000001dac8ebe410 DEOPT PACKING pc=0x000001daf51fd6ec sp=0x00000063fc3ff360
Event: 7151.648 Thread 0x000001dac8ebe410 DEOPT UNPACKING pc=0x000001daf4a346a2 sp=0x00000063fc3ff220 mode 2
Event: 7154.276 Thread 0x000001dac86af4d0 DEOPT PACKING pc=0x000001daf5690658 sp=0x00000063fadfed90
Event: 7154.276 Thread 0x000001dac86af4d0 DEOPT UNPACKING pc=0x000001daf4a34e42 sp=0x00000063fadfe150 mode 1
Event: 7155.626 Thread 0x000001dac86af4d0 Uncommon trap: trap_request=0xffffff45 fr.pc=0x000001daf5231628 relative=0x0000000000000c28
Event: 7155.626 Thread 0x000001dac86af4d0 Uncommon trap: reason=unstable_if action=reinterpret pc=0x000001daf5231628 method=java.util.concurrent.FutureTask.runAndReset()Z @ 112 c2
Event: 7155.626 Thread 0x000001dac86af4d0 DEOPT PACKING pc=0x000001daf5231628 sp=0x00000063fadfee80
Event: 7155.626 Thread 0x000001dac86af4d0 DEOPT UNPACKING pc=0x000001daf4a346a2 sp=0x00000063fadfede8 mode 2
Event: 7166.305 Thread 0x000001daccdda1c0 DEOPT PACKING pc=0x000001daf51b2a40 sp=0x00000063fecfece0
Event: 7166.305 Thread 0x000001daccdda1c0 DEOPT UNPACKING pc=0x000001daf4a34e42 sp=0x00000063fecfe190 mode 1
Event: 7170.255 Thread 0x000001dac894e5f0 DEOPT PACKING pc=0x000001daf5690658 sp=0x00000063faffee50
Event: 7170.255 Thread 0x000001dac894e5f0 DEOPT UNPACKING pc=0x000001daf4a34e42 sp=0x00000063faffe210 mode 1
Event: 7172.970 Thread 0x000001dac95cd550 DEOPT PACKING pc=0x000001daf57020a0 sp=0x00000063fb2fefa0
Event: 7172.970 Thread 0x000001dac95cd550 DEOPT UNPACKING pc=0x000001daf4a34e42 sp=0x00000063fb2fe3c0 mode 1

Classes loaded (20 events):
Event: 652.724 Loading class java/io/ObjectInputStream$HandleTable$HandleList
Event: 652.725 Loading class java/io/ObjectInputStream$HandleTable$HandleList done
Event: 652.725 Loading class java/io/ObjectInputStream$ValidationList
Event: 652.725 Loading class java/io/ObjectInputStream$ValidationList done
Event: 652.725 Loading class java/io/ObjectInputFilter$Config
Event: 652.725 Loading class java/io/ObjectInputFilter$Config done
Event: 652.725 Loading class java/io/ObjectInputFilter
Event: 652.725 Loading class java/io/ObjectInputFilter done
Event: 652.725 Loading class java/io/ObjectInputFilter$Config$BuiltinFilterFactory
Event: 652.725 Loading class java/io/ObjectInputFilter$Config$BuiltinFilterFactory done
Event: 652.725 Loading class jdk/internal/access/JavaObjectInputFilterAccess
Event: 652.725 Loading class jdk/internal/access/JavaObjectInputFilterAccess done
Event: 652.725 Loading class jdk/internal/event/DeserializationEvent
Event: 652.726 Loading class jdk/internal/event/DeserializationEvent done
Event: 652.727 Loading class java/io/ObjectInputStream$FieldValues
Event: 652.727 Loading class java/io/ObjectInputStream$GetField
Event: 652.727 Loading class java/io/ObjectInputStream$GetField done
Event: 652.727 Loading class java/io/ObjectInputStream$FieldValues done
Event: 652.736 Loading class jdk/internal/math/FormattedFPDecimal
Event: 652.736 Loading class jdk/internal/math/FormattedFPDecimal done

Classes unloaded (20 events):
Event: 3041.696 Thread 0x000001daff4ff360 Unloading class 0x000001da830d8c00 'java/lang/invoke/LambdaForm$MH+0x000001da830d8c00'
Event: 3041.696 Thread 0x000001daff4ff360 Unloading class 0x000001da830d8800 'java/lang/invoke/LambdaForm$MH+0x000001da830d8800'
Event: 3041.696 Thread 0x000001daff4ff360 Unloading class 0x000001da830d8000 'java/lang/invoke/LambdaForm$MH+0x000001da830d8000'
Event: 3041.696 Thread 0x000001daff4ff360 Unloading class 0x000001da830b5000 'java/lang/invoke/LambdaForm$MH+0x000001da830b5000'
Event: 3041.696 Thread 0x000001daff4ff360 Unloading class 0x000001da830b4c00 'java/lang/invoke/LambdaForm$MH+0x000001da830b4c00'
Event: 3041.696 Thread 0x000001daff4ff360 Unloading class 0x000001da830b4800 'java/lang/invoke/LambdaForm$MH+0x000001da830b4800'
Event: 3041.696 Thread 0x000001daff4ff360 Unloading class 0x000001da83099400 'java/lang/invoke/LambdaForm$MH+0x000001da83099400'
Event: 3041.696 Thread 0x000001daff4ff360 Unloading class 0x000001da83099000 'java/lang/invoke/LambdaForm$MH+0x000001da83099000'
Event: 3041.696 Thread 0x000001daff4ff360 Unloading class 0x000001da83098000 'java/lang/invoke/LambdaForm$MH+0x000001da83098000'
Event: 3041.696 Thread 0x000001daff4ff360 Unloading class 0x000001da8303a000 'java/lang/invoke/LambdaForm$MH+0x000001da8303a000'
Event: 3041.696 Thread 0x000001daff4ff360 Unloading class 0x000001da83039c00 'java/lang/invoke/LambdaForm$MH+0x000001da83039c00'
Event: 3041.696 Thread 0x000001daff4ff360 Unloading class 0x000001da83039800 'java/lang/invoke/LambdaForm$MH+0x000001da83039800'
Event: 3041.696 Thread 0x000001daff4ff360 Unloading class 0x000001da83038000 'java/lang/invoke/LambdaForm$MH+0x000001da83038000'
Event: 3041.696 Thread 0x000001daff4ff360 Unloading class 0x000001da83002400 'java/lang/invoke/LambdaForm$MH+0x000001da83002400'
Event: 3041.696 Thread 0x000001daff4ff360 Unloading class 0x000001da83002000 'java/lang/invoke/LambdaForm$MH+0x000001da83002000'
Event: 3041.696 Thread 0x000001daff4ff360 Unloading class 0x000001da83001c00 'java/lang/invoke/LambdaForm$MH+0x000001da83001c00'
Event: 3041.696 Thread 0x000001daff4ff360 Unloading class 0x000001da83001400 'java/lang/invoke/LambdaForm$MH+0x000001da83001400'
Event: 3041.696 Thread 0x000001daff4ff360 Unloading class 0x000001da83000400 'java/lang/invoke/LambdaForm$MH+0x000001da83000400'
Event: 7142.715 Thread 0x000001daff4ff360 Unloading class 0x000001da83a3a400 'java/lang/invoke/LambdaForm$MH+0x000001da83a3a400'
Event: 7142.715 Thread 0x000001daff4ff360 Unloading class 0x000001da83a3b000 'java/lang/invoke/LambdaForm$MH+0x000001da83a3b000'

Classes redefined (0 events):
No events

Internal exceptions (20 events):
Event: 7152.964 Thread 0x000001dac86af4d0 Exception <a 'java/lang/OutOfMemoryError'{0x00000000c096feb0}> (0x00000000c096feb0) 
thrown [s\open\src\hotspot\share\gc\shared\memAllocator.cpp, line 136]
Event: 7155.626 Thread 0x000001dac8ebe410 Exception <a 'java/lang/OutOfMemoryError'{0x00000000c0970188}> (0x00000000c0970188) 
thrown [s\open\src\hotspot\share\gc\shared\memAllocator.cpp, line 136]
Event: 7159.684 Thread 0x000001dac8ebe410 Exception <a 'java/lang/OutOfMemoryError'{0x00000000c09701a0}> (0x00000000c09701a0) 
thrown [s\open\src\hotspot\share\gc\shared\memAllocator.cpp, line 136]
Event: 7163.643 Thread 0x000001dac8ebe410 Exception <a 'java/lang/OutOfMemoryError'{0x00000000c09701a0}> (0x00000000c09701a0) 
thrown [s\open\src\hotspot\share\gc\shared\memAllocator.cpp, line 136]
Event: 7164.975 Thread 0x000001dac95cfcb0 Exception <a 'java/lang/OutOfMemoryError'{0x00000000c09701a0}> (0x00000000c09701a0) 
thrown [s\open\src\hotspot\share\gc\shared\memAllocator.cpp, line 136]
Event: 7166.305 Thread 0x000001daccdda1c0 Exception <a 'java/lang/OutOfMemoryError'{0x00000000c09701a0}> (0x00000000c09701a0) 
thrown [s\open\src\hotspot\share\gc\shared\memAllocator.cpp, line 136]
Event: 7168.925 Thread 0x000001dac95ca760 Exception <a 'java/lang/OutOfMemoryError'{0x00000000c096fec8}> (0x00000000c096fec8) 
thrown [s\open\src\hotspot\share\gc\shared\memAllocator.cpp, line 136]
Event: 7170.255 Thread 0x000001dac894e5f0 Exception <a 'java/lang/OutOfMemoryError'{0x00000000c096fec8}> (0x00000000c096fec8) 
thrown [s\open\src\hotspot\share\gc\shared\memAllocator.cpp, line 136]
Event: 7172.970 Thread 0x000001dac95cd550 Exception <a 'java/lang/OutOfMemoryError'{0x00000000c096fec8}> (0x00000000c096fec8) 
thrown [s\open\src\hotspot\share\gc\shared\memAllocator.cpp, line 136]
Event: 7175.636 Thread 0x000001dac8ebe410 Exception <a 'java/lang/OutOfMemoryError'{0x00000000c096fec8}> (0x00000000c096fec8) 
thrown [s\open\src\hotspot\share\gc\shared\memAllocator.cpp, line 136]
Event: 7179.600 Thread 0x000001dac8ebe410 Exception <a 'java/lang/OutOfMemoryError'{0x00000000c096fec8}> (0x00000000c096fec8) 
thrown [s\open\src\hotspot\share\gc\shared\memAllocator.cpp, line 136]
Event: 7182.231 Thread 0x000001dac95ca760 Exception <a 'java/lang/OutOfMemoryError'{0x00000000c096fec8}> (0x00000000c096fec8) 
thrown [s\open\src\hotspot\share\gc\shared\memAllocator.cpp, line 136]
Event: 7183.565 Thread 0x000001dac86af4d0 Exception <a 'java/lang/OutOfMemoryError'{0x00000000c096fec8}> (0x00000000c096fec8) 
thrown [s\open\src\hotspot\share\gc\shared\memAllocator.cpp, line 136]
Event: 7187.590 Thread 0x000001dac86af4d0 Exception <a 'java/lang/OutOfMemoryError'{0x00000000c096fec8}> (0x00000000c096fec8) 
thrown [s\open\src\hotspot\share\gc\shared\memAllocator.cpp, line 136]
Event: 7191.575 Thread 0x000001dac86af4d0 Exception <a 'java/lang/OutOfMemoryError'{0x00000000c096fec8}> (0x00000000c096fec8) 
thrown [s\open\src\hotspot\share\gc\shared\memAllocator.cpp, line 136]
Event: 7194.252 Thread 0x000001dac8ebe410 Exception <a 'java/lang/OutOfMemoryError'{0x00000000c096fec8}> (0x00000000c096fec8) 
thrown [s\open\src\hotspot\share\gc\shared\memAllocator.cpp, line 136]
Event: 7195.579 Thread 0x000001dac894e5f0 Exception <a 'java/lang/OutOfMemoryError'{0x00000000c096fec8}> (0x00000000c096fec8) 
thrown [s\open\src\hotspot\share\gc\shared\memAllocator.cpp, line 136]
Event: 7198.264 Thread 0x000001daff889810 Exception <a 'java/lang/OutOfMemoryError'{0x00000000c096fec8}> (0x00000000c096fec8) 
thrown [s\open\src\hotspot\share\gc\shared\memAllocator.cpp, line 136]
Event: 7202.214 Thread 0x000001daff889810 Exception <a 'java/lang/OutOfMemoryError'{0x00000000c096fec8}> (0x00000000c096fec8) 
thrown [s\open\src\hotspot\share\gc\shared\memAllocator.cpp, line 136]
Event: 7203.521 Thread 0x000001dac95cfcb0 Exception <a 'java/lang/OutOfMemoryError'{0x00000000c096fec8}> (0x00000000c096fec8) 
thrown [s\open\src\hotspot\share\gc\shared\memAllocator.cpp, line 136]

ZGC Phase Switch (0 events):
No events

VM Operations (20 events):
Event: 7191.575 Executing VM operation: G1CollectForAllocation (G1 Evacuation Pause) done
Event: 7191.575 Executing VM operation: G1CollectForAllocation (G1 Evacuation Pause)
Event: 7192.913 Executing VM operation: G1CollectForAllocation (G1 Evacuation Pause) done
Event: 7192.913 Executing VM operation: G1CollectForAllocation (G1 Evacuation Pause)
Event: 7194.252 Executing VM operation: G1CollectForAllocation (G1 Evacuation Pause) done
Event: 7194.252 Executing VM operation: G1CollectForAllocation (G1 Evacuation Pause)
Event: 7195.579 Executing VM operation: G1CollectForAllocation (G1 Evacuation Pause) done
Event: 7195.579 Executing VM operation: G1CollectForAllocation (G1 Evacuation Pause)
Event: 7196.936 Executing VM operation: G1CollectForAllocation (G1 Evacuation Pause) done
Event: 7196.937 Executing VM operation: G1CollectForAllocation (G1 Evacuation Pause)
Event: 7198.264 Executing VM operation: G1CollectForAllocation (G1 Evacuation Pause) done
Event: 7198.264 Executing VM operation: G1CollectForAllocation (G1 Evacuation Pause)
Event: 7199.576 Executing VM operation: G1CollectForAllocation (G1 Evacuation Pause) done
Event: 7199.576 Executing VM operation: G1CollectForAllocation (G1 Evacuation Pause)
Event: 7200.900 Executing VM operation: G1CollectForAllocation (G1 Evacuation Pause) done
Event: 7200.900 Executing VM operation: G1CollectForAllocation (G1 Evacuation Pause)
Event: 7202.214 Executing VM operation: G1CollectForAllocation (G1 Evacuation Pause) done
Event: 7202.214 Executing VM operation: G1CollectForAllocation (G1 Evacuation Pause)
Event: 7203.521 Executing VM operation: G1CollectForAllocation (G1 Evacuation Pause) done
Event: 7203.521 Executing VM operation: G1CollectForAllocation (G1 Evacuation Pause)

Events (20 events):
Event: 7190.120 Thread 0x000001daff4ff360 flushing nmethod 0x000001daf51fa790
Event: 7190.120 Thread 0x000001daff4ff360 flushing nmethod 0x000001daf5203110
Event: 7190.120 Thread 0x000001daff4ff360 flushing nmethod 0x000001daf560a910
Event: 7190.120 Thread 0x000001daff4ff360 flushing nmethod 0x000001daf560ac10
Event: 7190.120 Thread 0x000001daff4ff360 flushing nmethod 0x000001daf5663190
Event: 7190.120 Thread 0x000001daff4ff360 flushing nmethod 0x000001daf5670890
Event: 7190.120 Thread 0x000001daff4ff360 flushing nmethod 0x000001daf5671810
Event: 7190.120 Thread 0x000001daff4ff360 flushing nmethod 0x000001daf5686310
Event: 7190.120 Thread 0x000001daff4ff360 flushing nmethod 0x000001daf568fb90
Event: 7190.120 Thread 0x000001daff4ff360 flushing nmethod 0x000001daf5696b10
Event: 7190.120 Thread 0x000001daff4ff360 flushing nmethod 0x000001daf5699e90
Event: 7190.120 Thread 0x000001daff4ff360 flushing nmethod 0x000001daf51b2490
Event: 7190.120 Thread 0x000001daff4ff360 flushing nmethod 0x000001daf51b2f10
Event: 7190.120 Thread 0x000001daff4ff360 flushing nmethod 0x000001daf51be310
Event: 7190.120 Thread 0x000001daff4ff360 flushing nmethod 0x000001daf542bb10
Event: 7190.120 Thread 0x000001daff4ff360 flushing nmethod 0x000001daf5440410
Event: 7190.120 Thread 0x000001daff4ff360 flushing nmethod 0x000001daf544c410
Event: 7190.120 Thread 0x000001daff4ff360 flushing nmethod 0x000001daf5456690
Event: 7198.264 Thread 0x000001dac9ea97e0 Thread exited: 0x000001dac9ea97e0
Event: 7200.900 Thread 0x000001dac9ea9110 Thread exited: 0x000001dac9ea9110


Dynamic libraries:
0x00007ff74cd30000 - 0x00007ff74cd40000 	C:\Program Files\Java\jdk-21.0.10\bin\java.exe
0x00007ffc6fe60000 - 0x00007ffc700c7000 	C:\WINDOWS\SYSTEM32\ntdll.dll
0x00007ffc6e740000 - 0x00007ffc6e809000 	C:\WINDOWS\System32\KERNEL32.DLL
0x00007ffc6c740000 - 0x00007ffc6cb31000 	C:\WINDOWS\System32\KERNELBASE.dll
0x00007ffc6d0e0000 - 0x00007ffc6d22b000 	C:\WINDOWS\System32\ucrtbase.dll
0x00007ffc4a540000 - 0x00007ffc4a559000 	C:\Program Files\Java\jdk-21.0.10\bin\jli.dll
0x00007ffc48550000 - 0x00007ffc4856e000 	C:\Program Files\Java\jdk-21.0.10\bin\VCRUNTIME140.dll
0x00007ffc6e5d0000 - 0x00007ffc6e68b000 	C:\WINDOWS\System32\ADVAPI32.dll
0x00007ffc6df30000 - 0x00007ffc6dfd9000 	C:\WINDOWS\System32\msvcrt.dll
0x00007ffc6e690000 - 0x00007ffc6e737000 	C:\WINDOWS\System32\sechost.dll
0x00007ffc6e8b0000 - 0x00007ffc6e9c8000 	C:\WINDOWS\System32\RPCRT4.dll
0x00007ffc6dd60000 - 0x00007ffc6df25000 	C:\WINDOWS\System32\USER32.dll
0x00007ffc6cd00000 - 0x00007ffc6cd27000 	C:\WINDOWS\System32\win32u.dll
0x00007ffc53470000 - 0x00007ffc53703000 	C:\WINDOWS\WinSxS\amd64_microsoft.windows.common-controls_6595b64144ccf1df_6.0.26100.7922_none_3e089e1ee3342171\COMCTL32.dll
0x00007ffc6f5e0000 - 0x00007ffc6f60b000 	C:\WINDOWS\System32\GDI32.dll
0x00007ffc6cbd0000 - 0x00007ffc6ccfa000 	C:\WINDOWS\System32\gdi32full.dll
0x00007ffc6daa0000 - 0x00007ffc6db43000 	C:\WINDOWS\System32\msvcp_win.dll
0x00007ffc6b0a0000 - 0x00007ffc6b0ab000 	C:\WINDOWS\SYSTEM32\VERSION.dll
0x00007ffc6f3c0000 - 0x00007ffc6f3f1000 	C:\WINDOWS\System32\IMM32.DLL
0x00007ffc60370000 - 0x00007ffc6037c000 	C:\Program Files\Java\jdk-21.0.10\bin\vcruntime140_1.dll
0x00007ffc2b830000 - 0x00007ffc2b8bd000 	C:\Program Files\Java\jdk-21.0.10\bin\msvcp140.dll
0x00007ffbdf460000 - 0x00007ffbe0187000 	C:\Program Files\Java\jdk-21.0.10\bin\server\jvm.dll
0x00007ffc6f130000 - 0x00007ffc6f1a4000 	C:\WINDOWS\System32\WS2_32.dll
0x00007ffc6c3f0000 - 0x00007ffc6c44e000 	C:\WINDOWS\SYSTEM32\POWRPROF.dll
0x00007ffc5fd30000 - 0x00007ffc5fd65000 	C:\WINDOWS\SYSTEM32\WINMM.dll
0x00007ffc6c3d0000 - 0x00007ffc6c3e4000 	C:\WINDOWS\SYSTEM32\UMPDC.dll
0x00007ffc6b490000 - 0x00007ffc6b4ab000 	C:\WINDOWS\SYSTEM32\kernel.appcore.dll
0x00007ffc58d20000 - 0x00007ffc58d2a000 	C:\Program Files\Java\jdk-21.0.10\bin\jimage.dll
0x00007ffc6a3e0000 - 0x00007ffc6a622000 	C:\WINDOWS\SYSTEM32\DBGHELP.DLL
0x00007ffc6ead0000 - 0x00007ffc6ee52000 	C:\WINDOWS\System32\combase.dll
0x00007ffc6ee70000 - 0x00007ffc6ef47000 	C:\WINDOWS\System32\OLEAUT32.dll
0x00007ffc49d40000 - 0x00007ffc49d7b000 	C:\WINDOWS\SYSTEM32\dbgcore.DLL
0x00007ffc6db50000 - 0x00007ffc6dbf5000 	C:\WINDOWS\System32\bcryptPrimitives.dll
0x00007ffc48960000 - 0x00007ffc48970000 	C:\Program Files\Java\jdk-21.0.10\bin\instrument.dll
0x00007ffc48520000 - 0x00007ffc48541000 	C:\Program Files\Java\jdk-21.0.10\bin\java.dll
0x00007ffc6f610000 - 0x00007ffc6fd6f000 	C:\WINDOWS\System32\SHELL32.dll
0x00007ffc6cf70000 - 0x00007ffc6d0da000 	C:\WINDOWS\System32\wintypes.dll
0x00007ffc6d230000 - 0x00007ffc6da94000 	C:\WINDOWS\System32\windows.storage.dll
0x00007ffc6f4e0000 - 0x00007ffc6f5d7000 	C:\WINDOWS\System32\SHCORE.dll
0x00007ffc6fd80000 - 0x00007ffc6fde7000 	C:\WINDOWS\System32\shlwapi.dll
0x00007ffc6c660000 - 0x00007ffc6c689000 	C:\WINDOWS\SYSTEM32\profapi.dll
0x00007ffc2a7f0000 - 0x00007ffc2a8c7000 	C:\Program Files\Java\jdk-21.0.10\bin\jsvml.dll
0x00007ffc48500000 - 0x00007ffc48518000 	C:\Program Files\Java\jdk-21.0.10\bin\zip.dll
0x00007ffc484e0000 - 0x00007ffc484f1000 	C:\Program Files\Java\jdk-21.0.10\bin\net.dll
0x00007ffc65de0000 - 0x00007ffc65f07000 	C:\WINDOWS\SYSTEM32\WINHTTP.dll
0x00007ffc6b9e0000 - 0x00007ffc6ba4b000 	C:\WINDOWS\system32\mswsock.dll
0x00007ffc483f0000 - 0x00007ffc48406000 	C:\Program Files\Java\jdk-21.0.10\bin\nio.dll
0x00007ffc484d0000 - 0x00007ffc484e0000 	C:\Program Files\Java\jdk-21.0.10\bin\verify.dll
0x00007ffc196a0000 - 0x00007ffc196c7000 	C:\Users\Travis\.gradle\native\660c5614fbf4a5f2a75b1949f50a0caf5cd603558e7d8a26e50b933a0cfb79d1\windows-amd64\native-platform.dll
0x00007ffc2a770000 - 0x00007ffc2a7e7000 	C:\Users\Travis\.gradle\native\0.2.8\x86_64-windows-gnu\gradle-fileevents.dll
0x00007ffc48080000 - 0x00007ffc4808a000 	C:\Program Files\Java\jdk-21.0.10\bin\management.dll
0x00007ffc48070000 - 0x00007ffc4807c000 	C:\Program Files\Java\jdk-21.0.10\bin\management_ext.dll
0x00007ffc6f4d0000 - 0x00007ffc6f4d8000 	C:\WINDOWS\System32\PSAPI.DLL
0x00007ffc6aca0000 - 0x00007ffc6acd3000 	C:\WINDOWS\SYSTEM32\IPHLPAPI.DLL
0x00007ffc6f350000 - 0x00007ffc6f35a000 	C:\WINDOWS\System32\NSI.dll
0x00007ffc48060000 - 0x00007ffc48069000 	C:\Program Files\Java\jdk-21.0.10\bin\extnet.dll
0x00007ffc6bde0000 - 0x00007ffc6bdfb000 	C:\WINDOWS\SYSTEM32\CRYPTSP.dll
0x00007ffc6b3f0000 - 0x00007ffc6b429000 	C:\WINDOWS\system32\rsaenh.dll
0x00007ffc6ba90000 - 0x00007ffc6bac2000 	C:\WINDOWS\SYSTEM32\USERENV.dll
0x00007ffc6c630000 - 0x00007ffc6c65a000 	C:\WINDOWS\SYSTEM32\bcrypt.dll
0x00007ffc6bc40000 - 0x00007ffc6bc4c000 	C:\WINDOWS\SYSTEM32\CRYPTBASE.dll
0x00007ffc48050000 - 0x00007ffc4805e000 	C:\Program Files\Java\jdk-21.0.10\bin\sunmscapi.dll
0x00007ffc6cdf0000 - 0x00007ffc6cf67000 	C:\WINDOWS\System32\CRYPT32.dll
0x00007ffc6bfb0000 - 0x00007ffc6bfe0000 	C:\WINDOWS\SYSTEM32\ncrypt.dll
0x00007ffc6bf60000 - 0x00007ffc6bf9f000 	C:\WINDOWS\SYSTEM32\NTASN1.dll
0x00007ffc0a500000 - 0x00007ffc0a508000 	C:\WINDOWS\system32\wshunix.dll
0x00007ffc6b5b0000 - 0x00007ffc6b5e6000 	C:\WINDOWS\SYSTEM32\ntmarta.dll

dbghelp: loaded successfully - version: 4.0.5 - missing functions: none
symbol engine: initialized successfully - sym options: 0x614 - pdb path: .;C:\Program Files\Java\jdk-21.0.10\bin;C:\WINDOWS\SYSTEM32;C:\WINDOWS\WinSxS\amd64_microsoft.windows.common-controls_6595b64144ccf1df_6.0.26100.7922_none_3e089e1ee3342171;C:\Program Files\Java\jdk-21.0.10\bin\server;C:\Users\Travis\.gradle\native\660c5614fbf4a5f2a75b1949f50a0caf5cd603558e7d8a26e50b933a0cfb79d1\windows-amd64;C:\Users\Travis\.gradle\native\0.2.8\x86_64-windows-gnu

VM Arguments:
jvm_args: --add-opens=java.base/java.lang=ALL-UNNAMED --add-opens=java.base/java.lang.invoke=ALL-UNNAMED --add-opens=java.base/java.util=ALL-UNNAMED --add-opens=java.prefs/java.util.prefs=ALL-UNNAMED --add-exports=jdk.compiler/com.sun.tools.javac.api=ALL-UNNAMED --add-exports=jdk.compiler/com.sun.tools.javac.util=ALL-UNNAMED --add-opens=java.base/java.util=ALL-UNNAMED --add-opens=java.prefs/java.util.prefs=ALL-UNNAMED --add-opens=java.base/java.nio.charset=ALL-UNNAMED --add-opens=java.base/java.net=ALL-UNNAMED --add-opens=java.base/java.util.concurrent=ALL-UNNAMED --add-opens=java.base/java.util.concurrent.atomic=ALL-UNNAMED --add-opens=java.xml/javax.xml.namespace=ALL-UNNAMED --add-opens=java.base/java.time=ALL-UNNAMED -Xmx1G -Dfile.encoding=UTF-8 -Duser.country=US -Duser.language=en -Duser.variant -javaagent:C:\Users\Travis\.gradle\wrapper\dists\gradle-9.2.1-bin\2t0n5ozlw9xmuyvbp7dnzaxug\gradle-9.2.1\lib\agents\gradle-instrumentation-agent-9.2.1.jar 
java_command: org.gradle.launcher.daemon.bootstrap.GradleDaemon 9.2.1
java_class_path (initial): C:\Users\Travis\.gradle\wrapper\dists\gradle-9.2.1-bin\2t0n5ozlw9xmuyvbp7dnzaxug\gradle-9.2.1\lib\gradle-daemon-main-9.2.1.jar
Launcher Type: SUN_STANDARD

[Global flags]
     intx CICompilerCount                          = 12                                        {product} {ergonomic}
     uint ConcGCThreads                            = 3                                         {product} {ergonomic}
     uint G1ConcRefinementThreads                  = 13                                        {product} {ergonomic}
   size_t G1HeapRegionSize                         = 1048576                                   {product} {ergonomic}
    uintx GCDrainStackTargetSize                   = 64                                        {product} {ergonomic}
   size_t InitialHeapSize                          = 1073741824                                {product} {ergonomic}
   size_t MarkStackSize                            = 4194304                                   {product} {ergonomic}
   size_t MaxHeapSize                              = 1073741824                                {product} {command line}
   size_t MaxNewSize                               = 643825664                                 {product} {ergonomic}
   size_t MinHeapDeltaBytes                        = 1048576                                   {product} {ergonomic}
   size_t MinHeapSize                              = 8388608                                   {product} {ergonomic}
    uintx NonNMethodCodeHeapSize                   = 7602480                                {pd product} {ergonomic}
    uintx NonProfiledCodeHeapSize                  = 122027880                              {pd product} {ergonomic}
    uintx ProfiledCodeHeapSize                     = 122027880                              {pd product} {ergonomic}
    uintx ReservedCodeCacheSize                    = 251658240                              {pd product} {ergonomic}
     bool SegmentedCodeCache                       = true                                      {product} {ergonomic}
   size_t SoftMaxHeapSize                          = 1073741824                             {manageable} {ergonomic}
     bool UseCompressedOops                        = true                           {product lp64_product} {ergonomic}
     bool UseG1GC                                  = true                                      {product} {ergonomic}
     bool UseLargePagesIndividualAllocation        = false                                  {pd product} {ergonomic}

Logging:
Log output configuration:
 #0: stdout all=warning uptime,level,tags foldmultilines=false
 #1: stderr all=off uptime,level,tags foldmultilines=false

Environment Variables:
PATH=C:\Program Files\Common Files\Oracle\Java\javapath;C:\Program Files (x86)\Common Files\Oracle\Java\java8path;C:\Program Files (x86)\Common Files\Oracle\Java\javapath;C:\Program Files (x86)\Razer Chroma SDK\bin;C:\Program Files\Razer Chroma SDK\bin;C:\Program Files (x86)\Razer\ChromaBroadcast\bin;C:\Program Files\Razer\ChromaBroadcast\bin;C:\WINDOWS\system32;C:\WINDOWS;C:\WINDOWS\System32\Wbem;C:\WINDOWS\System32\WindowsPowerShell\v1.0\;C:\WINDOWS\System32\OpenSSH\;C:\Program Files (x86)\Intel\Intel(R) Management Engine Components\DAL;C:\Program Files\Intel\Intel(R) Management Engine Components\DAL;C:\WINDOWS\system32\config\systemprofile\AppData\Local\Microsoft\WindowsApps;C:\Program Files (x86)\NVIDIA Corporation\PhysX\Common;;C:\Users\Travis\AppData\Local\Microsoft\WindowsApps;C:\adb;C:\Program Files (x86)\dotnet\;C:\Program Files\PuTTY\;C:\Program Files\dotnet\;C:\Program Files\Microsoft VS Code\bin;C:\WINDOWS\system32;C:\WINDOWS;C:\WINDOWS\System32\Wbem;C:\WINDOWS\System32\WindowsPowerShell\v1.0\;C:\WINDOWS\System32\OpenSSH\;C:\Program Files\NVIDIA Corporation\NVIDIA app\NvDLISR;C:\Program Files\PowerToys\DSCModules\;C:\Program Files\nodejs\;C:\ProgramData\chocolatey\bin;C:\Users\Travis\AppData\Local\Microsoft\WindowsApps;C:\Users\Travis\AppData\Roaming\npm;C:\Users\Travis\.lmstudio\bin;C:\Users\Travis\AppData\Local\Programs\Ollama
USERNAME=Travis
OS=Windows_NT
PROCESSOR_IDENTIFIER=Intel64 Family 6 Model 158 Stepping 12, GenuineIntel
TMP=C:\Users\Travis\AppData\Local\Temp
TEMP=C:\Users\Travis\AppData\Local\Temp




Periodic native trim disabled

---------------  S Y S T E M  ---------------

OS:
 Windows 11 , 64 bit Build 26100 (10.0.26100.7920)
OS uptime: 3 days 20:08 hours
Hyper-V role detected

CPU: total 16 (initial active 16) (8 cores per cpu, 2 threads per core) family 6 model 158 stepping 12 microcode 0xde, cx8, cmov, fxsr, ht, mmx, 3dnowpref, sse, sse2, sse3, ssse3, sse4.1, sse4.2, popcnt, lzcnt, tsc, tscinvbit, avx, avx2, aes, erms, clmul, bmi1, bmi2, rtm, adx, fma, vzeroupper, clflush, clflushopt, hv, rdtscp, f16c
Processor Information for all 16 processors :
  Max Mhz: 3600, Current Mhz: 3600, Mhz Limit: 3600

Memory: 4k page, system-wide physical 65465M (32830M free)
TotalPageFile size 69561M (AvailPageFile size 31968M)
current process WorkingSet (physical memory assigned to process): 1288M, peak: 1331M
current process commit charge ("private bytes"): 1349M, peak: 1402M

vm_info: Java HotSpot(TM) 64-Bit Server VM (21.0.10+8-LTS-217) for windows-amd64 JRE (21.0.10+8-LTS-217), built on 2025-12-18T14:59:28Z by "mach5run" with MS VC++ 17.13 (VS2022)

END.
