#
# A fatal error has been detected by the Java Runtime Environment:
#
#  EXCEPTION_ACCESS_VIOLATION (0xc0000005) at pc=0x00007ffbdf7ad3f0, pid=34084, tid=59188
#
# JRE version: Java(TM) SE Runtime Environment (21.0.10+8) (build 21.0.10+8-LTS-217)
# Java VM: Java HotSpot(TM) 64-Bit Server VM (21.0.10+8-LTS-217, mixed mode, sharing, tiered, compressed oops, compressed class ptrs, g1 gc, windows-amd64)
# Problematic frame:
# V  [jvm.dll+0x34d3f0]
#
# No core dump will be written. Minidumps are not enabled by default on client versions of Windows
#
# If you would like to submit a bug report, please visit:
#   https://bugreport.java.com/bugreport/crash.jsp
#

---------------  S U M M A R Y ------------

Command Line: --add-opens=java.base/java.lang=ALL-UNNAMED --add-opens=java.base/java.lang.invoke=ALL-UNNAMED --add-opens=java.base/java.util=ALL-UNNAMED --add-opens=java.prefs/java.util.prefs=ALL-UNNAMED --add-exports=jdk.compiler/com.sun.tools.javac.api=ALL-UNNAMED --add-exports=jdk.compiler/com.sun.tools.javac.util=ALL-UNNAMED --add-opens=java.base/java.util=ALL-UNNAMED --add-opens=java.prefs/java.util.prefs=ALL-UNNAMED --add-opens=java.base/java.nio.charset=ALL-UNNAMED --add-opens=java.base/java.net=ALL-UNNAMED --add-opens=java.base/java.util.concurrent=ALL-UNNAMED --add-opens=java.base/java.util.concurrent.atomic=ALL-UNNAMED --add-opens=java.xml/javax.xml.namespace=ALL-UNNAMED --add-opens=java.base/java.time=ALL-UNNAMED -Xmx1G -Dfile.encoding=UTF-8 -Duser.country=US -Duser.language=en -Duser.variant -javaagent:C:\Users\Travis\.gradle\wrapper\dists\gradle-9.2.1-bin\2t0n5ozlw9xmuyvbp7dnzaxug\gradle-9.2.1\lib\agents\gradle-instrumentation-agent-9.2.1.jar org.gradle.launcher.daemon.bootstrap.GradleDaemon 9.2.1

Host: Intel(R) Core(TM) i9-9900K CPU @ 3.60GHz, 16 cores, 63G,  Windows 11 , 64 bit Build 26100 (10.0.26100.7920)
Time: Fri Feb 27 15:17:29 2026 Pacific Standard Time elapsed time: 25264.666790 seconds (0d 7h 1m 4s)

---------------  T H R E A D  ---------------

Current thread (0x0000021e1be29570):  WorkerThread "GC Thread#3"    [id=59188, stack(0x000000a1c6f00000,0x000000a1c7000000) (1024K)]

Stack: [0x000000a1c6f00000,0x000000a1c7000000],  sp=0x000000a1c6fffba0,  free space=1022k
Native frames: (J=compiled Java code, j=interpreted, Vv=VM code, C=native code)
V  [jvm.dll+0x34d3f0]
V  [jvm.dll+0x34cb19]
V  [jvm.dll+0x34c39b]
V  [jvm.dll+0x88d951]
V  [jvm.dll+0x80a83d]
V  [jvm.dll+0x6cf3fd]
C  [ucrtbase.dll+0x37b0]
C  [KERNEL32.DLL+0x2e8d7]
C  [ntdll.dll+0x8c48c]


siginfo: EXCEPTION_ACCESS_VIOLATION (0xc0000005), writing address 0x0000000000000000


Registers:
RAX=0x0000000000000000, RBX=0x00000000ffffffff, RCX=0x0000000000000000, RDX=0x0000000000000000
RSP=0x000000a1c6fffba0, RBP=0x0000000000000004, RSI=0x000000a1c5bff300, RDI=0x0000021e208570c0
R8 =0x000000000000000c, R9 =0x0000000000000000, R10=0x0000000000000010, R11=0x0000000000000060
R12=0x000000000000001a, R13=0x0000000000000020, R14=0x000000000000000a, R15=0x000000a1c6fffc10
RIP=0x00007ffbdf7ad3f0, EFLAGS=0x0000000000010287


Register to memory mapping:

RAX=0x0 is null
RBX=0x00000000ffffffff points into unknown readable memory: 00
RCX=0x0 is null
RDX=0x0 is null
RSP=0x000000a1c6fffba0 points into unknown readable memory: 0x0000021e208570c0 | c0 70 85 20 1e 02 00 00
RBP=0x0000000000000004 is an unknown value
RSI=0x000000a1c5bff300 points into unknown readable memory: 0x00007ffbdfe40478 | 78 04 e4 df fb 7f 00 00
RDI=0x0000021e208570c0 points into unknown readable memory: 0x0000000000000000 | 00 00 00 00 00 00 00 00
R8 =0x000000000000000c is an unknown value
R9 =0x0 is null
R10=0x0000000000000010 is an unknown value
R11=0x0000000000000060 is an unknown value
R12=0x000000000000001a is an unknown value
R13=0x0000000000000020 is an unknown value
R14=0x000000000000000a is an unknown value
R15=0x000000a1c6fffc10 points into unknown readable memory: 0x0000000000000000 | 00 00 00 00 00 00 00 00

Top of Stack: (sp=0x000000a1c6fffba0)
0x000000a1c6fffba0:   0000021e208570c0 00000000d221f07c
0x000000a1c6fffbb0:   0000000000000000 0000000000000000
0x000000a1c6fffbc0:   000000a1c5bff2e8 000000a1c5bfe930
0x000000a1c6fffbd0:   0000000000000000 000000a1c5bff300
0x000000a1c6fffbe0:   00000000d221f060 00007ffbdf7acb19
0x000000a1c6fffbf0:   0000021e20856de0 00007ffbe0029d98
0x000000a1c6fffc00:   000000000000000c 000000a1c5bfe930
0x000000a1c6fffc10:   0000000000000000 0000000000000000
0x000000a1c6fffc20:   0000021e1b369338 0000000000000004
0x000000a1c6fffc30:   0000021e20856de0 00000000000003d8
0x000000a1c6fffc40:   0000021e1b368f60 00007ffbdf7ac39b
0x000000a1c6fffc50:   00000000d221f060 0000021e1b368f50
0x000000a1c6fffc60:   0000021e1c053960 000000a1c5bfe7d0
0x000000a1c6fffc70:   00000000fff00000 000000000000000a
0x000000a1c6fffc80:   0000003ad2d4186e 000052b887c28d93
0x000000a1c6fffc90:   0000003ad2d4186e 000052b887c28d93
0x000000a1c6fffca0:   0000000000000000 0000000000000000
0x000000a1c6fffcb0:   00007ffbdfe40988 0000021e20857390
0x000000a1c6fffcc0:   0000000000000000 0000000000000001
0x000000a1c6fffcd0:   0000000000000000 0000021e1b37b6e0
0x000000a1c6fffce0:   0000000000000000 0000000000000000
0x000000a1c6fffcf0:   0000000000000004 00007ffbdfced951
0x000000a1c6fffd00:   0000021db9a13158 0000021e1be29570
0x000000a1c6fffd10:   0000021e1b37b720 0000000000000004
0x000000a1c6fffd20:   0000021e1be29570 0000000000100000
0x000000a1c6fffd30:   0000000000000000 00007ffbdfc6a83d
0x000000a1c6fffd40:   000000a1c6f00000 00000000ffffffff
0x000000a1c6fffd50:   0000000000000000 0000000000000000
0x000000a1c6fffd60:   0000000000000004 0000000000001000
0x000000a1c6fffd70:   0000000400001000 0000000000020000
0x000000a1c6fffd80:   0000000000000000 00007ffc6c7fba9b
0x000000a1c6fffd90:   0000021e1be29570 0000000000000000 

Instructions: (pc=0x00007ffbdf7ad3f0)
0x00007ffbdf7ad2f0:   41 5f 41 5e 5e 5d 5b c3 cc cc cc cc cc cc cc cc
0x00007ffbdf7ad300:   40 53 48 83 ec 30 8b 44 24 2c 48 8b d9 48 89 54
0x00007ffbdf7ad310:   24 20 44 89 44 24 28 44 8b 81 60 03 00 00 41 8b
0x00007ffbdf7ad320:   d0 89 44 24 2c 8b 81 e0 03 00 00 2b d0 81 e2 ff
0x00007ffbdf7ad330:   ff 01 00 81 fa fe ff 01 00 73 2b 48 8b 83 60 04
0x00007ffbdf7ad340:   00 00 41 8b c8 0f 28 44 24 20 48 03 c9 0f 11 04
0x00007ffbdf7ad350:   c8 41 8d 40 01 25 ff ff 01 00 89 83 60 03 00 00
0x00007ffbdf7ad360:   48 83 c4 30 5b c3 48 8b 91 80 05 00 00 48 3b 91
0x00007ffbdf7ad370:   68 05 00 00 75 0e 48 81 c1 60 05 00 00 e8 be cb
0x00007ffbdf7ad380:   f3 ff 33 d2 48 8b 83 98 05 00 00 48 8b ca 0f 28
0x00007ffbdf7ad390:   44 24 20 48 03 c9 0f 11 04 c8 48 8d 42 01 48 89
0x00007ffbdf7ad3a0:   83 80 05 00 00 48 83 c4 30 5b c3 cc cc cc cc cc
0x00007ffbdf7ad3b0:   48 89 5c 24 08 48 89 6c 24 10 48 89 74 24 18 57
0x00007ffbdf7ad3c0:   41 54 41 55 41 56 41 57 48 83 ec 20 44 8b 61 08
0x00007ffbdf7ad3d0:   4d 8b f8 8b ea 48 8b f1 41 be 00 00 00 00 45 03
0x00007ffbdf7ad3e0:   e4 0f 84 90 01 00 00 4c 8d 2c ed 00 00 00 00 90
0x00007ffbdf7ad3f0:   83 7e 08 02 48 8b 4e 10 4a 8b 3c 29 0f 86 50 01
0x00007ffbdf7ad400:   00 00 44 8b 87 00 02 00 00 41 83 f8 ff 75 51 8b
0x00007ffbdf7ad410:   8f 04 02 00 00 66 66 66 0f 1f 84 00 00 00 00 00
0x00007ffbdf7ad420:   b8 5f 0b 4e 83 f7 e9 03 d1 69 c9 a7 41 00 00 c1
0x00007ffbdf7ad430:   fa 10 8b c2 c1 e8 1f 03 d0 69 c2 ff ff ff 7f 2b
0x00007ffbdf7ad440:   c8 85 c9 8d 81 ff ff ff 7f 0f 4e c8 33 d2 8b c1
0x00007ffbdf7ad450:   89 8f 04 02 00 00 f7 76 08 44 8b c2 3b d5 74 c0
0x00007ffbdf7ad460:   8b dd 3b dd 74 05 41 3b d8 75 41 8b 8f 04 02 00
0x00007ffbdf7ad470:   00 b8 5f 0b 4e 83 f7 e9 03 d1 c1 fa 10 8b c2 c1
0x00007ffbdf7ad480:   e8 1f 03 d0 69 c1 a7 41 00 00 69 ca ff ff ff 7f
0x00007ffbdf7ad490:   2b c1 85 c0 8d 88 ff ff ff 7f 0f 4e c1 33 d2 89
0x00007ffbdf7ad4a0:   87 04 02 00 00 f7 76 08 8b da eb b6 41 8b c0 4c
0x00007ffbdf7ad4b0:   8d 1c c5 00 00 00 00 48 8b 46 10 49 8b 0c 03 8b
0x00007ffbdf7ad4c0:   81 00 01 00 00 44 8b 89 80 00 00 00 44 2b c8 b8
0x00007ffbdf7ad4d0:   00 00 00 00 41 81 e1 ff ff 01 00 41 81 f9 ff ff
0x00007ffbdf7ad4e0:   01 00 44 0f 44 c8 8b c3 4c 8d 14 c5 00 00 00 00 


Stack slot to memory mapping:

stack at sp + 0 slots: 0x0000021e208570c0 points into unknown readable memory: 0x0000000000000000 | 00 00 00 00 00 00 00 00
stack at sp + 1 slots: 0x00000000d221f07c is pointing into object: org.gradle.internal.operations.notify.BuildOperationNotificationBridge$Progress 
{0x00000000d221f060} - klass: 'org/gradle/internal/operations/notify/BuildOperationNotificationBridge$Progress'
 - ---- fields (total size 4 words):
 - private final 'id' 'Lorg/gradle/internal/operations/OperationIdentifier;' @12  a 'org/gradle/internal/operations/OperationIdentifier'{0x00000000c28a64a0} (0xc28a64a0)
 - private final 'timestamp' 'J' @16  1772229741386 (0x0000019ca11fcb4a)
 - private final 'details' 'Ljava/lang/Object;' @24  a 'org/gradle/internal/logging/events/StyledTextOutputEvent'{0x00000000d221f080} (0xd221f080)
stack at sp + 2 slots: 0x0 is null
stack at sp + 3 slots: 0x0 is null
stack at sp + 4 slots: 0x000000a1c5bff2e8 points into unknown readable memory: 0x00007ffbdfe40468 | 68 04 e4 df fb 7f 00 00
stack at sp + 5 slots: 0x000000a1c5bfe930 points into unknown readable memory: 0x000000000000000d | 0d 00 00 00 00 00 00 00
stack at sp + 6 slots: 0x0 is null
stack at sp + 7 slots: 0x000000a1c5bff300 points into unknown readable memory: 0x00007ffbdfe40478 | 78 04 e4 df fb 7f 00 00


---------------  P R O C E S S  ---------------

Threads class SMR info:
_java_thread_list=0x0000021e21083ec0, length=70, elements={
0x0000021db757d5e0, 0x0000021dd5e1ef80, 0x0000021dd5e1fbe0, 0x0000021dd5e52ce0,
0x0000021dd5e53870, 0x0000021dd5e54530, 0x0000021dd5e57040, 0x0000021dd5e57b10,
0x0000021dd5e581c0, 0x0000021e1b222ab0, 0x0000021e1b30c340, 0x0000021e1cd7a0b0,
0x0000021e1ce2dca0, 0x0000021e1cde0a90, 0x0000021e1cfc3f10, 0x0000021e1cfc31f0,
0x0000021e1cfc3880, 0x0000021e20496390, 0x0000021e20499180, 0x0000021e20499810,
0x0000021e2049b250, 0x0000021e208532d0, 0x0000021e1cee23d0, 0x0000021e1cee16b0,
0x0000021e2135e450, 0x0000021e21361f60, 0x0000021e213625f0, 0x0000021e24147c80,
0x0000021e2414b790, 0x0000021e241496c0, 0x0000021e24149d50, 0x0000021e2414a3e0,
0x0000021e2414aa70, 0x0000021e2414be20, 0x0000021e241489a0, 0x0000021e2414c4b0,
0x0000021e24149030, 0x0000021e2414e580, 0x0000021e2414ec10, 0x0000021e1f2f8990,
0x0000021e1f2f9020, 0x0000021e1f2f5ba0, 0x0000021e1f2f9d40, 0x0000021e1f2f68c0,
0x0000021e1f2fa3d0, 0x0000021e1f2f6f50, 0x0000021e1f2f75e0, 0x0000021e1f2faa60,
0x0000021e1f2fb0f0, 0x0000021e1f2f7c70, 0x0000021e1f2fb780, 0x0000021e1f2f8300,
0x0000021e1f2fcb30, 0x0000021e1f2fbe10, 0x0000021e1f2fd1c0, 0x0000021e1f60a540,
0x0000021e1f609eb0, 0x0000021e1f60b260, 0x0000021e1f609820, 0x0000021e1f60b8f0,
0x0000021e1f60bf80, 0x0000021e1f608b00, 0x0000021e1f60d330, 0x0000021e1f60d9c0,
0x0000021e1f60fa90, 0x0000021e1f60f400, 0x0000021e1f60e050, 0x0000021e1f60ed70,
0x0000021e1f60c610, 0x0000021e1cee1d40
}

Java Threads: ( => current thread )
  0x0000021db757d5e0 JavaThread "main"                              [_thread_blocked, id=55784, stack(0x000000a1c5400000,0x000000a1c5500000) (1024K)]
  0x0000021dd5e1ef80 JavaThread "Reference Handler"          daemon [_thread_blocked, id=52440, stack(0x000000a1c5c00000,0x000000a1c5d00000) (1024K)]
  0x0000021dd5e1fbe0 JavaThread "Finalizer"                  daemon [_thread_blocked, id=62428, stack(0x000000a1c5d00000,0x000000a1c5e00000) (1024K)]
  0x0000021dd5e52ce0 JavaThread "Signal Dispatcher"          daemon [_thread_blocked, id=62456, stack(0x000000a1c5e00000,0x000000a1c5f00000) (1024K)]
  0x0000021dd5e53870 JavaThread "Attach Listener"            daemon [_thread_blocked, id=50376, stack(0x000000a1c5f00000,0x000000a1c6000000) (1024K)]
  0x0000021dd5e54530 JavaThread "Service Thread"             daemon [_thread_blocked, id=17564, stack(0x000000a1c6000000,0x000000a1c6100000) (1024K)]
  0x0000021dd5e57040 JavaThread "Monitor Deflation Thread"   daemon [_thread_blocked, id=49400, stack(0x000000a1c6100000,0x000000a1c6200000) (1024K)]
  0x0000021dd5e57b10 JavaThread "C2 CompilerThread0"         daemon [_thread_blocked, id=32024, stack(0x000000a1c6200000,0x000000a1c6300000) (1024K)]
  0x0000021dd5e581c0 JavaThread "C1 CompilerThread0"         daemon [_thread_blocked, id=62776, stack(0x000000a1c6300000,0x000000a1c6400000) (1024K)]
  0x0000021e1b222ab0 JavaThread "Common-Cleaner"             daemon [_thread_blocked, id=37076, stack(0x000000a1c6600000,0x000000a1c6700000) (1024K)]
  0x0000021e1b30c340 JavaThread "Notification Thread"        daemon [_thread_blocked, id=29604, stack(0x000000a1c6700000,0x000000a1c6800000) (1024K)]
  0x0000021e1cd7a0b0 JavaThread "Daemon health stats"               [_thread_blocked, id=31896, stack(0x000000a1c6a00000,0x000000a1c6b00000) (1024K)]
  0x0000021e1ce2dca0 JavaThread "Incoming local TCP Connector on port 63966"        [_thread_in_native, id=60072, stack(0x000000a1c6b00000,0x000000a1c6c00000) (1024K)]
  0x0000021e1cde0a90 JavaThread "Daemon periodic checks"            [_thread_blocked, id=40084, stack(0x000000a1c7900000,0x000000a1c7a00000) (1024K)]
  0x0000021e1cfc3f10 JavaThread "Cache worker for journal cache (C:\Users\Travis\.gradle\caches\journal-1)"        [_thread_blocked, id=55344, stack(0x000000a1c6900000,0x000000a1c6a00000) (1024K)]
  0x0000021e1cfc31f0 JavaThread "File lock request listener"        [_thread_in_native, id=57688, stack(0x000000a1c8100000,0x000000a1c8200000) (1024K)]
  0x0000021e1cfc3880 JavaThread "Cache worker for file hash cache (C:\Users\Travis\.gradle\caches\9.2.1\fileHashes)"        [_thread_blocked, id=59024, stack(0x000000a1c8200000,0x000000a1c8300000) (1024K)]
  0x0000021e20496390 JavaThread "Cache worker for file content cache (C:\Users\Travis\.gradle\caches\9.2.1\fileContent)"        [_thread_blocked, id=55572, stack(0x000000a1c8b00000,0x000000a1c8c00000) (1024K)]
  0x0000021e20499180 JavaThread "File watcher server"        daemon [_thread_blocked, id=59436, stack(0x000000a1c8a00000,0x000000a1c8b00000) (1024K)]
  0x0000021e20499810 JavaThread "File watcher consumer"      daemon [_thread_blocked, id=33404, stack(0x000000a1c8c00000,0x000000a1c8d00000) (1024K)]
  0x0000021e2049b250 JavaThread "Memory manager"                    [_thread_blocked, id=32452, stack(0x000000a1c9000000,0x000000a1c9100000) (1024K)]
  0x0000021e208532d0 JavaThread "Cache worker for Java compile cache (C:\Users\Travis\.gradle\caches\9.2.1\javaCompile)"        [_thread_blocked, id=59964, stack(0x000000a1ca600000,0x000000a1ca700000) (1024K)]
  0x0000021e1cee23d0 JavaThread "Daemon Thread 7"                   [_thread_blocked, id=48260, stack(0x000000a1c5100000,0x000000a1c5200000) (1024K)]
  0x0000021e1cee16b0 JavaThread "Daemon worker Thread 4"            [_thread_blocked, id=60968, stack(0x000000a1c6400000,0x000000a1c6500000) (1024K)]
  0x0000021e2135e450 JavaThread "Exec process Thread 4"             [_thread_in_native, id=46212, stack(0x000000a1cb400000,0x000000a1cb500000) (1024K)]
  0x0000021e21361f60 JavaThread "Exec process Thread 5"             [_thread_in_native, id=52732, stack(0x000000a1cb500000,0x000000a1cb600000) (1024K)]
  0x0000021e213625f0 JavaThread "Exec process Thread 6"             [_thread_blocked, id=1816, stack(0x000000a1cb600000,0x000000a1cb700000) (1024K)]
  0x0000021e24147c80 JavaThread "Handler for socket connection from /127.0.0.1:63966 to /127.0.0.1:61628"        [_thread_in_native, id=51100, stack(0x000000a1c5200000,0x000000a1c5300000) (1024K)]
  0x0000021e2414b790 JavaThread "Cancel handler"                    [_thread_blocked, id=61812, stack(0x000000a1c5300000,0x000000a1c5400000) (1024K)]
  0x0000021e241496c0 JavaThread "Stdin handler"                     [_thread_blocked, id=61592, stack(0x000000a1c6c00000,0x000000a1c6d00000) (1024K)]
  0x0000021e24149d50 JavaThread "Daemon client event forwarder"        [_thread_blocked, id=30112, stack(0x000000a1c7a00000,0x000000a1c7b00000) (1024K)]
  0x0000021e2414a3e0 JavaThread "Cache worker for file hash cache (D:\Google Drive\Project stuff\MInecraft Mods\EngineerMod\.gradle\9.2.1\fileHashes)"        [_thread_blocked, id=50944, stack(0x000000a1c7b00000,0x000000a1c7c00000) (1024K)]
  0x0000021e2414aa70 JavaThread "Cache worker for checksums cache (D:\Google Drive\Project stuff\MInecraft Mods\EngineerMod\.gradle\9.2.1\checksums)"        [_thread_blocked, id=55896, stack(0x000000a1c7c00000,0x000000a1c7d00000) (1024K)]
  0x0000021e2414be20 JavaThread "Cache worker for Build Output Cleanup Cache (D:\Google Drive\Project stuff\MInecraft Mods\EngineerMod\.gradle\buildOutputCleanup)"        [_thread_blocked, id=52768, stack(0x000000a1c7d00000,0x000000a1c7e00000) (1024K)]
  0x0000021e241489a0 JavaThread "Cache worker for cache directory md-supplier (C:\Users\Travis\.gradle\caches\9.2.1\md-supplier)"        [_thread_blocked, id=59704, stack(0x000000a1c7e00000,0x000000a1c7f00000) (1024K)]
  0x0000021e2414c4b0 JavaThread "Cache worker for cache directory md-rule (C:\Users\Travis\.gradle\caches\9.2.1\md-rule)"        [_thread_blocked, id=33456, stack(0x000000a1c7f00000,0x000000a1c8000000) (1024K)]
  0x0000021e24149030 JavaThread "Build operations"                  [_thread_blocked, id=33648, stack(0x000000a1c8000000,0x000000a1c8100000) (1024K)]
  0x0000021e2414e580 JavaThread "included builds"                   [_thread_blocked, id=56376, stack(0x000000a1c8300000,0x000000a1c8400000) (1024K)]
  0x0000021e2414ec10 JavaThread "Execution worker"                  [_thread_blocked, id=39260, stack(0x000000a1c8700000,0x000000a1c8800000) (1024K)]
  0x0000021e1f2f8990 JavaThread "Execution worker Thread 2"         [_thread_blocked, id=54168, stack(0x000000a1c8800000,0x000000a1c8900000) (1024K)]
  0x0000021e1f2f9020 JavaThread "Execution worker Thread 3"         [_thread_blocked, id=49624, stack(0x000000a1c8900000,0x000000a1c8a00000) (1024K)]
  0x0000021e1f2f5ba0 JavaThread "Execution worker Thread 4"         [_thread_blocked, id=58480, stack(0x000000a1c8d00000,0x000000a1c8e00000) (1024K)]
  0x0000021e1f2f9d40 JavaThread "Execution worker Thread 5"         [_thread_blocked, id=53796, stack(0x000000a1c8e00000,0x000000a1c8f00000) (1024K)]
  0x0000021e1f2f68c0 JavaThread "Execution worker Thread 6"         [_thread_blocked, id=58992, stack(0x000000a1c8f00000,0x000000a1c9000000) (1024K)]
  0x0000021e1f2fa3d0 JavaThread "Execution worker Thread 7"         [_thread_blocked, id=55456, stack(0x000000a1c9100000,0x000000a1c9200000) (1024K)]
  0x0000021e1f2f6f50 JavaThread "Execution worker Thread 8"         [_thread_blocked, id=60492, stack(0x000000a1c9200000,0x000000a1c9300000) (1024K)]
  0x0000021e1f2f75e0 JavaThread "Execution worker Thread 9"         [_thread_blocked, id=61496, stack(0x000000a1c9300000,0x000000a1c9400000) (1024K)]
  0x0000021e1f2faa60 JavaThread "Execution worker Thread 10"        [_thread_blocked, id=54904, stack(0x000000a1c9400000,0x000000a1c9500000) (1024K)]
  0x0000021e1f2fb0f0 JavaThread "Execution worker Thread 11"        [_thread_blocked, id=61268, stack(0x000000a1c9500000,0x000000a1c9600000) (1024K)]
  0x0000021e1f2f7c70 JavaThread "Execution worker Thread 12"        [_thread_blocked, id=56736, stack(0x000000a1c9600000,0x000000a1c9700000) (1024K)]
  0x0000021e1f2fb780 JavaThread "Execution worker Thread 13"        [_thread_blocked, id=24420, stack(0x000000a1c9700000,0x000000a1c9800000) (1024K)]
  0x0000021e1f2f8300 JavaThread "Execution worker Thread 14"        [_thread_blocked, id=56812, stack(0x000000a1c9800000,0x000000a1c9900000) (1024K)]
  0x0000021e1f2fcb30 JavaThread "Execution worker Thread 15"        [_thread_blocked, id=60544, stack(0x000000a1c9900000,0x000000a1c9a00000) (1024K)]
  0x0000021e1f2fbe10 JavaThread "Cache worker for execution history cache (D:\Google Drive\Project stuff\MInecraft Mods\EngineerMod\.gradle\9.2.1\executionHistory)"        [_thread_blocked, id=48044, stack(0x000000a1c9a00000,0x000000a1c9b00000) (1024K)]
  0x0000021e1f2fd1c0 JavaThread "Build operations Thread 2"         [_thread_blocked, id=63444, stack(0x000000a1c9b00000,0x000000a1c9c00000) (1024K)]
  0x0000021e1f60a540 JavaThread "Build operations Thread 3"         [_thread_blocked, id=43720, stack(0x000000a1c9c00000,0x000000a1c9d00000) (1024K)]
  0x0000021e1f609eb0 JavaThread "Build operations Thread 4"         [_thread_blocked, id=62816, stack(0x000000a1c9d00000,0x000000a1c9e00000) (1024K)]
  0x0000021e1f60b260 JavaThread "Build operations Thread 5"         [_thread_blocked, id=60540, stack(0x000000a1c9e00000,0x000000a1c9f00000) (1024K)]
  0x0000021e1f609820 JavaThread "Build operations Thread 6"         [_thread_blocked, id=29360, stack(0x000000a1c9f00000,0x000000a1ca000000) (1024K)]
  0x0000021e1f60b8f0 JavaThread "Build operations Thread 7"         [_thread_blocked, id=60556, stack(0x000000a1ca000000,0x000000a1ca100000) (1024K)]
  0x0000021e1f60bf80 JavaThread "Build operations Thread 8"         [_thread_blocked, id=31012, stack(0x000000a1ca100000,0x000000a1ca200000) (1024K)]
  0x0000021e1f608b00 JavaThread "Build operations Thread 9"         [_thread_blocked, id=51608, stack(0x000000a1ca200000,0x000000a1ca300000) (1024K)]
  0x0000021e1f60d330 JavaThread "Build operations Thread 10"        [_thread_blocked, id=59816, stack(0x000000a1ca300000,0x000000a1ca400000) (1024K)]
  0x0000021e1f60d9c0 JavaThread "Build operations Thread 11"        [_thread_blocked, id=62096, stack(0x000000a1ca400000,0x000000a1ca500000) (1024K)]
  0x0000021e1f60fa90 JavaThread "Build operations Thread 12"        [_thread_blocked, id=50636, stack(0x000000a1ca500000,0x000000a1ca600000) (1024K)]
  0x0000021e1f60f400 JavaThread "Build operations Thread 13"        [_thread_blocked, id=60648, stack(0x000000a1ca700000,0x000000a1ca800000) (1024K)]
  0x0000021e1f60e050 JavaThread "Build operations Thread 14"        [_thread_blocked, id=53064, stack(0x000000a1ca800000,0x000000a1ca900000) (1024K)]
  0x0000021e1f60ed70 JavaThread "Build operations Thread 15"        [_thread_blocked, id=45788, stack(0x000000a1ca900000,0x000000a1caa00000) (1024K)]
  0x0000021e1f60c610 JavaThread "Build operations Thread 16"        [_thread_blocked, id=60856, stack(0x000000a1caa00000,0x000000a1cab00000) (1024K)]
  0x0000021e1cee1d40 JavaThread "Problems report writer"            [_thread_blocked, id=61656, stack(0x000000a1cb800000,0x000000a1cb900000) (1024K)]
Total: 70

Other Threads:
  0x0000021dd5df70f0 VMThread "VM Thread"                           [id=56248, stack(0x000000a1c5b00000,0x000000a1c5c00000) (1024K)]
  0x0000021dd5de9940 WatcherThread "VM Periodic Task Thread"        [id=54076, stack(0x000000a1c5a00000,0x000000a1c5b00000) (1024K)]
  0x0000021db9a45ee0 WorkerThread "GC Thread#0"                     [id=61720, stack(0x000000a1c5500000,0x000000a1c5600000) (1024K)]
  0x0000021e1c12b470 WorkerThread "GC Thread#1"                     [id=61524, stack(0x000000a1c6d00000,0x000000a1c6e00000) (1024K)]
  0x0000021e1c275ae0 WorkerThread "GC Thread#2"                     [id=49032, stack(0x000000a1c6e00000,0x000000a1c6f00000) (1024K)]
=>0x0000021e1be29570 WorkerThread "GC Thread#3"                     [id=59188, stack(0x000000a1c6f00000,0x000000a1c7000000) (1024K)]
  0x0000021e1be29920 WorkerThread "GC Thread#4"                     [id=58040, stack(0x000000a1c7000000,0x000000a1c7100000) (1024K)]
  0x0000021e1c275010 WorkerThread "GC Thread#5"                     [id=47680, stack(0x000000a1c7100000,0x000000a1c7200000) (1024K)]
  0x0000021e1c4b3060 WorkerThread "GC Thread#6"                     [id=55480, stack(0x000000a1c7200000,0x000000a1c7300000) (1024K)]
  0x0000021e1c4b37e0 WorkerThread "GC Thread#7"                     [id=1720, stack(0x000000a1c7300000,0x000000a1c7400000) (1024K)]
  0x0000021e1c1f29d0 WorkerThread "GC Thread#8"                     [id=43308, stack(0x000000a1c7400000,0x000000a1c7500000) (1024K)]
  0x0000021e1b99ba50 WorkerThread "GC Thread#9"                     [id=43848, stack(0x000000a1c7500000,0x000000a1c7600000) (1024K)]
  0x0000021e1b99c5e0 WorkerThread "GC Thread#10"                    [id=55216, stack(0x000000a1c7600000,0x000000a1c7700000) (1024K)]
  0x0000021e1c22b740 WorkerThread "GC Thread#11"                    [id=33116, stack(0x000000a1c7700000,0x000000a1c7800000) (1024K)]
  0x0000021e1c22ded0 WorkerThread "GC Thread#12"                    [id=59488, stack(0x000000a1c7800000,0x000000a1c7900000) (1024K)]
  0x0000021db9a4f9a0 ConcurrentGCThread "G1 Main Marker"            [id=52840, stack(0x000000a1c5600000,0x000000a1c5700000) (1024K)]
  0x0000021db9a50a00 WorkerThread "G1 Conc#0"                       [id=54700, stack(0x000000a1c5700000,0x000000a1c5800000) (1024K)]
  0x0000021e1c1c5b70 WorkerThread "G1 Conc#1"                       [id=30184, stack(0x000000a1c8500000,0x000000a1c8600000) (1024K)]
  0x0000021e1c1c5f20 WorkerThread "G1 Conc#2"                       [id=18648, stack(0x000000a1c8600000,0x000000a1c8700000) (1024K)]
  0x0000021dd5b0d850 ConcurrentGCThread "G1 Refine#0"               [id=61732, stack(0x000000a1c5800000,0x000000a1c5900000) (1024K)]
  0x0000021dd5b0e080 ConcurrentGCThread "G1 Service"                [id=41292, stack(0x000000a1c5900000,0x000000a1c5a00000) (1024K)]
Total: 21

Threads with active compile tasks:
Total: 0

VM state: at safepoint (normal execution)

VM Mutex/Monitor currently owned by a thread:  ([mutex/lock_event])
[0x00007ffbe00a9f10] Threads_lock - owner thread: 0x0000021dd5df70f0
[0x00007ffbe00aa010] Heap_lock - owner thread: 0x0000021e24149d50

OutOfMemory and StackOverflow Exception counts:
OutOfMemoryError java_heap_errors=22
LinkageErrors=393

Heap address: 0x00000000c0000000, size: 1024 MB, Compressed Oops mode: 32-bit

CDS archive(s) mapped at: [0x0000021dd6000000-0x0000021dd6c90000-0x0000021dd6c90000), size 13172736, SharedBaseAddress: 0x0000021dd6000000, ArchiveRelocationMode: 1.
Compressed class space mapped at: 0x0000021dd7000000-0x0000021e17000000, reserved size: 1073741824
Narrow klass base: 0x0000021dd6000000, Narrow klass shift: 0, Narrow klass range: 0x100000000

GC Precious Log:
 CardTable entry size: 512
 Card Set container configuration: InlinePtr #cards 5 size 8 Array Of Cards #cards 12 size 40 Howl #buckets 4 coarsen threshold 1843 Howl Bitmap #cards 512 size 80 coarsen threshold 460 Card regions per heap region 1 cards per card region 2048
 CPUs: 16 total, 16 available
 Memory: 65465M
 Large Page Support: Disabled
 NUMA Support: Disabled
 Compressed Oops: Enabled (32-bit)
 Heap Region Size: 1M
 Heap Min Capacity: 8M
 Heap Initial Capacity: 1G
 Heap Max Capacity: 1G
 Pre-touch: Disabled
 Parallel Workers: 13
 Concurrent Workers: 3
 Concurrent Refinement Workers: 13
 Periodic GC: Disabled

Heap:
 garbage-first heap   total 1048576K, used 1047493K [0x00000000c0000000, 0x0000000100000000)
  region size 1024K, 0 young (0K), 0 survivors (0K)
 Metaspace       used 71219K, committed 73792K, reserved 1114112K
  class space    used 8965K, committed 10496K, reserved 1048576K

Heap Regions: E=young(eden), S=young(survivor), O=old, HS=humongous(starts), HC=humongous(continues), CS=collection set, F=free, TAMS=top-at-mark-start, PB=parsable bottom
|   0|0x00000000c0000000, 0x00000000c0100000, 0x00000000c0100000|100%|HS|  |TAMS 0x00000000c0000000| PB 0x00000000c0100000| Untracked 
|   1|0x00000000c0100000, 0x00000000c0200000, 0x00000000c0200000|100%|HC|  |TAMS 0x00000000c0100000| PB 0x00000000c0200000| Untracked 
|   2|0x00000000c0200000, 0x00000000c0300000, 0x00000000c0300000|100%|HC|  |TAMS 0x00000000c0200000| PB 0x00000000c0300000| Untracked 
|   3|0x00000000c0300000, 0x00000000c0400000, 0x00000000c0400000|100%|HC|  |TAMS 0x00000000c0300000| PB 0x00000000c0400000| Untracked 
|   4|0x00000000c0400000, 0x00000000c0500000, 0x00000000c0500000|100%| O|  |TAMS 0x00000000c0400000| PB 0x00000000c0500000| Untracked 
|   5|0x00000000c0500000, 0x00000000c0600000, 0x00000000c0600000|100%|HS|  |TAMS 0x00000000c0500000| PB 0x00000000c0600000| Untracked 
|   6|0x00000000c0600000, 0x00000000c06fffa8, 0x00000000c0700000| 99%| O|  |TAMS 0x00000000c0600000| PB 0x00000000c06fffa8| Untracked 
|   7|0x00000000c0700000, 0x00000000c0800000, 0x00000000c0800000|100%| O|  |TAMS 0x00000000c0700000| PB 0x00000000c0800000| Untracked 
|   8|0x00000000c0800000, 0x00000000c0900000, 0x00000000c0900000|100%| O|  |TAMS 0x00000000c0800000| PB 0x00000000c0900000| Untracked 
|   9|0x00000000c0900000, 0x00000000c09fe078, 0x00000000c0a00000| 99%| O|  |TAMS 0x00000000c0900000| PB 0x00000000c09fe078| Untracked 
|  10|0x00000000c0a00000, 0x00000000c0b00000, 0x00000000c0b00000|100%| O|  |TAMS 0x00000000c0a00000| PB 0x00000000c0b00000| Untracked 
|  11|0x00000000c0b00000, 0x00000000c0bfffd8, 0x00000000c0c00000| 99%| O|  |TAMS 0x00000000c0b00000| PB 0x00000000c0bfffd8| Untracked 
|  12|0x00000000c0c00000, 0x00000000c0cfffb8, 0x00000000c0d00000| 99%| O|  |TAMS 0x00000000c0c00000| PB 0x00000000c0cfffb8| Untracked 
|  13|0x00000000c0d00000, 0x00000000c0e00000, 0x00000000c0e00000|100%| O|  |TAMS 0x00000000c0d00000| PB 0x00000000c0e00000| Untracked 
|  14|0x00000000c0e00000, 0x00000000c0effff8, 0x00000000c0f00000| 99%| O|  |TAMS 0x00000000c0e00000| PB 0x00000000c0effff8| Untracked 
|  15|0x00000000c0f00000, 0x00000000c1000000, 0x00000000c1000000|100%| O|  |TAMS 0x00000000c0f00000| PB 0x00000000c1000000| Untracked 
|  16|0x00000000c1000000, 0x00000000c1100000, 0x00000000c1100000|100%| O|  |TAMS 0x00000000c1000000| PB 0x00000000c1100000| Untracked 
|  17|0x00000000c1100000, 0x00000000c11ffff0, 0x00000000c1200000| 99%| O|  |TAMS 0x00000000c1100000| PB 0x00000000c11ffff0| Untracked 
|  18|0x00000000c1200000, 0x00000000c12ffff8, 0x00000000c1300000| 99%| O|  |TAMS 0x00000000c1200000| PB 0x00000000c12ffff8| Untracked 
|  19|0x00000000c1300000, 0x00000000c13ffff8, 0x00000000c1400000| 99%| O|  |TAMS 0x00000000c1300000| PB 0x00000000c13ffff8| Untracked 
|  20|0x00000000c1400000, 0x00000000c14ffff0, 0x00000000c1500000| 99%| O|  |TAMS 0x00000000c1400000| PB 0x00000000c14ffff0| Untracked 
|  21|0x00000000c1500000, 0x00000000c15ffff0, 0x00000000c1600000| 99%| O|  |TAMS 0x00000000c1500000| PB 0x00000000c15ffff0| Untracked 
|  22|0x00000000c1600000, 0x00000000c1700000, 0x00000000c1700000|100%| O|  |TAMS 0x00000000c1600000| PB 0x00000000c1700000| Untracked 
|  23|0x00000000c1700000, 0x00000000c17fffe8, 0x00000000c1800000| 99%| O|  |TAMS 0x00000000c1700000| PB 0x00000000c17fffe8| Untracked 
|  24|0x00000000c1800000, 0x00000000c18fffc8, 0x00000000c1900000| 99%| O|  |TAMS 0x00000000c1800000| PB 0x00000000c18fffc8| Untracked 
|  25|0x00000000c1900000, 0x00000000c19ffff0, 0x00000000c1a00000| 99%| O|  |TAMS 0x00000000c1900000| PB 0x00000000c19ffff0| Untracked 
|  26|0x00000000c1a00000, 0x00000000c1affff8, 0x00000000c1b00000| 99%| O|  |TAMS 0x00000000c1a00000| PB 0x00000000c1affff8| Untracked 
|  27|0x00000000c1b00000, 0x00000000c1c00000, 0x00000000c1c00000|100%|HS|  |TAMS 0x00000000c1b00000| PB 0x00000000c1c00000| Untracked 
|  28|0x00000000c1c00000, 0x00000000c1d00000, 0x00000000c1d00000|100%|HC|  |TAMS 0x00000000c1c00000| PB 0x00000000c1d00000| Untracked 
|  29|0x00000000c1d00000, 0x00000000c1e00000, 0x00000000c1e00000|100%| O|  |TAMS 0x00000000c1d00000| PB 0x00000000c1e00000| Untracked 
|  30|0x00000000c1e00000, 0x00000000c1f00000, 0x00000000c1f00000|100%| O|  |TAMS 0x00000000c1e00000| PB 0x00000000c1f00000| Untracked 
|  31|0x00000000c1f00000, 0x00000000c2000000, 0x00000000c2000000|100%| O|  |TAMS 0x00000000c1f00000| PB 0x00000000c2000000| Untracked 
|  32|0x00000000c2000000, 0x00000000c20fff18, 0x00000000c2100000| 99%| O|  |TAMS 0x00000000c2000000| PB 0x00000000c20fff18| Untracked 
|  33|0x00000000c2100000, 0x00000000c21ffff0, 0x00000000c2200000| 99%| O|  |TAMS 0x00000000c2100000| PB 0x00000000c21ffff0| Untracked 
|  34|0x00000000c2200000, 0x00000000c22fffe8, 0x00000000c2300000| 99%| O|  |TAMS 0x00000000c2200000| PB 0x00000000c22fffe8| Untracked 
|  35|0x00000000c2300000, 0x00000000c23ffff0, 0x00000000c2400000| 99%| O|  |TAMS 0x00000000c2300000| PB 0x00000000c23ffff0| Untracked 
|  36|0x00000000c2400000, 0x00000000c24fffb8, 0x00000000c2500000| 99%| O|  |TAMS 0x00000000c2400000| PB 0x00000000c24fffb8| Untracked 
|  37|0x00000000c2500000, 0x00000000c2600000, 0x00000000c2600000|100%| O|  |TAMS 0x00000000c2500000| PB 0x00000000c2600000| Untracked 
|  38|0x00000000c2600000, 0x00000000c26fff70, 0x00000000c2700000| 99%| O|  |TAMS 0x00000000c2600000| PB 0x00000000c26fff70| Untracked 
|  39|0x00000000c2700000, 0x00000000c27fffb8, 0x00000000c2800000| 99%| O|  |TAMS 0x00000000c2700000| PB 0x00000000c27fffb8| Untracked 
|  40|0x00000000c2800000, 0x00000000c28ffff0, 0x00000000c2900000| 99%| O|  |TAMS 0x00000000c2800000| PB 0x00000000c28ffff0| Untracked 
|  41|0x00000000c2900000, 0x00000000c29fffe8, 0x00000000c2a00000| 99%| O|  |TAMS 0x00000000c2900000| PB 0x00000000c29fffe8| Untracked 
|  42|0x00000000c2a00000, 0x00000000c2b00000, 0x00000000c2b00000|100%| O|  |TAMS 0x00000000c2a00000| PB 0x00000000c2b00000| Untracked 
|  43|0x00000000c2b00000, 0x00000000c2bfffe8, 0x00000000c2c00000| 99%| O|  |TAMS 0x00000000c2b00000| PB 0x00000000c2bfffe8| Untracked 
|  44|0x00000000c2c00000, 0x00000000c2cfffd0, 0x00000000c2d00000| 99%| O|  |TAMS 0x00000000c2c00000| PB 0x00000000c2cfffd0| Untracked 
|  45|0x00000000c2d00000, 0x00000000c2dfff58, 0x00000000c2e00000| 99%| O|  |TAMS 0x00000000c2d00000| PB 0x00000000c2dfff58| Untracked 
|  46|0x00000000c2e00000, 0x00000000c2effff8, 0x00000000c2f00000| 99%| O|  |TAMS 0x00000000c2e00000| PB 0x00000000c2effff8| Untracked 
|  47|0x00000000c2f00000, 0x00000000c2ffffc8, 0x00000000c3000000| 99%| O|  |TAMS 0x00000000c2f00000| PB 0x00000000c2ffffc8| Untracked 
|  48|0x00000000c3000000, 0x00000000c3100000, 0x00000000c3100000|100%| O|  |TAMS 0x00000000c3000000| PB 0x00000000c3100000| Untracked 
|  49|0x00000000c3100000, 0x00000000c31fffe8, 0x00000000c3200000| 99%| O|  |TAMS 0x00000000c3100000| PB 0x00000000c31fffe8| Untracked 
|  50|0x00000000c3200000, 0x00000000c32ffff8, 0x00000000c3300000| 99%| O|  |TAMS 0x00000000c3200000| PB 0x00000000c32ffff8| Untracked 
|  51|0x00000000c3300000, 0x00000000c33fff70, 0x00000000c3400000| 99%| O|  |TAMS 0x00000000c3300000| PB 0x00000000c33fff70| Untracked 
|  52|0x00000000c3400000, 0x00000000c34ffff0, 0x00000000c3500000| 99%| O|  |TAMS 0x00000000c3400000| PB 0x00000000c34ffff0| Untracked 
|  53|0x00000000c3500000, 0x00000000c35ffff0, 0x00000000c3600000| 99%| O|  |TAMS 0x00000000c3500000| PB 0x00000000c35ffff0| Untracked 
|  54|0x00000000c3600000, 0x00000000c36fffe0, 0x00000000c3700000| 99%| O|  |TAMS 0x00000000c3600000| PB 0x00000000c36fffe0| Untracked 
|  55|0x00000000c3700000, 0x00000000c37ffff0, 0x00000000c3800000| 99%| O|  |TAMS 0x00000000c3700000| PB 0x00000000c37ffff0| Untracked 
|  56|0x00000000c3800000, 0x00000000c38ffff8, 0x00000000c3900000| 99%| O|  |TAMS 0x00000000c3800000| PB 0x00000000c38ffff8| Untracked 
|  57|0x00000000c3900000, 0x00000000c39fff80, 0x00000000c3a00000| 99%| O|  |TAMS 0x00000000c3900000| PB 0x00000000c39fff80| Untracked 
|  58|0x00000000c3a00000, 0x00000000c3b00000, 0x00000000c3b00000|100%| O|  |TAMS 0x00000000c3a00000| PB 0x00000000c3b00000| Untracked 
|  59|0x00000000c3b00000, 0x00000000c3bffff0, 0x00000000c3c00000| 99%| O|  |TAMS 0x00000000c3b00000| PB 0x00000000c3bffff0| Untracked 
|  60|0x00000000c3c00000, 0x00000000c3cffa90, 0x00000000c3d00000| 99%| O|  |TAMS 0x00000000c3c00000| PB 0x00000000c3cffa90| Untracked 
|  61|0x00000000c3d00000, 0x00000000c3e00000, 0x00000000c3e00000|100%| O|  |TAMS 0x00000000c3d00000| PB 0x00000000c3e00000| Untracked 
|  62|0x00000000c3e00000, 0x00000000c3efffc0, 0x00000000c3f00000| 99%| O|  |TAMS 0x00000000c3e00000| PB 0x00000000c3efffc0| Untracked 
|  63|0x00000000c3f00000, 0x00000000c3fffff0, 0x00000000c4000000| 99%| O|  |TAMS 0x00000000c3f00000| PB 0x00000000c3fffff0| Untracked 
|  64|0x00000000c4000000, 0x00000000c40fffb0, 0x00000000c4100000| 99%| O|  |TAMS 0x00000000c4000000| PB 0x00000000c40fffb0| Untracked 
|  65|0x00000000c4100000, 0x00000000c41ffff8, 0x00000000c4200000| 99%| O|  |TAMS 0x00000000c4100000| PB 0x00000000c41ffff8| Untracked 
|  66|0x00000000c4200000, 0x00000000c42fffd8, 0x00000000c4300000| 99%| O|  |TAMS 0x00000000c4200000| PB 0x00000000c42fffd8| Untracked 
|  67|0x00000000c4300000, 0x00000000c4400000, 0x00000000c4400000|100%| O|  |TAMS 0x00000000c4300000| PB 0x00000000c4400000| Untracked 
|  68|0x00000000c4400000, 0x00000000c44fffc0, 0x00000000c4500000| 99%| O|  |TAMS 0x00000000c4400000| PB 0x00000000c44fffc0| Untracked 
|  69|0x00000000c4500000, 0x00000000c4600000, 0x00000000c4600000|100%| O|  |TAMS 0x00000000c4500000| PB 0x00000000c4600000| Untracked 
|  70|0x00000000c4600000, 0x00000000c46fff58, 0x00000000c4700000| 99%| O|  |TAMS 0x00000000c4600000| PB 0x00000000c46fff58| Untracked 
|  71|0x00000000c4700000, 0x00000000c47fff58, 0x00000000c4800000| 99%| O|  |TAMS 0x00000000c4700000| PB 0x00000000c47fff58| Untracked 
|  72|0x00000000c4800000, 0x00000000c48ffff8, 0x00000000c4900000| 99%| O|  |TAMS 0x00000000c4800000| PB 0x00000000c48ffff8| Untracked 
|  73|0x00000000c4900000, 0x00000000c49fffc8, 0x00000000c4a00000| 99%| O|  |TAMS 0x00000000c4900000| PB 0x00000000c49fffc8| Untracked 
|  74|0x00000000c4a00000, 0x00000000c4afffe0, 0x00000000c4b00000| 99%| O|  |TAMS 0x00000000c4a00000| PB 0x00000000c4afffe0| Untracked 
|  75|0x00000000c4b00000, 0x00000000c4bfff38, 0x00000000c4c00000| 99%| O|  |TAMS 0x00000000c4b00000| PB 0x00000000c4bfff38| Untracked 
|  76|0x00000000c4c00000, 0x00000000c4d00000, 0x00000000c4d00000|100%| O|  |TAMS 0x00000000c4c00000| PB 0x00000000c4d00000| Untracked 
|  77|0x00000000c4d00000, 0x00000000c4e00000, 0x00000000c4e00000|100%| O|  |TAMS 0x00000000c4d00000| PB 0x00000000c4e00000| Untracked 
|  78|0x00000000c4e00000, 0x00000000c4efffd0, 0x00000000c4f00000| 99%| O|  |TAMS 0x00000000c4e00000| PB 0x00000000c4efffd0| Untracked 
|  79|0x00000000c4f00000, 0x00000000c4ffffc8, 0x00000000c5000000| 99%| O|  |TAMS 0x00000000c4f00000| PB 0x00000000c4ffffc8| Untracked 
|  80|0x00000000c5000000, 0x00000000c50fff70, 0x00000000c5100000| 99%| O|  |TAMS 0x00000000c5000000| PB 0x00000000c50fff70| Untracked 
|  81|0x00000000c5100000, 0x00000000c51fffe8, 0x00000000c5200000| 99%| O|  |TAMS 0x00000000c5100000| PB 0x00000000c51fffe8| Untracked 
|  82|0x00000000c5200000, 0x00000000c52fffc8, 0x00000000c5300000| 99%| O|  |TAMS 0x00000000c5200000| PB 0x00000000c52fffc8| Untracked 
|  83|0x00000000c5300000, 0x00000000c53ffff8, 0x00000000c5400000| 99%| O|  |TAMS 0x00000000c5300000| PB 0x00000000c53ffff8| Untracked 
|  84|0x00000000c5400000, 0x00000000c54fffe0, 0x00000000c5500000| 99%| O|  |TAMS 0x00000000c5400000| PB 0x00000000c54fffe0| Untracked 
|  85|0x00000000c5500000, 0x00000000c55fffc8, 0x00000000c5600000| 99%| O|  |TAMS 0x00000000c5500000| PB 0x00000000c55fffc8| Untracked 
|  86|0x00000000c5600000, 0x00000000c56fff70, 0x00000000c5700000| 99%| O|  |TAMS 0x00000000c5600000| PB 0x00000000c56fff70| Untracked 
|  87|0x00000000c5700000, 0x00000000c57ffff0, 0x00000000c5800000| 99%| O|  |TAMS 0x00000000c5700000| PB 0x00000000c57ffff0| Untracked 
|  88|0x00000000c5800000, 0x00000000c58ffff8, 0x00000000c5900000| 99%| O|  |TAMS 0x00000000c5800000| PB 0x00000000c58ffff8| Untracked 
|  89|0x00000000c5900000, 0x00000000c59fffd8, 0x00000000c5a00000| 99%| O|  |TAMS 0x00000000c5900000| PB 0x00000000c59fffd8| Untracked 
|  90|0x00000000c5a00000, 0x00000000c5afff90, 0x00000000c5b00000| 99%| O|  |TAMS 0x00000000c5a00000| PB 0x00000000c5afff90| Untracked 
|  91|0x00000000c5b00000, 0x00000000c5bfffe0, 0x00000000c5c00000| 99%| O|  |TAMS 0x00000000c5b00000| PB 0x00000000c5bfffe0| Untracked 
|  92|0x00000000c5c00000, 0x00000000c5cffff0, 0x00000000c5d00000| 99%| O|  |TAMS 0x00000000c5c00000| PB 0x00000000c5cffff0| Untracked 
|  93|0x00000000c5d00000, 0x00000000c5dfff78, 0x00000000c5e00000| 99%| O|  |TAMS 0x00000000c5d00000| PB 0x00000000c5dfff78| Untracked 
|  94|0x00000000c5e00000, 0x00000000c5f00000, 0x00000000c5f00000|100%| O|  |TAMS 0x00000000c5e00000| PB 0x00000000c5f00000| Untracked 
|  95|0x00000000c5f00000, 0x00000000c5ffffc0, 0x00000000c6000000| 99%| O|  |TAMS 0x00000000c5f00000| PB 0x00000000c5ffffc0| Untracked 
|  96|0x00000000c6000000, 0x00000000c60ffff8, 0x00000000c6100000| 99%| O|  |TAMS 0x00000000c6000000| PB 0x00000000c60ffff8| Untracked 
|  97|0x00000000c6100000, 0x00000000c6200000, 0x00000000c6200000|100%| O|  |TAMS 0x00000000c6100000| PB 0x00000000c6200000| Untracked 
|  98|0x00000000c6200000, 0x00000000c62ffff0, 0x00000000c6300000| 99%| O|  |TAMS 0x00000000c6200000| PB 0x00000000c62ffff0| Untracked 
|  99|0x00000000c6300000, 0x00000000c63ffff8, 0x00000000c6400000| 99%| O|  |TAMS 0x00000000c6300000| PB 0x00000000c63ffff8| Untracked 
| 100|0x00000000c6400000, 0x00000000c64ffff8, 0x00000000c6500000| 99%| O|  |TAMS 0x00000000c6400000| PB 0x00000000c64ffff8| Untracked 
| 101|0x00000000c6500000, 0x00000000c65fffd0, 0x00000000c6600000| 99%| O|  |TAMS 0x00000000c6500000| PB 0x00000000c65fffd0| Untracked 
| 102|0x00000000c6600000, 0x00000000c6700000, 0x00000000c6700000|100%| O|  |TAMS 0x00000000c6600000| PB 0x00000000c6700000| Untracked 
| 103|0x00000000c6700000, 0x00000000c67fffa0, 0x00000000c6800000| 99%| O|  |TAMS 0x00000000c6700000| PB 0x00000000c67fffa0| Untracked 
| 104|0x00000000c6800000, 0x00000000c68ffff0, 0x00000000c6900000| 99%| O|  |TAMS 0x00000000c6800000| PB 0x00000000c68ffff0| Untracked 
| 105|0x00000000c6900000, 0x00000000c69ffff0, 0x00000000c6a00000| 99%| O|  |TAMS 0x00000000c6900000| PB 0x00000000c69ffff0| Untracked 
| 106|0x00000000c6a00000, 0x00000000c6afff90, 0x00000000c6b00000| 99%| O|  |TAMS 0x00000000c6a00000| PB 0x00000000c6afff90| Untracked 
| 107|0x00000000c6b00000, 0x00000000c6bffff0, 0x00000000c6c00000| 99%| O|  |TAMS 0x00000000c6b00000| PB 0x00000000c6bffff0| Untracked 
| 108|0x00000000c6c00000, 0x00000000c6cfff88, 0x00000000c6d00000| 99%| O|  |TAMS 0x00000000c6c00000| PB 0x00000000c6cfff88| Untracked 
| 109|0x00000000c6d00000, 0x00000000c6dffff0, 0x00000000c6e00000| 99%| O|  |TAMS 0x00000000c6d00000| PB 0x00000000c6dffff0| Untracked 
| 110|0x00000000c6e00000, 0x00000000c6effff8, 0x00000000c6f00000| 99%| O|  |TAMS 0x00000000c6e00000| PB 0x00000000c6effff8| Untracked 
| 111|0x00000000c6f00000, 0x00000000c6fffff8, 0x00000000c7000000| 99%| O|  |TAMS 0x00000000c6f00000| PB 0x00000000c6fffff8| Untracked 
| 112|0x00000000c7000000, 0x00000000c7100000, 0x00000000c7100000|100%| O|  |TAMS 0x00000000c7000000| PB 0x00000000c7100000| Untracked 
| 113|0x00000000c7100000, 0x00000000c71ffff0, 0x00000000c7200000| 99%| O|  |TAMS 0x00000000c7100000| PB 0x00000000c71ffff0| Untracked 
| 114|0x00000000c7200000, 0x00000000c72ffff0, 0x00000000c7300000| 99%| O|  |TAMS 0x00000000c7200000| PB 0x00000000c72ffff0| Untracked 
| 115|0x00000000c7300000, 0x00000000c73fff60, 0x00000000c7400000| 99%| O|  |TAMS 0x00000000c7300000| PB 0x00000000c73fff60| Untracked 
| 116|0x00000000c7400000, 0x00000000c74fff70, 0x00000000c7500000| 99%| O|  |TAMS 0x00000000c7400000| PB 0x00000000c74fff70| Untracked 
| 117|0x00000000c7500000, 0x00000000c7600000, 0x00000000c7600000|100%| O|  |TAMS 0x00000000c7500000| PB 0x00000000c7600000| Untracked 
| 118|0x00000000c7600000, 0x00000000c76fffe8, 0x00000000c7700000| 99%| O|  |TAMS 0x00000000c7600000| PB 0x00000000c76fffe8| Untracked 
| 119|0x00000000c7700000, 0x00000000c7800000, 0x00000000c7800000|100%| O|  |TAMS 0x00000000c7700000| PB 0x00000000c7800000| Untracked 
| 120|0x00000000c7800000, 0x00000000c78fff40, 0x00000000c7900000| 99%| O|  |TAMS 0x00000000c7800000| PB 0x00000000c78fff40| Untracked 
| 121|0x00000000c7900000, 0x00000000c79fffe0, 0x00000000c7a00000| 99%| O|  |TAMS 0x00000000c7900000| PB 0x00000000c79fffe0| Untracked 
| 122|0x00000000c7a00000, 0x00000000c7afff60, 0x00000000c7b00000| 99%| O|  |TAMS 0x00000000c7a00000| PB 0x00000000c7afff60| Untracked 
| 123|0x00000000c7b00000, 0x00000000c7bffff8, 0x00000000c7c00000| 99%| O|  |TAMS 0x00000000c7b00000| PB 0x00000000c7bffff8| Untracked 
| 124|0x00000000c7c00000, 0x00000000c7cfff58, 0x00000000c7d00000| 99%| O|  |TAMS 0x00000000c7c00000| PB 0x00000000c7cfff58| Untracked 
| 125|0x00000000c7d00000, 0x00000000c7e00000, 0x00000000c7e00000|100%| O|  |TAMS 0x00000000c7d00000| PB 0x00000000c7e00000| Untracked 
| 126|0x00000000c7e00000, 0x00000000c7efb688, 0x00000000c7f00000| 98%| O|  |TAMS 0x00000000c7e00000| PB 0x00000000c7efb688| Untracked 
| 127|0x00000000c7f00000, 0x00000000c7fffff0, 0x00000000c8000000| 99%| O|  |TAMS 0x00000000c7f00000| PB 0x00000000c7fffff0| Untracked 
| 128|0x00000000c8000000, 0x00000000c80fffc0, 0x00000000c8100000| 99%| O|  |TAMS 0x00000000c8000000| PB 0x00000000c80fffc0| Untracked 
| 129|0x00000000c8100000, 0x00000000c81fff88, 0x00000000c8200000| 99%| O|  |TAMS 0x00000000c8100000| PB 0x00000000c81fff88| Untracked 
| 130|0x00000000c8200000, 0x00000000c82fffd8, 0x00000000c8300000| 99%| O|  |TAMS 0x00000000c8200000| PB 0x00000000c82fffd8| Untracked 
| 131|0x00000000c8300000, 0x00000000c83ffff8, 0x00000000c8400000| 99%| O|  |TAMS 0x00000000c8300000| PB 0x00000000c83ffff8| Untracked 
| 132|0x00000000c8400000, 0x00000000c84ffff0, 0x00000000c8500000| 99%| O|  |TAMS 0x00000000c8400000| PB 0x00000000c84ffff0| Untracked 
| 133|0x00000000c8500000, 0x00000000c85ffff0, 0x00000000c8600000| 99%| O|  |TAMS 0x00000000c8500000| PB 0x00000000c85ffff0| Untracked 
| 134|0x00000000c8600000, 0x00000000c86ffff0, 0x00000000c8700000| 99%| O|  |TAMS 0x00000000c8600000| PB 0x00000000c86ffff0| Untracked 
| 135|0x00000000c8700000, 0x00000000c87ffff8, 0x00000000c8800000| 99%| O|  |TAMS 0x00000000c8700000| PB 0x00000000c87ffff8| Untracked 
| 136|0x00000000c8800000, 0x00000000c8900000, 0x00000000c8900000|100%| O|  |TAMS 0x00000000c8800000| PB 0x00000000c8900000| Untracked 
| 137|0x00000000c8900000, 0x00000000c8a00000, 0x00000000c8a00000|100%| O|  |TAMS 0x00000000c8900000| PB 0x00000000c8a00000| Untracked 
| 138|0x00000000c8a00000, 0x00000000c8affff0, 0x00000000c8b00000| 99%| O|  |TAMS 0x00000000c8a00000| PB 0x00000000c8affff0| Untracked 
| 139|0x00000000c8b00000, 0x00000000c8c00000, 0x00000000c8c00000|100%| O|  |TAMS 0x00000000c8b00000| PB 0x00000000c8c00000| Untracked 
| 140|0x00000000c8c00000, 0x00000000c8cfffc8, 0x00000000c8d00000| 99%| O|  |TAMS 0x00000000c8c00000| PB 0x00000000c8cfffc8| Untracked 
| 141|0x00000000c8d00000, 0x00000000c8dffff8, 0x00000000c8e00000| 99%| O|  |TAMS 0x00000000c8d00000| PB 0x00000000c8dffff8| Untracked 
| 142|0x00000000c8e00000, 0x00000000c8efff58, 0x00000000c8f00000| 99%| O|  |TAMS 0x00000000c8e00000| PB 0x00000000c8efff58| Untracked 
| 143|0x00000000c8f00000, 0x00000000c8ffff50, 0x00000000c9000000| 99%| O|  |TAMS 0x00000000c8f00000| PB 0x00000000c8ffff50| Untracked 
| 144|0x00000000c9000000, 0x00000000c90fffd0, 0x00000000c9100000| 99%| O|  |TAMS 0x00000000c9000000| PB 0x00000000c90fffd0| Untracked 
| 145|0x00000000c9100000, 0x00000000c91fffe0, 0x00000000c9200000| 99%| O|  |TAMS 0x00000000c9100000| PB 0x00000000c91fffe0| Untracked 
| 146|0x00000000c9200000, 0x00000000c92ffff8, 0x00000000c9300000| 99%| O|  |TAMS 0x00000000c9200000| PB 0x00000000c92ffff8| Untracked 
| 147|0x00000000c9300000, 0x00000000c93fffb8, 0x00000000c9400000| 99%| O|  |TAMS 0x00000000c9300000| PB 0x00000000c93fffb8| Untracked 
| 148|0x00000000c9400000, 0x00000000c94fffe0, 0x00000000c9500000| 99%| O|  |TAMS 0x00000000c9400000| PB 0x00000000c94fffe0| Untracked 
| 149|0x00000000c9500000, 0x00000000c9600000, 0x00000000c9600000|100%| O|  |TAMS 0x00000000c9500000| PB 0x00000000c9600000| Untracked 
| 150|0x00000000c9600000, 0x00000000c96ffff0, 0x00000000c9700000| 99%| O|  |TAMS 0x00000000c9600000| PB 0x00000000c96ffff0| Untracked 
| 151|0x00000000c9700000, 0x00000000c97ffff0, 0x00000000c9800000| 99%| O|  |TAMS 0x00000000c9700000| PB 0x00000000c97ffff0| Untracked 
| 152|0x00000000c9800000, 0x00000000c98fff90, 0x00000000c9900000| 99%| O|  |TAMS 0x00000000c9800000| PB 0x00000000c98fff90| Untracked 
| 153|0x00000000c9900000, 0x00000000c99ffff0, 0x00000000c9a00000| 99%| O|  |TAMS 0x00000000c9900000| PB 0x00000000c99ffff0| Untracked 
| 154|0x00000000c9a00000, 0x00000000c9affff0, 0x00000000c9b00000| 99%| O|  |TAMS 0x00000000c9a00000| PB 0x00000000c9affff0| Untracked 
| 155|0x00000000c9b00000, 0x00000000c9bffff8, 0x00000000c9c00000| 99%| O|  |TAMS 0x00000000c9b00000| PB 0x00000000c9bffff8| Untracked 
| 156|0x00000000c9c00000, 0x00000000c9d00000, 0x00000000c9d00000|100%| O|  |TAMS 0x00000000c9c00000| PB 0x00000000c9d00000| Untracked 
| 157|0x00000000c9d00000, 0x00000000c9dfffa8, 0x00000000c9e00000| 99%| O|  |TAMS 0x00000000c9d00000| PB 0x00000000c9dfffa8| Untracked 
| 158|0x00000000c9e00000, 0x00000000c9f00000, 0x00000000c9f00000|100%| O|  |TAMS 0x00000000c9e00000| PB 0x00000000c9f00000| Untracked 
| 159|0x00000000c9f00000, 0x00000000c9ffff98, 0x00000000ca000000| 99%| O|  |TAMS 0x00000000c9f00000| PB 0x00000000c9ffff98| Untracked 
| 160|0x00000000ca000000, 0x00000000ca0fffc0, 0x00000000ca100000| 99%| O|  |TAMS 0x00000000ca000000| PB 0x00000000ca0fffc0| Untracked 
| 161|0x00000000ca100000, 0x00000000ca200000, 0x00000000ca200000|100%| O|  |TAMS 0x00000000ca100000| PB 0x00000000ca200000| Untracked 
| 162|0x00000000ca200000, 0x00000000ca2fff48, 0x00000000ca300000| 99%| O|  |TAMS 0x00000000ca200000| PB 0x00000000ca2fff48| Untracked 
| 163|0x00000000ca300000, 0x00000000ca3ffff0, 0x00000000ca400000| 99%| O|  |TAMS 0x00000000ca300000| PB 0x00000000ca3ffff0| Untracked 
| 164|0x00000000ca400000, 0x00000000ca4fffd8, 0x00000000ca500000| 99%| O|  |TAMS 0x00000000ca400000| PB 0x00000000ca4fffd8| Untracked 
| 165|0x00000000ca500000, 0x00000000ca5ffff8, 0x00000000ca600000| 99%| O|  |TAMS 0x00000000ca500000| PB 0x00000000ca5ffff8| Untracked 
| 166|0x00000000ca600000, 0x00000000ca700000, 0x00000000ca700000|100%| O|  |TAMS 0x00000000ca600000| PB 0x00000000ca700000| Untracked 
| 167|0x00000000ca700000, 0x00000000ca7ffff8, 0x00000000ca800000| 99%| O|  |TAMS 0x00000000ca700000| PB 0x00000000ca7ffff8| Untracked 
| 168|0x00000000ca800000, 0x00000000ca8fffa8, 0x00000000ca900000| 99%| O|  |TAMS 0x00000000ca800000| PB 0x00000000ca8fffa8| Untracked 
| 169|0x00000000ca900000, 0x00000000ca9fffc8, 0x00000000caa00000| 99%| O|  |TAMS 0x00000000ca900000| PB 0x00000000ca9fffc8| Untracked 
| 170|0x00000000caa00000, 0x00000000caafffd0, 0x00000000cab00000| 99%| O|  |TAMS 0x00000000caa00000| PB 0x00000000caafffd0| Untracked 
| 171|0x00000000cab00000, 0x00000000cac00000, 0x00000000cac00000|100%| O|  |TAMS 0x00000000cab00000| PB 0x00000000cac00000| Untracked 
| 172|0x00000000cac00000, 0x00000000cacfffb0, 0x00000000cad00000| 99%| O|  |TAMS 0x00000000cac00000| PB 0x00000000cacfffb0| Untracked 
| 173|0x00000000cad00000, 0x00000000cadffff0, 0x00000000cae00000| 99%| O|  |TAMS 0x00000000cad00000| PB 0x00000000cadffff0| Untracked 
| 174|0x00000000cae00000, 0x00000000caefffb0, 0x00000000caf00000| 99%| O|  |TAMS 0x00000000cae00000| PB 0x00000000caefffb0| Untracked 
| 175|0x00000000caf00000, 0x00000000cafffff0, 0x00000000cb000000| 99%| O|  |TAMS 0x00000000caf00000| PB 0x00000000cafffff0| Untracked 
| 176|0x00000000cb000000, 0x00000000cb0fffe0, 0x00000000cb100000| 99%| O|  |TAMS 0x00000000cb000000| PB 0x00000000cb0fffe0| Untracked 
| 177|0x00000000cb100000, 0x00000000cb1fff90, 0x00000000cb200000| 99%| O|  |TAMS 0x00000000cb100000| PB 0x00000000cb1fff90| Untracked 
| 178|0x00000000cb200000, 0x00000000cb2ffff0, 0x00000000cb300000| 99%| O|  |TAMS 0x00000000cb200000| PB 0x00000000cb2ffff0| Untracked 
| 179|0x00000000cb300000, 0x00000000cb3ffff0, 0x00000000cb400000| 99%| O|  |TAMS 0x00000000cb300000| PB 0x00000000cb3ffff0| Untracked 
| 180|0x00000000cb400000, 0x00000000cb4fff98, 0x00000000cb500000| 99%| O|  |TAMS 0x00000000cb400000| PB 0x00000000cb4fff98| Untracked 
| 181|0x00000000cb500000, 0x00000000cb600000, 0x00000000cb600000|100%| O|  |TAMS 0x00000000cb500000| PB 0x00000000cb600000| Untracked 
| 182|0x00000000cb600000, 0x00000000cb6ffff8, 0x00000000cb700000| 99%| O|  |TAMS 0x00000000cb600000| PB 0x00000000cb6ffff8| Untracked 
| 183|0x00000000cb700000, 0x00000000cb800000, 0x00000000cb800000|100%| O|  |TAMS 0x00000000cb700000| PB 0x00000000cb800000| Untracked 
| 184|0x00000000cb800000, 0x00000000cb8ffff8, 0x00000000cb900000| 99%| O|  |TAMS 0x00000000cb800000| PB 0x00000000cb8ffff8| Untracked 
| 185|0x00000000cb900000, 0x00000000cb9fff40, 0x00000000cba00000| 99%| O|  |TAMS 0x00000000cb900000| PB 0x00000000cb9fff40| Untracked 
| 186|0x00000000cba00000, 0x00000000cbaffff0, 0x00000000cbb00000| 99%| O|  |TAMS 0x00000000cba00000| PB 0x00000000cbaffff0| Untracked 
| 187|0x00000000cbb00000, 0x00000000cbbfffc8, 0x00000000cbc00000| 99%| O|  |TAMS 0x00000000cbb00000| PB 0x00000000cbbfffc8| Untracked 
| 188|0x00000000cbc00000, 0x00000000cbcffff0, 0x00000000cbd00000| 99%| O|  |TAMS 0x00000000cbc00000| PB 0x00000000cbcffff0| Untracked 
| 189|0x00000000cbd00000, 0x00000000cbdfff98, 0x00000000cbe00000| 99%| O|  |TAMS 0x00000000cbd00000| PB 0x00000000cbdfff98| Untracked 
| 190|0x00000000cbe00000, 0x00000000cbefff90, 0x00000000cbf00000| 99%| O|  |TAMS 0x00000000cbe00000| PB 0x00000000cbefff90| Untracked 
| 191|0x00000000cbf00000, 0x00000000cbfffff8, 0x00000000cc000000| 99%| O|  |TAMS 0x00000000cbf00000| PB 0x00000000cbfffff8| Untracked 
| 192|0x00000000cc000000, 0x00000000cc0ffff0, 0x00000000cc100000| 99%| O|  |TAMS 0x00000000cc000000| PB 0x00000000cc0ffff0| Untracked 
| 193|0x00000000cc100000, 0x00000000cc1fff90, 0x00000000cc200000| 99%| O|  |TAMS 0x00000000cc100000| PB 0x00000000cc1fff90| Untracked 
| 194|0x00000000cc200000, 0x00000000cc2fffb8, 0x00000000cc300000| 99%| O|  |TAMS 0x00000000cc200000| PB 0x00000000cc2fffb8| Untracked 
| 195|0x00000000cc300000, 0x00000000cc3fff80, 0x00000000cc400000| 99%| O|  |TAMS 0x00000000cc300000| PB 0x00000000cc3fff80| Untracked 
| 196|0x00000000cc400000, 0x00000000cc4ffff0, 0x00000000cc500000| 99%| O|  |TAMS 0x00000000cc400000| PB 0x00000000cc4ffff0| Untracked 
| 197|0x00000000cc500000, 0x00000000cc600000, 0x00000000cc600000|100%| O|  |TAMS 0x00000000cc500000| PB 0x00000000cc600000| Untracked 
| 198|0x00000000cc600000, 0x00000000cc6ffff8, 0x00000000cc700000| 99%| O|  |TAMS 0x00000000cc600000| PB 0x00000000cc6ffff8| Untracked 
| 199|0x00000000cc700000, 0x00000000cc7ffff0, 0x00000000cc800000| 99%| O|  |TAMS 0x00000000cc700000| PB 0x00000000cc7ffff0| Untracked 
| 200|0x00000000cc800000, 0x00000000cc8fff70, 0x00000000cc900000| 99%| O|  |TAMS 0x00000000cc800000| PB 0x00000000cc8fff70| Untracked 
| 201|0x00000000cc900000, 0x00000000cc9fffc0, 0x00000000cca00000| 99%| O|  |TAMS 0x00000000cc900000| PB 0x00000000cc9fffc0| Untracked 
| 202|0x00000000cca00000, 0x00000000ccb00000, 0x00000000ccb00000|100%| O|  |TAMS 0x00000000cca00000| PB 0x00000000ccb00000| Untracked 
| 203|0x00000000ccb00000, 0x00000000ccbffff0, 0x00000000ccc00000| 99%| O|  |TAMS 0x00000000ccb00000| PB 0x00000000ccbffff0| Untracked 
| 204|0x00000000ccc00000, 0x00000000ccd00000, 0x00000000ccd00000|100%| O|  |TAMS 0x00000000ccc00000| PB 0x00000000ccd00000| Untracked 
| 205|0x00000000ccd00000, 0x00000000cce00000, 0x00000000cce00000|100%| O|  |TAMS 0x00000000ccd00000| PB 0x00000000cce00000| Untracked 
| 206|0x00000000cce00000, 0x00000000ccf00000, 0x00000000ccf00000|100%| O|  |TAMS 0x00000000cce00000| PB 0x00000000ccf00000| Untracked 
| 207|0x00000000ccf00000, 0x00000000ccffffb0, 0x00000000cd000000| 99%| O|  |TAMS 0x00000000ccf00000| PB 0x00000000ccffffb0| Untracked 
| 208|0x00000000cd000000, 0x00000000cd0fffe0, 0x00000000cd100000| 99%| O|  |TAMS 0x00000000cd000000| PB 0x00000000cd0fffe0| Untracked 
| 209|0x00000000cd100000, 0x00000000cd1ffff8, 0x00000000cd200000| 99%| O|  |TAMS 0x00000000cd100000| PB 0x00000000cd1ffff8| Untracked 
| 210|0x00000000cd200000, 0x00000000cd2ffff8, 0x00000000cd300000| 99%| O|  |TAMS 0x00000000cd200000| PB 0x00000000cd2ffff8| Untracked 
| 211|0x00000000cd300000, 0x00000000cd3fff90, 0x00000000cd400000| 99%| O|  |TAMS 0x00000000cd300000| PB 0x00000000cd3fff90| Untracked 
| 212|0x00000000cd400000, 0x00000000cd500000, 0x00000000cd500000|100%| O|  |TAMS 0x00000000cd400000| PB 0x00000000cd500000| Untracked 
| 213|0x00000000cd500000, 0x00000000cd5ffff8, 0x00000000cd600000| 99%| O|  |TAMS 0x00000000cd500000| PB 0x00000000cd5ffff8| Untracked 
| 214|0x00000000cd600000, 0x00000000cd6fff98, 0x00000000cd700000| 99%| O|  |TAMS 0x00000000cd600000| PB 0x00000000cd6fff98| Untracked 
| 215|0x00000000cd700000, 0x00000000cd7ffff0, 0x00000000cd800000| 99%| O|  |TAMS 0x00000000cd700000| PB 0x00000000cd7ffff0| Untracked 
| 216|0x00000000cd800000, 0x00000000cd8ffff8, 0x00000000cd900000| 99%| O|  |TAMS 0x00000000cd800000| PB 0x00000000cd8ffff8| Untracked 
| 217|0x00000000cd900000, 0x00000000cda00000, 0x00000000cda00000|100%| O|  |TAMS 0x00000000cd900000| PB 0x00000000cda00000| Untracked 
| 218|0x00000000cda00000, 0x00000000cdaffff0, 0x00000000cdb00000| 99%| O|  |TAMS 0x00000000cda00000| PB 0x00000000cdaffff0| Untracked 
| 219|0x00000000cdb00000, 0x00000000cdbfffc8, 0x00000000cdc00000| 99%| O|  |TAMS 0x00000000cdb00000| PB 0x00000000cdbfffc8| Untracked 
| 220|0x00000000cdc00000, 0x00000000cdcffff8, 0x00000000cdd00000| 99%| O|  |TAMS 0x00000000cdc00000| PB 0x00000000cdcffff8| Untracked 
| 221|0x00000000cdd00000, 0x00000000cddffff0, 0x00000000cde00000| 99%| O|  |TAMS 0x00000000cdd00000| PB 0x00000000cddffff0| Untracked 
| 222|0x00000000cde00000, 0x00000000cdf00000, 0x00000000cdf00000|100%| O|  |TAMS 0x00000000cde00000| PB 0x00000000cdf00000| Untracked 
| 223|0x00000000cdf00000, 0x00000000cdfffff0, 0x00000000ce000000| 99%| O|  |TAMS 0x00000000cdf00000| PB 0x00000000cdfffff0| Untracked 
| 224|0x00000000ce000000, 0x00000000ce0ff880, 0x00000000ce100000| 99%| O|  |TAMS 0x00000000ce000000| PB 0x00000000ce0ff880| Untracked 
| 225|0x00000000ce100000, 0x00000000ce1fffd8, 0x00000000ce200000| 99%| O|  |TAMS 0x00000000ce100000| PB 0x00000000ce1fffd8| Untracked 
| 226|0x00000000ce200000, 0x00000000ce2ffff0, 0x00000000ce300000| 99%| O|  |TAMS 0x00000000ce200000| PB 0x00000000ce2ffff0| Untracked 
| 227|0x00000000ce300000, 0x00000000ce3ffff8, 0x00000000ce400000| 99%| O|  |TAMS 0x00000000ce300000| PB 0x00000000ce3ffff8| Untracked 
| 228|0x00000000ce400000, 0x00000000ce4ffff8, 0x00000000ce500000| 99%| O|  |TAMS 0x00000000ce400000| PB 0x00000000ce4ffff8| Untracked 
| 229|0x00000000ce500000, 0x00000000ce5fffe0, 0x00000000ce600000| 99%| O|  |TAMS 0x00000000ce500000| PB 0x00000000ce5fffe0| Untracked 
| 230|0x00000000ce600000, 0x00000000ce6fff90, 0x00000000ce700000| 99%| O|  |TAMS 0x00000000ce600000| PB 0x00000000ce6fff90| Untracked 
| 231|0x00000000ce700000, 0x00000000ce7ffff0, 0x00000000ce800000| 99%| O|  |TAMS 0x00000000ce700000| PB 0x00000000ce7ffff0| Untracked 
| 232|0x00000000ce800000, 0x00000000ce8fff98, 0x00000000ce900000| 99%| O|  |TAMS 0x00000000ce800000| PB 0x00000000ce8fff98| Untracked 
| 233|0x00000000ce900000, 0x00000000cea00000, 0x00000000cea00000|100%| O|  |TAMS 0x00000000ce900000| PB 0x00000000cea00000| Untracked 
| 234|0x00000000cea00000, 0x00000000ceb00000, 0x00000000ceb00000|100%| O|  |TAMS 0x00000000cea00000| PB 0x00000000ceb00000| Untracked 
| 235|0x00000000ceb00000, 0x00000000cebffff8, 0x00000000cec00000| 99%| O|  |TAMS 0x00000000ceb00000| PB 0x00000000cebffff8| Untracked 
| 236|0x00000000cec00000, 0x00000000ced00000, 0x00000000ced00000|100%| O|  |TAMS 0x00000000cec00000| PB 0x00000000ced00000| Untracked 
| 237|0x00000000ced00000, 0x00000000cee00000, 0x00000000cee00000|100%| O|  |TAMS 0x00000000ced00000| PB 0x00000000cee00000| Untracked 
| 238|0x00000000cee00000, 0x00000000ceefff88, 0x00000000cef00000| 99%| O|  |TAMS 0x00000000cee00000| PB 0x00000000ceefff88| Untracked 
| 239|0x00000000cef00000, 0x00000000ceffffe8, 0x00000000cf000000| 99%| O|  |TAMS 0x00000000cef00000| PB 0x00000000ceffffe8| Untracked 
| 240|0x00000000cf000000, 0x00000000cf0fff98, 0x00000000cf100000| 99%| O|  |TAMS 0x00000000cf000000| PB 0x00000000cf0fff98| Untracked 
| 241|0x00000000cf100000, 0x00000000cf200000, 0x00000000cf200000|100%| O|  |TAMS 0x00000000cf100000| PB 0x00000000cf200000| Untracked 
| 242|0x00000000cf200000, 0x00000000cf2ffff8, 0x00000000cf300000| 99%| O|  |TAMS 0x00000000cf200000| PB 0x00000000cf2ffff8| Untracked 
| 243|0x00000000cf300000, 0x00000000cf3ffff8, 0x00000000cf400000| 99%| O|  |TAMS 0x00000000cf300000| PB 0x00000000cf3ffff8| Untracked 
| 244|0x00000000cf400000, 0x00000000cf4fffd0, 0x00000000cf500000| 99%| O|  |TAMS 0x00000000cf400000| PB 0x00000000cf4fffd0| Untracked 
| 245|0x00000000cf500000, 0x00000000cf5ffff8, 0x00000000cf600000| 99%| O|  |TAMS 0x00000000cf500000| PB 0x00000000cf5ffff8| Untracked 
| 246|0x00000000cf600000, 0x00000000cf6ffff0, 0x00000000cf700000| 99%| O|  |TAMS 0x00000000cf600000| PB 0x00000000cf6ffff0| Untracked 
| 247|0x00000000cf700000, 0x00000000cf7fffc8, 0x00000000cf800000| 99%| O|  |TAMS 0x00000000cf700000| PB 0x00000000cf7fffc8| Untracked 
| 248|0x00000000cf800000, 0x00000000cf8ffff0, 0x00000000cf900000| 99%| O|  |TAMS 0x00000000cf800000| PB 0x00000000cf8ffff0| Untracked 
| 249|0x00000000cf900000, 0x00000000cf9fffe8, 0x00000000cfa00000| 99%| O|  |TAMS 0x00000000cf900000| PB 0x00000000cf9fffe8| Untracked 
| 250|0x00000000cfa00000, 0x00000000cfb00000, 0x00000000cfb00000|100%| O|  |TAMS 0x00000000cfa00000| PB 0x00000000cfb00000| Untracked 
| 251|0x00000000cfb00000, 0x00000000cfbffff8, 0x00000000cfc00000| 99%| O|  |TAMS 0x00000000cfb00000| PB 0x00000000cfbffff8| Untracked 
| 252|0x00000000cfc00000, 0x00000000cfcffff8, 0x00000000cfd00000| 99%| O|  |TAMS 0x00000000cfc00000| PB 0x00000000cfcffff8| Untracked 
| 253|0x00000000cfd00000, 0x00000000cfdffff0, 0x00000000cfe00000| 99%| O|  |TAMS 0x00000000cfd00000| PB 0x00000000cfdffff0| Untracked 
| 254|0x00000000cfe00000, 0x00000000cfefffa8, 0x00000000cff00000| 99%| O|  |TAMS 0x00000000cfe00000| PB 0x00000000cfefffa8| Untracked 
| 255|0x00000000cff00000, 0x00000000cfffff68, 0x00000000d0000000| 99%| O|  |TAMS 0x00000000cff00000| PB 0x00000000cfffff68| Untracked 
| 256|0x00000000d0000000, 0x00000000d00fffe8, 0x00000000d0100000| 99%| O|  |TAMS 0x00000000d0000000| PB 0x00000000d00fffe8| Untracked 
| 257|0x00000000d0100000, 0x00000000d01fffe0, 0x00000000d0200000| 99%| O|  |TAMS 0x00000000d0100000| PB 0x00000000d01fffe0| Untracked 
| 258|0x00000000d0200000, 0x00000000d02fffe0, 0x00000000d0300000| 99%| O|  |TAMS 0x00000000d0200000| PB 0x00000000d02fffe0| Untracked 
| 259|0x00000000d0300000, 0x00000000d03ffff0, 0x00000000d0400000| 99%| O|  |TAMS 0x00000000d0300000| PB 0x00000000d03ffff0| Untracked 
| 260|0x00000000d0400000, 0x00000000d04ffff0, 0x00000000d0500000| 99%| O|  |TAMS 0x00000000d0400000| PB 0x00000000d04ffff0| Untracked 
| 261|0x00000000d0500000, 0x00000000d05ffff0, 0x00000000d0600000| 99%| O|  |TAMS 0x00000000d0500000| PB 0x00000000d05ffff0| Untracked 
| 262|0x00000000d0600000, 0x00000000d06ffff0, 0x00000000d0700000| 99%| O|  |TAMS 0x00000000d0600000| PB 0x00000000d06ffff0| Untracked 
| 263|0x00000000d0700000, 0x00000000d0800000, 0x00000000d0800000|100%| O|  |TAMS 0x00000000d0700000| PB 0x00000000d0800000| Untracked 
| 264|0x00000000d0800000, 0x00000000d0900000, 0x00000000d0900000|100%| O|  |TAMS 0x00000000d0800000| PB 0x00000000d0900000| Untracked 
| 265|0x00000000d0900000, 0x00000000d09ffff0, 0x00000000d0a00000| 99%| O|  |TAMS 0x00000000d0900000| PB 0x00000000d09ffff0| Untracked 
| 266|0x00000000d0a00000, 0x00000000d0b00000, 0x00000000d0b00000|100%| O|  |TAMS 0x00000000d0a00000| PB 0x00000000d0b00000| Untracked 
| 267|0x00000000d0b00000, 0x00000000d0bffff0, 0x00000000d0c00000| 99%| O|  |TAMS 0x00000000d0b00000| PB 0x00000000d0bffff0| Untracked 
| 268|0x00000000d0c00000, 0x00000000d0cfffb8, 0x00000000d0d00000| 99%| O|  |TAMS 0x00000000d0c00000| PB 0x00000000d0cfffb8| Untracked 
| 269|0x00000000d0d00000, 0x00000000d0e00000, 0x00000000d0e00000|100%| O|  |TAMS 0x00000000d0d00000| PB 0x00000000d0e00000| Untracked 
| 270|0x00000000d0e00000, 0x00000000d0efffe8, 0x00000000d0f00000| 99%| O|  |TAMS 0x00000000d0e00000| PB 0x00000000d0efffe8| Untracked 
| 271|0x00000000d0f00000, 0x00000000d0fffff8, 0x00000000d1000000| 99%| O|  |TAMS 0x00000000d0f00000| PB 0x00000000d0fffff8| Untracked 
| 272|0x00000000d1000000, 0x00000000d10fffc0, 0x00000000d1100000| 99%| O|  |TAMS 0x00000000d1000000| PB 0x00000000d10fffc0| Untracked 
| 273|0x00000000d1100000, 0x00000000d11fff80, 0x00000000d1200000| 99%| O|  |TAMS 0x00000000d1100000| PB 0x00000000d11fff80| Untracked 
| 274|0x00000000d1200000, 0x00000000d1300000, 0x00000000d1300000|100%| O|  |TAMS 0x00000000d1200000| PB 0x00000000d1300000| Untracked 
| 275|0x00000000d1300000, 0x00000000d1400000, 0x00000000d1400000|100%| O|  |TAMS 0x00000000d1300000| PB 0x00000000d1400000| Untracked 
| 276|0x00000000d1400000, 0x00000000d14fff88, 0x00000000d1500000| 99%| O|  |TAMS 0x00000000d1400000| PB 0x00000000d14fff88| Untracked 
| 277|0x00000000d1500000, 0x00000000d15ffff8, 0x00000000d1600000| 99%| O|  |TAMS 0x00000000d1500000| PB 0x00000000d15ffff8| Untracked 
| 278|0x00000000d1600000, 0x00000000d16ffff8, 0x00000000d1700000| 99%| O|  |TAMS 0x00000000d1600000| PB 0x00000000d16ffff8| Untracked 
| 279|0x00000000d1700000, 0x00000000d17fff88, 0x00000000d1800000| 99%| O|  |TAMS 0x00000000d1700000| PB 0x00000000d17fff88| Untracked 
| 280|0x00000000d1800000, 0x00000000d18fff58, 0x00000000d1900000| 99%| O|  |TAMS 0x00000000d1800000| PB 0x00000000d18fff58| Untracked 
| 281|0x00000000d1900000, 0x00000000d1a00000, 0x00000000d1a00000|100%| O|  |TAMS 0x00000000d1900000| PB 0x00000000d1a00000| Untracked 
| 282|0x00000000d1a00000, 0x00000000d1affff0, 0x00000000d1b00000| 99%| O|  |TAMS 0x00000000d1a00000| PB 0x00000000d1affff0| Untracked 
| 283|0x00000000d1b00000, 0x00000000d1bfffb8, 0x00000000d1c00000| 99%| O|  |TAMS 0x00000000d1b00000| PB 0x00000000d1bfffb8| Untracked 
| 284|0x00000000d1c00000, 0x00000000d1d00000, 0x00000000d1d00000|100%| O|  |TAMS 0x00000000d1c00000| PB 0x00000000d1d00000| Untracked 
| 285|0x00000000d1d00000, 0x00000000d1dffff0, 0x00000000d1e00000| 99%| O|  |TAMS 0x00000000d1d00000| PB 0x00000000d1dffff0| Untracked 
| 286|0x00000000d1e00000, 0x00000000d1effff8, 0x00000000d1f00000| 99%| O|  |TAMS 0x00000000d1e00000| PB 0x00000000d1effff8| Untracked 
| 287|0x00000000d1f00000, 0x00000000d1fffff0, 0x00000000d2000000| 99%| O|  |TAMS 0x00000000d1f00000| PB 0x00000000d1fffff0| Untracked 
| 288|0x00000000d2000000, 0x00000000d20ffff0, 0x00000000d2100000| 99%| O|  |TAMS 0x00000000d2000000| PB 0x00000000d20ffff0| Untracked 
| 289|0x00000000d2100000, 0x00000000d21ffff0, 0x00000000d2200000| 99%| O|  |TAMS 0x00000000d2100000| PB 0x00000000d21ffff0| Untracked 
| 290|0x00000000d2200000, 0x00000000d22fff88, 0x00000000d2300000| 99%| O|  |TAMS 0x00000000d2200000| PB 0x00000000d22fff88| Untracked 
| 291|0x00000000d2300000, 0x00000000d23fffe8, 0x00000000d2400000| 99%| O|  |TAMS 0x00000000d2300000| PB 0x00000000d23fffe8| Untracked 
| 292|0x00000000d2400000, 0x00000000d24ffff0, 0x00000000d2500000| 99%| O|  |TAMS 0x00000000d2400000| PB 0x00000000d24ffff0| Untracked 
| 293|0x00000000d2500000, 0x00000000d2600000, 0x00000000d2600000|100%| O|  |TAMS 0x00000000d2500000| PB 0x00000000d2600000| Untracked 
| 294|0x00000000d2600000, 0x00000000d26ffff0, 0x00000000d2700000| 99%| O|  |TAMS 0x00000000d2600000| PB 0x00000000d26ffff0| Untracked 
| 295|0x00000000d2700000, 0x00000000d27fffb8, 0x00000000d2800000| 99%| O|  |TAMS 0x00000000d2700000| PB 0x00000000d27fffb8| Untracked 
| 296|0x00000000d2800000, 0x00000000d28fff40, 0x00000000d2900000| 99%| O|  |TAMS 0x00000000d2800000| PB 0x00000000d28fff40| Untracked 
| 297|0x00000000d2900000, 0x00000000d29fffe8, 0x00000000d2a00000| 99%| O|  |TAMS 0x00000000d2900000| PB 0x00000000d29fffe8| Untracked 
| 298|0x00000000d2a00000, 0x00000000d2affff0, 0x00000000d2b00000| 99%| O|  |TAMS 0x00000000d2a00000| PB 0x00000000d2affff0| Untracked 
| 299|0x00000000d2b00000, 0x00000000d2bfffe8, 0x00000000d2c00000| 99%| O|  |TAMS 0x00000000d2b00000| PB 0x00000000d2bfffe8| Untracked 
| 300|0x00000000d2c00000, 0x00000000d2cfffe8, 0x00000000d2d00000| 99%| O|  |TAMS 0x00000000d2c00000| PB 0x00000000d2cfffe8| Untracked 
| 301|0x00000000d2d00000, 0x00000000d2e00000, 0x00000000d2e00000|100%| O|  |TAMS 0x00000000d2d00000| PB 0x00000000d2e00000| Untracked 
| 302|0x00000000d2e00000, 0x00000000d2effff8, 0x00000000d2f00000| 99%| O|  |TAMS 0x00000000d2e00000| PB 0x00000000d2effff8| Untracked 
| 303|0x00000000d2f00000, 0x00000000d2ffffe8, 0x00000000d3000000| 99%| O|  |TAMS 0x00000000d2f00000| PB 0x00000000d2ffffe8| Untracked 
| 304|0x00000000d3000000, 0x00000000d30fffe8, 0x00000000d3100000| 99%| O|  |TAMS 0x00000000d3000000| PB 0x00000000d30fffe8| Untracked 
| 305|0x00000000d3100000, 0x00000000d31fff88, 0x00000000d3200000| 99%| O|  |TAMS 0x00000000d3100000| PB 0x00000000d31fff88| Untracked 
| 306|0x00000000d3200000, 0x00000000d32ffff8, 0x00000000d3300000| 99%| O|  |TAMS 0x00000000d3200000| PB 0x00000000d32ffff8| Untracked 
| 307|0x00000000d3300000, 0x00000000d33fffd8, 0x00000000d3400000| 99%| O|  |TAMS 0x00000000d3300000| PB 0x00000000d33fffd8| Untracked 
| 308|0x00000000d3400000, 0x00000000d34fff30, 0x00000000d3500000| 99%| O|  |TAMS 0x00000000d3400000| PB 0x00000000d34fff30| Untracked 
| 309|0x00000000d3500000, 0x00000000d35ffff8, 0x00000000d3600000| 99%| O|  |TAMS 0x00000000d3500000| PB 0x00000000d35ffff8| Untracked 
| 310|0x00000000d3600000, 0x00000000d3700000, 0x00000000d3700000|100%| O|  |TAMS 0x00000000d3600000| PB 0x00000000d3700000| Untracked 
| 311|0x00000000d3700000, 0x00000000d37fff78, 0x00000000d3800000| 99%| O|  |TAMS 0x00000000d3700000| PB 0x00000000d37fff78| Untracked 
| 312|0x00000000d3800000, 0x00000000d3900000, 0x00000000d3900000|100%| O|  |TAMS 0x00000000d3800000| PB 0x00000000d3900000| Untracked 
| 313|0x00000000d3900000, 0x00000000d3a00000, 0x00000000d3a00000|100%| O|  |TAMS 0x00000000d3900000| PB 0x00000000d3a00000| Untracked 
| 314|0x00000000d3a00000, 0x00000000d3afff60, 0x00000000d3b00000| 99%| O|  |TAMS 0x00000000d3a00000| PB 0x00000000d3afff60| Untracked 
| 315|0x00000000d3b00000, 0x00000000d3bfff70, 0x00000000d3c00000| 99%| O|  |TAMS 0x00000000d3b00000| PB 0x00000000d3bfff70| Untracked 
| 316|0x00000000d3c00000, 0x00000000d3cfff88, 0x00000000d3d00000| 99%| O|  |TAMS 0x00000000d3c00000| PB 0x00000000d3cfff88| Untracked 
| 317|0x00000000d3d00000, 0x00000000d3dfffb8, 0x00000000d3e00000| 99%| O|  |TAMS 0x00000000d3d00000| PB 0x00000000d3dfffb8| Untracked 
| 318|0x00000000d3e00000, 0x00000000d3efffb8, 0x00000000d3f00000| 99%| O|  |TAMS 0x00000000d3e00000| PB 0x00000000d3efffb8| Untracked 
| 319|0x00000000d3f00000, 0x00000000d4000000, 0x00000000d4000000|100%| O|  |TAMS 0x00000000d3f00000| PB 0x00000000d4000000| Untracked 
| 320|0x00000000d4000000, 0x00000000d40fffe8, 0x00000000d4100000| 99%| O|  |TAMS 0x00000000d4000000| PB 0x00000000d40fffe8| Untracked 
| 321|0x00000000d4100000, 0x00000000d4200000, 0x00000000d4200000|100%| O|  |TAMS 0x00000000d4100000| PB 0x00000000d4200000| Untracked 
| 322|0x00000000d4200000, 0x00000000d42ffff8, 0x00000000d4300000| 99%| O|  |TAMS 0x00000000d4200000| PB 0x00000000d42ffff8| Untracked 
| 323|0x00000000d4300000, 0x00000000d43fffd0, 0x00000000d4400000| 99%| O|  |TAMS 0x00000000d4300000| PB 0x00000000d43fffd0| Untracked 
| 324|0x00000000d4400000, 0x00000000d44ffff0, 0x00000000d4500000| 99%| O|  |TAMS 0x00000000d4400000| PB 0x00000000d44ffff0| Untracked 
| 325|0x00000000d4500000, 0x00000000d45fff50, 0x00000000d4600000| 99%| O|  |TAMS 0x00000000d4500000| PB 0x00000000d45fff50| Untracked 
| 326|0x00000000d4600000, 0x00000000d46ffff0, 0x00000000d4700000| 99%| O|  |TAMS 0x00000000d4600000| PB 0x00000000d46ffff0| Untracked 
| 327|0x00000000d4700000, 0x00000000d4800000, 0x00000000d4800000|100%| O|  |TAMS 0x00000000d4700000| PB 0x00000000d4800000| Untracked 
| 328|0x00000000d4800000, 0x00000000d48fffe0, 0x00000000d4900000| 99%| O|  |TAMS 0x00000000d4800000| PB 0x00000000d48fffe0| Untracked 
| 329|0x00000000d4900000, 0x00000000d49ffff0, 0x00000000d4a00000| 99%| O|  |TAMS 0x00000000d4900000| PB 0x00000000d49ffff0| Untracked 
| 330|0x00000000d4a00000, 0x00000000d4affff8, 0x00000000d4b00000| 99%| O|  |TAMS 0x00000000d4a00000| PB 0x00000000d4affff8| Untracked 
| 331|0x00000000d4b00000, 0x00000000d4bffff8, 0x00000000d4c00000| 99%| O|  |TAMS 0x00000000d4b00000| PB 0x00000000d4bffff8| Untracked 
| 332|0x00000000d4c00000, 0x00000000d4cfffb0, 0x00000000d4d00000| 99%| O|  |TAMS 0x00000000d4c00000| PB 0x00000000d4cfffb0| Untracked 
| 333|0x00000000d4d00000, 0x00000000d4dffff8, 0x00000000d4e00000| 99%| O|  |TAMS 0x00000000d4d00000| PB 0x00000000d4dffff8| Untracked 
| 334|0x00000000d4e00000, 0x00000000d4efffb0, 0x00000000d4f00000| 99%| O|  |TAMS 0x00000000d4e00000| PB 0x00000000d4efffb0| Untracked 
| 335|0x00000000d4f00000, 0x00000000d4ffffe8, 0x00000000d5000000| 99%| O|  |TAMS 0x00000000d4f00000| PB 0x00000000d4ffffe8| Untracked 
| 336|0x00000000d5000000, 0x00000000d50ffff8, 0x00000000d5100000| 99%| O|  |TAMS 0x00000000d5000000| PB 0x00000000d50ffff8| Untracked 
| 337|0x00000000d5100000, 0x00000000d51fff70, 0x00000000d5200000| 99%| O|  |TAMS 0x00000000d5100000| PB 0x00000000d51fff70| Untracked 
| 338|0x00000000d5200000, 0x00000000d52fffe0, 0x00000000d5300000| 99%| O|  |TAMS 0x00000000d5200000| PB 0x00000000d52fffe0| Untracked 
| 339|0x00000000d5300000, 0x00000000d53fff58, 0x00000000d5400000| 99%| O|  |TAMS 0x00000000d5300000| PB 0x00000000d53fff58| Untracked 
| 340|0x00000000d5400000, 0x00000000d54fffe0, 0x00000000d5500000| 99%| O|  |TAMS 0x00000000d5400000| PB 0x00000000d54fffe0| Untracked 
| 341|0x00000000d5500000, 0x00000000d55ffff8, 0x00000000d5600000| 99%| O|  |TAMS 0x00000000d5500000| PB 0x00000000d55ffff8| Untracked 
| 342|0x00000000d5600000, 0x00000000d56ffff8, 0x00000000d5700000| 99%| O|  |TAMS 0x00000000d5600000| PB 0x00000000d56ffff8| Untracked 
| 343|0x00000000d5700000, 0x00000000d5800000, 0x00000000d5800000|100%| O|  |TAMS 0x00000000d5700000| PB 0x00000000d5800000| Untracked 
| 344|0x00000000d5800000, 0x00000000d58fffd0, 0x00000000d5900000| 99%| O|  |TAMS 0x00000000d5800000| PB 0x00000000d58fffd0| Untracked 
| 345|0x00000000d5900000, 0x00000000d59fffd0, 0x00000000d5a00000| 99%| O|  |TAMS 0x00000000d5900000| PB 0x00000000d59fffd0| Untracked 
| 346|0x00000000d5a00000, 0x00000000d5affff0, 0x00000000d5b00000| 99%| O|  |TAMS 0x00000000d5a00000| PB 0x00000000d5affff0| Untracked 
| 347|0x00000000d5b00000, 0x00000000d5bfffa0, 0x00000000d5c00000| 99%| O|  |TAMS 0x00000000d5b00000| PB 0x00000000d5bfffa0| Untracked 
| 348|0x00000000d5c00000, 0x00000000d5d00000, 0x00000000d5d00000|100%| O|  |TAMS 0x00000000d5c00000| PB 0x00000000d5d00000| Untracked 
| 349|0x00000000d5d00000, 0x00000000d5e00000, 0x00000000d5e00000|100%| O|  |TAMS 0x00000000d5d00000| PB 0x00000000d5e00000| Untracked 
| 350|0x00000000d5e00000, 0x00000000d5efffc8, 0x00000000d5f00000| 99%| O|  |TAMS 0x00000000d5e00000| PB 0x00000000d5efffc8| Untracked 
| 351|0x00000000d5f00000, 0x00000000d5ffffb8, 0x00000000d6000000| 99%| O|  |TAMS 0x00000000d5f00000| PB 0x00000000d5ffffb8| Untracked 
| 352|0x00000000d6000000, 0x00000000d60ffff0, 0x00000000d6100000| 99%| O|  |TAMS 0x00000000d6000000| PB 0x00000000d60ffff0| Untracked 
| 353|0x00000000d6100000, 0x00000000d61fff48, 0x00000000d6200000| 99%| O|  |TAMS 0x00000000d6100000| PB 0x00000000d61fff48| Untracked 
| 354|0x00000000d6200000, 0x00000000d6300000, 0x00000000d6300000|100%| O|  |TAMS 0x00000000d6200000| PB 0x00000000d6300000| Untracked 
| 355|0x00000000d6300000, 0x00000000d63fffb0, 0x00000000d6400000| 99%| O|  |TAMS 0x00000000d6300000| PB 0x00000000d63fffb0| Untracked 
| 356|0x00000000d6400000, 0x00000000d64ffff0, 0x00000000d6500000| 99%| O|  |TAMS 0x00000000d6400000| PB 0x00000000d64ffff0| Untracked 
| 357|0x00000000d6500000, 0x00000000d65ffff8, 0x00000000d6600000| 99%| O|  |TAMS 0x00000000d6500000| PB 0x00000000d65ffff8| Untracked 
| 358|0x00000000d6600000, 0x00000000d66ffff8, 0x00000000d6700000| 99%| O|  |TAMS 0x00000000d6600000| PB 0x00000000d66ffff8| Untracked 
| 359|0x00000000d6700000, 0x00000000d67ffff8, 0x00000000d6800000| 99%| O|  |TAMS 0x00000000d6700000| PB 0x00000000d67ffff8| Untracked 
| 360|0x00000000d6800000, 0x00000000d68ffff8, 0x00000000d6900000| 99%| O|  |TAMS 0x00000000d6800000| PB 0x00000000d68ffff8| Untracked 
| 361|0x00000000d6900000, 0x00000000d69fff78, 0x00000000d6a00000| 99%| O|  |TAMS 0x00000000d6900000| PB 0x00000000d69fff78| Untracked 
| 362|0x00000000d6a00000, 0x00000000d6affff0, 0x00000000d6b00000| 99%| O|  |TAMS 0x00000000d6a00000| PB 0x00000000d6affff0| Untracked 
| 363|0x00000000d6b00000, 0x00000000d6c00000, 0x00000000d6c00000|100%| O|  |TAMS 0x00000000d6b00000| PB 0x00000000d6c00000| Untracked 
| 364|0x00000000d6c00000, 0x00000000d6cffff8, 0x00000000d6d00000| 99%| O|  |TAMS 0x00000000d6c00000| PB 0x00000000d6cffff8| Untracked 
| 365|0x00000000d6d00000, 0x00000000d6dffff8, 0x00000000d6e00000| 99%| O|  |TAMS 0x00000000d6d00000| PB 0x00000000d6dffff8| Untracked 
| 366|0x00000000d6e00000, 0x00000000d6efffe8, 0x00000000d6f00000| 99%| O|  |TAMS 0x00000000d6e00000| PB 0x00000000d6efffe8| Untracked 
| 367|0x00000000d6f00000, 0x00000000d6ffffe0, 0x00000000d7000000| 99%| O|  |TAMS 0x00000000d6f00000| PB 0x00000000d6ffffe0| Untracked 
| 368|0x00000000d7000000, 0x00000000d70fff68, 0x00000000d7100000| 99%| O|  |TAMS 0x00000000d7000000| PB 0x00000000d70fff68| Untracked 
| 369|0x00000000d7100000, 0x00000000d71fff60, 0x00000000d7200000| 99%| O|  |TAMS 0x00000000d7100000| PB 0x00000000d71fff60| Untracked 
| 370|0x00000000d7200000, 0x00000000d72fffd8, 0x00000000d7300000| 99%| O|  |TAMS 0x00000000d7200000| PB 0x00000000d72fffd8| Untracked 
| 371|0x00000000d7300000, 0x00000000d73fff90, 0x00000000d7400000| 99%| O|  |TAMS 0x00000000d7300000| PB 0x00000000d73fff90| Untracked 
| 372|0x00000000d7400000, 0x00000000d74ffff8, 0x00000000d7500000| 99%| O|  |TAMS 0x00000000d7400000| PB 0x00000000d74ffff8| Untracked 
| 373|0x00000000d7500000, 0x00000000d75fffe8, 0x00000000d7600000| 99%| O|  |TAMS 0x00000000d7500000| PB 0x00000000d75fffe8| Untracked 
| 374|0x00000000d7600000, 0x00000000d76fffc0, 0x00000000d7700000| 99%| O|  |TAMS 0x00000000d7600000| PB 0x00000000d76fffc0| Untracked 
| 375|0x00000000d7700000, 0x00000000d77fffc8, 0x00000000d7800000| 99%| O|  |TAMS 0x00000000d7700000| PB 0x00000000d77fffc8| Untracked 
| 376|0x00000000d7800000, 0x00000000d7900000, 0x00000000d7900000|100%| O|  |TAMS 0x00000000d7800000| PB 0x00000000d7900000| Untracked 
| 377|0x00000000d7900000, 0x00000000d79fff88, 0x00000000d7a00000| 99%| O|  |TAMS 0x00000000d7900000| PB 0x00000000d79fff88| Untracked 
| 378|0x00000000d7a00000, 0x00000000d7affff8, 0x00000000d7b00000| 99%| O|  |TAMS 0x00000000d7a00000| PB 0x00000000d7affff8| Untracked 
| 379|0x00000000d7b00000, 0x00000000d7bfffe8, 0x00000000d7c00000| 99%| O|  |TAMS 0x00000000d7b00000| PB 0x00000000d7bfffe8| Untracked 
| 380|0x00000000d7c00000, 0x00000000d7d00000, 0x00000000d7d00000|100%| O|  |TAMS 0x00000000d7c00000| PB 0x00000000d7d00000| Untracked 
| 381|0x00000000d7d00000, 0x00000000d7dfff98, 0x00000000d7e00000| 99%| O|  |TAMS 0x00000000d7d00000| PB 0x00000000d7dfff98| Untracked 
| 382|0x00000000d7e00000, 0x00000000d7efffe8, 0x00000000d7f00000| 99%| O|  |TAMS 0x00000000d7e00000| PB 0x00000000d7efffe8| Untracked 
| 383|0x00000000d7f00000, 0x00000000d7ffff88, 0x00000000d8000000| 99%| O|  |TAMS 0x00000000d7f00000| PB 0x00000000d7ffff88| Untracked 
| 384|0x00000000d8000000, 0x00000000d8100000, 0x00000000d8100000|100%| O|  |TAMS 0x00000000d8000000| PB 0x00000000d8100000| Untracked 
| 385|0x00000000d8100000, 0x00000000d81ffff8, 0x00000000d8200000| 99%| O|  |TAMS 0x00000000d8100000| PB 0x00000000d81ffff8| Untracked 
| 386|0x00000000d8200000, 0x00000000d82fffb0, 0x00000000d8300000| 99%| O|  |TAMS 0x00000000d8200000| PB 0x00000000d82fffb0| Untracked 
| 387|0x00000000d8300000, 0x00000000d8400000, 0x00000000d8400000|100%| O|  |TAMS 0x00000000d8300000| PB 0x00000000d8400000| Untracked 
| 388|0x00000000d8400000, 0x00000000d8500000, 0x00000000d8500000|100%| O|  |TAMS 0x00000000d8400000| PB 0x00000000d8500000| Untracked 
| 389|0x00000000d8500000, 0x00000000d85fffe8, 0x00000000d8600000| 99%| O|  |TAMS 0x00000000d8500000| PB 0x00000000d85fffe8| Untracked 
| 390|0x00000000d8600000, 0x00000000d86fff98, 0x00000000d8700000| 99%| O|  |TAMS 0x00000000d8600000| PB 0x00000000d86fff98| Untracked 
| 391|0x00000000d8700000, 0x00000000d87ffff8, 0x00000000d8800000| 99%| O|  |TAMS 0x00000000d8700000| PB 0x00000000d87ffff8| Untracked 
| 392|0x00000000d8800000, 0x00000000d8900000, 0x00000000d8900000|100%| O|  |TAMS 0x00000000d8800000| PB 0x00000000d8900000| Untracked 
| 393|0x00000000d8900000, 0x00000000d8a00000, 0x00000000d8a00000|100%| O|  |TAMS 0x00000000d8900000| PB 0x00000000d8a00000| Untracked 
| 394|0x00000000d8a00000, 0x00000000d8afffe8, 0x00000000d8b00000| 99%| O|  |TAMS 0x00000000d8a00000| PB 0x00000000d8afffe8| Untracked 
| 395|0x00000000d8b00000, 0x00000000d8bfffb8, 0x00000000d8c00000| 99%| O|  |TAMS 0x00000000d8b00000| PB 0x00000000d8bfffb8| Untracked 
| 396|0x00000000d8c00000, 0x00000000d8d00000, 0x00000000d8d00000|100%| O|  |TAMS 0x00000000d8c00000| PB 0x00000000d8d00000| Untracked 
| 397|0x00000000d8d00000, 0x00000000d8dffff0, 0x00000000d8e00000| 99%| O|  |TAMS 0x00000000d8d00000| PB 0x00000000d8dffff0| Untracked 
| 398|0x00000000d8e00000, 0x00000000d8f00000, 0x00000000d8f00000|100%| O|  |TAMS 0x00000000d8e00000| PB 0x00000000d8f00000| Untracked 
| 399|0x00000000d8f00000, 0x00000000d8fffff0, 0x00000000d9000000| 99%| O|  |TAMS 0x00000000d8f00000| PB 0x00000000d8fffff0| Untracked 
| 400|0x00000000d9000000, 0x00000000d90ffff8, 0x00000000d9100000| 99%| O|  |TAMS 0x00000000d9000000| PB 0x00000000d90ffff8| Untracked 
| 401|0x00000000d9100000, 0x00000000d9200000, 0x00000000d9200000|100%| O|  |TAMS 0x00000000d9100000| PB 0x00000000d9200000| Untracked 
| 402|0x00000000d9200000, 0x00000000d92ffff0, 0x00000000d9300000| 99%| O|  |TAMS 0x00000000d9200000| PB 0x00000000d92ffff0| Untracked 
| 403|0x00000000d9300000, 0x00000000d93ffff8, 0x00000000d9400000| 99%| O|  |TAMS 0x00000000d9300000| PB 0x00000000d93ffff8| Untracked 
| 404|0x00000000d9400000, 0x00000000d94fff88, 0x00000000d9500000| 99%| O|  |TAMS 0x00000000d9400000| PB 0x00000000d94fff88| Untracked 
| 405|0x00000000d9500000, 0x00000000d95fffd8, 0x00000000d9600000| 99%| O|  |TAMS 0x00000000d9500000| PB 0x00000000d95fffd8| Untracked 
| 406|0x00000000d9600000, 0x00000000d96fffa8, 0x00000000d9700000| 99%| O|  |TAMS 0x00000000d9600000| PB 0x00000000d96fffa8| Untracked 
| 407|0x00000000d9700000, 0x00000000d97fffe8, 0x00000000d9800000| 99%| O|  |TAMS 0x00000000d9700000| PB 0x00000000d97fffe8| Untracked 
| 408|0x00000000d9800000, 0x00000000d9900000, 0x00000000d9900000|100%| O|  |TAMS 0x00000000d9800000| PB 0x00000000d9900000| Untracked 
| 409|0x00000000d9900000, 0x00000000d99fffd8, 0x00000000d9a00000| 99%| O|  |TAMS 0x00000000d9900000| PB 0x00000000d99fffd8| Untracked 
| 410|0x00000000d9a00000, 0x00000000d9afff80, 0x00000000d9b00000| 99%| O|  |TAMS 0x00000000d9a00000| PB 0x00000000d9afff80| Untracked 
| 411|0x00000000d9b00000, 0x00000000d9bfffb8, 0x00000000d9c00000| 99%| O|  |TAMS 0x00000000d9b00000| PB 0x00000000d9bfffb8| Untracked 
| 412|0x00000000d9c00000, 0x00000000d9cfffe0, 0x00000000d9d00000| 99%| O|  |TAMS 0x00000000d9c00000| PB 0x00000000d9cfffe0| Untracked 
| 413|0x00000000d9d00000, 0x00000000d9dfff68, 0x00000000d9e00000| 99%| O|  |TAMS 0x00000000d9d00000| PB 0x00000000d9dfff68| Untracked 
| 414|0x00000000d9e00000, 0x00000000d9efff78, 0x00000000d9f00000| 99%| O|  |TAMS 0x00000000d9e00000| PB 0x00000000d9efff78| Untracked 
| 415|0x00000000d9f00000, 0x00000000d9fffff8, 0x00000000da000000| 99%| O|  |TAMS 0x00000000d9f00000| PB 0x00000000d9fffff8| Untracked 
| 416|0x00000000da000000, 0x00000000da0fffc0, 0x00000000da100000| 99%| O|  |TAMS 0x00000000da000000| PB 0x00000000da0fffc0| Untracked 
| 417|0x00000000da100000, 0x00000000da1fffd8, 0x00000000da200000| 99%| O|  |TAMS 0x00000000da100000| PB 0x00000000da1fffd8| Untracked 
| 418|0x00000000da200000, 0x00000000da2fffe8, 0x00000000da300000| 99%| O|  |TAMS 0x00000000da200000| PB 0x00000000da2fffe8| Untracked 
| 419|0x00000000da300000, 0x00000000da3ffff0, 0x00000000da400000| 99%| O|  |TAMS 0x00000000da300000| PB 0x00000000da3ffff0| Untracked 
| 420|0x00000000da400000, 0x00000000da4ffff8, 0x00000000da500000| 99%| O|  |TAMS 0x00000000da400000| PB 0x00000000da4ffff8| Untracked 
| 421|0x00000000da500000, 0x00000000da5fffc0, 0x00000000da600000| 99%| O|  |TAMS 0x00000000da500000| PB 0x00000000da5fffc0| Untracked 
| 422|0x00000000da600000, 0x00000000da6fffe8, 0x00000000da700000| 99%| O|  |TAMS 0x00000000da600000| PB 0x00000000da6fffe8| Untracked 
| 423|0x00000000da700000, 0x00000000da7ffff0, 0x00000000da800000| 99%| O|  |TAMS 0x00000000da700000| PB 0x00000000da7ffff0| Untracked 
| 424|0x00000000da800000, 0x00000000da8ffff8, 0x00000000da900000| 99%| O|  |TAMS 0x00000000da800000| PB 0x00000000da8ffff8| Untracked 
| 425|0x00000000da900000, 0x00000000da9fffc0, 0x00000000daa00000| 99%| O|  |TAMS 0x00000000da900000| PB 0x00000000da9fffc0| Untracked 
| 426|0x00000000daa00000, 0x00000000daaffff0, 0x00000000dab00000| 99%| O|  |TAMS 0x00000000daa00000| PB 0x00000000daaffff0| Untracked 
| 427|0x00000000dab00000, 0x00000000dac00000, 0x00000000dac00000|100%| O|  |TAMS 0x00000000dab00000| PB 0x00000000dac00000| Untracked 
| 428|0x00000000dac00000, 0x00000000dacfffc0, 0x00000000dad00000| 99%| O|  |TAMS 0x00000000dac00000| PB 0x00000000dacfffc0| Untracked 
| 429|0x00000000dad00000, 0x00000000dadfffc0, 0x00000000dae00000| 99%| O|  |TAMS 0x00000000dad00000| PB 0x00000000dadfffc0| Untracked 
| 430|0x00000000dae00000, 0x00000000daefffb0, 0x00000000daf00000| 99%| O|  |TAMS 0x00000000dae00000| PB 0x00000000daefffb0| Untracked 
| 431|0x00000000daf00000, 0x00000000dafffff0, 0x00000000db000000| 99%| O|  |TAMS 0x00000000daf00000| PB 0x00000000dafffff0| Untracked 
| 432|0x00000000db000000, 0x00000000db0ffff0, 0x00000000db100000| 99%| O|  |TAMS 0x00000000db000000| PB 0x00000000db0ffff0| Untracked 
| 433|0x00000000db100000, 0x00000000db1fffe8, 0x00000000db200000| 99%| O|  |TAMS 0x00000000db100000| PB 0x00000000db1fffe8| Untracked 
| 434|0x00000000db200000, 0x00000000db2ffff8, 0x00000000db300000| 99%| O|  |TAMS 0x00000000db200000| PB 0x00000000db2ffff8| Untracked 
| 435|0x00000000db300000, 0x00000000db3fffe8, 0x00000000db400000| 99%| O|  |TAMS 0x00000000db300000| PB 0x00000000db3fffe8| Untracked 
| 436|0x00000000db400000, 0x00000000db500000, 0x00000000db500000|100%| O|  |TAMS 0x00000000db400000| PB 0x00000000db500000| Untracked 
| 437|0x00000000db500000, 0x00000000db5fff88, 0x00000000db600000| 99%| O|  |TAMS 0x00000000db500000| PB 0x00000000db5fff88| Untracked 
| 438|0x00000000db600000, 0x00000000db700000, 0x00000000db700000|100%| O|  |TAMS 0x00000000db600000| PB 0x00000000db700000| Untracked 
| 439|0x00000000db700000, 0x00000000db7ffff0, 0x00000000db800000| 99%| O|  |TAMS 0x00000000db700000| PB 0x00000000db7ffff0| Untracked 
| 440|0x00000000db800000, 0x00000000db8ffff8, 0x00000000db900000| 99%| O|  |TAMS 0x00000000db800000| PB 0x00000000db8ffff8| Untracked 
| 441|0x00000000db900000, 0x00000000dba00000, 0x00000000dba00000|100%| O|  |TAMS 0x00000000db900000| PB 0x00000000dba00000| Untracked 
| 442|0x00000000dba00000, 0x00000000dbafffe8, 0x00000000dbb00000| 99%| O|  |TAMS 0x00000000dba00000| PB 0x00000000dbafffe8| Untracked 
| 443|0x00000000dbb00000, 0x00000000dbbffff0, 0x00000000dbc00000| 99%| O|  |TAMS 0x00000000dbb00000| PB 0x00000000dbbffff0| Untracked 
| 444|0x00000000dbc00000, 0x00000000dbd00000, 0x00000000dbd00000|100%| O|  |TAMS 0x00000000dbc00000| PB 0x00000000dbd00000| Untracked 
| 445|0x00000000dbd00000, 0x00000000dbe00000, 0x00000000dbe00000|100%| O|  |TAMS 0x00000000dbd00000| PB 0x00000000dbe00000| Untracked 
| 446|0x00000000dbe00000, 0x00000000dbefffd8, 0x00000000dbf00000| 99%| O|  |TAMS 0x00000000dbe00000| PB 0x00000000dbefffd8| Untracked 
| 447|0x00000000dbf00000, 0x00000000dc000000, 0x00000000dc000000|100%| O|  |TAMS 0x00000000dbf00000| PB 0x00000000dc000000| Untracked 
| 448|0x00000000dc000000, 0x00000000dc0fff40, 0x00000000dc100000| 99%| O|  |TAMS 0x00000000dc000000| PB 0x00000000dc0fff40| Untracked 
| 449|0x00000000dc100000, 0x00000000dc1fff68, 0x00000000dc200000| 99%| O|  |TAMS 0x00000000dc100000| PB 0x00000000dc1fff68| Untracked 
| 450|0x00000000dc200000, 0x00000000dc2fff98, 0x00000000dc300000| 99%| O|  |TAMS 0x00000000dc200000| PB 0x00000000dc2fff98| Untracked 
| 451|0x00000000dc300000, 0x00000000dc3fffa8, 0x00000000dc400000| 99%| O|  |TAMS 0x00000000dc300000| PB 0x00000000dc3fffa8| Untracked 
| 452|0x00000000dc400000, 0x00000000dc4fffb8, 0x00000000dc500000| 99%| O|  |TAMS 0x00000000dc400000| PB 0x00000000dc4fffb8| Untracked 
| 453|0x00000000dc500000, 0x00000000dc5ffff0, 0x00000000dc600000| 99%| O|  |TAMS 0x00000000dc500000| PB 0x00000000dc5ffff0| Untracked 
| 454|0x00000000dc600000, 0x00000000dc6fff78, 0x00000000dc700000| 99%| O|  |TAMS 0x00000000dc600000| PB 0x00000000dc6fff78| Untracked 
| 455|0x00000000dc700000, 0x00000000dc7fffa8, 0x00000000dc800000| 99%| O|  |TAMS 0x00000000dc700000| PB 0x00000000dc7fffa8| Untracked 
| 456|0x00000000dc800000, 0x00000000dc8ffff0, 0x00000000dc900000| 99%| O|  |TAMS 0x00000000dc800000| PB 0x00000000dc8ffff0| Untracked 
| 457|0x00000000dc900000, 0x00000000dc9fff48, 0x00000000dca00000| 99%| O|  |TAMS 0x00000000dc900000| PB 0x00000000dc9fff48| Untracked 
| 458|0x00000000dca00000, 0x00000000dcaffff8, 0x00000000dcb00000| 99%| O|  |TAMS 0x00000000dca00000| PB 0x00000000dcaffff8| Untracked 
| 459|0x00000000dcb00000, 0x00000000dcbfff98, 0x00000000dcc00000| 99%| O|  |TAMS 0x00000000dcb00000| PB 0x00000000dcbfff98| Untracked 
| 460|0x00000000dcc00000, 0x00000000dccffff0, 0x00000000dcd00000| 99%| O|  |TAMS 0x00000000dcc00000| PB 0x00000000dccffff0| Untracked 
| 461|0x00000000dcd00000, 0x00000000dce00000, 0x00000000dce00000|100%| O|  |TAMS 0x00000000dcd00000| PB 0x00000000dce00000| Untracked 
| 462|0x00000000dce00000, 0x00000000dcefff78, 0x00000000dcf00000| 99%| O|  |TAMS 0x00000000dce00000| PB 0x00000000dcefff78| Untracked 
| 463|0x00000000dcf00000, 0x00000000dcffffa0, 0x00000000dd000000| 99%| O|  |TAMS 0x00000000dcf00000| PB 0x00000000dcffffa0| Untracked 
| 464|0x00000000dd000000, 0x00000000dd0fff98, 0x00000000dd100000| 99%| O|  |TAMS 0x00000000dd000000| PB 0x00000000dd0fff98| Untracked 
| 465|0x00000000dd100000, 0x00000000dd1fffe0, 0x00000000dd200000| 99%| O|  |TAMS 0x00000000dd100000| PB 0x00000000dd1fffe0| Untracked 
| 466|0x00000000dd200000, 0x00000000dd2ffff8, 0x00000000dd300000| 99%| O|  |TAMS 0x00000000dd200000| PB 0x00000000dd2ffff8| Untracked 
| 467|0x00000000dd300000, 0x00000000dd3fffe0, 0x00000000dd400000| 99%| O|  |TAMS 0x00000000dd300000| PB 0x00000000dd3fffe0| Untracked 
| 468|0x00000000dd400000, 0x00000000dd4fffa0, 0x00000000dd500000| 99%| O|  |TAMS 0x00000000dd400000| PB 0x00000000dd4fffa0| Untracked 
| 469|0x00000000dd500000, 0x00000000dd600000, 0x00000000dd600000|100%| O|  |TAMS 0x00000000dd500000| PB 0x00000000dd600000| Untracked 
| 470|0x00000000dd600000, 0x00000000dd6ffff0, 0x00000000dd700000| 99%| O|  |TAMS 0x00000000dd600000| PB 0x00000000dd6ffff0| Untracked 
| 471|0x00000000dd700000, 0x00000000dd7ffff8, 0x00000000dd800000| 99%| O|  |TAMS 0x00000000dd700000| PB 0x00000000dd7ffff8| Untracked 
| 472|0x00000000dd800000, 0x00000000dd8fff58, 0x00000000dd900000| 99%| O|  |TAMS 0x00000000dd800000| PB 0x00000000dd8fff58| Untracked 
| 473|0x00000000dd900000, 0x00000000dd9ffff8, 0x00000000dda00000| 99%| O|  |TAMS 0x00000000dd900000| PB 0x00000000dd9ffff8| Untracked 
| 474|0x00000000dda00000, 0x00000000ddafffb0, 0x00000000ddb00000| 99%| O|  |TAMS 0x00000000dda00000| PB 0x00000000ddafffb0| Untracked 
| 475|0x00000000ddb00000, 0x00000000ddbfffd0, 0x00000000ddc00000| 99%| O|  |TAMS 0x00000000ddb00000| PB 0x00000000ddbfffd0| Untracked 
| 476|0x00000000ddc00000, 0x00000000ddcffff0, 0x00000000ddd00000| 99%| O|  |TAMS 0x00000000ddc00000| PB 0x00000000ddcffff0| Untracked 
| 477|0x00000000ddd00000, 0x00000000dddffff8, 0x00000000dde00000| 99%| O|  |TAMS 0x00000000ddd00000| PB 0x00000000dddffff8| Untracked 
| 478|0x00000000dde00000, 0x00000000ddefffb0, 0x00000000ddf00000| 99%| O|  |TAMS 0x00000000dde00000| PB 0x00000000ddefffb0| Untracked 
| 479|0x00000000ddf00000, 0x00000000ddfffff0, 0x00000000de000000| 99%| O|  |TAMS 0x00000000ddf00000| PB 0x00000000ddfffff0| Untracked 
| 480|0x00000000de000000, 0x00000000de0fffd8, 0x00000000de100000| 99%| O|  |TAMS 0x00000000de000000| PB 0x00000000de0fffd8| Untracked 
| 481|0x00000000de100000, 0x00000000de1ffff8, 0x00000000de200000| 99%| O|  |TAMS 0x00000000de100000| PB 0x00000000de1ffff8| Untracked 
| 482|0x00000000de200000, 0x00000000de300000, 0x00000000de300000|100%| O|  |TAMS 0x00000000de200000| PB 0x00000000de300000| Untracked 
| 483|0x00000000de300000, 0x00000000de3fffd8, 0x00000000de400000| 99%| O|  |TAMS 0x00000000de300000| PB 0x00000000de3fffd8| Untracked 
| 484|0x00000000de400000, 0x00000000de4fffc0, 0x00000000de500000| 99%| O|  |TAMS 0x00000000de400000| PB 0x00000000de4fffc0| Untracked 
| 485|0x00000000de500000, 0x00000000de5fffb8, 0x00000000de600000| 99%| O|  |TAMS 0x00000000de500000| PB 0x00000000de5fffb8| Untracked 
| 486|0x00000000de600000, 0x00000000de6fff88, 0x00000000de700000| 99%| O|  |TAMS 0x00000000de600000| PB 0x00000000de6fff88| Untracked 
| 487|0x00000000de700000, 0x00000000de7ffff0, 0x00000000de800000| 99%| O|  |TAMS 0x00000000de700000| PB 0x00000000de7ffff0| Untracked 
| 488|0x00000000de800000, 0x00000000de8ffff0, 0x00000000de900000| 99%| O|  |TAMS 0x00000000de800000| PB 0x00000000de8ffff0| Untracked 
| 489|0x00000000de900000, 0x00000000de9ffff0, 0x00000000dea00000| 99%| O|  |TAMS 0x00000000de900000| PB 0x00000000de9ffff0| Untracked 
| 490|0x00000000dea00000, 0x00000000deaffff0, 0x00000000deb00000| 99%| O|  |TAMS 0x00000000dea00000| PB 0x00000000deaffff0| Untracked 
| 491|0x00000000deb00000, 0x00000000debfff90, 0x00000000dec00000| 99%| O|  |TAMS 0x00000000deb00000| PB 0x00000000debfff90| Untracked 
| 492|0x00000000dec00000, 0x00000000decffff8, 0x00000000ded00000| 99%| O|  |TAMS 0x00000000dec00000| PB 0x00000000decffff8| Untracked 
| 493|0x00000000ded00000, 0x00000000dee00000, 0x00000000dee00000|100%| O|  |TAMS 0x00000000ded00000| PB 0x00000000dee00000| Untracked 
| 494|0x00000000dee00000, 0x00000000deefff48, 0x00000000def00000| 99%| O|  |TAMS 0x00000000dee00000| PB 0x00000000deefff48| Untracked 
| 495|0x00000000def00000, 0x00000000deffffe8, 0x00000000df000000| 99%| O|  |TAMS 0x00000000def00000| PB 0x00000000deffffe8| Untracked 
| 496|0x00000000df000000, 0x00000000df0ffff8, 0x00000000df100000| 99%| O|  |TAMS 0x00000000df000000| PB 0x00000000df0ffff8| Untracked 
| 497|0x00000000df100000, 0x00000000df200000, 0x00000000df200000|100%| O|  |TAMS 0x00000000df100000| PB 0x00000000df200000| Untracked 
| 498|0x00000000df200000, 0x00000000df2fff80, 0x00000000df300000| 99%| O|  |TAMS 0x00000000df200000| PB 0x00000000df2fff80| Untracked 
| 499|0x00000000df300000, 0x00000000df3fff50, 0x00000000df400000| 99%| O|  |TAMS 0x00000000df300000| PB 0x00000000df3fff50| Untracked 
| 500|0x00000000df400000, 0x00000000df4ffff0, 0x00000000df500000| 99%| O|  |TAMS 0x00000000df400000| PB 0x00000000df4ffff0| Untracked 
| 501|0x00000000df500000, 0x00000000df5fffc8, 0x00000000df600000| 99%| O|  |TAMS 0x00000000df500000| PB 0x00000000df5fffc8| Untracked 
| 502|0x00000000df600000, 0x00000000df6ffff8, 0x00000000df700000| 99%| O|  |TAMS 0x00000000df600000| PB 0x00000000df6ffff8| Untracked 
| 503|0x00000000df700000, 0x00000000df7fff58, 0x00000000df800000| 99%| O|  |TAMS 0x00000000df700000| PB 0x00000000df7fff58| Untracked 
| 504|0x00000000df800000, 0x00000000df8fff98, 0x00000000df900000| 99%| O|  |TAMS 0x00000000df800000| PB 0x00000000df8fff98| Untracked 
| 505|0x00000000df900000, 0x00000000df9ffff8, 0x00000000dfa00000| 99%| O|  |TAMS 0x00000000df900000| PB 0x00000000df9ffff8| Untracked 
| 506|0x00000000dfa00000, 0x00000000dfaffff8, 0x00000000dfb00000| 99%| O|  |TAMS 0x00000000dfa00000| PB 0x00000000dfaffff8| Untracked 
| 507|0x00000000dfb00000, 0x00000000dfbfff68, 0x00000000dfc00000| 99%| O|  |TAMS 0x00000000dfb00000| PB 0x00000000dfbfff68| Untracked 
| 508|0x00000000dfc00000, 0x00000000dfcfffc8, 0x00000000dfd00000| 99%| O|  |TAMS 0x00000000dfc00000| PB 0x00000000dfcfffc8| Untracked 
| 509|0x00000000dfd00000, 0x00000000dfdfff70, 0x00000000dfe00000| 99%| O|  |TAMS 0x00000000dfd00000| PB 0x00000000dfdfff70| Untracked 
| 510|0x00000000dfe00000, 0x00000000dfefff40, 0x00000000dff00000| 99%| O|  |TAMS 0x00000000dfe00000| PB 0x00000000dfefff40| Untracked 
| 511|0x00000000dff00000, 0x00000000dfffffe8, 0x00000000e0000000| 99%| O|  |TAMS 0x00000000dff00000| PB 0x00000000dfffffe8| Untracked 
| 512|0x00000000e0000000, 0x00000000e00ffff8, 0x00000000e0100000| 99%| O|  |TAMS 0x00000000e0000000| PB 0x00000000e00ffff8| Untracked 
| 513|0x00000000e0100000, 0x00000000e01fffe0, 0x00000000e0200000| 99%| O|  |TAMS 0x00000000e0100000| PB 0x00000000e01fffe0| Untracked 
| 514|0x00000000e0200000, 0x00000000e0300000, 0x00000000e0300000|100%| O|  |TAMS 0x00000000e0200000| PB 0x00000000e0300000| Untracked 
| 515|0x00000000e0300000, 0x00000000e03fffd0, 0x00000000e0400000| 99%| O|  |TAMS 0x00000000e0300000| PB 0x00000000e03fffd0| Untracked 
| 516|0x00000000e0400000, 0x00000000e04fffe8, 0x00000000e0500000| 99%| O|  |TAMS 0x00000000e0400000| PB 0x00000000e04fffe8| Untracked 
| 517|0x00000000e0500000, 0x00000000e05fffb0, 0x00000000e0600000| 99%| O|  |TAMS 0x00000000e0500000| PB 0x00000000e05fffb0| Untracked 
| 518|0x00000000e0600000, 0x00000000e06fff28, 0x00000000e0700000| 99%| O|  |TAMS 0x00000000e0600000| PB 0x00000000e06fff28| Untracked 
| 519|0x00000000e0700000, 0x00000000e07ffff0, 0x00000000e0800000| 99%| O|  |TAMS 0x00000000e0700000| PB 0x00000000e07ffff0| Untracked 
| 520|0x00000000e0800000, 0x00000000e0900000, 0x00000000e0900000|100%| O|  |TAMS 0x00000000e0800000| PB 0x00000000e0900000| Untracked 
| 521|0x00000000e0900000, 0x00000000e09fffc0, 0x00000000e0a00000| 99%| O|  |TAMS 0x00000000e0900000| PB 0x00000000e09fffc0| Untracked 
| 522|0x00000000e0a00000, 0x00000000e0afffc0, 0x00000000e0b00000| 99%| O|  |TAMS 0x00000000e0a00000| PB 0x00000000e0afffc0| Untracked 
| 523|0x00000000e0b00000, 0x00000000e0bfff48, 0x00000000e0c00000| 99%| O|  |TAMS 0x00000000e0b00000| PB 0x00000000e0bfff48| Untracked 
| 524|0x00000000e0c00000, 0x00000000e0cfff40, 0x00000000e0d00000| 99%| O|  |TAMS 0x00000000e0c00000| PB 0x00000000e0cfff40| Untracked 
| 525|0x00000000e0d00000, 0x00000000e0dfffe8, 0x00000000e0e00000| 99%| O|  |TAMS 0x00000000e0d00000| PB 0x00000000e0dfffe8| Untracked 
| 526|0x00000000e0e00000, 0x00000000e0efffe8, 0x00000000e0f00000| 99%| O|  |TAMS 0x00000000e0e00000| PB 0x00000000e0efffe8| Untracked 
| 527|0x00000000e0f00000, 0x00000000e0fffff8, 0x00000000e1000000| 99%| O|  |TAMS 0x00000000e0f00000| PB 0x00000000e0fffff8| Untracked 
| 528|0x00000000e1000000, 0x00000000e10fff78, 0x00000000e1100000| 99%| O|  |TAMS 0x00000000e1000000| PB 0x00000000e10fff78| Untracked 
| 529|0x00000000e1100000, 0x00000000e1200000, 0x00000000e1200000|100%| O|  |TAMS 0x00000000e1100000| PB 0x00000000e1200000| Untracked 
| 530|0x00000000e1200000, 0x00000000e12fff98, 0x00000000e1300000| 99%| O|  |TAMS 0x00000000e1200000| PB 0x00000000e12fff98| Untracked 
| 531|0x00000000e1300000, 0x00000000e13fffd0, 0x00000000e1400000| 99%| O|  |TAMS 0x00000000e1300000| PB 0x00000000e13fffd0| Untracked 
| 532|0x00000000e1400000, 0x00000000e14ffff0, 0x00000000e1500000| 99%| O|  |TAMS 0x00000000e1400000| PB 0x00000000e14ffff0| Untracked 
| 533|0x00000000e1500000, 0x00000000e15fff80, 0x00000000e1600000| 99%| O|  |TAMS 0x00000000e1500000| PB 0x00000000e15fff80| Untracked 
| 534|0x00000000e1600000, 0x00000000e16fffe8, 0x00000000e1700000| 99%| O|  |TAMS 0x00000000e1600000| PB 0x00000000e16fffe8| Untracked 
| 535|0x00000000e1700000, 0x00000000e17fffd8, 0x00000000e1800000| 99%| O|  |TAMS 0x00000000e1700000| PB 0x00000000e17fffd8| Untracked 
| 536|0x00000000e1800000, 0x00000000e18ffff8, 0x00000000e1900000| 99%| O|  |TAMS 0x00000000e1800000| PB 0x00000000e18ffff8| Untracked 
| 537|0x00000000e1900000, 0x00000000e19fffe8, 0x00000000e1a00000| 99%| O|  |TAMS 0x00000000e1900000| PB 0x00000000e19fffe8| Untracked 
| 538|0x00000000e1a00000, 0x00000000e1affff0, 0x00000000e1b00000| 99%| O|  |TAMS 0x00000000e1a00000| PB 0x00000000e1affff0| Untracked 
| 539|0x00000000e1b00000, 0x00000000e1bffff0, 0x00000000e1c00000| 99%| O|  |TAMS 0x00000000e1b00000| PB 0x00000000e1bffff0| Untracked 
| 540|0x00000000e1c00000, 0x00000000e1d00000, 0x00000000e1d00000|100%| O|  |TAMS 0x00000000e1c00000| PB 0x00000000e1d00000| Untracked 
| 541|0x00000000e1d00000, 0x00000000e1dfffe8, 0x00000000e1e00000| 99%| O|  |TAMS 0x00000000e1d00000| PB 0x00000000e1dfffe8| Untracked 
| 542|0x00000000e1e00000, 0x00000000e1effff8, 0x00000000e1f00000| 99%| O|  |TAMS 0x00000000e1e00000| PB 0x00000000e1effff8| Untracked 
| 543|0x00000000e1f00000, 0x00000000e1ffffb0, 0x00000000e2000000| 99%| O|  |TAMS 0x00000000e1f00000| PB 0x00000000e1ffffb0| Untracked 
| 544|0x00000000e2000000, 0x00000000e20fffd8, 0x00000000e2100000| 99%| O|  |TAMS 0x00000000e2000000| PB 0x00000000e20fffd8| Untracked 
| 545|0x00000000e2100000, 0x00000000e2200000, 0x00000000e2200000|100%| O|  |TAMS 0x00000000e2100000| PB 0x00000000e2200000| Untracked 
| 546|0x00000000e2200000, 0x00000000e22fff60, 0x00000000e2300000| 99%| O|  |TAMS 0x00000000e2200000| PB 0x00000000e22fff60| Untracked 
| 547|0x00000000e2300000, 0x00000000e23fffc8, 0x00000000e2400000| 99%| O|  |TAMS 0x00000000e2300000| PB 0x00000000e23fffc8| Untracked 
| 548|0x00000000e2400000, 0x00000000e24fffa8, 0x00000000e2500000| 99%| O|  |TAMS 0x00000000e2400000| PB 0x00000000e24fffa8| Untracked 
| 549|0x00000000e2500000, 0x00000000e25fffb0, 0x00000000e2600000| 99%| O|  |TAMS 0x00000000e2500000| PB 0x00000000e25fffb0| Untracked 
| 550|0x00000000e2600000, 0x00000000e2700000, 0x00000000e2700000|100%| O|  |TAMS 0x00000000e2600000| PB 0x00000000e2700000| Untracked 
| 551|0x00000000e2700000, 0x00000000e27ffff0, 0x00000000e2800000| 99%| O|  |TAMS 0x00000000e2700000| PB 0x00000000e27ffff0| Untracked 
| 552|0x00000000e2800000, 0x00000000e28ffff0, 0x00000000e2900000| 99%| O|  |TAMS 0x00000000e2800000| PB 0x00000000e28ffff0| Untracked 
| 553|0x00000000e2900000, 0x00000000e29ffff0, 0x00000000e2a00000| 99%| O|  |TAMS 0x00000000e2900000| PB 0x00000000e29ffff0| Untracked 
| 554|0x00000000e2a00000, 0x00000000e2affff0, 0x00000000e2b00000| 99%| O|  |TAMS 0x00000000e2a00000| PB 0x00000000e2affff0| Untracked 
| 555|0x00000000e2b00000, 0x00000000e2c00000, 0x00000000e2c00000|100%| O|  |TAMS 0x00000000e2b00000| PB 0x00000000e2c00000| Untracked 
| 556|0x00000000e2c00000, 0x00000000e2d00000, 0x00000000e2d00000|100%| O|  |TAMS 0x00000000e2c00000| PB 0x00000000e2d00000| Untracked 
| 557|0x00000000e2d00000, 0x00000000e2dffff0, 0x00000000e2e00000| 99%| O|  |TAMS 0x00000000e2d00000| PB 0x00000000e2dffff0| Untracked 
| 558|0x00000000e2e00000, 0x00000000e2f00000, 0x00000000e2f00000|100%| O|  |TAMS 0x00000000e2e00000| PB 0x00000000e2f00000| Untracked 
| 559|0x00000000e2f00000, 0x00000000e2fffff0, 0x00000000e3000000| 99%| O|  |TAMS 0x00000000e2f00000| PB 0x00000000e2fffff0| Untracked 
| 560|0x00000000e3000000, 0x00000000e3100000, 0x00000000e3100000|100%| O|  |TAMS 0x00000000e3000000| PB 0x00000000e3100000| Untracked 
| 561|0x00000000e3100000, 0x00000000e31ffff0, 0x00000000e3200000| 99%| O|  |TAMS 0x00000000e3100000| PB 0x00000000e31ffff0| Untracked 
| 562|0x00000000e3200000, 0x00000000e32fff60, 0x00000000e3300000| 99%| O|  |TAMS 0x00000000e3200000| PB 0x00000000e32fff60| Untracked 
| 563|0x00000000e3300000, 0x00000000e3400000, 0x00000000e3400000|100%| O|  |TAMS 0x00000000e3300000| PB 0x00000000e3400000| Untracked 
| 564|0x00000000e3400000, 0x00000000e34ffff0, 0x00000000e3500000| 99%| O|  |TAMS 0x00000000e3400000| PB 0x00000000e34ffff0| Untracked 
| 565|0x00000000e3500000, 0x00000000e3600000, 0x00000000e3600000|100%| O|  |TAMS 0x00000000e3500000| PB 0x00000000e3600000| Untracked 
| 566|0x00000000e3600000, 0x00000000e36fffb0, 0x00000000e3700000| 99%| O|  |TAMS 0x00000000e3600000| PB 0x00000000e36fffb0| Untracked 
| 567|0x00000000e3700000, 0x00000000e37fff78, 0x00000000e3800000| 99%| O|  |TAMS 0x00000000e3700000| PB 0x00000000e37fff78| Untracked 
| 568|0x00000000e3800000, 0x00000000e38fffe0, 0x00000000e3900000| 99%| O|  |TAMS 0x00000000e3800000| PB 0x00000000e38fffe0| Untracked 
| 569|0x00000000e3900000, 0x00000000e39fff60, 0x00000000e3a00000| 99%| O|  |TAMS 0x00000000e3900000| PB 0x00000000e39fff60| Untracked 
| 570|0x00000000e3a00000, 0x00000000e3affff0, 0x00000000e3b00000| 99%| O|  |TAMS 0x00000000e3a00000| PB 0x00000000e3affff0| Untracked 
| 571|0x00000000e3b00000, 0x00000000e3bfff90, 0x00000000e3c00000| 99%| O|  |TAMS 0x00000000e3b00000| PB 0x00000000e3bfff90| Untracked 
| 572|0x00000000e3c00000, 0x00000000e3d00000, 0x00000000e3d00000|100%| O|  |TAMS 0x00000000e3c00000| PB 0x00000000e3d00000| Untracked 
| 573|0x00000000e3d00000, 0x00000000e3e00000, 0x00000000e3e00000|100%| O|  |TAMS 0x00000000e3d00000| PB 0x00000000e3e00000| Untracked 
| 574|0x00000000e3e00000, 0x00000000e3effff0, 0x00000000e3f00000| 99%| O|  |TAMS 0x00000000e3e00000| PB 0x00000000e3effff0| Untracked 
| 575|0x00000000e3f00000, 0x00000000e3fffff0, 0x00000000e4000000| 99%| O|  |TAMS 0x00000000e3f00000| PB 0x00000000e3fffff0| Untracked 
| 576|0x00000000e4000000, 0x00000000e4100000, 0x00000000e4100000|100%| O|  |TAMS 0x00000000e4000000| PB 0x00000000e4100000| Untracked 
| 577|0x00000000e4100000, 0x00000000e41fffe8, 0x00000000e4200000| 99%| O|  |TAMS 0x00000000e4100000| PB 0x00000000e41fffe8| Untracked 
| 578|0x00000000e4200000, 0x00000000e42fffe0, 0x00000000e4300000| 99%| O|  |TAMS 0x00000000e4200000| PB 0x00000000e42fffe0| Untracked 
| 579|0x00000000e4300000, 0x00000000e43fffe0, 0x00000000e4400000| 99%| O|  |TAMS 0x00000000e4300000| PB 0x00000000e43fffe0| Untracked 
| 580|0x00000000e4400000, 0x00000000e44fffe8, 0x00000000e4500000| 99%| O|  |TAMS 0x00000000e4400000| PB 0x00000000e44fffe8| Untracked 
| 581|0x00000000e4500000, 0x00000000e45ffff8, 0x00000000e4600000| 99%| O|  |TAMS 0x00000000e4500000| PB 0x00000000e45ffff8| Untracked 
| 582|0x00000000e4600000, 0x00000000e46ffff0, 0x00000000e4700000| 99%| O|  |TAMS 0x00000000e4600000| PB 0x00000000e46ffff0| Untracked 
| 583|0x00000000e4700000, 0x00000000e4800000, 0x00000000e4800000|100%| O|  |TAMS 0x00000000e4700000| PB 0x00000000e4800000| Untracked 
| 584|0x00000000e4800000, 0x00000000e4900000, 0x00000000e4900000|100%| O|  |TAMS 0x00000000e4800000| PB 0x00000000e4900000| Untracked 
| 585|0x00000000e4900000, 0x00000000e49fff60, 0x00000000e4a00000| 99%| O|  |TAMS 0x00000000e4900000| PB 0x00000000e49fff60| Untracked 
| 586|0x00000000e4a00000, 0x00000000e4affff8, 0x00000000e4b00000| 99%| O|  |TAMS 0x00000000e4a00000| PB 0x00000000e4affff8| Untracked 
| 587|0x00000000e4b00000, 0x00000000e4bffff8, 0x00000000e4c00000| 99%| O|  |TAMS 0x00000000e4b00000| PB 0x00000000e4bffff8| Untracked 
| 588|0x00000000e4c00000, 0x00000000e4cffff0, 0x00000000e4d00000| 99%| O|  |TAMS 0x00000000e4c00000| PB 0x00000000e4cffff0| Untracked 
| 589|0x00000000e4d00000, 0x00000000e4dfffd8, 0x00000000e4e00000| 99%| O|  |TAMS 0x00000000e4d00000| PB 0x00000000e4dfffd8| Untracked 
| 590|0x00000000e4e00000, 0x00000000e4efffb8, 0x00000000e4f00000| 99%| O|  |TAMS 0x00000000e4e00000| PB 0x00000000e4efffb8| Untracked 
| 591|0x00000000e4f00000, 0x00000000e4fffff0, 0x00000000e5000000| 99%| O|  |TAMS 0x00000000e4f00000| PB 0x00000000e4fffff0| Untracked 
| 592|0x00000000e5000000, 0x00000000e50ffff8, 0x00000000e5100000| 99%| O|  |TAMS 0x00000000e5000000| PB 0x00000000e50ffff8| Untracked 
| 593|0x00000000e5100000, 0x00000000e51fff70, 0x00000000e5200000| 99%| O|  |TAMS 0x00000000e5100000| PB 0x00000000e51fff70| Untracked 
| 594|0x00000000e5200000, 0x00000000e52fff88, 0x00000000e5300000| 99%| O|  |TAMS 0x00000000e5200000| PB 0x00000000e52fff88| Untracked 
| 595|0x00000000e5300000, 0x00000000e53ffff8, 0x00000000e5400000| 99%| O|  |TAMS 0x00000000e5300000| PB 0x00000000e53ffff8| Untracked 
| 596|0x00000000e5400000, 0x00000000e5500000, 0x00000000e5500000|100%| O|  |TAMS 0x00000000e5400000| PB 0x00000000e5500000| Untracked 
| 597|0x00000000e5500000, 0x00000000e5600000, 0x00000000e5600000|100%| O|  |TAMS 0x00000000e5500000| PB 0x00000000e5600000| Untracked 
| 598|0x00000000e5600000, 0x00000000e56ffff0, 0x00000000e5700000| 99%| O|  |TAMS 0x00000000e5600000| PB 0x00000000e56ffff0| Untracked 
| 599|0x00000000e5700000, 0x00000000e57fffd8, 0x00000000e5800000| 99%| O|  |TAMS 0x00000000e5700000| PB 0x00000000e57fffd8| Untracked 
| 600|0x00000000e5800000, 0x00000000e58fffb0, 0x00000000e5900000| 99%| O|  |TAMS 0x00000000e5800000| PB 0x00000000e58fffb0| Untracked 
| 601|0x00000000e5900000, 0x00000000e59fffc8, 0x00000000e5a00000| 99%| O|  |TAMS 0x00000000e5900000| PB 0x00000000e59fffc8| Untracked 
| 602|0x00000000e5a00000, 0x00000000e5affff0, 0x00000000e5b00000| 99%| O|  |TAMS 0x00000000e5a00000| PB 0x00000000e5affff0| Untracked 
| 603|0x00000000e5b00000, 0x00000000e5bffff8, 0x00000000e5c00000| 99%| O|  |TAMS 0x00000000e5b00000| PB 0x00000000e5bffff8| Untracked 
| 604|0x00000000e5c00000, 0x00000000e5cfff90, 0x00000000e5d00000| 99%| O|  |TAMS 0x00000000e5c00000| PB 0x00000000e5cfff90| Untracked 
| 605|0x00000000e5d00000, 0x00000000e5e00000, 0x00000000e5e00000|100%| O|  |TAMS 0x00000000e5d00000| PB 0x00000000e5e00000| Untracked 
| 606|0x00000000e5e00000, 0x00000000e5f00000, 0x00000000e5f00000|100%| O|  |TAMS 0x00000000e5e00000| PB 0x00000000e5f00000| Untracked 
| 607|0x00000000e5f00000, 0x00000000e5ffff48, 0x00000000e6000000| 99%| O|  |TAMS 0x00000000e5f00000| PB 0x00000000e5ffff48| Untracked 
| 608|0x00000000e6000000, 0x00000000e60fffc0, 0x00000000e6100000| 99%| O|  |TAMS 0x00000000e6000000| PB 0x00000000e60fffc0| Untracked 
| 609|0x00000000e6100000, 0x00000000e61fffa0, 0x00000000e6200000| 99%| O|  |TAMS 0x00000000e6100000| PB 0x00000000e61fffa0| Untracked 
| 610|0x00000000e6200000, 0x00000000e6300000, 0x00000000e6300000|100%| O|  |TAMS 0x00000000e6200000| PB 0x00000000e6300000| Untracked 
| 611|0x00000000e6300000, 0x00000000e63fffe0, 0x00000000e6400000| 99%| O|  |TAMS 0x00000000e6300000| PB 0x00000000e63fffe0| Untracked 
| 612|0x00000000e6400000, 0x00000000e64ffff0, 0x00000000e6500000| 99%| O|  |TAMS 0x00000000e6400000| PB 0x00000000e64ffff0| Untracked 
| 613|0x00000000e6500000, 0x00000000e65ffff0, 0x00000000e6600000| 99%| O|  |TAMS 0x00000000e6500000| PB 0x00000000e65ffff0| Untracked 
| 614|0x00000000e6600000, 0x00000000e66fffe0, 0x00000000e6700000| 99%| O|  |TAMS 0x00000000e6600000| PB 0x00000000e66fffe0| Untracked 
| 615|0x00000000e6700000, 0x00000000e6800000, 0x00000000e6800000|100%| O|  |TAMS 0x00000000e6700000| PB 0x00000000e6800000| Untracked 
| 616|0x00000000e6800000, 0x00000000e68ffff0, 0x00000000e6900000| 99%| O|  |TAMS 0x00000000e6800000| PB 0x00000000e68ffff0| Untracked 
| 617|0x00000000e6900000, 0x00000000e69ffff8, 0x00000000e6a00000| 99%| O|  |TAMS 0x00000000e6900000| PB 0x00000000e69ffff8| Untracked 
| 618|0x00000000e6a00000, 0x00000000e6afffc0, 0x00000000e6b00000| 99%| O|  |TAMS 0x00000000e6a00000| PB 0x00000000e6afffc0| Untracked 
| 619|0x00000000e6b00000, 0x00000000e6c00000, 0x00000000e6c00000|100%| O|  |TAMS 0x00000000e6b00000| PB 0x00000000e6c00000| Untracked 
| 620|0x00000000e6c00000, 0x00000000e6cffff0, 0x00000000e6d00000| 99%| O|  |TAMS 0x00000000e6c00000| PB 0x00000000e6cffff0| Untracked 
| 621|0x00000000e6d00000, 0x00000000e6dfffa0, 0x00000000e6e00000| 99%| O|  |TAMS 0x00000000e6d00000| PB 0x00000000e6dfffa0| Untracked 
| 622|0x00000000e6e00000, 0x00000000e6efffc0, 0x00000000e6f00000| 99%| O|  |TAMS 0x00000000e6e00000| PB 0x00000000e6efffc0| Untracked 
| 623|0x00000000e6f00000, 0x00000000e6ffffd8, 0x00000000e7000000| 99%| O|  |TAMS 0x00000000e6f00000| PB 0x00000000e6ffffd8| Untracked 
| 624|0x00000000e7000000, 0x00000000e70ffff8, 0x00000000e7100000| 99%| O|  |TAMS 0x00000000e7000000| PB 0x00000000e70ffff8| Untracked 
| 625|0x00000000e7100000, 0x00000000e71ffff0, 0x00000000e7200000| 99%| O|  |TAMS 0x00000000e7100000| PB 0x00000000e71ffff0| Untracked 
| 626|0x00000000e7200000, 0x00000000e7300000, 0x00000000e7300000|100%| O|  |TAMS 0x00000000e7200000| PB 0x00000000e7300000| Untracked 
| 627|0x00000000e7300000, 0x00000000e73fffe0, 0x00000000e7400000| 99%| O|  |TAMS 0x00000000e7300000| PB 0x00000000e73fffe0| Untracked 
| 628|0x00000000e7400000, 0x00000000e74fff38, 0x00000000e7500000| 99%| O|  |TAMS 0x00000000e7400000| PB 0x00000000e74fff38| Untracked 
| 629|0x00000000e7500000, 0x00000000e75fffb8, 0x00000000e7600000| 99%| O|  |TAMS 0x00000000e7500000| PB 0x00000000e75fffb8| Untracked 
| 630|0x00000000e7600000, 0x00000000e76ffff8, 0x00000000e7700000| 99%| O|  |TAMS 0x00000000e7600000| PB 0x00000000e76ffff8| Untracked 
| 631|0x00000000e7700000, 0x00000000e77ffff0, 0x00000000e7800000| 99%| O|  |TAMS 0x00000000e7700000| PB 0x00000000e77ffff0| Untracked 
| 632|0x00000000e7800000, 0x00000000e78fffa8, 0x00000000e7900000| 99%| O|  |TAMS 0x00000000e7800000| PB 0x00000000e78fffa8| Untracked 
| 633|0x00000000e7900000, 0x00000000e79ffff0, 0x00000000e7a00000| 99%| O|  |TAMS 0x00000000e7900000| PB 0x00000000e79ffff0| Untracked 
| 634|0x00000000e7a00000, 0x00000000e7b00000, 0x00000000e7b00000|100%| O|  |TAMS 0x00000000e7a00000| PB 0x00000000e7b00000| Untracked 
| 635|0x00000000e7b00000, 0x00000000e7bfffd8, 0x00000000e7c00000| 99%| O|  |TAMS 0x00000000e7b00000| PB 0x00000000e7bfffd8| Untracked 
| 636|0x00000000e7c00000, 0x00000000e7cffff0, 0x00000000e7d00000| 99%| O|  |TAMS 0x00000000e7c00000| PB 0x00000000e7cffff0| Untracked 
| 637|0x00000000e7d00000, 0x00000000e7dfff58, 0x00000000e7e00000| 99%| O|  |TAMS 0x00000000e7d00000| PB 0x00000000e7dfff58| Untracked 
| 638|0x00000000e7e00000, 0x00000000e7efff28, 0x00000000e7f00000| 99%| O|  |TAMS 0x00000000e7e00000| PB 0x00000000e7efff28| Untracked 
| 639|0x00000000e7f00000, 0x00000000e8000000, 0x00000000e8000000|100%| O|  |TAMS 0x00000000e7f00000| PB 0x00000000e8000000| Untracked 
| 640|0x00000000e8000000, 0x00000000e8100000, 0x00000000e8100000|100%| O|  |TAMS 0x00000000e8000000| PB 0x00000000e8100000| Untracked 
| 641|0x00000000e8100000, 0x00000000e81ffff0, 0x00000000e8200000| 99%| O|  |TAMS 0x00000000e8100000| PB 0x00000000e81ffff0| Untracked 
| 642|0x00000000e8200000, 0x00000000e82fffe8, 0x00000000e8300000| 99%| O|  |TAMS 0x00000000e8200000| PB 0x00000000e82fffe8| Untracked 
| 643|0x00000000e8300000, 0x00000000e8400000, 0x00000000e8400000|100%| O|  |TAMS 0x00000000e8300000| PB 0x00000000e8400000| Untracked 
| 644|0x00000000e8400000, 0x00000000e84fff50, 0x00000000e8500000| 99%| O|  |TAMS 0x00000000e8400000| PB 0x00000000e84fff50| Untracked 
| 645|0x00000000e8500000, 0x00000000e85ffff8, 0x00000000e8600000| 99%| O|  |TAMS 0x00000000e8500000| PB 0x00000000e85ffff8| Untracked 
| 646|0x00000000e8600000, 0x00000000e86ffff0, 0x00000000e8700000| 99%| O|  |TAMS 0x00000000e8600000| PB 0x00000000e86ffff0| Untracked 
| 647|0x00000000e8700000, 0x00000000e8800000, 0x00000000e8800000|100%| O|  |TAMS 0x00000000e8700000| PB 0x00000000e8800000| Untracked 
| 648|0x00000000e8800000, 0x00000000e8900000, 0x00000000e8900000|100%| O|  |TAMS 0x00000000e8800000| PB 0x00000000e8900000| Untracked 
| 649|0x00000000e8900000, 0x00000000e8a00000, 0x00000000e8a00000|100%| O|  |TAMS 0x00000000e8900000| PB 0x00000000e8a00000| Untracked 
| 650|0x00000000e8a00000, 0x00000000e8afffe8, 0x00000000e8b00000| 99%| O|  |TAMS 0x00000000e8a00000| PB 0x00000000e8afffe8| Untracked 
| 651|0x00000000e8b00000, 0x00000000e8bfff98, 0x00000000e8c00000| 99%| O|  |TAMS 0x00000000e8b00000| PB 0x00000000e8bfff98| Untracked 
| 652|0x00000000e8c00000, 0x00000000e8cffff0, 0x00000000e8d00000| 99%| O|  |TAMS 0x00000000e8c00000| PB 0x00000000e8cffff0| Untracked 
| 653|0x00000000e8d00000, 0x00000000e8dfff68, 0x00000000e8e00000| 99%| O|  |TAMS 0x00000000e8d00000| PB 0x00000000e8dfff68| Untracked 
| 654|0x00000000e8e00000, 0x00000000e8effff8, 0x00000000e8f00000| 99%| O|  |TAMS 0x00000000e8e00000| PB 0x00000000e8effff8| Untracked 
| 655|0x00000000e8f00000, 0x00000000e8ffff68, 0x00000000e9000000| 99%| O|  |TAMS 0x00000000e8f00000| PB 0x00000000e8ffff68| Untracked 
| 656|0x00000000e9000000, 0x00000000e90fffb0, 0x00000000e9100000| 99%| O|  |TAMS 0x00000000e9000000| PB 0x00000000e90fffb0| Untracked 
| 657|0x00000000e9100000, 0x00000000e91fffe0, 0x00000000e9200000| 99%| O|  |TAMS 0x00000000e9100000| PB 0x00000000e91fffe0| Untracked 
| 658|0x00000000e9200000, 0x00000000e9300000, 0x00000000e9300000|100%| O|  |TAMS 0x00000000e9200000| PB 0x00000000e9300000| Untracked 
| 659|0x00000000e9300000, 0x00000000e9400000, 0x00000000e9400000|100%| O|  |TAMS 0x00000000e9300000| PB 0x00000000e9400000| Untracked 
| 660|0x00000000e9400000, 0x00000000e94ffff8, 0x00000000e9500000| 99%| O|  |TAMS 0x00000000e9400000| PB 0x00000000e94ffff8| Untracked 
| 661|0x00000000e9500000, 0x00000000e95ffff0, 0x00000000e9600000| 99%| O|  |TAMS 0x00000000e9500000| PB 0x00000000e95ffff0| Untracked 
| 662|0x00000000e9600000, 0x00000000e96fffb8, 0x00000000e9700000| 99%| O|  |TAMS 0x00000000e9600000| PB 0x00000000e96fffb8| Untracked 
| 663|0x00000000e9700000, 0x00000000e97ffff8, 0x00000000e9800000| 99%| O|  |TAMS 0x00000000e9700000| PB 0x00000000e97ffff8| Untracked 
| 664|0x00000000e9800000, 0x00000000e98fffd0, 0x00000000e9900000| 99%| O|  |TAMS 0x00000000e9800000| PB 0x00000000e98fffd0| Untracked 
| 665|0x00000000e9900000, 0x00000000e9a00000, 0x00000000e9a00000|100%| O|  |TAMS 0x00000000e9900000| PB 0x00000000e9a00000| Untracked 
| 666|0x00000000e9a00000, 0x00000000e9affff0, 0x00000000e9b00000| 99%| O|  |TAMS 0x00000000e9a00000| PB 0x00000000e9affff0| Untracked 
| 667|0x00000000e9b00000, 0x00000000e9bffff0, 0x00000000e9c00000| 99%| O|  |TAMS 0x00000000e9b00000| PB 0x00000000e9bffff0| Untracked 
| 668|0x00000000e9c00000, 0x00000000e9d00000, 0x00000000e9d00000|100%| O|  |TAMS 0x00000000e9c00000| PB 0x00000000e9d00000| Untracked 
| 669|0x00000000e9d00000, 0x00000000e9dfff68, 0x00000000e9e00000| 99%| O|  |TAMS 0x00000000e9d00000| PB 0x00000000e9dfff68| Untracked 
| 670|0x00000000e9e00000, 0x00000000e9efff70, 0x00000000e9f00000| 99%| O|  |TAMS 0x00000000e9e00000| PB 0x00000000e9efff70| Untracked 
| 671|0x00000000e9f00000, 0x00000000e9fffff8, 0x00000000ea000000| 99%| O|  |TAMS 0x00000000e9f00000| PB 0x00000000e9fffff8| Untracked 
| 672|0x00000000ea000000, 0x00000000ea0ffff0, 0x00000000ea100000| 99%| O|  |TAMS 0x00000000ea000000| PB 0x00000000ea0ffff0| Untracked 
| 673|0x00000000ea100000, 0x00000000ea1fff88, 0x00000000ea200000| 99%| O|  |TAMS 0x00000000ea100000| PB 0x00000000ea1fff88| Untracked 
| 674|0x00000000ea200000, 0x00000000ea2fffc8, 0x00000000ea300000| 99%| O|  |TAMS 0x00000000ea200000| PB 0x00000000ea2fffc8| Untracked 
| 675|0x00000000ea300000, 0x00000000ea3fffc0, 0x00000000ea400000| 99%| O|  |TAMS 0x00000000ea300000| PB 0x00000000ea3fffc0| Untracked 
| 676|0x00000000ea400000, 0x00000000ea4ffff0, 0x00000000ea500000| 99%| O|  |TAMS 0x00000000ea400000| PB 0x00000000ea4ffff0| Untracked 
| 677|0x00000000ea500000, 0x00000000ea5ffff8, 0x00000000ea600000| 99%| O|  |TAMS 0x00000000ea500000| PB 0x00000000ea5ffff8| Untracked 
| 678|0x00000000ea600000, 0x00000000ea700000, 0x00000000ea700000|100%| O|  |TAMS 0x00000000ea600000| PB 0x00000000ea700000| Untracked 
| 679|0x00000000ea700000, 0x00000000ea7fff50, 0x00000000ea800000| 99%| O|  |TAMS 0x00000000ea700000| PB 0x00000000ea7fff50| Untracked 
| 680|0x00000000ea800000, 0x00000000ea8ffff8, 0x00000000ea900000| 99%| O|  |TAMS 0x00000000ea800000| PB 0x00000000ea8ffff8| Untracked 
| 681|0x00000000ea900000, 0x00000000ea9fffa0, 0x00000000eaa00000| 99%| O|  |TAMS 0x00000000ea900000| PB 0x00000000ea9fffa0| Untracked 
| 682|0x00000000eaa00000, 0x00000000eaafff60, 0x00000000eab00000| 99%| O|  |TAMS 0x00000000eaa00000| PB 0x00000000eaafff60| Untracked 
| 683|0x00000000eab00000, 0x00000000eabfff98, 0x00000000eac00000| 99%| O|  |TAMS 0x00000000eab00000| PB 0x00000000eabfff98| Untracked 
| 684|0x00000000eac00000, 0x00000000ead00000, 0x00000000ead00000|100%| O|  |TAMS 0x00000000eac00000| PB 0x00000000ead00000| Untracked 
| 685|0x00000000ead00000, 0x00000000eae00000, 0x00000000eae00000|100%| O|  |TAMS 0x00000000ead00000| PB 0x00000000eae00000| Untracked 
| 686|0x00000000eae00000, 0x00000000eaeffff0, 0x00000000eaf00000| 99%| O|  |TAMS 0x00000000eae00000| PB 0x00000000eaeffff0| Untracked 
| 687|0x00000000eaf00000, 0x00000000eaffffa0, 0x00000000eb000000| 99%| O|  |TAMS 0x00000000eaf00000| PB 0x00000000eaffffa0| Untracked 
| 688|0x00000000eb000000, 0x00000000eb100000, 0x00000000eb100000|100%| O|  |TAMS 0x00000000eb000000| PB 0x00000000eb100000| Untracked 
| 689|0x00000000eb100000, 0x00000000eb1fffe8, 0x00000000eb200000| 99%| O|  |TAMS 0x00000000eb100000| PB 0x00000000eb1fffe8| Untracked 
| 690|0x00000000eb200000, 0x00000000eb2fff58, 0x00000000eb300000| 99%| O|  |TAMS 0x00000000eb200000| PB 0x00000000eb2fff58| Untracked 
| 691|0x00000000eb300000, 0x00000000eb3ffff0, 0x00000000eb400000| 99%| O|  |TAMS 0x00000000eb300000| PB 0x00000000eb3ffff0| Untracked 
| 692|0x00000000eb400000, 0x00000000eb4fff60, 0x00000000eb500000| 99%| O|  |TAMS 0x00000000eb400000| PB 0x00000000eb4fff60| Untracked 
| 693|0x00000000eb500000, 0x00000000eb5fff90, 0x00000000eb600000| 99%| O|  |TAMS 0x00000000eb500000| PB 0x00000000eb5fff90| Untracked 
| 694|0x00000000eb600000, 0x00000000eb6fffa8, 0x00000000eb700000| 99%| O|  |TAMS 0x00000000eb600000| PB 0x00000000eb6fffa8| Untracked 
| 695|0x00000000eb700000, 0x00000000eb7ffff8, 0x00000000eb800000| 99%| O|  |TAMS 0x00000000eb700000| PB 0x00000000eb7ffff8| Untracked 
| 696|0x00000000eb800000, 0x00000000eb8ffff8, 0x00000000eb900000| 99%| O|  |TAMS 0x00000000eb800000| PB 0x00000000eb8ffff8| Untracked 
| 697|0x00000000eb900000, 0x00000000eb9fffe8, 0x00000000eba00000| 99%| O|  |TAMS 0x00000000eb900000| PB 0x00000000eb9fffe8| Untracked 
| 698|0x00000000eba00000, 0x00000000ebafff50, 0x00000000ebb00000| 99%| O|  |TAMS 0x00000000eba00000| PB 0x00000000ebafff50| Untracked 
| 699|0x00000000ebb00000, 0x00000000ebbfffe0, 0x00000000ebc00000| 99%| O|  |TAMS 0x00000000ebb00000| PB 0x00000000ebbfffe0| Untracked 
| 700|0x00000000ebc00000, 0x00000000ebcfffa0, 0x00000000ebd00000| 99%| O|  |TAMS 0x00000000ebc00000| PB 0x00000000ebcfffa0| Untracked 
| 701|0x00000000ebd00000, 0x00000000ebdfffc8, 0x00000000ebe00000| 99%| O|  |TAMS 0x00000000ebd00000| PB 0x00000000ebdfffc8| Untracked 
| 702|0x00000000ebe00000, 0x00000000ebeffff0, 0x00000000ebf00000| 99%| O|  |TAMS 0x00000000ebe00000| PB 0x00000000ebeffff0| Untracked 
| 703|0x00000000ebf00000, 0x00000000ebffff88, 0x00000000ec000000| 99%| O|  |TAMS 0x00000000ebf00000| PB 0x00000000ebffff88| Untracked 
| 704|0x00000000ec000000, 0x00000000ec0fff30, 0x00000000ec100000| 99%| O|  |TAMS 0x00000000ec000000| PB 0x00000000ec0fff30| Untracked 
| 705|0x00000000ec100000, 0x00000000ec1fffb8, 0x00000000ec200000| 99%| O|  |TAMS 0x00000000ec100000| PB 0x00000000ec1fffb8| Untracked 
| 706|0x00000000ec200000, 0x00000000ec2fff80, 0x00000000ec300000| 99%| O|  |TAMS 0x00000000ec200000| PB 0x00000000ec2fff80| Untracked 
| 707|0x00000000ec300000, 0x00000000ec3ffff8, 0x00000000ec400000| 99%| O|  |TAMS 0x00000000ec300000| PB 0x00000000ec3ffff8| Untracked 
| 708|0x00000000ec400000, 0x00000000ec4fffd8, 0x00000000ec500000| 99%| O|  |TAMS 0x00000000ec400000| PB 0x00000000ec4fffd8| Untracked 
| 709|0x00000000ec500000, 0x00000000ec5ffff8, 0x00000000ec600000| 99%| O|  |TAMS 0x00000000ec500000| PB 0x00000000ec5ffff8| Untracked 
| 710|0x00000000ec600000, 0x00000000ec6fffe8, 0x00000000ec700000| 99%| O|  |TAMS 0x00000000ec600000| PB 0x00000000ec6fffe8| Untracked 
| 711|0x00000000ec700000, 0x00000000ec7ffff8, 0x00000000ec800000| 99%| O|  |TAMS 0x00000000ec700000| PB 0x00000000ec7ffff8| Untracked 
| 712|0x00000000ec800000, 0x00000000ec8ffff8, 0x00000000ec900000| 99%| O|  |TAMS 0x00000000ec800000| PB 0x00000000ec8ffff8| Untracked 
| 713|0x00000000ec900000, 0x00000000ec9ffff8, 0x00000000eca00000| 99%| O|  |TAMS 0x00000000ec900000| PB 0x00000000ec9ffff8| Untracked 
| 714|0x00000000eca00000, 0x00000000ecaffff0, 0x00000000ecb00000| 99%| O|  |TAMS 0x00000000eca00000| PB 0x00000000ecaffff0| Untracked 
| 715|0x00000000ecb00000, 0x00000000ecbffff0, 0x00000000ecc00000| 99%| O|  |TAMS 0x00000000ecb00000| PB 0x00000000ecbffff0| Untracked 
| 716|0x00000000ecc00000, 0x00000000eccfff48, 0x00000000ecd00000| 99%| O|  |TAMS 0x00000000ecc00000| PB 0x00000000eccfff48| Untracked 
| 717|0x00000000ecd00000, 0x00000000ecdfffc0, 0x00000000ece00000| 99%| O|  |TAMS 0x00000000ecd00000| PB 0x00000000ecdfffc0| Untracked 
| 718|0x00000000ece00000, 0x00000000ecefff80, 0x00000000ecf00000| 99%| O|  |TAMS 0x00000000ece00000| PB 0x00000000ecefff80| Untracked 
| 719|0x00000000ecf00000, 0x00000000ecffff68, 0x00000000ed000000| 99%| O|  |TAMS 0x00000000ecf00000| PB 0x00000000ecffff68| Untracked 
| 720|0x00000000ed000000, 0x00000000ed0fffe8, 0x00000000ed100000| 99%| O|  |TAMS 0x00000000ed000000| PB 0x00000000ed0fffe8| Untracked 
| 721|0x00000000ed100000, 0x00000000ed1fffb8, 0x00000000ed200000| 99%| O|  |TAMS 0x00000000ed100000| PB 0x00000000ed1fffb8| Untracked 
| 722|0x00000000ed200000, 0x00000000ed2fffd0, 0x00000000ed300000| 99%| O|  |TAMS 0x00000000ed200000| PB 0x00000000ed2fffd0| Untracked 
| 723|0x00000000ed300000, 0x00000000ed3fffe8, 0x00000000ed400000| 99%| O|  |TAMS 0x00000000ed300000| PB 0x00000000ed3fffe8| Untracked 
| 724|0x00000000ed400000, 0x00000000ed4ffff0, 0x00000000ed500000| 99%| O|  |TAMS 0x00000000ed400000| PB 0x00000000ed4ffff0| Untracked 
| 725|0x00000000ed500000, 0x00000000ed600000, 0x00000000ed600000|100%| O|  |TAMS 0x00000000ed500000| PB 0x00000000ed600000| Untracked 
| 726|0x00000000ed600000, 0x00000000ed6fffe8, 0x00000000ed700000| 99%| O|  |TAMS 0x00000000ed600000| PB 0x00000000ed6fffe8| Untracked 
| 727|0x00000000ed700000, 0x00000000ed7fff78, 0x00000000ed800000| 99%| O|  |TAMS 0x00000000ed700000| PB 0x00000000ed7fff78| Untracked 
| 728|0x00000000ed800000, 0x00000000ed8fff90, 0x00000000ed900000| 99%| O|  |TAMS 0x00000000ed800000| PB 0x00000000ed8fff90| Untracked 
| 729|0x00000000ed900000, 0x00000000ed9fff48, 0x00000000eda00000| 99%| O|  |TAMS 0x00000000ed900000| PB 0x00000000ed9fff48| Untracked 
| 730|0x00000000eda00000, 0x00000000edafffa8, 0x00000000edb00000| 99%| O|  |TAMS 0x00000000eda00000| PB 0x00000000edafffa8| Untracked 
| 731|0x00000000edb00000, 0x00000000edc00000, 0x00000000edc00000|100%| O|  |TAMS 0x00000000edb00000| PB 0x00000000edc00000| Untracked 
| 732|0x00000000edc00000, 0x00000000edcffff0, 0x00000000edd00000| 99%| O|  |TAMS 0x00000000edc00000| PB 0x00000000edcffff0| Untracked 
| 733|0x00000000edd00000, 0x00000000eddfffa8, 0x00000000ede00000| 99%| O|  |TAMS 0x00000000edd00000| PB 0x00000000eddfffa8| Untracked 
| 734|0x00000000ede00000, 0x00000000edeffff8, 0x00000000edf00000| 99%| O|  |TAMS 0x00000000ede00000| PB 0x00000000edeffff8| Untracked 
| 735|0x00000000edf00000, 0x00000000edfffff8, 0x00000000ee000000| 99%| O|  |TAMS 0x00000000edf00000| PB 0x00000000edfffff8| Untracked 
| 736|0x00000000ee000000, 0x00000000ee0fff78, 0x00000000ee100000| 99%| O|  |TAMS 0x00000000ee000000| PB 0x00000000ee0fff78| Untracked 
| 737|0x00000000ee100000, 0x00000000ee200000, 0x00000000ee200000|100%| O|  |TAMS 0x00000000ee100000| PB 0x00000000ee200000| Untracked 
| 738|0x00000000ee200000, 0x00000000ee2ffff0, 0x00000000ee300000| 99%| O|  |TAMS 0x00000000ee200000| PB 0x00000000ee2ffff0| Untracked 
| 739|0x00000000ee300000, 0x00000000ee3ffff8, 0x00000000ee400000| 99%| O|  |TAMS 0x00000000ee300000| PB 0x00000000ee3ffff8| Untracked 
| 740|0x00000000ee400000, 0x00000000ee4fffc8, 0x00000000ee500000| 99%| O|  |TAMS 0x00000000ee400000| PB 0x00000000ee4fffc8| Untracked 
| 741|0x00000000ee500000, 0x00000000ee5fffc0, 0x00000000ee600000| 99%| O|  |TAMS 0x00000000ee500000| PB 0x00000000ee5fffc0| Untracked 
| 742|0x00000000ee600000, 0x00000000ee6fffc8, 0x00000000ee700000| 99%| O|  |TAMS 0x00000000ee600000| PB 0x00000000ee6fffc8| Untracked 
| 743|0x00000000ee700000, 0x00000000ee7ffff8, 0x00000000ee800000| 99%| O|  |TAMS 0x00000000ee700000| PB 0x00000000ee7ffff8| Untracked 
| 744|0x00000000ee800000, 0x00000000ee8fffe0, 0x00000000ee900000| 99%| O|  |TAMS 0x00000000ee800000| PB 0x00000000ee8fffe0| Untracked 
| 745|0x00000000ee900000, 0x00000000ee9ffff8, 0x00000000eea00000| 99%| O|  |TAMS 0x00000000ee900000| PB 0x00000000ee9ffff8| Untracked 
| 746|0x00000000eea00000, 0x00000000eeb00000, 0x00000000eeb00000|100%| O|  |TAMS 0x00000000eea00000| PB 0x00000000eeb00000| Untracked 
| 747|0x00000000eeb00000, 0x00000000eebfff70, 0x00000000eec00000| 99%| O|  |TAMS 0x00000000eeb00000| PB 0x00000000eebfff70| Untracked 
| 748|0x00000000eec00000, 0x00000000eecfffa8, 0x00000000eed00000| 99%| O|  |TAMS 0x00000000eec00000| PB 0x00000000eecfffa8| Untracked 
| 749|0x00000000eed00000, 0x00000000eee00000, 0x00000000eee00000|100%| O|  |TAMS 0x00000000eed00000| PB 0x00000000eee00000| Untracked 
| 750|0x00000000eee00000, 0x00000000eeefffd8, 0x00000000eef00000| 99%| O|  |TAMS 0x00000000eee00000| PB 0x00000000eeefffd8| Untracked 
| 751|0x00000000eef00000, 0x00000000eeffffe0, 0x00000000ef000000| 99%| O|  |TAMS 0x00000000eef00000| PB 0x00000000eeffffe0| Untracked 
| 752|0x00000000ef000000, 0x00000000ef100000, 0x00000000ef100000|100%| O|  |TAMS 0x00000000ef000000| PB 0x00000000ef100000| Untracked 
| 753|0x00000000ef100000, 0x00000000ef1fffe8, 0x00000000ef200000| 99%| O|  |TAMS 0x00000000ef100000| PB 0x00000000ef1fffe8| Untracked 
| 754|0x00000000ef200000, 0x00000000ef2fffe0, 0x00000000ef300000| 99%| O|  |TAMS 0x00000000ef200000| PB 0x00000000ef2fffe0| Untracked 
| 755|0x00000000ef300000, 0x00000000ef400000, 0x00000000ef400000|100%| O|  |TAMS 0x00000000ef300000| PB 0x00000000ef400000| Untracked 
| 756|0x00000000ef400000, 0x00000000ef4ffff8, 0x00000000ef500000| 99%| O|  |TAMS 0x00000000ef400000| PB 0x00000000ef4ffff8| Untracked 
| 757|0x00000000ef500000, 0x00000000ef600000, 0x00000000ef600000|100%| O|  |TAMS 0x00000000ef500000| PB 0x00000000ef600000| Untracked 
| 758|0x00000000ef600000, 0x00000000ef6fff48, 0x00000000ef700000| 99%| O|  |TAMS 0x00000000ef600000| PB 0x00000000ef6fff48| Untracked 
| 759|0x00000000ef700000, 0x00000000ef7fffe8, 0x00000000ef800000| 99%| O|  |TAMS 0x00000000ef700000| PB 0x00000000ef7fffe8| Untracked 
| 760|0x00000000ef800000, 0x00000000ef8fff58, 0x00000000ef900000| 99%| O|  |TAMS 0x00000000ef800000| PB 0x00000000ef8fff58| Untracked 
| 761|0x00000000ef900000, 0x00000000ef9fff78, 0x00000000efa00000| 99%| O|  |TAMS 0x00000000ef900000| PB 0x00000000ef9fff78| Untracked 
| 762|0x00000000efa00000, 0x00000000efb00000, 0x00000000efb00000|100%| O|  |TAMS 0x00000000efa00000| PB 0x00000000efb00000| Untracked 
| 763|0x00000000efb00000, 0x00000000efbfffc0, 0x00000000efc00000| 99%| O|  |TAMS 0x00000000efb00000| PB 0x00000000efbfffc0| Untracked 
| 764|0x00000000efc00000, 0x00000000efcfff90, 0x00000000efd00000| 99%| O|  |TAMS 0x00000000efc00000| PB 0x00000000efcfff90| Untracked 
| 765|0x00000000efd00000, 0x00000000efdfff88, 0x00000000efe00000| 99%| O|  |TAMS 0x00000000efd00000| PB 0x00000000efdfff88| Untracked 
| 766|0x00000000efe00000, 0x00000000efeffff8, 0x00000000eff00000| 99%| O|  |TAMS 0x00000000efe00000| PB 0x00000000efeffff8| Untracked 
| 767|0x00000000eff00000, 0x00000000f0000000, 0x00000000f0000000|100%| O|  |TAMS 0x00000000eff00000| PB 0x00000000f0000000| Untracked 
| 768|0x00000000f0000000, 0x00000000f00fffe8, 0x00000000f0100000| 99%| O|  |TAMS 0x00000000f0000000| PB 0x00000000f00fffe8| Untracked 
| 769|0x00000000f0100000, 0x00000000f01ffff0, 0x00000000f0200000| 99%| O|  |TAMS 0x00000000f0100000| PB 0x00000000f01ffff0| Untracked 
| 770|0x00000000f0200000, 0x00000000f02fffa0, 0x00000000f0300000| 99%| O|  |TAMS 0x00000000f0200000| PB 0x00000000f02fffa0| Untracked 
| 771|0x00000000f0300000, 0x00000000f03fffe8, 0x00000000f0400000| 99%| O|  |TAMS 0x00000000f0300000| PB 0x00000000f03fffe8| Untracked 
| 772|0x00000000f0400000, 0x00000000f04fffd8, 0x00000000f0500000| 99%| O|  |TAMS 0x00000000f0400000| PB 0x00000000f04fffd8| Untracked 
| 773|0x00000000f0500000, 0x00000000f05ffff0, 0x00000000f0600000| 99%| O|  |TAMS 0x00000000f0500000| PB 0x00000000f05ffff0| Untracked 
| 774|0x00000000f0600000, 0x00000000f0700000, 0x00000000f0700000|100%| O|  |TAMS 0x00000000f0600000| PB 0x00000000f0700000| Untracked 
| 775|0x00000000f0700000, 0x00000000f0800000, 0x00000000f0800000|100%| O|  |TAMS 0x00000000f0700000| PB 0x00000000f0800000| Untracked 
| 776|0x00000000f0800000, 0x00000000f08ffff0, 0x00000000f0900000| 99%| O|  |TAMS 0x00000000f0800000| PB 0x00000000f08ffff0| Untracked 
| 777|0x00000000f0900000, 0x00000000f09ffff8, 0x00000000f0a00000| 99%| O|  |TAMS 0x00000000f0900000| PB 0x00000000f09ffff8| Untracked 
| 778|0x00000000f0a00000, 0x00000000f0b00000, 0x00000000f0b00000|100%| O|  |TAMS 0x00000000f0a00000| PB 0x00000000f0b00000| Untracked 
| 779|0x00000000f0b00000, 0x00000000f0bfff80, 0x00000000f0c00000| 99%| O|  |TAMS 0x00000000f0b00000| PB 0x00000000f0bfff80| Untracked 
| 780|0x00000000f0c00000, 0x00000000f0cffff8, 0x00000000f0d00000| 99%| O|  |TAMS 0x00000000f0c00000| PB 0x00000000f0cffff8| Untracked 
| 781|0x00000000f0d00000, 0x00000000f0dfffd0, 0x00000000f0e00000| 99%| O|  |TAMS 0x00000000f0d00000| PB 0x00000000f0dfffd0| Untracked 
| 782|0x00000000f0e00000, 0x00000000f0efffe8, 0x00000000f0f00000| 99%| O|  |TAMS 0x00000000f0e00000| PB 0x00000000f0efffe8| Untracked 
| 783|0x00000000f0f00000, 0x00000000f1000000, 0x00000000f1000000|100%| O|  |TAMS 0x00000000f0f00000| PB 0x00000000f1000000| Untracked 
| 784|0x00000000f1000000, 0x00000000f10fff90, 0x00000000f1100000| 99%| O|  |TAMS 0x00000000f1000000| PB 0x00000000f10fff90| Untracked 
| 785|0x00000000f1100000, 0x00000000f11ffff8, 0x00000000f1200000| 99%| O|  |TAMS 0x00000000f1100000| PB 0x00000000f11ffff8| Untracked 
| 786|0x00000000f1200000, 0x00000000f12ffff8, 0x00000000f1300000| 99%| O|  |TAMS 0x00000000f1200000| PB 0x00000000f12ffff8| Untracked 
| 787|0x00000000f1300000, 0x00000000f13fff48, 0x00000000f1400000| 99%| O|  |TAMS 0x00000000f1300000| PB 0x00000000f13fff48| Untracked 
| 788|0x00000000f1400000, 0x00000000f14ffff8, 0x00000000f1500000| 99%| O|  |TAMS 0x00000000f1400000| PB 0x00000000f14ffff8| Untracked 
| 789|0x00000000f1500000, 0x00000000f1600000, 0x00000000f1600000|100%| O|  |TAMS 0x00000000f1500000| PB 0x00000000f1600000| Untracked 
| 790|0x00000000f1600000, 0x00000000f16fffa0, 0x00000000f1700000| 99%| O|  |TAMS 0x00000000f1600000| PB 0x00000000f16fffa0| Untracked 
| 791|0x00000000f1700000, 0x00000000f17ffff0, 0x00000000f1800000| 99%| O|  |TAMS 0x00000000f1700000| PB 0x00000000f17ffff0| Untracked 
| 792|0x00000000f1800000, 0x00000000f18fffd0, 0x00000000f1900000| 99%| O|  |TAMS 0x00000000f1800000| PB 0x00000000f18fffd0| Untracked 
| 793|0x00000000f1900000, 0x00000000f19ffff8, 0x00000000f1a00000| 99%| O|  |TAMS 0x00000000f1900000| PB 0x00000000f19ffff8| Untracked 
| 794|0x00000000f1a00000, 0x00000000f1b00000, 0x00000000f1b00000|100%| O|  |TAMS 0x00000000f1a00000| PB 0x00000000f1b00000| Untracked 
| 795|0x00000000f1b00000, 0x00000000f1bfff78, 0x00000000f1c00000| 99%| O|  |TAMS 0x00000000f1b00000| PB 0x00000000f1bfff78| Untracked 
| 796|0x00000000f1c00000, 0x00000000f1cfffd0, 0x00000000f1d00000| 99%| O|  |TAMS 0x00000000f1c00000| PB 0x00000000f1cfffd0| Untracked 
| 797|0x00000000f1d00000, 0x00000000f1dfff68, 0x00000000f1e00000| 99%| O|  |TAMS 0x00000000f1d00000| PB 0x00000000f1dfff68| Untracked 
| 798|0x00000000f1e00000, 0x00000000f1effff0, 0x00000000f1f00000| 99%| O|  |TAMS 0x00000000f1e00000| PB 0x00000000f1effff0| Untracked 
| 799|0x00000000f1f00000, 0x00000000f2000000, 0x00000000f2000000|100%| O|  |TAMS 0x00000000f1f00000| PB 0x00000000f2000000| Untracked 
| 800|0x00000000f2000000, 0x00000000f20fffc0, 0x00000000f2100000| 99%| O|  |TAMS 0x00000000f2000000| PB 0x00000000f20fffc0| Untracked 
| 801|0x00000000f2100000, 0x00000000f21ffff8, 0x00000000f2200000| 99%| O|  |TAMS 0x00000000f2100000| PB 0x00000000f21ffff8| Untracked 
| 802|0x00000000f2200000, 0x00000000f22ffff8, 0x00000000f2300000| 99%| O|  |TAMS 0x00000000f2200000| PB 0x00000000f22ffff8| Untracked 
| 803|0x00000000f2300000, 0x00000000f23fffd8, 0x00000000f2400000| 99%| O|  |TAMS 0x00000000f2300000| PB 0x00000000f23fffd8| Untracked 
| 804|0x00000000f2400000, 0x00000000f24fff50, 0x00000000f2500000| 99%| O|  |TAMS 0x00000000f2400000| PB 0x00000000f24fff50| Untracked 
| 805|0x00000000f2500000, 0x00000000f2600000, 0x00000000f2600000|100%| O|  |TAMS 0x00000000f2500000| PB 0x00000000f2600000| Untracked 
| 806|0x00000000f2600000, 0x00000000f26ffff0, 0x00000000f2700000| 99%| O|  |TAMS 0x00000000f2600000| PB 0x00000000f26ffff0| Untracked 
| 807|0x00000000f2700000, 0x00000000f27fff30, 0x00000000f2800000| 99%| O|  |TAMS 0x00000000f2700000| PB 0x00000000f27fff30| Untracked 
| 808|0x00000000f2800000, 0x00000000f28fffc8, 0x00000000f2900000| 99%| O|  |TAMS 0x00000000f2800000| PB 0x00000000f28fffc8| Untracked 
| 809|0x00000000f2900000, 0x00000000f29ffff0, 0x00000000f2a00000| 99%| O|  |TAMS 0x00000000f2900000| PB 0x00000000f29ffff0| Untracked 
| 810|0x00000000f2a00000, 0x00000000f2affff8, 0x00000000f2b00000| 99%| O|  |TAMS 0x00000000f2a00000| PB 0x00000000f2affff8| Untracked 
| 811|0x00000000f2b00000, 0x00000000f2bfffe8, 0x00000000f2c00000| 99%| O|  |TAMS 0x00000000f2b00000| PB 0x00000000f2bfffe8| Untracked 
| 812|0x00000000f2c00000, 0x00000000f2cffff8, 0x00000000f2d00000| 99%| O|  |TAMS 0x00000000f2c00000| PB 0x00000000f2cffff8| Untracked 
| 813|0x00000000f2d00000, 0x00000000f2e00000, 0x00000000f2e00000|100%| O|  |TAMS 0x00000000f2d00000| PB 0x00000000f2e00000| Untracked 
| 814|0x00000000f2e00000, 0x00000000f2effff8, 0x00000000f2f00000| 99%| O|  |TAMS 0x00000000f2e00000| PB 0x00000000f2effff8| Untracked 
| 815|0x00000000f2f00000, 0x00000000f2ffffb0, 0x00000000f3000000| 99%| O|  |TAMS 0x00000000f2f00000| PB 0x00000000f2ffffb0| Untracked 
| 816|0x00000000f3000000, 0x00000000f30fffc0, 0x00000000f3100000| 99%| O|  |TAMS 0x00000000f3000000| PB 0x00000000f30fffc0| Untracked 
| 817|0x00000000f3100000, 0x00000000f31fffd0, 0x00000000f3200000| 99%| O|  |TAMS 0x00000000f3100000| PB 0x00000000f31fffd0| Untracked 
| 818|0x00000000f3200000, 0x00000000f32fff50, 0x00000000f3300000| 99%| O|  |TAMS 0x00000000f3200000| PB 0x00000000f32fff50| Untracked 
| 819|0x00000000f3300000, 0x00000000f33fffb8, 0x00000000f3400000| 99%| O|  |TAMS 0x00000000f3300000| PB 0x00000000f33fffb8| Untracked 
| 820|0x00000000f3400000, 0x00000000f34fffc0, 0x00000000f3500000| 99%| O|  |TAMS 0x00000000f3400000| PB 0x00000000f34fffc0| Untracked 
| 821|0x00000000f3500000, 0x00000000f35ffff8, 0x00000000f3600000| 99%| O|  |TAMS 0x00000000f3500000| PB 0x00000000f35ffff8| Untracked 
| 822|0x00000000f3600000, 0x00000000f36ffff0, 0x00000000f3700000| 99%| O|  |TAMS 0x00000000f3600000| PB 0x00000000f36ffff0| Untracked 
| 823|0x00000000f3700000, 0x00000000f37ffff8, 0x00000000f3800000| 99%| O|  |TAMS 0x00000000f3700000| PB 0x00000000f37ffff8| Untracked 
| 824|0x00000000f3800000, 0x00000000f38fffe8, 0x00000000f3900000| 99%| O|  |TAMS 0x00000000f3800000| PB 0x00000000f38fffe8| Untracked 
| 825|0x00000000f3900000, 0x00000000f39fffe8, 0x00000000f3a00000| 99%| O|  |TAMS 0x00000000f3900000| PB 0x00000000f39fffe8| Untracked 
| 826|0x00000000f3a00000, 0x00000000f3afff68, 0x00000000f3b00000| 99%| O|  |TAMS 0x00000000f3a00000| PB 0x00000000f3afff68| Untracked 
| 827|0x00000000f3b00000, 0x00000000f3bfff78, 0x00000000f3c00000| 99%| O|  |TAMS 0x00000000f3b00000| PB 0x00000000f3bfff78| Untracked 
| 828|0x00000000f3c00000, 0x00000000f3cfffa8, 0x00000000f3d00000| 99%| O|  |TAMS 0x00000000f3c00000| PB 0x00000000f3cfffa8| Untracked 
| 829|0x00000000f3d00000, 0x00000000f3dfffd8, 0x00000000f3e00000| 99%| O|  |TAMS 0x00000000f3d00000| PB 0x00000000f3dfffd8| Untracked 
| 830|0x00000000f3e00000, 0x00000000f3f00000, 0x00000000f3f00000|100%| O|  |TAMS 0x00000000f3e00000| PB 0x00000000f3f00000| Untracked 
| 831|0x00000000f3f00000, 0x00000000f3ffffa8, 0x00000000f4000000| 99%| O|  |TAMS 0x00000000f3f00000| PB 0x00000000f3ffffa8| Untracked 
| 832|0x00000000f4000000, 0x00000000f40ffff0, 0x00000000f4100000| 99%| O|  |TAMS 0x00000000f4000000| PB 0x00000000f40ffff0| Untracked 
| 833|0x00000000f4100000, 0x00000000f41ffff8, 0x00000000f4200000| 99%| O|  |TAMS 0x00000000f4100000| PB 0x00000000f41ffff8| Untracked 
| 834|0x00000000f4200000, 0x00000000f42fff78, 0x00000000f4300000| 99%| O|  |TAMS 0x00000000f4200000| PB 0x00000000f42fff78| Untracked 
| 835|0x00000000f4300000, 0x00000000f43fff40, 0x00000000f4400000| 99%| O|  |TAMS 0x00000000f4300000| PB 0x00000000f43fff40| Untracked 
| 836|0x00000000f4400000, 0x00000000f44fff70, 0x00000000f4500000| 99%| O|  |TAMS 0x00000000f4400000| PB 0x00000000f44fff70| Untracked 
| 837|0x00000000f4500000, 0x00000000f4600000, 0x00000000f4600000|100%| O|  |TAMS 0x00000000f4500000| PB 0x00000000f4600000| Untracked 
| 838|0x00000000f4600000, 0x00000000f46ffff8, 0x00000000f4700000| 99%| O|  |TAMS 0x00000000f4600000| PB 0x00000000f46ffff8| Untracked 
| 839|0x00000000f4700000, 0x00000000f47ffff0, 0x00000000f4800000| 99%| O|  |TAMS 0x00000000f4700000| PB 0x00000000f47ffff0| Untracked 
| 840|0x00000000f4800000, 0x00000000f48fff90, 0x00000000f4900000| 99%| O|  |TAMS 0x00000000f4800000| PB 0x00000000f48fff90| Untracked 
| 841|0x00000000f4900000, 0x00000000f4a00000, 0x00000000f4a00000|100%| O|  |TAMS 0x00000000f4900000| PB 0x00000000f4a00000| Untracked 
| 842|0x00000000f4a00000, 0x00000000f4affff8, 0x00000000f4b00000| 99%| O|  |TAMS 0x00000000f4a00000| PB 0x00000000f4affff8| Untracked 
| 843|0x00000000f4b00000, 0x00000000f4c00000, 0x00000000f4c00000|100%| O|  |TAMS 0x00000000f4b00000| PB 0x00000000f4c00000| Untracked 
| 844|0x00000000f4c00000, 0x00000000f4cffff0, 0x00000000f4d00000| 99%| O|  |TAMS 0x00000000f4c00000| PB 0x00000000f4cffff0| Untracked 
| 845|0x00000000f4d00000, 0x00000000f4dfff80, 0x00000000f4e00000| 99%| O|  |TAMS 0x00000000f4d00000| PB 0x00000000f4dfff80| Untracked 
| 846|0x00000000f4e00000, 0x00000000f4f00000, 0x00000000f4f00000|100%| O|  |TAMS 0x00000000f4e00000| PB 0x00000000f4f00000| Untracked 
| 847|0x00000000f4f00000, 0x00000000f4ffffb8, 0x00000000f5000000| 99%| O|  |TAMS 0x00000000f4f00000| PB 0x00000000f4ffffb8| Untracked 
| 848|0x00000000f5000000, 0x00000000f50fffb8, 0x00000000f5100000| 99%| O|  |TAMS 0x00000000f5000000| PB 0x00000000f50fffb8| Untracked 
| 849|0x00000000f5100000, 0x00000000f51fff90, 0x00000000f5200000| 99%| O|  |TAMS 0x00000000f5100000| PB 0x00000000f51fff90| Untracked 
| 850|0x00000000f5200000, 0x00000000f5300000, 0x00000000f5300000|100%| O|  |TAMS 0x00000000f5200000| PB 0x00000000f5300000| Untracked 
| 851|0x00000000f5300000, 0x00000000f53fffc8, 0x00000000f5400000| 99%| O|  |TAMS 0x00000000f5300000| PB 0x00000000f53fffc8| Untracked 
| 852|0x00000000f5400000, 0x00000000f54fffc8, 0x00000000f5500000| 99%| O|  |TAMS 0x00000000f5400000| PB 0x00000000f54fffc8| Untracked 
| 853|0x00000000f5500000, 0x00000000f55ffff8, 0x00000000f5600000| 99%| O|  |TAMS 0x00000000f5500000| PB 0x00000000f55ffff8| Untracked 
| 854|0x00000000f5600000, 0x00000000f56fffd0, 0x00000000f5700000| 99%| O|  |TAMS 0x00000000f5600000| PB 0x00000000f56fffd0| Untracked 
| 855|0x00000000f5700000, 0x00000000f57fffd0, 0x00000000f5800000| 99%| O|  |TAMS 0x00000000f5700000| PB 0x00000000f57fffd0| Untracked 
| 856|0x00000000f5800000, 0x00000000f58ffff8, 0x00000000f5900000| 99%| O|  |TAMS 0x00000000f5800000| PB 0x00000000f58ffff8| Untracked 
| 857|0x00000000f5900000, 0x00000000f59ffff0, 0x00000000f5a00000| 99%| O|  |TAMS 0x00000000f5900000| PB 0x00000000f59ffff0| Untracked 
| 858|0x00000000f5a00000, 0x00000000f5affff0, 0x00000000f5b00000| 99%| O|  |TAMS 0x00000000f5a00000| PB 0x00000000f5affff0| Untracked 
| 859|0x00000000f5b00000, 0x00000000f5bffff8, 0x00000000f5c00000| 99%| O|  |TAMS 0x00000000f5b00000| PB 0x00000000f5bffff8| Untracked 
| 860|0x00000000f5c00000, 0x00000000f5cffff8, 0x00000000f5d00000| 99%| O|  |TAMS 0x00000000f5c00000| PB 0x00000000f5cffff8| Untracked 
| 861|0x00000000f5d00000, 0x00000000f5dfff50, 0x00000000f5e00000| 99%| O|  |TAMS 0x00000000f5d00000| PB 0x00000000f5dfff50| Untracked 
| 862|0x00000000f5e00000, 0x00000000f5effff8, 0x00000000f5f00000| 99%| O|  |TAMS 0x00000000f5e00000| PB 0x00000000f5effff8| Untracked 
| 863|0x00000000f5f00000, 0x00000000f5fffff8, 0x00000000f6000000| 99%| O|  |TAMS 0x00000000f5f00000| PB 0x00000000f5fffff8| Untracked 
| 864|0x00000000f6000000, 0x00000000f60fff58, 0x00000000f6100000| 99%| O|  |TAMS 0x00000000f6000000| PB 0x00000000f60fff58| Untracked 
| 865|0x00000000f6100000, 0x00000000f61ffff0, 0x00000000f6200000| 99%| O|  |TAMS 0x00000000f6100000| PB 0x00000000f61ffff0| Untracked 
| 866|0x00000000f6200000, 0x00000000f62fff80, 0x00000000f6300000| 99%| O|  |TAMS 0x00000000f6200000| PB 0x00000000f62fff80| Untracked 
| 867|0x00000000f6300000, 0x00000000f63fffb0, 0x00000000f6400000| 99%| O|  |TAMS 0x00000000f6300000| PB 0x00000000f63fffb0| Untracked 
| 868|0x00000000f6400000, 0x00000000f64ffff8, 0x00000000f6500000| 99%| O|  |TAMS 0x00000000f6400000| PB 0x00000000f64ffff8| Untracked 
| 869|0x00000000f6500000, 0x00000000f65ffff8, 0x00000000f6600000| 99%| O|  |TAMS 0x00000000f6500000| PB 0x00000000f65ffff8| Untracked 
| 870|0x00000000f6600000, 0x00000000f66ffff0, 0x00000000f6700000| 99%| O|  |TAMS 0x00000000f6600000| PB 0x00000000f66ffff0| Untracked 
| 871|0x00000000f6700000, 0x00000000f67fff78, 0x00000000f6800000| 99%| O|  |TAMS 0x00000000f6700000| PB 0x00000000f67fff78| Untracked 
| 872|0x00000000f6800000, 0x00000000f6900000, 0x00000000f6900000|100%| O|  |TAMS 0x00000000f6800000| PB 0x00000000f6900000| Untracked 
| 873|0x00000000f6900000, 0x00000000f69fffa0, 0x00000000f6a00000| 99%| O|  |TAMS 0x00000000f6900000| PB 0x00000000f69fffa0| Untracked 
| 874|0x00000000f6a00000, 0x00000000f6afffe8, 0x00000000f6b00000| 99%| O|  |TAMS 0x00000000f6a00000| PB 0x00000000f6afffe8| Untracked 
| 875|0x00000000f6b00000, 0x00000000f6bffff0, 0x00000000f6c00000| 99%| O|  |TAMS 0x00000000f6b00000| PB 0x00000000f6bffff0| Untracked 
| 876|0x00000000f6c00000, 0x00000000f6cfff58, 0x00000000f6d00000| 99%| O|  |TAMS 0x00000000f6c00000| PB 0x00000000f6cfff58| Untracked 
| 877|0x00000000f6d00000, 0x00000000f6dfffc8, 0x00000000f6e00000| 99%| O|  |TAMS 0x00000000f6d00000| PB 0x00000000f6dfffc8| Untracked 
| 878|0x00000000f6e00000, 0x00000000f6f00000, 0x00000000f6f00000|100%| O|  |TAMS 0x00000000f6e00000| PB 0x00000000f6f00000| Untracked 
| 879|0x00000000f6f00000, 0x00000000f6ffffc8, 0x00000000f7000000| 99%| O|  |TAMS 0x00000000f6f00000| PB 0x00000000f6ffffc8| Untracked 
| 880|0x00000000f7000000, 0x00000000f70ffff8, 0x00000000f7100000| 99%| O|  |TAMS 0x00000000f7000000| PB 0x00000000f70ffff8| Untracked 
| 881|0x00000000f7100000, 0x00000000f71fffd8, 0x00000000f7200000| 99%| O|  |TAMS 0x00000000f7100000| PB 0x00000000f71fffd8| Untracked 
| 882|0x00000000f7200000, 0x00000000f72ffff8, 0x00000000f7300000| 99%| O|  |TAMS 0x00000000f7200000| PB 0x00000000f72ffff8| Untracked 
| 883|0x00000000f7300000, 0x00000000f73ffff8, 0x00000000f7400000| 99%| O|  |TAMS 0x00000000f7300000| PB 0x00000000f73ffff8| Untracked 
| 884|0x00000000f7400000, 0x00000000f74ffff8, 0x00000000f7500000| 99%| O|  |TAMS 0x00000000f7400000| PB 0x00000000f74ffff8| Untracked 
| 885|0x00000000f7500000, 0x00000000f75fffb8, 0x00000000f7600000| 99%| O|  |TAMS 0x00000000f7500000| PB 0x00000000f75fffb8| Untracked 
| 886|0x00000000f7600000, 0x00000000f76fff80, 0x00000000f7700000| 99%| O|  |TAMS 0x00000000f7600000| PB 0x00000000f76fff80| Untracked 
| 887|0x00000000f7700000, 0x00000000f77ffff0, 0x00000000f7800000| 99%| O|  |TAMS 0x00000000f7700000| PB 0x00000000f77ffff0| Untracked 
| 888|0x00000000f7800000, 0x00000000f78fff60, 0x00000000f7900000| 99%| O|  |TAMS 0x00000000f7800000| PB 0x00000000f78fff60| Untracked 
| 889|0x00000000f7900000, 0x00000000f7a00000, 0x00000000f7a00000|100%| O|  |TAMS 0x00000000f7900000| PB 0x00000000f7a00000| Untracked 
| 890|0x00000000f7a00000, 0x00000000f7afffb8, 0x00000000f7b00000| 99%| O|  |TAMS 0x00000000f7a00000| PB 0x00000000f7afffb8| Untracked 
| 891|0x00000000f7b00000, 0x00000000f7bfffe8, 0x00000000f7c00000| 99%| O|  |TAMS 0x00000000f7b00000| PB 0x00000000f7bfffe8| Untracked 
| 892|0x00000000f7c00000, 0x00000000f7cfffb8, 0x00000000f7d00000| 99%| O|  |TAMS 0x00000000f7c00000| PB 0x00000000f7cfffb8| Untracked 
| 893|0x00000000f7d00000, 0x00000000f7e00000, 0x00000000f7e00000|100%| O|  |TAMS 0x00000000f7d00000| PB 0x00000000f7e00000| Untracked 
| 894|0x00000000f7e00000, 0x00000000f7efff78, 0x00000000f7f00000| 99%| O|  |TAMS 0x00000000f7e00000| PB 0x00000000f7efff78| Untracked 
| 895|0x00000000f7f00000, 0x00000000f7fffff0, 0x00000000f8000000| 99%| O|  |TAMS 0x00000000f7f00000| PB 0x00000000f7fffff0| Untracked 
| 896|0x00000000f8000000, 0x00000000f80fffd8, 0x00000000f8100000| 99%| O|  |TAMS 0x00000000f8000000| PB 0x00000000f80fffd8| Untracked 
| 897|0x00000000f8100000, 0x00000000f8200000, 0x00000000f8200000|100%| O|  |TAMS 0x00000000f8100000| PB 0x00000000f8200000| Untracked 
| 898|0x00000000f8200000, 0x00000000f8300000, 0x00000000f8300000|100%| O|  |TAMS 0x00000000f8200000| PB 0x00000000f8300000| Untracked 
| 899|0x00000000f8300000, 0x00000000f8400000, 0x00000000f8400000|100%| O|  |TAMS 0x00000000f8300000| PB 0x00000000f8400000| Untracked 
| 900|0x00000000f8400000, 0x00000000f84ffff0, 0x00000000f8500000| 99%| O|  |TAMS 0x00000000f8400000| PB 0x00000000f84ffff0| Untracked 
| 901|0x00000000f8500000, 0x00000000f85ffff0, 0x00000000f8600000| 99%| O|  |TAMS 0x00000000f8500000| PB 0x00000000f85ffff0| Untracked 
| 902|0x00000000f8600000, 0x00000000f86ffff0, 0x00000000f8700000| 99%| O|  |TAMS 0x00000000f8600000| PB 0x00000000f86ffff0| Untracked 
| 903|0x00000000f8700000, 0x00000000f87fff50, 0x00000000f8800000| 99%| O|  |TAMS 0x00000000f8700000| PB 0x00000000f87fff50| Untracked 
| 904|0x00000000f8800000, 0x00000000f88ffff0, 0x00000000f8900000| 99%| O|  |TAMS 0x00000000f8800000| PB 0x00000000f88ffff0| Untracked 
| 905|0x00000000f8900000, 0x00000000f89fff98, 0x00000000f8a00000| 99%| O|  |TAMS 0x00000000f8900000| PB 0x00000000f89fff98| Untracked 
| 906|0x00000000f8a00000, 0x00000000f8affff0, 0x00000000f8b00000| 99%| O|  |TAMS 0x00000000f8a00000| PB 0x00000000f8affff0| Untracked 
| 907|0x00000000f8b00000, 0x00000000f8bffff8, 0x00000000f8c00000| 99%| O|  |TAMS 0x00000000f8b00000| PB 0x00000000f8bffff8| Untracked 
| 908|0x00000000f8c00000, 0x00000000f8cfffa8, 0x00000000f8d00000| 99%| O|  |TAMS 0x00000000f8c00000| PB 0x00000000f8cfffa8| Untracked 
| 909|0x00000000f8d00000, 0x00000000f8dfff98, 0x00000000f8e00000| 99%| O|  |TAMS 0x00000000f8d00000| PB 0x00000000f8dfff98| Untracked 
| 910|0x00000000f8e00000, 0x00000000f8efff40, 0x00000000f8f00000| 99%| O|  |TAMS 0x00000000f8e00000| PB 0x00000000f8efff40| Untracked 
| 911|0x00000000f8f00000, 0x00000000f9000000, 0x00000000f9000000|100%| O|  |TAMS 0x00000000f8f00000| PB 0x00000000f9000000| Untracked 
| 912|0x00000000f9000000, 0x00000000f90fff88, 0x00000000f9100000| 99%| O|  |TAMS 0x00000000f9000000| PB 0x00000000f90fff88| Untracked 
| 913|0x00000000f9100000, 0x00000000f9200000, 0x00000000f9200000|100%| O|  |TAMS 0x00000000f9100000| PB 0x00000000f9200000| Untracked 
| 914|0x00000000f9200000, 0x00000000f9300000, 0x00000000f9300000|100%| O|  |TAMS 0x00000000f9200000| PB 0x00000000f9300000| Untracked 
| 915|0x00000000f9300000, 0x00000000f93fff48, 0x00000000f9400000| 99%| O|  |TAMS 0x00000000f9300000| PB 0x00000000f93fff48| Untracked 
| 916|0x00000000f9400000, 0x00000000f9500000, 0x00000000f9500000|100%| O|  |TAMS 0x00000000f9400000| PB 0x00000000f9500000| Untracked 
| 917|0x00000000f9500000, 0x00000000f95fff78, 0x00000000f9600000| 99%| O|  |TAMS 0x00000000f9500000| PB 0x00000000f95fff78| Untracked 
| 918|0x00000000f9600000, 0x00000000f9700000, 0x00000000f9700000|100%| O|  |TAMS 0x00000000f9600000| PB 0x00000000f9700000| Untracked 
| 919|0x00000000f9700000, 0x00000000f97ffff0, 0x00000000f9800000| 99%| O|  |TAMS 0x00000000f9700000| PB 0x00000000f97ffff0| Untracked 
| 920|0x00000000f9800000, 0x00000000f98fff40, 0x00000000f9900000| 99%| O|  |TAMS 0x00000000f9800000| PB 0x00000000f98fff40| Untracked 
| 921|0x00000000f9900000, 0x00000000f9a00000, 0x00000000f9a00000|100%| O|  |TAMS 0x00000000f9900000| PB 0x00000000f9a00000| Untracked 
| 922|0x00000000f9a00000, 0x00000000f9afffa0, 0x00000000f9b00000| 99%| O|  |TAMS 0x00000000f9a00000| PB 0x00000000f9afffa0| Untracked 
| 923|0x00000000f9b00000, 0x00000000f9c00000, 0x00000000f9c00000|100%| O|  |TAMS 0x00000000f9b00000| PB 0x00000000f9c00000| Untracked 
| 924|0x00000000f9c00000, 0x00000000f9cffff0, 0x00000000f9d00000| 99%| O|  |TAMS 0x00000000f9c00000| PB 0x00000000f9cffff0| Untracked 
| 925|0x00000000f9d00000, 0x00000000f9dffff8, 0x00000000f9e00000| 99%| O|  |TAMS 0x00000000f9d00000| PB 0x00000000f9dffff8| Untracked 
| 926|0x00000000f9e00000, 0x00000000f9f00000, 0x00000000f9f00000|100%| O|  |TAMS 0x00000000f9e00000| PB 0x00000000f9f00000| Untracked 
| 927|0x00000000f9f00000, 0x00000000f9ffffb0, 0x00000000fa000000| 99%| O|  |TAMS 0x00000000f9f00000| PB 0x00000000f9ffffb0| Untracked 
| 928|0x00000000fa000000, 0x00000000fa0fff58, 0x00000000fa100000| 99%| O|  |TAMS 0x00000000fa000000| PB 0x00000000fa0fff58| Untracked 
| 929|0x00000000fa100000, 0x00000000fa1fffc8, 0x00000000fa200000| 99%| O|  |TAMS 0x00000000fa100000| PB 0x00000000fa1fffc8| Untracked 
| 930|0x00000000fa200000, 0x00000000fa2ffff0, 0x00000000fa300000| 99%| O|  |TAMS 0x00000000fa200000| PB 0x00000000fa2ffff0| Untracked 
| 931|0x00000000fa300000, 0x00000000fa3ffff8, 0x00000000fa400000| 99%| O|  |TAMS 0x00000000fa300000| PB 0x00000000fa3ffff8| Untracked 
| 932|0x00000000fa400000, 0x00000000fa4fffd8, 0x00000000fa500000| 99%| O|  |TAMS 0x00000000fa400000| PB 0x00000000fa4fffd8| Untracked 
| 933|0x00000000fa500000, 0x00000000fa600000, 0x00000000fa600000|100%| O|  |TAMS 0x00000000fa500000| PB 0x00000000fa600000| Untracked 
| 934|0x00000000fa600000, 0x00000000fa6ffff0, 0x00000000fa700000| 99%| O|  |TAMS 0x00000000fa600000| PB 0x00000000fa6ffff0| Untracked 
| 935|0x00000000fa700000, 0x00000000fa7fff80, 0x00000000fa800000| 99%| O|  |TAMS 0x00000000fa700000| PB 0x00000000fa7fff80| Untracked 
| 936|0x00000000fa800000, 0x00000000fa8ffff8, 0x00000000fa900000| 99%| O|  |TAMS 0x00000000fa800000| PB 0x00000000fa8ffff8| Untracked 
| 937|0x00000000fa900000, 0x00000000fa9ffff0, 0x00000000faa00000| 99%| O|  |TAMS 0x00000000fa900000| PB 0x00000000fa9ffff0| Untracked 
| 938|0x00000000faa00000, 0x00000000faaffff8, 0x00000000fab00000| 99%| O|  |TAMS 0x00000000faa00000| PB 0x00000000faaffff8| Untracked 
| 939|0x00000000fab00000, 0x00000000fabfff88, 0x00000000fac00000| 99%| O|  |TAMS 0x00000000fab00000| PB 0x00000000fabfff88| Untracked 
| 940|0x00000000fac00000, 0x00000000facffff0, 0x00000000fad00000| 99%| O|  |TAMS 0x00000000fac00000| PB 0x00000000facffff0| Untracked 
| 941|0x00000000fad00000, 0x00000000fadffff0, 0x00000000fae00000| 99%| O|  |TAMS 0x00000000fad00000| PB 0x00000000fadffff0| Untracked 
| 942|0x00000000fae00000, 0x00000000faefff10, 0x00000000faf00000| 99%| O|  |TAMS 0x00000000fae00000| PB 0x00000000faefff10| Untracked 
| 943|0x00000000faf00000, 0x00000000fafffff0, 0x00000000fb000000| 99%| O|  |TAMS 0x00000000faf00000| PB 0x00000000fafffff0| Untracked 
| 944|0x00000000fb000000, 0x00000000fb0fffd0, 0x00000000fb100000| 99%| O|  |TAMS 0x00000000fb000000| PB 0x00000000fb0fffd0| Untracked 
| 945|0x00000000fb100000, 0x00000000fb200000, 0x00000000fb200000|100%| O|  |TAMS 0x00000000fb100000| PB 0x00000000fb200000| Untracked 
| 946|0x00000000fb200000, 0x00000000fb2fff70, 0x00000000fb300000| 99%| O|  |TAMS 0x00000000fb200000| PB 0x00000000fb2fff70| Untracked 
| 947|0x00000000fb300000, 0x00000000fb3ffff0, 0x00000000fb400000| 99%| O|  |TAMS 0x00000000fb300000| PB 0x00000000fb3ffff0| Untracked 
| 948|0x00000000fb400000, 0x00000000fb4fffe8, 0x00000000fb500000| 99%| O|  |TAMS 0x00000000fb400000| PB 0x00000000fb4fffe8| Untracked 
| 949|0x00000000fb500000, 0x00000000fb5fff70, 0x00000000fb600000| 99%| O|  |TAMS 0x00000000fb500000| PB 0x00000000fb5fff70| Untracked 
| 950|0x00000000fb600000, 0x00000000fb6fffe0, 0x00000000fb700000| 99%| O|  |TAMS 0x00000000fb600000| PB 0x00000000fb6fffe0| Untracked 
| 951|0x00000000fb700000, 0x00000000fb7ffff8, 0x00000000fb800000| 99%| O|  |TAMS 0x00000000fb700000| PB 0x00000000fb7ffff8| Untracked 
| 952|0x00000000fb800000, 0x00000000fb900000, 0x00000000fb900000|100%| O|  |TAMS 0x00000000fb800000| PB 0x00000000fb900000| Untracked 
| 953|0x00000000fb900000, 0x00000000fb9fffb0, 0x00000000fba00000| 99%| O|  |TAMS 0x00000000fb900000| PB 0x00000000fb9fffb0| Untracked 
| 954|0x00000000fba00000, 0x00000000fbafff80, 0x00000000fbb00000| 99%| O|  |TAMS 0x00000000fba00000| PB 0x00000000fbafff80| Untracked 
| 955|0x00000000fbb00000, 0x00000000fbbfffa0, 0x00000000fbc00000| 99%| O|  |TAMS 0x00000000fbb00000| PB 0x00000000fbbfffa0| Untracked 
| 956|0x00000000fbc00000, 0x00000000fbcfffb8, 0x00000000fbd00000| 99%| O|  |TAMS 0x00000000fbc00000| PB 0x00000000fbcfffb8| Untracked 
| 957|0x00000000fbd00000, 0x00000000fbdffff8, 0x00000000fbe00000| 99%| O|  |TAMS 0x00000000fbd00000| PB 0x00000000fbdffff8| Untracked 
| 958|0x00000000fbe00000, 0x00000000fbeffff8, 0x00000000fbf00000| 99%| O|  |TAMS 0x00000000fbe00000| PB 0x00000000fbeffff8| Untracked 
| 959|0x00000000fbf00000, 0x00000000fbfffff0, 0x00000000fc000000| 99%| O|  |TAMS 0x00000000fbf00000| PB 0x00000000fbfffff0| Untracked 
| 960|0x00000000fc000000, 0x00000000fc0fffa8, 0x00000000fc100000| 99%| O|  |TAMS 0x00000000fc000000| PB 0x00000000fc0fffa8| Untracked 
| 961|0x00000000fc100000, 0x00000000fc1ffff0, 0x00000000fc200000| 99%| O|  |TAMS 0x00000000fc100000| PB 0x00000000fc1ffff0| Untracked 
| 962|0x00000000fc200000, 0x00000000fc2fff60, 0x00000000fc300000| 99%| O|  |TAMS 0x00000000fc200000| PB 0x00000000fc2fff60| Untracked 
| 963|0x00000000fc300000, 0x00000000fc3ffff0, 0x00000000fc400000| 99%| O|  |TAMS 0x00000000fc300000| PB 0x00000000fc3ffff0| Untracked 
| 964|0x00000000fc400000, 0x00000000fc4fff98, 0x00000000fc500000| 99%| O|  |TAMS 0x00000000fc400000| PB 0x00000000fc4fff98| Untracked 
| 965|0x00000000fc500000, 0x00000000fc5fffd8, 0x00000000fc600000| 99%| O|  |TAMS 0x00000000fc500000| PB 0x00000000fc5fffd8| Untracked 
| 966|0x00000000fc600000, 0x00000000fc6ffff0, 0x00000000fc700000| 99%| O|  |TAMS 0x00000000fc600000| PB 0x00000000fc6ffff0| Untracked 
| 967|0x00000000fc700000, 0x00000000fc7fffe8, 0x00000000fc800000| 99%| O|  |TAMS 0x00000000fc700000| PB 0x00000000fc7fffe8| Untracked 
| 968|0x00000000fc800000, 0x00000000fc900000, 0x00000000fc900000|100%| O|  |TAMS 0x00000000fc800000| PB 0x00000000fc900000| Untracked 
| 969|0x00000000fc900000, 0x00000000fc9ffff8, 0x00000000fca00000| 99%| O|  |TAMS 0x00000000fc900000| PB 0x00000000fc9ffff8| Untracked 
| 970|0x00000000fca00000, 0x00000000fcaffff0, 0x00000000fcb00000| 99%| O|  |TAMS 0x00000000fca00000| PB 0x00000000fcaffff0| Untracked 
| 971|0x00000000fcb00000, 0x00000000fcbfffe8, 0x00000000fcc00000| 99%| O|  |TAMS 0x00000000fcb00000| PB 0x00000000fcbfffe8| Untracked 
| 972|0x00000000fcc00000, 0x00000000fccfffe0, 0x00000000fcd00000| 99%| O|  |TAMS 0x00000000fcc00000| PB 0x00000000fccfffe0| Untracked 
| 973|0x00000000fcd00000, 0x00000000fcdffff0, 0x00000000fce00000| 99%| O|  |TAMS 0x00000000fcd00000| PB 0x00000000fcdffff0| Untracked 
| 974|0x00000000fce00000, 0x00000000fcf00000, 0x00000000fcf00000|100%| O|  |TAMS 0x00000000fce00000| PB 0x00000000fcf00000| Untracked 
| 975|0x00000000fcf00000, 0x00000000fcffff88, 0x00000000fd000000| 99%| O|  |TAMS 0x00000000fcf00000| PB 0x00000000fcffff88| Untracked 
| 976|0x00000000fd000000, 0x00000000fd0fffe0, 0x00000000fd100000| 99%| O|  |TAMS 0x00000000fd000000| PB 0x00000000fd0fffe0| Untracked 
| 977|0x00000000fd100000, 0x00000000fd200000, 0x00000000fd200000|100%| O|  |TAMS 0x00000000fd100000| PB 0x00000000fd200000| Untracked 
| 978|0x00000000fd200000, 0x00000000fd2fffd8, 0x00000000fd300000| 99%| O|  |TAMS 0x00000000fd200000| PB 0x00000000fd2fffd8| Untracked 
| 979|0x00000000fd300000, 0x00000000fd3fffd0, 0x00000000fd400000| 99%| O|  |TAMS 0x00000000fd300000| PB 0x00000000fd3fffd0| Untracked 
| 980|0x00000000fd400000, 0x00000000fd4ffff8, 0x00000000fd500000| 99%| O|  |TAMS 0x00000000fd400000| PB 0x00000000fd4ffff8| Untracked 
| 981|0x00000000fd500000, 0x00000000fd5fffd8, 0x00000000fd600000| 99%| O|  |TAMS 0x00000000fd500000| PB 0x00000000fd5fffd8| Untracked 
| 982|0x00000000fd600000, 0x00000000fd6ffff0, 0x00000000fd700000| 99%| O|  |TAMS 0x00000000fd600000| PB 0x00000000fd6ffff0| Untracked 
| 983|0x00000000fd700000, 0x00000000fd7fff98, 0x00000000fd800000| 99%| O|  |TAMS 0x00000000fd700000| PB 0x00000000fd7fff98| Untracked 
| 984|0x00000000fd800000, 0x00000000fd8ffff0, 0x00000000fd900000| 99%| O|  |TAMS 0x00000000fd800000| PB 0x00000000fd8ffff0| Untracked 
| 985|0x00000000fd900000, 0x00000000fd9ffff0, 0x00000000fda00000| 99%| O|  |TAMS 0x00000000fd900000| PB 0x00000000fd9ffff0| Untracked 
| 986|0x00000000fda00000, 0x00000000fdafff50, 0x00000000fdb00000| 99%| O|  |TAMS 0x00000000fda00000| PB 0x00000000fdafff50| Untracked 
| 987|0x00000000fdb00000, 0x00000000fdbffff0, 0x00000000fdc00000| 99%| O|  |TAMS 0x00000000fdb00000| PB 0x00000000fdbffff0| Untracked 
| 988|0x00000000fdc00000, 0x00000000fdcfffe8, 0x00000000fdd00000| 99%| O|  |TAMS 0x00000000fdc00000| PB 0x00000000fdcfffe8| Untracked 
| 989|0x00000000fdd00000, 0x00000000fde00000, 0x00000000fde00000|100%| O|  |TAMS 0x00000000fdd00000| PB 0x00000000fde00000| Untracked 
| 990|0x00000000fde00000, 0x00000000fdeffff8, 0x00000000fdf00000| 99%| O|  |TAMS 0x00000000fde00000| PB 0x00000000fdeffff8| Untracked 
| 991|0x00000000fdf00000, 0x00000000fdffffe8, 0x00000000fe000000| 99%| O|  |TAMS 0x00000000fdf00000| PB 0x00000000fdffffe8| Untracked 
| 992|0x00000000fe000000, 0x00000000fe0ffff0, 0x00000000fe100000| 99%| O|  |TAMS 0x00000000fe000000| PB 0x00000000fe0ffff0| Untracked 
| 993|0x00000000fe100000, 0x00000000fe1fffe0, 0x00000000fe200000| 99%| O|  |TAMS 0x00000000fe100000| PB 0x00000000fe1fffe0| Untracked 
| 994|0x00000000fe200000, 0x00000000fe2ffff8, 0x00000000fe300000| 99%| O|  |TAMS 0x00000000fe200000| PB 0x00000000fe2ffff8| Untracked 
| 995|0x00000000fe300000, 0x00000000fe3fffe0, 0x00000000fe400000| 99%| O|  |TAMS 0x00000000fe300000| PB 0x00000000fe3fffe0| Untracked 
| 996|0x00000000fe400000, 0x00000000fe500000, 0x00000000fe500000|100%| O|  |TAMS 0x00000000fe400000| PB 0x00000000fe500000| Untracked 
| 997|0x00000000fe500000, 0x00000000fe600000, 0x00000000fe600000|100%| O|  |TAMS 0x00000000fe500000| PB 0x00000000fe600000| Untracked 
| 998|0x00000000fe600000, 0x00000000fe6fff58, 0x00000000fe700000| 99%| O|  |TAMS 0x00000000fe600000| PB 0x00000000fe6fff58| Untracked 
| 999|0x00000000fe700000, 0x00000000fe7fff50, 0x00000000fe800000| 99%| O|  |TAMS 0x00000000fe700000| PB 0x00000000fe7fff50| Untracked 
|1000|0x00000000fe800000, 0x00000000fe8fffd0, 0x00000000fe900000| 99%| O|  |TAMS 0x00000000fe800000| PB 0x00000000fe8fffd0| Untracked 
|1001|0x00000000fe900000, 0x00000000fe9fff70, 0x00000000fea00000| 99%| O|  |TAMS 0x00000000fe900000| PB 0x00000000fe9fff70| Untracked 
|1002|0x00000000fea00000, 0x00000000feb00000, 0x00000000feb00000|100%| O|  |TAMS 0x00000000fea00000| PB 0x00000000feb00000| Untracked 
|1003|0x00000000feb00000, 0x00000000fec00000, 0x00000000fec00000|100%| O|  |TAMS 0x00000000feb00000| PB 0x00000000fec00000| Untracked 
|1004|0x00000000fec00000, 0x00000000fed00000, 0x00000000fed00000|100%| O|  |TAMS 0x00000000fec00000| PB 0x00000000fed00000| Untracked 
|1005|0x00000000fed00000, 0x00000000fedffff8, 0x00000000fee00000| 99%| O|  |TAMS 0x00000000fed00000| PB 0x00000000fedffff8| Untracked 
|1006|0x00000000fee00000, 0x00000000feefffd8, 0x00000000fef00000| 99%| O|  |TAMS 0x00000000fee00000| PB 0x00000000feefffd8| Untracked 
|1007|0x00000000fef00000, 0x00000000fefffff8, 0x00000000ff000000| 99%| O|  |TAMS 0x00000000fef00000| PB 0x00000000fefffff8| Untracked 
|1008|0x00000000ff000000, 0x00000000ff0ffff0, 0x00000000ff100000| 99%| O|  |TAMS 0x00000000ff000000| PB 0x00000000ff0ffff0| Untracked 
|1009|0x00000000ff100000, 0x00000000ff1fffe8, 0x00000000ff200000| 99%| O|  |TAMS 0x00000000ff100000| PB 0x00000000ff1fffe8| Untracked 
|1010|0x00000000ff200000, 0x00000000ff2ffff8, 0x00000000ff300000| 99%| O|  |TAMS 0x00000000ff200000| PB 0x00000000ff2ffff8| Untracked 
|1011|0x00000000ff300000, 0x00000000ff3fff50, 0x00000000ff400000| 99%| O|  |TAMS 0x00000000ff300000| PB 0x00000000ff3fff50| Untracked 
|1012|0x00000000ff400000, 0x00000000ff4fffe8, 0x00000000ff500000| 99%| O|  |TAMS 0x00000000ff400000| PB 0x00000000ff4fffe8| Untracked 
|1013|0x00000000ff500000, 0x00000000ff5fff50, 0x00000000ff600000| 99%| O|  |TAMS 0x00000000ff500000| PB 0x00000000ff5fff50| Untracked 
|1014|0x00000000ff600000, 0x00000000ff6fffe0, 0x00000000ff700000| 99%| O|  |TAMS 0x00000000ff600000| PB 0x00000000ff6fffe0| Untracked 
|1015|0x00000000ff700000, 0x00000000ff7fff98, 0x00000000ff800000| 99%| O|  |TAMS 0x00000000ff700000| PB 0x00000000ff7fff98| Untracked 
|1016|0x00000000ff800000, 0x00000000ff900000, 0x00000000ff900000|100%| O|  |TAMS 0x00000000ff800000| PB 0x00000000ff900000| Untracked 
|1017|0x00000000ff900000, 0x00000000ff9ffff0, 0x00000000ffa00000| 99%| O|  |TAMS 0x00000000ff900000| PB 0x00000000ff9ffff0| Untracked 
|1018|0x00000000ffa00000, 0x00000000ffafff98, 0x00000000ffb00000| 99%| O|  |TAMS 0x00000000ffa00000| PB 0x00000000ffafff98| Untracked 
|1019|0x00000000ffb00000, 0x00000000ffbffff0, 0x00000000ffc00000| 99%| O|  |TAMS 0x00000000ffb00000| PB 0x00000000ffbffff0| Untracked 
|1020|0x00000000ffc00000, 0x00000000ffcfffd0, 0x00000000ffd00000| 99%| O|  |TAMS 0x00000000ffc00000| PB 0x00000000ffcfffd0| Untracked 
|1021|0x00000000ffd00000, 0x00000000ffe00000, 0x00000000ffe00000|100%| O|  |TAMS 0x00000000ffd00000| PB 0x00000000ffe00000| Untracked 
|1022|0x00000000ffe00000, 0x00000000fff00000, 0x00000000fff00000|100%| O|  |TAMS 0x00000000ffe00000| PB 0x00000000fff00000| Untracked 
|1023|0x00000000fff00000, 0x00000000fff04100, 0x0000000100000000|  1%| O|  |TAMS 0x00000000fff00000| PB 0x00000000fff04100| Untracked 

Card table byte_map: [0x0000021dd1930000,0x0000021dd1b30000] _byte_map_base: 0x0000021dd1330000

Marking Bits: (CMBitMap*) 0x0000021db9a463a0
 Bits: [0x0000021dd1b30000, 0x0000021dd2b30000)

Polling page: 0x0000021db78d0000

Metaspace:

Usage:
  Non-class:     60.79 MB used.
      Class:      8.76 MB used.
       Both:     69.55 MB used.

Virtual space:
  Non-class space:       64.00 MB reserved,      61.81 MB ( 97%) committed,  1 nodes.
      Class space:        1.00 GB reserved,      10.25 MB (  1%) committed,  1 nodes.
             Both:        1.06 GB reserved,      72.06 MB (  7%) committed. 

Chunk freelists:
   Non-Class:  2.30 MB
       Class:  6.73 MB
        Both:  9.03 MB

MaxMetaspaceSize: unlimited
CompressedClassSpaceSize: 1.00 GB
Initial GC threshold: 21.00 MB
Current GC threshold: 120.12 MB
CDS: on
 - commit_granule_bytes: 65536.
 - commit_granule_words: 8192.
 - virtual_space_node_default_size: 8388608.
 - enlarge_chunks_in_place: 1.
 - use_allocation_guard: 0.


Internal statistics:

num_allocs_failed_limit: 9.
num_arena_births: 7808.
num_arena_deaths: 6250.
num_vsnodes_births: 2.
num_vsnodes_deaths: 0.
num_space_committed: 1163.
num_space_uncommitted: 7.
num_chunks_returned_to_freelist: 8002.
num_chunks_taken_from_freelist: 13564.
num_chunk_merges: 2355.
num_chunk_splits: 6787.
num_chunks_enlarged: 3637.
num_inconsistent_stats: 0.

CodeHeap 'non-profiled nmethods': size=119168Kb used=2231Kb max_used=17108Kb free=116936Kb
 bounds [0x0000021dc9a50000, 0x0000021dcab10000, 0x0000021dd0eb0000]
CodeHeap 'profiled nmethods': size=119104Kb used=1114Kb max_used=24454Kb free=117989Kb
 bounds [0x0000021dc1eb0000, 0x0000021dc36a0000, 0x0000021dc9300000]
CodeHeap 'non-nmethods': size=7488Kb used=2038Kb max_used=3900Kb free=5449Kb
 bounds [0x0000021dc9300000, 0x0000021dc96e0000, 0x0000021dc9a50000]
 total_blobs=2182 nmethods=1403 adapters=681
 compilation: enabled
              stopped_count=0, restarted_count=0
 full_count=0

Compilation events (20 events):
Event: 25202.242 Thread 0x0000021e22506990 28611       4       jdk.internal.org.objectweb.asm.SymbolTable::hash (10 bytes)
Event: 25202.244 Thread 0x0000021e22506990 nmethod 28611 0x0000021dc9b21790 code [0x0000021dc9b21940, 0x0000021dc9b21a60]
Event: 25202.245 Thread 0x0000021e22506990 28606       4       sun.invoke.util.Wrapper::stackSlots (9 bytes)
Event: 25202.246 Thread 0x0000021e22506990 nmethod 28606 0x0000021dc9a90990 code [0x0000021dc9a90b20, 0x0000021dc9a90bb0]
Event: 25202.246 Thread 0x0000021e22506990 28621       4       java.lang.invoke.VarHandleByteArrayAsShorts$ArrayHandle::index (12 bytes)
Event: 25202.248 Thread 0x0000021e22506990 nmethod 28621 0x0000021dc9a94e10 code [0x0000021dc9a94fa0, 0x0000021dc9a95068]
Event: 25202.249 Thread 0x0000021e22506990 28615       4       java.util.zip.ZipFile$Source::getEntryHash (7 bytes)
Event: 25202.249 Thread 0x0000021dd5e57b10 nmethod 28599 0x0000021dc9a67e90 code [0x0000021dc9a68040, 0x0000021dc9a68870]
Event: 25202.250 Thread 0x0000021e22506990 nmethod 28615 0x0000021dc9a98890 code [0x0000021dc9a98a20, 0x0000021dc9a98ae8]
Event: 25202.256 Thread 0x0000021e22507e00 nmethod 28608 0x0000021dc9f5fc90 code [0x0000021dc9f5ff00, 0x0000021dc9f607e8]
Event: 25202.258 Thread 0x0000021e22507730 nmethod 28610 0x0000021dc9d07d90 code [0x0000021dc9d08040, 0x0000021dc9d08f70]
Event: 25202.262 Thread 0x0000021dd5e581c0 28623       3       org.gradle.internal.operations.logging.LoggingBuildOperationProgressBroadcaster::onOutput (105 bytes)
Event: 25202.262 Thread 0x0000021dd5e581c0 nmethod 28623 0x0000021dc1f50a10 code [0x0000021dc1f50c40, 0x0000021dc1f516b8]
Event: 25202.262 Thread 0x0000021dd5e581c0 28624       3       org.gradle.internal.logging.sink.OutputEventListenerManager$1::onOutput (33 bytes)
Event: 25202.262 Thread 0x0000021dd5e581c0 nmethod 28624 0x0000021dc1f05190 code [0x0000021dc1f05360, 0x0000021dc1f05688]
Event: 25202.263 Thread 0x0000021dd5e57b10 28625       4       org.gradle.internal.logging.sink.OutputEventRenderer::onOutput (82 bytes)
Event: 25202.265 Thread 0x0000021dd5e57b10 nmethod 28625 0x0000021dc9a91b10 code [0x0000021dc9a91ce0, 0x0000021dc9a92008]
Event: 25202.265 Thread 0x0000021e22507060 nmethod 28604 0x0000021dc9bdfa90 code [0x0000021dc9bdfca0, 0x0000021dc9be0f80]
Event: 25202.284 Thread 0x0000021e22507060 28626       4       org.gradle.internal.operations.DefaultBuildOperationListenerManager$1::progress (53 bytes)
Event: 25202.288 Thread 0x0000021e22507060 nmethod 28626 0x0000021dc9a82610 code [0x0000021dc9a82820, 0x0000021dc9a82db0]

GC Heap History (20 events):
Event: 25260.567 GC heap after
{Heap after GC invocations=381 (full 122):
 garbage-first heap   total 1048576K, used 1047493K [0x00000000c0000000, 0x0000000100000000)
  region size 1024K, 0 young (0K), 0 survivors (0K)
 Metaspace       used 71219K, committed 73792K, reserved 1114112K
  class space    used 8965K, committed 10496K, reserved 1048576K
}
Event: 25260.567 GC heap before
{Heap before GC invocations=381 (full 122):
 garbage-first heap   total 1048576K, used 1047493K [0x00000000c0000000, 0x0000000100000000)
  region size 1024K, 0 young (0K), 0 survivors (0K)
 Metaspace       used 71219K, committed 73792K, reserved 1114112K
  class space    used 8965K, committed 10496K, reserved 1048576K
}
Event: 25261.253 GC heap after
{Heap after GC invocations=382 (full 123):
 garbage-first heap   total 1048576K, used 1047493K [0x00000000c0000000, 0x0000000100000000)
  region size 1024K, 0 young (0K), 0 survivors (0K)
 Metaspace       used 71219K, committed 73792K, reserved 1114112K
  class space    used 8965K, committed 10496K, reserved 1048576K
}
Event: 25261.253 GC heap before
{Heap before GC invocations=382 (full 123):
 garbage-first heap   total 1048576K, used 1047493K [0x00000000c0000000, 0x0000000100000000)
  region size 1024K, 0 young (0K), 0 survivors (0K)
 Metaspace       used 71219K, committed 73792K, reserved 1114112K
  class space    used 8965K, committed 10496K, reserved 1048576K
}
Event: 25261.254 GC heap after
{Heap after GC invocations=383 (full 123):
 garbage-first heap   total 1048576K, used 1047493K [0x00000000c0000000, 0x0000000100000000)
  region size 1024K, 0 young (0K), 0 survivors (0K)
 Metaspace       used 71219K, committed 73792K, reserved 1114112K
  class space    used 8965K, committed 10496K, reserved 1048576K
}
Event: 25261.254 GC heap before
{Heap before GC invocations=383 (full 123):
 garbage-first heap   total 1048576K, used 1047493K [0x00000000c0000000, 0x0000000100000000)
  region size 1024K, 0 young (0K), 0 survivors (0K)
 Metaspace       used 71219K, committed 73792K, reserved 1114112K
  class space    used 8965K, committed 10496K, reserved 1048576K
}
Event: 25261.879 GC heap after
{Heap after GC invocations=384 (full 124):
 garbage-first heap   total 1048576K, used 1047493K [0x00000000c0000000, 0x0000000100000000)
  region size 1024K, 0 young (0K), 0 survivors (0K)
 Metaspace       used 71219K, committed 73792K, reserved 1114112K
  class space    used 8965K, committed 10496K, reserved 1048576K
}
Event: 25261.879 GC heap before
{Heap before GC invocations=384 (full 124):
 garbage-first heap   total 1048576K, used 1047493K [0x00000000c0000000, 0x0000000100000000)
  region size 1024K, 0 young (0K), 0 survivors (0K)
 Metaspace       used 71219K, committed 73792K, reserved 1114112K
  class space    used 8965K, committed 10496K, reserved 1048576K
}
Event: 25262.566 GC heap after
{Heap after GC invocations=385 (full 125):
 garbage-first heap   total 1048576K, used 1047493K [0x00000000c0000000, 0x0000000100000000)
  region size 1024K, 0 young (0K), 0 survivors (0K)
 Metaspace       used 71219K, committed 73792K, reserved 1114112K
  class space    used 8965K, committed 10496K, reserved 1048576K
}
Event: 25262.567 GC heap before
{Heap before GC invocations=385 (full 125):
 garbage-first heap   total 1048576K, used 1047493K [0x00000000c0000000, 0x0000000100000000)
  region size 1024K, 0 young (0K), 0 survivors (0K)
 Metaspace       used 71219K, committed 73792K, reserved 1114112K
  class space    used 8965K, committed 10496K, reserved 1048576K
}
Event: 25262.567 GC heap after
{Heap after GC invocations=386 (full 125):
 garbage-first heap   total 1048576K, used 1047493K [0x00000000c0000000, 0x0000000100000000)
  region size 1024K, 0 young (0K), 0 survivors (0K)
 Metaspace       used 71219K, committed 73792K, reserved 1114112K
  class space    used 8965K, committed 10496K, reserved 1048576K
}
Event: 25262.567 GC heap before
{Heap before GC invocations=386 (full 125):
 garbage-first heap   total 1048576K, used 1047493K [0x00000000c0000000, 0x0000000100000000)
  region size 1024K, 0 young (0K), 0 survivors (0K)
 Metaspace       used 71219K, committed 73792K, reserved 1114112K
  class space    used 8965K, committed 10496K, reserved 1048576K
}
Event: 25263.186 GC heap after
{Heap after GC invocations=387 (full 126):
 garbage-first heap   total 1048576K, used 1047493K [0x00000000c0000000, 0x0000000100000000)
  region size 1024K, 0 young (0K), 0 survivors (0K)
 Metaspace       used 71219K, committed 73792K, reserved 1114112K
  class space    used 8965K, committed 10496K, reserved 1048576K
}
Event: 25263.186 GC heap before
{Heap before GC invocations=387 (full 126):
 garbage-first heap   total 1048576K, used 1047493K [0x00000000c0000000, 0x0000000100000000)
  region size 1024K, 0 young (0K), 0 survivors (0K)
 Metaspace       used 71219K, committed 73792K, reserved 1114112K
  class space    used 8965K, committed 10496K, reserved 1048576K
}
Event: 25263.871 GC heap after
{Heap after GC invocations=388 (full 127):
 garbage-first heap   total 1048576K, used 1047493K [0x00000000c0000000, 0x0000000100000000)
  region size 1024K, 0 young (0K), 0 survivors (0K)
 Metaspace       used 71219K, committed 73792K, reserved 1114112K
  class space    used 8965K, committed 10496K, reserved 1048576K
}
Event: 25263.871 GC heap before
{Heap before GC invocations=388 (full 127):
 garbage-first heap   total 1048576K, used 1047493K [0x00000000c0000000, 0x0000000100000000)
  region size 1024K, 0 young (0K), 0 survivors (0K)
 Metaspace       used 71219K, committed 73792K, reserved 1114112K
  class space    used 8965K, committed 10496K, reserved 1048576K
}
Event: 25263.872 GC heap after
{Heap after GC invocations=389 (full 127):
 garbage-first heap   total 1048576K, used 1047493K [0x00000000c0000000, 0x0000000100000000)
  region size 1024K, 0 young (0K), 0 survivors (0K)
 Metaspace       used 71219K, committed 73792K, reserved 1114112K
  class space    used 8965K, committed 10496K, reserved 1048576K
}
Event: 25263.872 GC heap before
{Heap before GC invocations=389 (full 127):
 garbage-first heap   total 1048576K, used 1047493K [0x00000000c0000000, 0x0000000100000000)
  region size 1024K, 0 young (0K), 0 survivors (0K)
 Metaspace       used 71219K, committed 73792K, reserved 1114112K
  class space    used 8965K, committed 10496K, reserved 1048576K
}
Event: 25264.521 GC heap after
{Heap after GC invocations=390 (full 128):
 garbage-first heap   total 1048576K, used 1047493K [0x00000000c0000000, 0x0000000100000000)
  region size 1024K, 0 young (0K), 0 survivors (0K)
 Metaspace       used 71219K, committed 73792K, reserved 1114112K
  class space    used 8965K, committed 10496K, reserved 1048576K
}
Event: 25264.521 GC heap before
{Heap before GC invocations=390 (full 128):
 garbage-first heap   total 1048576K, used 1047493K [0x00000000c0000000, 0x0000000100000000)
  region size 1024K, 0 young (0K), 0 survivors (0K)
 Metaspace       used 71219K, committed 73792K, reserved 1114112K
  class space    used 8965K, committed 10496K, reserved 1048576K
}

Dll operation events (15 events):
Event: 0.011 Loaded shared library C:\Program Files\Java\jdk-21.0.10\bin\java.dll
Event: 0.040 Loaded shared library C:\Program Files\Java\jdk-21.0.10\bin\jsvml.dll
Event: 0.076 Loaded shared library C:\Program Files\Java\jdk-21.0.10\bin\zip.dll
Event: 0.080 Loaded shared library C:\Program Files\Java\jdk-21.0.10\bin\instrument.dll
Event: 0.083 Loaded shared library C:\Program Files\Java\jdk-21.0.10\bin\net.dll
Event: 0.085 Loaded shared library C:\Program Files\Java\jdk-21.0.10\bin\nio.dll
Event: 0.087 Loaded shared library C:\Program Files\Java\jdk-21.0.10\bin\zip.dll
Event: 0.307 Loaded shared library C:\Program Files\Java\jdk-21.0.10\bin\jimage.dll
Event: 0.526 Loaded shared library C:\Program Files\Java\jdk-21.0.10\bin\verify.dll
Event: 0.558 Loaded shared library C:\Users\Travis\.gradle\native\660c5614fbf4a5f2a75b1949f50a0caf5cd603558e7d8a26e50b933a0cfb79d1\windows-amd64\native-platform.dll
Event: 0.567 Loaded shared library C:\Users\Travis\.gradle\native\0.2.8\x86_64-windows-gnu\gradle-fileevents.dll
Event: 1.439 Loaded shared library C:\Program Files\Java\jdk-21.0.10\bin\management.dll
Event: 1.442 Loaded shared library C:\Program Files\Java\jdk-21.0.10\bin\management_ext.dll
Event: 1.537 Loaded shared library C:\Program Files\Java\jdk-21.0.10\bin\extnet.dll
Event: 1.673 Loaded shared library C:\Program Files\Java\jdk-21.0.10\bin\sunmscapi.dll

Deoptimization events (20 events):
Event: 25240.272 Thread 0x0000021e24149d50 DEOPT PACKING pc=0x0000021dc9f8d1b4 sp=0x000000a1c7aff0a0
Event: 25240.273 Thread 0x0000021e24149d50 DEOPT UNPACKING pc=0x0000021dc9354e42 sp=0x000000a1c7afe4c0 mode 1
Event: 25244.218 Thread 0x0000021e1cde0a90 DEOPT PACKING pc=0x0000021dca032380 sp=0x000000a1c79feda0
Event: 25244.218 Thread 0x0000021e1cde0a90 DEOPT UNPACKING pc=0x0000021dc9354e42 sp=0x000000a1c79fe160 mode 1
Event: 25245.483 Thread 0x0000021e1cde0a90 Uncommon trap: trap_request=0xffffff45 fr.pc=0x0000021dc9d24b74 relative=0x0000000000000c74
Event: 25245.483 Thread 0x0000021e1cde0a90 Uncommon trap: reason=unstable_if action=reinterpret pc=0x0000021dc9d24b74 method=java.util.concurrent.FutureTask.runAndReset()Z @ 112 c2
Event: 25245.483 Thread 0x0000021e1cde0a90 DEOPT PACKING pc=0x0000021dc9d24b74 sp=0x000000a1c79fee80
Event: 25245.483 Thread 0x0000021e24149d50 DEOPT PACKING pc=0x0000021dc9f8d1b4 sp=0x000000a1c7aff0a0
Event: 25245.483 Thread 0x0000021e1cde0a90 DEOPT UNPACKING pc=0x0000021dc93546a2 sp=0x000000a1c79fede8 mode 2
Event: 25245.483 Thread 0x0000021e24149d50 DEOPT UNPACKING pc=0x0000021dc9354e42 sp=0x000000a1c7afe4c0 mode 1
Event: 25250.757 Thread 0x0000021e24149d50 DEOPT PACKING pc=0x0000021dc9f8d1b4 sp=0x000000a1c7aff0a0
Event: 25250.757 Thread 0x0000021e24149d50 DEOPT UNPACKING pc=0x0000021dc9354e42 sp=0x000000a1c7afe4c0 mode 1
Event: 25253.398 Thread 0x0000021e2049b250 DEOPT PACKING pc=0x0000021dca84fbf8 sp=0x000000a1c90ff1d0
Event: 25253.398 Thread 0x0000021e2049b250 DEOPT UNPACKING pc=0x0000021dc9354e42 sp=0x000000a1c90fe618 mode 1
Event: 25257.315 Thread 0x0000021e24149d50 DEOPT PACKING pc=0x0000021dc9f8d1b4 sp=0x000000a1c7aff0a0
Event: 25257.315 Thread 0x0000021e24149d50 DEOPT UNPACKING pc=0x0000021dc9354e42 sp=0x000000a1c7afe4c0 mode 1
Event: 25259.932 Thread 0x0000021e2049b250 DEOPT PACKING pc=0x0000021dca84fbf8 sp=0x000000a1c90ff1d0
Event: 25259.932 Thread 0x0000021e2049b250 DEOPT UNPACKING pc=0x0000021dc9354e42 sp=0x000000a1c90fe618 mode 1
Event: 25261.253 Thread 0x0000021e24149d50 DEOPT PACKING pc=0x0000021dc9f8d1b4 sp=0x000000a1c7aff0a0
Event: 25261.253 Thread 0x0000021e24149d50 DEOPT UNPACKING pc=0x0000021dc9354e42 sp=0x000000a1c7afe4c0 mode 1

Classes loaded (20 events):
Event: 3273.418 Loading class java/text/MessageFormat
Event: 3273.418 Loading class java/text/MessageFormat done
Event: 3273.420 Loading class java/text/MessageFormat$Field
Event: 3273.420 Loading class java/text/MessageFormat$Field done
Event: 3273.499 Loading class java/text/FieldPosition$Delegate
Event: 3273.499 Loading class java/text/FieldPosition$Delegate done
Event: 3273.544 Loading class java/io/StringReader
Event: 3273.544 Loading class java/io/StringReader done
Event: 3273.544 Loading class java/io/CharArrayReader
Event: 3273.544 Loading class java/io/CharArrayReader done
Event: 3273.581 Loading class java/util/TreeMap$KeySpliterator
Event: 3273.582 Loading class java/util/TreeMap$KeySpliterator done
Event: 3273.634 Loading class sun/nio/fs/WindowsSecurity$Privilege
Event: 3273.634 Loading class sun/nio/fs/WindowsSecurity$Privilege done
Event: 18194.864 Loading class java/util/stream/Nodes$IntFixedNodeBuilder
Event: 18194.864 Loading class java/util/stream/Node$Builder$OfInt
Event: 18194.864 Loading class java/util/stream/Node$Builder$OfInt done
Event: 18194.864 Loading class java/util/stream/Nodes$IntArrayNode
Event: 18194.865 Loading class java/util/stream/Nodes$IntArrayNode done
Event: 18194.865 Loading class java/util/stream/Nodes$IntFixedNodeBuilder done

Classes unloaded (20 events):
Event: 20034.631 Thread 0x0000021dd5df70f0 Unloading class 0x0000021dd73f1000 'jdk/internal/reflect/GeneratedSerializationConstructorAccessor331'
Event: 20034.631 Thread 0x0000021dd5df70f0 Unloading class 0x0000021dd73f3400 'jdk/internal/reflect/GeneratedSerializationConstructorAccessor330'
Event: 20034.631 Thread 0x0000021dd5df70f0 Unloading class 0x0000021dd740d400 'jdk/internal/reflect/GeneratedSerializationConstructorAccessor329'
Event: 20034.631 Thread 0x0000021dd5df70f0 Unloading class 0x0000021dd7419400 'jdk/internal/reflect/GeneratedSerializationConstructorAccessor328'
Event: 20034.631 Thread 0x0000021dd5df70f0 Unloading class 0x0000021dd7419c00 'jdk/internal/reflect/GeneratedSerializationConstructorAccessor327'
Event: 20034.631 Thread 0x0000021dd5df70f0 Unloading class 0x0000021dd741a400 'jdk/internal/reflect/GeneratedSerializationConstructorAccessor326'
Event: 20034.631 Thread 0x0000021dd5df70f0 Unloading class 0x0000021dd7439000 'jdk/internal/reflect/GeneratedSerializationConstructorAccessor325'
Event: 20034.631 Thread 0x0000021dd5df70f0 Unloading class 0x0000021dd7439800 'jdk/internal/reflect/GeneratedSerializationConstructorAccessor324'
Event: 20034.631 Thread 0x0000021dd5df70f0 Unloading class 0x0000021dd743b000 'jdk/internal/reflect/GeneratedSerializationConstructorAccessor323'
Event: 20034.631 Thread 0x0000021dd5df70f0 Unloading class 0x0000021dd743b800 'jdk/internal/reflect/GeneratedSerializationConstructorAccessor322'
Event: 20034.631 Thread 0x0000021dd5df70f0 Unloading class 0x0000021dd7481000 'jdk/internal/reflect/GeneratedSerializationConstructorAccessor321'
Event: 20034.631 Thread 0x0000021dd5df70f0 Unloading class 0x0000021dd7481800 'jdk/internal/reflect/GeneratedSerializationConstructorAccessor320'
Event: 20034.631 Thread 0x0000021dd5df70f0 Unloading class 0x0000021dd7498400 'jdk/internal/reflect/GeneratedSerializationConstructorAccessor319'
Event: 20034.631 Thread 0x0000021dd5df70f0 Unloading class 0x0000021dd749e000 'jdk/internal/reflect/GeneratedSerializationConstructorAccessor318'
Event: 20034.631 Thread 0x0000021dd5df70f0 Unloading class 0x0000021dd749f800 'jdk/internal/reflect/GeneratedSerializationConstructorAccessor317'
Event: 20034.631 Thread 0x0000021dd5df70f0 Unloading class 0x0000021dd74a0000 'jdk/internal/reflect/GeneratedSerializationConstructorAccessor316'
Event: 20034.631 Thread 0x0000021dd5df70f0 Unloading class 0x0000021dd74a0800 'jdk/internal/reflect/GeneratedSerializationConstructorAccessor315'
Event: 20034.631 Thread 0x0000021dd5df70f0 Unloading class 0x0000021dd74a1000 'java/lang/invoke/LambdaForm$MH+0x0000021dd74a1000'
Event: 25202.890 Thread 0x0000021dd5df70f0 Unloading class 0x0000021dd723c800 'java/lang/invoke/LambdaForm$MH+0x0000021dd723c800'
Event: 25202.890 Thread 0x0000021dd5df70f0 Unloading class 0x0000021dd7272c00 'java/lang/invoke/LambdaForm$MH+0x0000021dd7272c00'

Classes redefined (0 events):
No events

Internal exceptions (20 events):
Event: 25217.946 Thread 0x0000021e24148310 Exception <a 'java/lang/OutOfMemoryError'{0x00000000c07ab700}> (0x00000000c07ab700) 
thrown [s\open\src\hotspot\share\gc\shared\memAllocator.cpp, line 136]
Event: 25219.250 Thread 0x0000021e2049b250 Exception <a 'java/lang/OutOfMemoryError'{0x00000000c07ab9f0}> (0x00000000c07ab9f0) 
thrown [s\open\src\hotspot\share\gc\shared\memAllocator.cpp, line 136]
Event: 25220.550 Thread 0x0000021e1cd7a0b0 Exception <a 'java/lang/OutOfMemoryError'{0x00000000c07ab718}> (0x00000000c07ab718) 
thrown [s\open\src\hotspot\share\gc\shared\memAllocator.cpp, line 136]
Event: 25221.848 Thread 0x0000021e2049b250 Implicit null exception at 0x0000021dc9ef65d2 to 0x0000021dc9ef767c
Event: 25223.146 Thread 0x0000021e1b222ab0 Exception <a 'java/lang/OutOfMemoryError'{0x00000000c07ab718}> (0x00000000c07ab718) 
thrown [s\open\src\hotspot\share\gc\shared\memAllocator.cpp, line 136]
Event: 25225.803 Thread 0x0000021e2049b250 Exception <a 'java/lang/OutOfMemoryError'{0x00000000c07ab718}> (0x00000000c07ab718) 
thrown [s\open\src\hotspot\share\gc\shared\memAllocator.cpp, line 136]
Event: 25228.409 Thread 0x0000021e1b222ab0 Exception <a 'java/lang/OutOfMemoryError'{0x00000000c07ab718}> (0x00000000c07ab718) 
thrown [s\open\src\hotspot\share\gc\shared\memAllocator.cpp, line 136]
Event: 25232.342 Thread 0x0000021e1b222ab0 Exception <a 'java/lang/OutOfMemoryError'{0x00000000c07ab718}> (0x00000000c07ab718) 
thrown [s\open\src\hotspot\share\gc\shared\memAllocator.cpp, line 136]
Event: 25235.012 Thread 0x0000021e24149d50 Exception <a 'java/lang/OutOfMemoryError'{0x00000000c07ab718}> (0x00000000c07ab718) 
thrown [s\open\src\hotspot\share\gc\shared\memAllocator.cpp, line 136]
Event: 25236.337 Thread 0x0000021e1cd7a0b0 Exception <a 'java/lang/OutOfMemoryError'{0x00000000c07ab718}> (0x00000000c07ab718) 
thrown [s\open\src\hotspot\share\gc\shared\memAllocator.cpp, line 136]
Event: 25240.272 Thread 0x0000021e24149d50 Exception <a 'java/lang/OutOfMemoryError'{0x00000000c07ab718}> (0x00000000c07ab718) 
thrown [s\open\src\hotspot\share\gc\shared\memAllocator.cpp, line 136]
Event: 25242.908 Thread 0x0000021e1cde0a90 Exception <a 'java/lang/OutOfMemoryError'{0x00000000c07ab718}> (0x00000000c07ab718) 
thrown [s\open\src\hotspot\share\gc\shared\memAllocator.cpp, line 136]
Event: 25245.483 Thread 0x0000021e24149d50 Exception <a 'java/lang/OutOfMemoryError'{0x00000000c07ab718}> (0x00000000c07ab718) 
thrown [s\open\src\hotspot\share\gc\shared\memAllocator.cpp, line 136]
Event: 25248.133 Thread 0x0000021e213625f0 Exception <a 'java/lang/OutOfMemoryError'{0x00000000c07ab718}> (0x00000000c07ab718) 
thrown [s\open\src\hotspot\share\gc\shared\memAllocator.cpp, line 136]
Event: 25250.757 Thread 0x0000021e24149d50 Exception <a 'java/lang/OutOfMemoryError'{0x00000000c07ab440}> (0x00000000c07ab440) 
thrown [s\open\src\hotspot\share\gc\shared\memAllocator.cpp, line 136]
Event: 25253.398 Thread 0x0000021e2049b250 Exception <a 'java/lang/OutOfMemoryError'{0x00000000c07ab440}> (0x00000000c07ab440) 
thrown [s\open\src\hotspot\share\gc\shared\memAllocator.cpp, line 136]
Event: 25256.031 Thread 0x0000021e24149d50 Exception <a 'java/lang/OutOfMemoryError'{0x00000000c07ab440}> (0x00000000c07ab440) 
thrown [s\open\src\hotspot\share\gc\shared\memAllocator.cpp, line 136]
Event: 25258.635 Thread 0x0000021e2049b250 Exception <a 'java/lang/OutOfMemoryError'{0x00000000c07ab440}> (0x00000000c07ab440) 
thrown [s\open\src\hotspot\share\gc\shared\memAllocator.cpp, line 136]
Event: 25261.253 Thread 0x0000021e24149d50 Exception <a 'java/lang/OutOfMemoryError'{0x00000000c07ab440}> (0x00000000c07ab440) 
thrown [s\open\src\hotspot\share\gc\shared\memAllocator.cpp, line 136]
Event: 25263.871 Thread 0x0000021e213625f0 Exception <a 'java/lang/OutOfMemoryError'{0x00000000c07ab440}> (0x00000000c07ab440) 
thrown [s\open\src\hotspot\share\gc\shared\memAllocator.cpp, line 136]

ZGC Phase Switch (0 events):
No events

VM Operations (20 events):
Event: 25252.076 Executing VM operation: G1CollectForAllocation (G1 Evacuation Pause) done
Event: 25252.076 Executing VM operation: G1CollectForAllocation (G1 Evacuation Pause)
Event: 25253.398 Executing VM operation: G1CollectForAllocation (G1 Evacuation Pause) done
Event: 25253.398 Executing VM operation: G1CollectForAllocation (G1 Evacuation Pause)
Event: 25254.708 Executing VM operation: G1CollectForAllocation (G1 Evacuation Pause) done
Event: 25254.708 Executing VM operation: G1CollectForAllocation (G1 Evacuation Pause)
Event: 25256.031 Executing VM operation: G1CollectForAllocation (G1 Evacuation Pause) done
Event: 25256.031 Executing VM operation: G1CollectForAllocation (G1 Evacuation Pause)
Event: 25257.315 Executing VM operation: G1CollectForAllocation (G1 Evacuation Pause) done
Event: 25257.315 Executing VM operation: G1CollectForAllocation (G1 Evacuation Pause)
Event: 25258.635 Executing VM operation: G1CollectForAllocation (G1 Evacuation Pause) done
Event: 25258.635 Executing VM operation: G1CollectForAllocation (G1 Evacuation Pause)
Event: 25259.932 Executing VM operation: G1CollectForAllocation (G1 Evacuation Pause) done
Event: 25259.932 Executing VM operation: G1CollectForAllocation (G1 Evacuation Pause)
Event: 25261.253 Executing VM operation: G1CollectForAllocation (G1 Evacuation Pause) done
Event: 25261.253 Executing VM operation: G1CollectForAllocation (G1 Evacuation Pause)
Event: 25262.567 Executing VM operation: G1CollectForAllocation (G1 Evacuation Pause) done
Event: 25262.567 Executing VM operation: G1CollectForAllocation (G1 Evacuation Pause)
Event: 25263.871 Executing VM operation: G1CollectForAllocation (G1 Evacuation Pause) done
Event: 25263.871 Executing VM operation: G1CollectForAllocation (G1 Evacuation Pause)

Events (20 events):
Event: 25203.698 Thread 0x0000021dd5df70f0 flushing nmethod 0x0000021dc32edf10
Event: 25203.698 Thread 0x0000021dd5df70f0 flushing nmethod 0x0000021dc32f0990
Event: 25203.698 Thread 0x0000021dd5df70f0 flushing nmethod 0x0000021dc32f5910
Event: 25203.698 Thread 0x0000021dd5df70f0 flushing nmethod 0x0000021dc32f6190
Event: 25203.698 Thread 0x0000021dd5df70f0 flushing nmethod 0x0000021dc32f6510
Event: 25203.698 Thread 0x0000021dd5df70f0 flushing nmethod 0x0000021dc32f6c90
Event: 25203.698 Thread 0x0000021dd5df70f0 flushing nmethod 0x0000021dc32f8990
Event: 25203.698 Thread 0x0000021dd5df70f0 flushing nmethod 0x0000021dc32fd790
Event: 25203.698 Thread 0x0000021dd5df70f0 flushing nmethod 0x0000021dc3306590
Event: 25203.698 Thread 0x0000021dd5df70f0 flushing nmethod 0x0000021dc330bc10
Event: 25203.698 Thread 0x0000021dd5df70f0 flushing nmethod 0x0000021dc333d890
Event: 25203.698 Thread 0x0000021dd5df70f0 flushing nmethod 0x0000021dc333ea90
Event: 25203.698 Thread 0x0000021dd5df70f0 flushing nmethod 0x0000021dc3341510
Event: 25207.420 Thread 0x0000021e22507e00 Thread exited: 0x0000021e22507e00
Event: 25212.696 Thread 0x0000021e22507060 Thread exited: 0x0000021e22507060
Event: 25212.696 Thread 0x0000021e22507730 Thread exited: 0x0000021e22507730
Event: 25215.222 Thread 0x0000021dd5df70f0 flushing nmethod 0x0000021dc9cf9c90
Event: 25217.946 Thread 0x0000021e22506990 Thread exited: 0x0000021e22506990
Event: 25219.250 Thread 0x0000021e24148310 Thread exited: 0x0000021e24148310
Event: 25246.702 Thread 0x0000021dd5df70f0 flushing nmethod 0x0000021dc9d23c10


Dynamic libraries:
0x00007ff74cd30000 - 0x00007ff74cd40000 	C:\Program Files\Java\jdk-21.0.10\bin\java.exe
0x00007ffc6fe60000 - 0x00007ffc700c7000 	C:\WINDOWS\SYSTEM32\ntdll.dll
0x00007ffc6e740000 - 0x00007ffc6e809000 	C:\WINDOWS\System32\KERNEL32.DLL
0x00007ffc6c740000 - 0x00007ffc6cb31000 	C:\WINDOWS\System32\KERNELBASE.dll
0x00007ffc6d0e0000 - 0x00007ffc6d22b000 	C:\WINDOWS\System32\ucrtbase.dll
0x00007ffc2b4a0000 - 0x00007ffc2b4be000 	C:\Program Files\Java\jdk-21.0.10\bin\VCRUNTIME140.dll
0x00007ffc2b4c0000 - 0x00007ffc2b4d9000 	C:\Program Files\Java\jdk-21.0.10\bin\jli.dll
0x00007ffc6e5d0000 - 0x00007ffc6e68b000 	C:\WINDOWS\System32\ADVAPI32.dll
0x00007ffc6df30000 - 0x00007ffc6dfd9000 	C:\WINDOWS\System32\msvcrt.dll
0x00007ffc6e690000 - 0x00007ffc6e737000 	C:\WINDOWS\System32\sechost.dll
0x00007ffc6e8b0000 - 0x00007ffc6e9c8000 	C:\WINDOWS\System32\RPCRT4.dll
0x00007ffc6dd60000 - 0x00007ffc6df25000 	C:\WINDOWS\System32\USER32.dll
0x00007ffc6cd00000 - 0x00007ffc6cd27000 	C:\WINDOWS\System32\win32u.dll
0x00007ffc53470000 - 0x00007ffc53703000 	C:\WINDOWS\WinSxS\amd64_microsoft.windows.common-controls_6595b64144ccf1df_6.0.26100.7922_none_3e089e1ee3342171\COMCTL32.dll
0x00007ffc6f5e0000 - 0x00007ffc6f60b000 	C:\WINDOWS\System32\GDI32.dll
0x00007ffc6cbd0000 - 0x00007ffc6ccfa000 	C:\WINDOWS\System32\gdi32full.dll
0x00007ffc6daa0000 - 0x00007ffc6db43000 	C:\WINDOWS\System32\msvcp_win.dll
0x00007ffc6b0a0000 - 0x00007ffc6b0ab000 	C:\WINDOWS\SYSTEM32\VERSION.dll
0x00007ffc6f3c0000 - 0x00007ffc6f3f1000 	C:\WINDOWS\System32\IMM32.DLL
0x00007ffc58d20000 - 0x00007ffc58d2c000 	C:\Program Files\Java\jdk-21.0.10\bin\vcruntime140_1.dll
0x00007ffc29ff0000 - 0x00007ffc2a07d000 	C:\Program Files\Java\jdk-21.0.10\bin\msvcp140.dll
0x00007ffbdf460000 - 0x00007ffbe0187000 	C:\Program Files\Java\jdk-21.0.10\bin\server\jvm.dll
0x00007ffc6f130000 - 0x00007ffc6f1a4000 	C:\WINDOWS\System32\WS2_32.dll
0x00007ffc6c3f0000 - 0x00007ffc6c44e000 	C:\WINDOWS\SYSTEM32\POWRPROF.dll
0x00007ffc5fd30000 - 0x00007ffc5fd65000 	C:\WINDOWS\SYSTEM32\WINMM.dll
0x00007ffc6c3d0000 - 0x00007ffc6c3e4000 	C:\WINDOWS\SYSTEM32\UMPDC.dll
0x00007ffc6b490000 - 0x00007ffc6b4ab000 	C:\WINDOWS\SYSTEM32\kernel.appcore.dll
0x00007ffc48960000 - 0x00007ffc4896a000 	C:\Program Files\Java\jdk-21.0.10\bin\jimage.dll
0x00007ffc6a3e0000 - 0x00007ffc6a622000 	C:\WINDOWS\SYSTEM32\DBGHELP.DLL
0x00007ffc6ead0000 - 0x00007ffc6ee52000 	C:\WINDOWS\System32\combase.dll
0x00007ffc6ee70000 - 0x00007ffc6ef47000 	C:\WINDOWS\System32\OLEAUT32.dll
0x00007ffc49d40000 - 0x00007ffc49d7b000 	C:\WINDOWS\SYSTEM32\dbgcore.DLL
0x00007ffc6db50000 - 0x00007ffc6dbf5000 	C:\WINDOWS\System32\bcryptPrimitives.dll
0x00007ffc426e0000 - 0x00007ffc426f0000 	C:\Program Files\Java\jdk-21.0.10\bin\instrument.dll
0x00007ffc2b450000 - 0x00007ffc2b471000 	C:\Program Files\Java\jdk-21.0.10\bin\java.dll
0x00007ffc6f610000 - 0x00007ffc6fd6f000 	C:\WINDOWS\System32\SHELL32.dll
0x00007ffc6cf70000 - 0x00007ffc6d0da000 	C:\WINDOWS\System32\wintypes.dll
0x00007ffc6d230000 - 0x00007ffc6da94000 	C:\WINDOWS\System32\windows.storage.dll
0x00007ffc6f4e0000 - 0x00007ffc6f5d7000 	C:\WINDOWS\System32\SHCORE.dll
0x00007ffc6fd80000 - 0x00007ffc6fde7000 	C:\WINDOWS\System32\shlwapi.dll
0x00007ffc6c660000 - 0x00007ffc6c689000 	C:\WINDOWS\SYSTEM32\profapi.dll
0x00007ffc29f10000 - 0x00007ffc29fe7000 	C:\Program Files\Java\jdk-21.0.10\bin\jsvml.dll
0x00007ffc2b430000 - 0x00007ffc2b448000 	C:\Program Files\Java\jdk-21.0.10\bin\zip.dll
0x00007ffc2b3b0000 - 0x00007ffc2b3c1000 	C:\Program Files\Java\jdk-21.0.10\bin\net.dll
0x00007ffc65de0000 - 0x00007ffc65f07000 	C:\WINDOWS\SYSTEM32\WINHTTP.dll
0x00007ffc6b9e0000 - 0x00007ffc6ba4b000 	C:\WINDOWS\system32\mswsock.dll
0x00007ffc2b380000 - 0x00007ffc2b396000 	C:\Program Files\Java\jdk-21.0.10\bin\nio.dll
0x00007ffc41e10000 - 0x00007ffc41e20000 	C:\Program Files\Java\jdk-21.0.10\bin\verify.dll
0x00007ffc196a0000 - 0x00007ffc196c7000 	C:\Users\Travis\.gradle\native\660c5614fbf4a5f2a75b1949f50a0caf5cd603558e7d8a26e50b933a0cfb79d1\windows-amd64\native-platform.dll
0x00007ffc2a240000 - 0x00007ffc2a2b7000 	C:\Users\Travis\.gradle\native\0.2.8\x86_64-windows-gnu\gradle-fileevents.dll
0x00007ffc38ed0000 - 0x00007ffc38eda000 	C:\Program Files\Java\jdk-21.0.10\bin\management.dll
0x00007ffc2b7f0000 - 0x00007ffc2b7fc000 	C:\Program Files\Java\jdk-21.0.10\bin\management_ext.dll
0x00007ffc6f4d0000 - 0x00007ffc6f4d8000 	C:\WINDOWS\System32\PSAPI.DLL
0x00007ffc6aca0000 - 0x00007ffc6acd3000 	C:\WINDOWS\SYSTEM32\IPHLPAPI.DLL
0x00007ffc6f350000 - 0x00007ffc6f35a000 	C:\WINDOWS\System32\NSI.dll
0x00007ffc2b610000 - 0x00007ffc2b619000 	C:\Program Files\Java\jdk-21.0.10\bin\extnet.dll
0x00007ffc6bde0000 - 0x00007ffc6bdfb000 	C:\WINDOWS\SYSTEM32\CRYPTSP.dll
0x00007ffc6b3f0000 - 0x00007ffc6b429000 	C:\WINDOWS\system32\rsaenh.dll
0x00007ffc6ba90000 - 0x00007ffc6bac2000 	C:\WINDOWS\SYSTEM32\USERENV.dll
0x00007ffc6c630000 - 0x00007ffc6c65a000 	C:\WINDOWS\SYSTEM32\bcrypt.dll
0x00007ffc6bc40000 - 0x00007ffc6bc4c000 	C:\WINDOWS\SYSTEM32\CRYPTBASE.dll
0x00007ffc2b5a0000 - 0x00007ffc2b5ae000 	C:\Program Files\Java\jdk-21.0.10\bin\sunmscapi.dll
0x00007ffc6cdf0000 - 0x00007ffc6cf67000 	C:\WINDOWS\System32\CRYPT32.dll
0x00007ffc6bfb0000 - 0x00007ffc6bfe0000 	C:\WINDOWS\SYSTEM32\ncrypt.dll
0x00007ffc6bf60000 - 0x00007ffc6bf9f000 	C:\WINDOWS\SYSTEM32\NTASN1.dll
0x00007ffc0a500000 - 0x00007ffc0a508000 	C:\WINDOWS\system32\wshunix.dll
0x00007ffc6b5b0000 - 0x00007ffc6b5e6000 	C:\WINDOWS\SYSTEM32\ntmarta.dll

dbghelp: loaded successfully - version: 4.0.5 - missing functions: none
symbol engine: initialized successfully - sym options: 0x614 - pdb path: .;C:\Program Files\Java\jdk-21.0.10\bin;C:\WINDOWS\SYSTEM32;C:\WINDOWS\WinSxS\amd64_microsoft.windows.common-controls_6595b64144ccf1df_6.0.26100.7922_none_3e089e1ee3342171;C:\Program Files\Java\jdk-21.0.10\bin\server;C:\Users\Travis\.gradle\native\660c5614fbf4a5f2a75b1949f50a0caf5cd603558e7d8a26e50b933a0cfb79d1\windows-amd64;C:\Users\Travis\.gradle\native\0.2.8\x86_64-windows-gnu

VM Arguments:
jvm_args: --add-opens=java.base/java.lang=ALL-UNNAMED --add-opens=java.base/java.lang.invoke=ALL-UNNAMED --add-opens=java.base/java.util=ALL-UNNAMED --add-opens=java.prefs/java.util.prefs=ALL-UNNAMED --add-exports=jdk.compiler/com.sun.tools.javac.api=ALL-UNNAMED --add-exports=jdk.compiler/com.sun.tools.javac.util=ALL-UNNAMED --add-opens=java.base/java.util=ALL-UNNAMED --add-opens=java.prefs/java.util.prefs=ALL-UNNAMED --add-opens=java.base/java.nio.charset=ALL-UNNAMED --add-opens=java.base/java.net=ALL-UNNAMED --add-opens=java.base/java.util.concurrent=ALL-UNNAMED --add-opens=java.base/java.util.concurrent.atomic=ALL-UNNAMED --add-opens=java.xml/javax.xml.namespace=ALL-UNNAMED --add-opens=java.base/java.time=ALL-UNNAMED -Xmx1G -Dfile.encoding=UTF-8 -Duser.country=US -Duser.language=en -Duser.variant -javaagent:C:\Users\Travis\.gradle\wrapper\dists\gradle-9.2.1-bin\2t0n5ozlw9xmuyvbp7dnzaxug\gradle-9.2.1\lib\agents\gradle-instrumentation-agent-9.2.1.jar 
java_command: org.gradle.launcher.daemon.bootstrap.GradleDaemon 9.2.1
java_class_path (initial): C:\Users\Travis\.gradle\wrapper\dists\gradle-9.2.1-bin\2t0n5ozlw9xmuyvbp7dnzaxug\gradle-9.2.1\lib\gradle-daemon-main-9.2.1.jar
Launcher Type: SUN_STANDARD

[Global flags]
     intx CICompilerCount                          = 12                                        {product} {ergonomic}
     uint ConcGCThreads                            = 3                                         {product} {ergonomic}
     uint G1ConcRefinementThreads                  = 13                                        {product} {ergonomic}
   size_t G1HeapRegionSize                         = 1048576                                   {product} {ergonomic}
    uintx GCDrainStackTargetSize                   = 64                                        {product} {ergonomic}
   size_t InitialHeapSize                          = 1073741824                                {product} {ergonomic}
   size_t MarkStackSize                            = 4194304                                   {product} {ergonomic}
   size_t MaxHeapSize                              = 1073741824                                {product} {command line}
   size_t MaxNewSize                               = 643825664                                 {product} {ergonomic}
   size_t MinHeapDeltaBytes                        = 1048576                                   {product} {ergonomic}
   size_t MinHeapSize                              = 8388608                                   {product} {ergonomic}
    uintx NonNMethodCodeHeapSize                   = 7602480                                {pd product} {ergonomic}
    uintx NonProfiledCodeHeapSize                  = 122027880                              {pd product} {ergonomic}
    uintx ProfiledCodeHeapSize                     = 122027880                              {pd product} {ergonomic}
    uintx ReservedCodeCacheSize                    = 251658240                              {pd product} {ergonomic}
     bool SegmentedCodeCache                       = true                                      {product} {ergonomic}
   size_t SoftMaxHeapSize                          = 1073741824                             {manageable} {ergonomic}
     bool UseCompressedOops                        = true                           {product lp64_product} {ergonomic}
     bool UseG1GC                                  = true                                      {product} {ergonomic}
     bool UseLargePagesIndividualAllocation        = false                                  {pd product} {ergonomic}

Logging:
Log output configuration:
 #0: stdout all=warning uptime,level,tags foldmultilines=false
 #1: stderr all=off uptime,level,tags foldmultilines=false

Environment Variables:
PATH=C:\Program Files\Common Files\Oracle\Java\javapath;C:\Program Files (x86)\Common Files\Oracle\Java\java8path;C:\Program Files (x86)\Common Files\Oracle\Java\javapath;C:\Program Files (x86)\Razer Chroma SDK\bin;C:\Program Files\Razer Chroma SDK\bin;C:\Program Files (x86)\Razer\ChromaBroadcast\bin;C:\Program Files\Razer\ChromaBroadcast\bin;C:\WINDOWS\system32;C:\WINDOWS;C:\WINDOWS\System32\Wbem;C:\WINDOWS\System32\WindowsPowerShell\v1.0\;C:\WINDOWS\System32\OpenSSH\;C:\Program Files (x86)\Intel\Intel(R) Management Engine Components\DAL;C:\Program Files\Intel\Intel(R) Management Engine Components\DAL;C:\WINDOWS\system32\config\systemprofile\AppData\Local\Microsoft\WindowsApps;C:\Program Files (x86)\NVIDIA Corporation\PhysX\Common;;C:\Users\Travis\AppData\Local\Microsoft\WindowsApps;C:\adb;C:\Program Files (x86)\dotnet\;C:\Program Files\PuTTY\;C:\Program Files\dotnet\;C:\Program Files\Microsoft VS Code\bin;C:\WINDOWS\system32;C:\WINDOWS;C:\WINDOWS\System32\Wbem;C:\WINDOWS\System32\WindowsPowerShell\v1.0\;C:\WINDOWS\System32\OpenSSH\;C:\Program Files\NVIDIA Corporation\NVIDIA app\NvDLISR;C:\Program Files\PowerToys\DSCModules\;C:\Program Files\nodejs\;C:\ProgramData\chocolatey\bin;C:\Users\Travis\AppData\Local\Microsoft\WindowsApps;C:\Users\Travis\AppData\Roaming\npm;C:\Users\Travis\.lmstudio\bin;C:\Users\Travis\AppData\Local\Programs\Ollama
USERNAME=Travis
OS=Windows_NT
PROCESSOR_IDENTIFIER=Intel64 Family 6 Model 158 Stepping 12, GenuineIntel
TMP=C:\Users\Travis\AppData\Local\Temp
TEMP=C:\Users\Travis\AppData\Local\Temp




Periodic native trim disabled

---------------  S Y S T E M  ---------------

OS:
 Windows 11 , 64 bit Build 26100 (10.0.26100.7920)
OS uptime: 2 days 16:34 hours
Hyper-V role detected

CPU: total 16 (initial active 16) (8 cores per cpu, 2 threads per core) family 6 model 158 stepping 12 microcode 0xde, cx8, cmov, fxsr, ht, mmx, 3dnowpref, sse, sse2, sse3, ssse3, sse4.1, sse4.2, popcnt, lzcnt, tsc, tscinvbit, avx, avx2, aes, erms, clmul, bmi1, bmi2, rtm, adx, fma, vzeroupper, clflush, clflushopt, hv, rdtscp, f16c
Processor Information for all 16 processors :
  Max Mhz: 3600, Current Mhz: 3600, Mhz Limit: 3600

Memory: 4k page, system-wide physical 65465M (34767M free)
TotalPageFile size 69561M (AvailPageFile size 34176M)
current process WorkingSet (physical memory assigned to process): 1388M, peak: 1400M
current process commit charge ("private bytes"): 1447M, peak: 1457M

vm_info: Java HotSpot(TM) 64-Bit Server VM (21.0.10+8-LTS-217) for windows-amd64 JRE (21.0.10+8-LTS-217), built on 2025-12-18T14:59:28Z by "mach5run" with MS VC++ 17.13 (VS2022)

END.
