#
# A fatal error has been detected by the Java Runtime Environment:
#
#  EXCEPTION_ACCESS_VIOLATION (0xc0000005) at pc=0x00007ffb6c74d3f0, pid=84512, tid=49760
#
# JRE version: Java(TM) SE Runtime Environment (21.0.10+8) (build 21.0.10+8-LTS-217)
# Java VM: Java HotSpot(TM) 64-Bit Server VM (21.0.10+8-LTS-217, mixed mode, sharing, tiered, compressed oops, compressed class ptrs, g1 gc, windows-amd64)
# Problematic frame:
# V  [jvm.dll+0x34d3f0]
#
# No core dump will be written. Minidumps are not enabled by default on client versions of Windows
#
# If you would like to submit a bug report, please visit:
#   https://bugreport.java.com/bugreport/crash.jsp
#

---------------  S U M M A R Y ------------

Command Line: --add-opens=java.base/java.lang=ALL-UNNAMED --add-opens=java.base/java.lang.invoke=ALL-UNNAMED --add-opens=java.base/java.util=ALL-UNNAMED --add-opens=java.prefs/java.util.prefs=ALL-UNNAMED --add-exports=jdk.compiler/com.sun.tools.javac.api=ALL-UNNAMED --add-exports=jdk.compiler/com.sun.tools.javac.util=ALL-UNNAMED --add-opens=java.base/java.util=ALL-UNNAMED --add-opens=java.prefs/java.util.prefs=ALL-UNNAMED --add-opens=java.base/java.nio.charset=ALL-UNNAMED --add-opens=java.base/java.net=ALL-UNNAMED --add-opens=java.base/java.util.concurrent=ALL-UNNAMED --add-opens=java.base/java.util.concurrent.atomic=ALL-UNNAMED --add-opens=java.xml/javax.xml.namespace=ALL-UNNAMED --add-opens=java.base/java.time=ALL-UNNAMED -Xmx1G -Dfile.encoding=UTF-8 -Duser.country=US -Duser.language=en -Duser.variant -javaagent:C:\Users\Travis\.gradle\wrapper\dists\gradle-9.2.1-bin\2t0n5ozlw9xmuyvbp7dnzaxug\gradle-9.2.1\lib\agents\gradle-instrumentation-agent-9.2.1.jar org.gradle.launcher.daemon.bootstrap.GradleDaemon 9.2.1

Host: Intel(R) Core(TM) i9-9900K CPU @ 3.60GHz, 16 cores, 63G,  Windows 11 , 64 bit Build 26100 (10.0.26100.7920)
Time: Wed Mar  4 20:17:29 2026 Pacific Standard Time elapsed time: 17516.491771 seconds (0d 4h 51m 56s)

---------------  T H R E A D  ---------------

Current thread (0x000002087fa55870):  WorkerThread "GC Thread#9"    [id=49760, stack(0x0000008c74800000,0x0000008c74900000) (1024K)]

Stack: [0x0000008c74800000,0x0000008c74900000],  sp=0x0000008c748ffcd0,  free space=1023k
Native frames: (J=compiled Java code, j=interpreted, Vv=VM code, C=native code)
V  [jvm.dll+0x34d3f0]
V  [jvm.dll+0x34cb19]
V  [jvm.dll+0x34c39b]
V  [jvm.dll+0x88d951]
V  [jvm.dll+0x80a83d]
V  [jvm.dll+0x6cf3fd]
C  [ucrtbase.dll+0x37b0]
C  [KERNEL32.DLL+0x2e8d7]
C  [ntdll.dll+0x8c48c]


siginfo: EXCEPTION_ACCESS_VIOLATION (0xc0000005), writing address 0x0000000000000000


Registers:
RAX=0x0000000000000000, RBX=0x00000000ffffffff, RCX=0x0000000000000000, RDX=0x0000000000000000
RSP=0x0000008c748ffcd0, RBP=0x0000000000000007, RSI=0x0000008c72eff370, RDI=0x000002085964c5a0
R8 =0x000000000000000a, R9 =0x0000000000000000, R10=0x0000000000000008, R11=0x0000000000000050
R12=0x000000000000001a, R13=0x0000000000000038, R14=0x0000000000000017, R15=0x0000008c748ffd40
RIP=0x00007ffb6c74d3f0, EFLAGS=0x0000000000010293


Register to memory mapping:

RAX=0x0 is null
RBX=0x00000000ffffffff points into unknown readable memory: 00
RCX=0x0 is null
RDX=0x0 is null
RSP=0x0000008c748ffcd0 points into unknown readable memory: 0x000002085964c5a0 | a0 c5 64 59 08 02 00 00
RBP=0x0000000000000007 is an unknown value
RSI=0x0000008c72eff370 points into unknown readable memory: 0x00007ffb6cde0478 | 78 04 de 6c fb 7f 00 00
RDI=0x000002085964c5a0 points into unknown readable memory: 0x0000000000000000 | 00 00 00 00 00 00 00 00
R8 =0x000000000000000a is an unknown value
R9 =0x0 is null
R10=0x0000000000000008 is an unknown value
R11=0x0000000000000050 is an unknown value
R12=0x000000000000001a is an unknown value
R13=0x0000000000000038 is an unknown value
R14=0x0000000000000017 is an unknown value
R15=0x0000008c748ffd40 points into unknown readable memory: 0x0000000000000000 | 00 00 00 00 00 00 00 00

Top of Stack: (sp=0x0000008c748ffcd0)
0x0000008c748ffcd0:   000002085964c5a0 00000000e937b5ec
0x0000008c748ffce0:   0000000000000000 0000000000000000
0x0000008c748ffcf0:   0000008c72eff358 0000008c72efe9a0
0x0000008c748ffd00:   0000000000000000 0000008c72eff370
0x0000008c748ffd10:   00000000e937b5d0 00007ffb6c74cb19
0x0000008c748ffd20:   000002085964c2c0 00007ffb6cfc9d98
0x0000008c748ffd30:   000000000000000c 0000008c72efe9a0
0x0000008c748ffd40:   0000000000000000 0000000000000000
0x0000008c748ffd50:   000002087e54b108 0000000000000007
0x0000008c748ffd60:   000002085964c2c0 00000000000003d8
0x0000008c748ffd70:   000002087e54ad30 00007ffb6c74c39b
0x0000008c748ffd80:   00000000e937b5d0 000002087e54ad20
0x0000008c748ffd90:   000002087f85c6c0 0000008c72efe840
0x0000008c748ffda0:   00000000f1100000 00007ffb6c74d029
0x0000008c748ffdb0:   00000028c8250253 000039597d8323d2
0x0000008c748ffdc0:   00000028c8250253 000039597d8323d2
0x0000008c748ffdd0:   0000000000000000 0000000000000000
0x0000008c748ffde0:   00007ffb6cde0988 000002085964c870
0x0000008c748ffdf0:   0000000000000000 0000000000000001
0x0000008c748ffe00:   0000000000000000 000002087f704860
0x0000008c748ffe10:   0000000000000000 0000000000000000
0x0000008c748ffe20:   0000000000000007 00007ffb6cc8d951
0x0000008c748ffe30:   000002086f353228 000002087fa55870
0x0000008c748ffe40:   000002087f7048a0 0000000000000007
0x0000008c748ffe50:   000002087fa55870 0000000000100000
0x0000008c748ffe60:   0000000000000000 00007ffb6cc0a83d
0x0000008c748ffe70:   0000008c74800000 00000000ffffffff
0x0000008c748ffe80:   0000000000000000 0000000000000000
0x0000008c748ffe90:   0000000000000004 0000000000001000
0x0000008c748ffea0:   0000000400001000 0000000000020000
0x0000008c748ffeb0:   0000000000000000 00007ffc6c7fba9b
0x0000008c748ffec0:   000002087fa55870 0000000000000000 

Instructions: (pc=0x00007ffb6c74d3f0)
0x00007ffb6c74d2f0:   41 5f 41 5e 5e 5d 5b c3 cc cc cc cc cc cc cc cc
0x00007ffb6c74d300:   40 53 48 83 ec 30 8b 44 24 2c 48 8b d9 48 89 54
0x00007ffb6c74d310:   24 20 44 89 44 24 28 44 8b 81 60 03 00 00 41 8b
0x00007ffb6c74d320:   d0 89 44 24 2c 8b 81 e0 03 00 00 2b d0 81 e2 ff
0x00007ffb6c74d330:   ff 01 00 81 fa fe ff 01 00 73 2b 48 8b 83 60 04
0x00007ffb6c74d340:   00 00 41 8b c8 0f 28 44 24 20 48 03 c9 0f 11 04
0x00007ffb6c74d350:   c8 41 8d 40 01 25 ff ff 01 00 89 83 60 03 00 00
0x00007ffb6c74d360:   48 83 c4 30 5b c3 48 8b 91 80 05 00 00 48 3b 91
0x00007ffb6c74d370:   68 05 00 00 75 0e 48 81 c1 60 05 00 00 e8 be cb
0x00007ffb6c74d380:   f3 ff 33 d2 48 8b 83 98 05 00 00 48 8b ca 0f 28
0x00007ffb6c74d390:   44 24 20 48 03 c9 0f 11 04 c8 48 8d 42 01 48 89
0x00007ffb6c74d3a0:   83 80 05 00 00 48 83 c4 30 5b c3 cc cc cc cc cc
0x00007ffb6c74d3b0:   48 89 5c 24 08 48 89 6c 24 10 48 89 74 24 18 57
0x00007ffb6c74d3c0:   41 54 41 55 41 56 41 57 48 83 ec 20 44 8b 61 08
0x00007ffb6c74d3d0:   4d 8b f8 8b ea 48 8b f1 41 be 00 00 00 00 45 03
0x00007ffb6c74d3e0:   e4 0f 84 90 01 00 00 4c 8d 2c ed 00 00 00 00 90
0x00007ffb6c74d3f0:   83 7e 08 02 48 8b 4e 10 4a 8b 3c 29 0f 86 50 01
0x00007ffb6c74d400:   00 00 44 8b 87 00 02 00 00 41 83 f8 ff 75 51 8b
0x00007ffb6c74d410:   8f 04 02 00 00 66 66 66 0f 1f 84 00 00 00 00 00
0x00007ffb6c74d420:   b8 5f 0b 4e 83 f7 e9 03 d1 69 c9 a7 41 00 00 c1
0x00007ffb6c74d430:   fa 10 8b c2 c1 e8 1f 03 d0 69 c2 ff ff ff 7f 2b
0x00007ffb6c74d440:   c8 85 c9 8d 81 ff ff ff 7f 0f 4e c8 33 d2 8b c1
0x00007ffb6c74d450:   89 8f 04 02 00 00 f7 76 08 44 8b c2 3b d5 74 c0
0x00007ffb6c74d460:   8b dd 3b dd 74 05 41 3b d8 75 41 8b 8f 04 02 00
0x00007ffb6c74d470:   00 b8 5f 0b 4e 83 f7 e9 03 d1 c1 fa 10 8b c2 c1
0x00007ffb6c74d480:   e8 1f 03 d0 69 c1 a7 41 00 00 69 ca ff ff ff 7f
0x00007ffb6c74d490:   2b c1 85 c0 8d 88 ff ff ff 7f 0f 4e c1 33 d2 89
0x00007ffb6c74d4a0:   87 04 02 00 00 f7 76 08 8b da eb b6 41 8b c0 4c
0x00007ffb6c74d4b0:   8d 1c c5 00 00 00 00 48 8b 46 10 49 8b 0c 03 8b
0x00007ffb6c74d4c0:   81 00 01 00 00 44 8b 89 80 00 00 00 44 2b c8 b8
0x00007ffb6c74d4d0:   00 00 00 00 41 81 e1 ff ff 01 00 41 81 f9 ff ff
0x00007ffb6c74d4e0:   01 00 44 0f 44 c8 8b c3 4c 8d 14 c5 00 00 00 00 


Stack slot to memory mapping:

stack at sp + 0 slots: 0x000002085964c5a0 points into unknown readable memory: 0x0000000000000000 | 00 00 00 00 00 00 00 00
stack at sp + 1 slots: 0x00000000e937b5ec is pointing into object: org.gradle.internal.operations.notify.BuildOperationNotificationBridge$Progress 
{0x00000000e937b5d0} - klass: 'org/gradle/internal/operations/notify/BuildOperationNotificationBridge$Progress'
 - ---- fields (total size 4 words):
 - private final 'id' 'Lorg/gradle/internal/operations/OperationIdentifier;' @12  a 'org/gradle/internal/operations/OperationIdentifier'{0x00000000c2ce7470} (0xc2ce7470)
 - private final 'timestamp' 'J' @16  1772683111230 (0x0000019cbc25ab3e)
 - private final 'details' 'Ljava/lang/Object;' @24  a 'org/gradle/internal/logging/events/StyledTextOutputEvent'{0x00000000e937b5f0} (0xe937b5f0)
stack at sp + 2 slots: 0x0 is null
stack at sp + 3 slots: 0x0 is null
stack at sp + 4 slots: 0x0000008c72eff358 points into unknown readable memory: 0x00007ffb6cde0468 | 68 04 de 6c fb 7f 00 00
stack at sp + 5 slots: 0x0000008c72efe9a0 points into unknown readable memory: 0x000000000000000d | 0d 00 00 00 00 00 00 00
stack at sp + 6 slots: 0x0 is null
stack at sp + 7 slots: 0x0000008c72eff370 points into unknown readable memory: 0x00007ffb6cde0478 | 78 04 de 6c fb 7f 00 00


---------------  P R O C E S S  ---------------

Threads class SMR info:
_java_thread_list=0x000002085bd6d050, length=53, elements={
0x000002086edc5a20, 0x000002087e4ee9f0, 0x000002087e4ef550, 0x000002087e516010,
0x000002087e516cd0, 0x000002087e517e70, 0x000002087e518b30, 0x000002087e52aab0,
0x000002087e52b680, 0x000002087e931850, 0x000002087e92b9b0, 0x000002085460fdb0,
0x000002085491eaf0, 0x0000020854936450, 0x00000208548ea490, 0x00000208548eb1b0,
0x00000208548eab20, 0x000002085964b5a0, 0x000002085964a880, 0x00000208596494d0,
0x000002085964f0b0, 0x00000208563abe90, 0x000002087e768e30, 0x000002087e768110,
0x000002087e7659b0, 0x000002087e7673f0, 0x000002087e766d60, 0x000002087e766040,
0x000002087e767a80, 0x000002087e769b50, 0x000002087e7666d0, 0x000002087e76c2b0,
0x000002087e76af00, 0x000002087e76c940, 0x000002087e76b590, 0x000002087e76a870,
0x000002087e76bc20, 0x000002087e76cfd0, 0x000002087e76a1e0, 0x000002085c0f24f0,
0x000002085c0f17d0, 0x000002085c0f45c0, 0x000002085c0f2b80, 0x000002085c0f4c50,
0x000002085c0f3210, 0x000002085c0f3f30, 0x000002085c0f52e0, 0x000002085c0f1e60,
0x000002085c0f8760, 0x000002085c0f7a40, 0x000002085c0f6690, 0x000002085c0f73b0,
0x000002085c0f8df0
}

Java Threads: ( => current thread )
  0x000002086edc5a20 JavaThread "main"                              [_thread_blocked, id=18340, stack(0x0000008c72700000,0x0000008c72800000) (1024K)]
  0x000002087e4ee9f0 JavaThread "Reference Handler"          daemon [_thread_blocked, id=103380, stack(0x0000008c72f00000,0x0000008c73000000) (1024K)]
  0x000002087e4ef550 JavaThread "Finalizer"                  daemon [_thread_blocked, id=99108, stack(0x0000008c73000000,0x0000008c73100000) (1024K)]
  0x000002087e516010 JavaThread "Signal Dispatcher"          daemon [_thread_blocked, id=50112, stack(0x0000008c73100000,0x0000008c73200000) (1024K)]
  0x000002087e516cd0 JavaThread "Attach Listener"            daemon [_thread_blocked, id=34624, stack(0x0000008c73200000,0x0000008c73300000) (1024K)]
  0x000002087e517e70 JavaThread "Service Thread"             daemon [_thread_blocked, id=99208, stack(0x0000008c73300000,0x0000008c73400000) (1024K)]
  0x000002087e518b30 JavaThread "Monitor Deflation Thread"   daemon [_thread_blocked, id=49392, stack(0x0000008c73400000,0x0000008c73500000) (1024K)]
  0x000002087e52aab0 JavaThread "C2 CompilerThread0"         daemon [_thread_blocked, id=66220, stack(0x0000008c73500000,0x0000008c73600000) (1024K)]
  0x000002087e52b680 JavaThread "C1 CompilerThread0"         daemon [_thread_blocked, id=102396, stack(0x0000008c73600000,0x0000008c73700000) (1024K)]
  0x000002087e931850 JavaThread "Common-Cleaner"             daemon [_thread_blocked, id=37588, stack(0x0000008c73c00000,0x0000008c73d00000) (1024K)]
  0x000002087e92b9b0 JavaThread "Notification Thread"        daemon [_thread_blocked, id=101796, stack(0x0000008c73d00000,0x0000008c73e00000) (1024K)]
  0x000002085460fdb0 JavaThread "Daemon health stats"               [_thread_blocked, id=56064, stack(0x0000008c73e00000,0x0000008c73f00000) (1024K)]
  0x000002085491eaf0 JavaThread "Incoming local TCP Connector on port 49370"        [_thread_in_native, id=94412, stack(0x0000008c73f00000,0x0000008c74000000) (1024K)]
  0x0000020854936450 JavaThread "Daemon periodic checks"            [_thread_blocked, id=51840, stack(0x0000008c74c00000,0x0000008c74d00000) (1024K)]
  0x00000208548ea490 JavaThread "Cache worker for journal cache (C:\Users\Travis\.gradle\caches\journal-1)"        [_thread_blocked, id=85116, stack(0x0000008c75400000,0x0000008c75500000) (1024K)]
  0x00000208548eb1b0 JavaThread "File lock request listener"        [_thread_in_native, id=68200, stack(0x0000008c75500000,0x0000008c75600000) (1024K)]
  0x00000208548eab20 JavaThread "Cache worker for file hash cache (C:\Users\Travis\.gradle\caches\9.2.1\fileHashes)"        [_thread_blocked, id=72120, stack(0x0000008c75600000,0x0000008c75700000) (1024K)]
  0x000002085964b5a0 JavaThread "Cache worker for file content cache (C:\Users\Travis\.gradle\caches\9.2.1\fileContent)"        [_thread_blocked, id=100160, stack(0x0000008c75f00000,0x0000008c76000000) (1024K)]
  0x000002085964a880 JavaThread "File watcher server"        daemon [_thread_blocked, id=101984, stack(0x0000008c76000000,0x0000008c76100000) (1024K)]
  0x00000208596494d0 JavaThread "File watcher consumer"      daemon [_thread_blocked, id=98048, stack(0x0000008c76100000,0x0000008c76200000) (1024K)]
  0x000002085964f0b0 JavaThread "Memory manager"                    [_thread_blocked, id=90316, stack(0x0000008c75900000,0x0000008c75a00000) (1024K)]
  0x00000208563abe90 JavaThread "Cache worker for Java compile cache (C:\Users\Travis\.gradle\caches\9.2.1\javaCompile)"        [_thread_blocked, id=45964, stack(0x0000008c77700000,0x0000008c77800000) (1024K)]
  0x000002087e768e30 JavaThread "Daemon Thread 9"                   [_thread_blocked, id=105008, stack(0x0000008c72400000,0x0000008c72500000) (1024K)]
  0x000002087e768110 JavaThread "Handler for socket connection from /127.0.0.1:49370 to /127.0.0.1:58374"        [_thread_in_native, id=97492, stack(0x0000008c72500000,0x0000008c72600000) (1024K)]
  0x000002087e7659b0 JavaThread "Cancel handler"                    [_thread_blocked, id=38256, stack(0x0000008c72600000,0x0000008c72700000) (1024K)]
  0x000002087e7673f0 JavaThread "Daemon worker Thread 7"            [_thread_blocked, id=87268, stack(0x0000008c73700000,0x0000008c73800000) (1024K)]
  0x000002087e766d60 JavaThread "Stdin handler"                     [_thread_blocked, id=100976, stack(0x0000008c73900000,0x0000008c73a00000) (1024K)]
  0x000002087e766040 JavaThread "Daemon client event forwarder"        [_thread_blocked, id=81476, stack(0x0000008c73a00000,0x0000008c73b00000) (1024K)]
  0x000002087e767a80 JavaThread "Cache worker for file hash cache (D:\Google Drive\Project stuff\MInecraft Mods\EngineerMod\.gradle\9.2.1\fileHashes)"        [_thread_blocked, id=99144, stack(0x0000008c73b00000,0x0000008c73c00000) (1024K)]
  0x000002087e769b50 JavaThread "Cache worker for checksums cache (D:\Google Drive\Project stuff\MInecraft Mods\EngineerMod\.gradle\9.2.1\checksums)"        [_thread_blocked, id=21992, stack(0x0000008c74d00000,0x0000008c74e00000) (1024K)]
  0x000002087e7666d0 JavaThread "Cache worker for Build Output Cleanup Cache (D:\Google Drive\Project stuff\MInecraft Mods\EngineerMod\.gradle\buildOutputCleanup)"        [_thread_blocked, id=83244, stack(0x0000008c74e00000,0x0000008c74f00000) (1024K)]
  0x000002087e76c2b0 JavaThread "Cache worker for cache directory md-supplier (C:\Users\Travis\.gradle\caches\9.2.1\md-supplier)"        [_thread_blocked, id=104224, stack(0x0000008c74f00000,0x0000008c75000000) (1024K)]
  0x000002087e76af00 JavaThread "Cache worker for cache directory md-rule (C:\Users\Travis\.gradle\caches\9.2.1\md-rule)"        [_thread_blocked, id=39804, stack(0x0000008c75000000,0x0000008c75100000) (1024K)]
  0x000002087e76c940 JavaThread "Build operations"                  [_thread_blocked, id=10296, stack(0x0000008c75100000,0x0000008c75200000) (1024K)]
  0x000002087e76b590 JavaThread "included builds"                   [_thread_blocked, id=57500, stack(0x0000008c75a00000,0x0000008c75b00000) (1024K)]
  0x000002087e76a870 JavaThread "Execution worker"                  [_thread_blocked, id=87976, stack(0x0000008c75b00000,0x0000008c75c00000) (1024K)]
  0x000002087e76bc20 JavaThread "Execution worker Thread 2"         [_thread_blocked, id=102864, stack(0x0000008c75c00000,0x0000008c75d00000) (1024K)]
  0x000002087e76cfd0 JavaThread "Execution worker Thread 3"         [_thread_blocked, id=90712, stack(0x0000008c75d00000,0x0000008c75e00000) (1024K)]
  0x000002087e76a1e0 JavaThread "Execution worker Thread 4"         [_thread_blocked, id=81152, stack(0x0000008c75e00000,0x0000008c75f00000) (1024K)]
  0x000002085c0f24f0 JavaThread "Execution worker Thread 5"         [_thread_blocked, id=33856, stack(0x0000008c76200000,0x0000008c76300000) (1024K)]
  0x000002085c0f17d0 JavaThread "Execution worker Thread 6"         [_thread_blocked, id=100472, stack(0x0000008c76300000,0x0000008c76400000) (1024K)]
  0x000002085c0f45c0 JavaThread "Execution worker Thread 7"         [_thread_blocked, id=30556, stack(0x0000008c76400000,0x0000008c76500000) (1024K)]
  0x000002085c0f2b80 JavaThread "Cache worker for execution history cache (D:\Google Drive\Project stuff\MInecraft Mods\EngineerMod\.gradle\9.2.1\executionHistory)"        [_thread_blocked, id=33876, stack(0x0000008c76500000,0x0000008c76600000) (1024K)]
  0x000002085c0f4c50 JavaThread "Execution worker Thread 8"         [_thread_blocked, id=103456, stack(0x0000008c76600000,0x0000008c76700000) (1024K)]
  0x000002085c0f3210 JavaThread "Execution worker Thread 9"         [_thread_blocked, id=78908, stack(0x0000008c76700000,0x0000008c76800000) (1024K)]
  0x000002085c0f3f30 JavaThread "Execution worker Thread 10"        [_thread_blocked, id=32484, stack(0x0000008c76800000,0x0000008c76900000) (1024K)]
  0x000002085c0f52e0 JavaThread "Execution worker Thread 11"        [_thread_blocked, id=104672, stack(0x0000008c76900000,0x0000008c76a00000) (1024K)]
  0x000002085c0f1e60 JavaThread "Execution worker Thread 12"        [_thread_blocked, id=60180, stack(0x0000008c76a00000,0x0000008c76b00000) (1024K)]
  0x000002085c0f8760 JavaThread "Execution worker Thread 13"        [_thread_blocked, id=42644, stack(0x0000008c76b00000,0x0000008c76c00000) (1024K)]
  0x000002085c0f7a40 JavaThread "Execution worker Thread 14"        [_thread_blocked, id=74560, stack(0x0000008c76c00000,0x0000008c76d00000) (1024K)]
  0x000002085c0f6690 JavaThread "Execution worker Thread 15"        [_thread_blocked, id=103928, stack(0x0000008c76d00000,0x0000008c76e00000) (1024K)]
  0x000002085c0f73b0 JavaThread "Exec process Thread 19"            [_thread_in_native, id=104072, stack(0x0000008c76f00000,0x0000008c77000000) (1024K)]
  0x000002085c0f8df0 JavaThread "Exec process Thread 20"            [_thread_in_native, id=93396, stack(0x0000008c77000000,0x0000008c77100000) (1024K)]
Total: 53

Other Threads:
  0x000002087e4d65c0 VMThread "VM Thread"                           [id=53120, stack(0x0000008c72e00000,0x0000008c72f00000) (1024K)]
  0x000002087e4c7fd0 WatcherThread "VM Periodic Task Thread"        [id=100324, stack(0x0000008c72d00000,0x0000008c72e00000) (1024K)]
  0x000002086f385830 WorkerThread "GC Thread#0"                     [id=28640, stack(0x0000008c72800000,0x0000008c72900000) (1024K)]
  0x000002087f1356c0 WorkerThread "GC Thread#1"                     [id=99576, stack(0x0000008c74000000,0x0000008c74100000) (1024K)]
  0x000002087f135e80 WorkerThread "GC Thread#2"                     [id=46220, stack(0x0000008c74100000,0x0000008c74200000) (1024K)]
  0x000002087f50a9f0 WorkerThread "GC Thread#3"                     [id=99808, stack(0x0000008c74200000,0x0000008c74300000) (1024K)]
  0x000002087f50ada0 WorkerThread "GC Thread#4"                     [id=93300, stack(0x0000008c74300000,0x0000008c74400000) (1024K)]
  0x000002087f50b150 WorkerThread "GC Thread#5"                     [id=34704, stack(0x0000008c74400000,0x0000008c74500000) (1024K)]
  0x000002087f50b500 WorkerThread "GC Thread#6"                     [id=94296, stack(0x0000008c74500000,0x0000008c74600000) (1024K)]
  0x000002087eb226d0 WorkerThread "GC Thread#7"                     [id=93744, stack(0x0000008c74600000,0x0000008c74700000) (1024K)]
  0x000002087eb23280 WorkerThread "GC Thread#8"                     [id=98492, stack(0x0000008c74700000,0x0000008c74800000) (1024K)]
=>0x000002087fa55870 WorkerThread "GC Thread#9"                     [id=49760, stack(0x0000008c74800000,0x0000008c74900000) (1024K)]
  0x000002087f922400 WorkerThread "GC Thread#10"                    [id=37752, stack(0x0000008c74900000,0x0000008c74a00000) (1024K)]
  0x000002087f9227b0 WorkerThread "GC Thread#11"                    [id=46268, stack(0x0000008c74a00000,0x0000008c74b00000) (1024K)]
  0x000002087f91cc30 WorkerThread "GC Thread#12"                    [id=100888, stack(0x0000008c74b00000,0x0000008c74c00000) (1024K)]
  0x000002086f38e730 ConcurrentGCThread "G1 Main Marker"            [id=99408, stack(0x0000008c72900000,0x0000008c72a00000) (1024K)]
  0x000002086f390160 WorkerThread "G1 Conc#0"                       [id=89808, stack(0x0000008c72a00000,0x0000008c72b00000) (1024K)]
  0x000002087f9d9570 WorkerThread "G1 Conc#1"                       [id=86588, stack(0x0000008c75700000,0x0000008c75800000) (1024K)]
  0x000002087f9d9920 WorkerThread "G1 Conc#2"                       [id=95468, stack(0x0000008c75800000,0x0000008c75900000) (1024K)]
  0x000002087e1dc8d0 ConcurrentGCThread "G1 Refine#0"               [id=95212, stack(0x0000008c72b00000,0x0000008c72c00000) (1024K)]
  0x000002087e1dd100 ConcurrentGCThread "G1 Service"                [id=92272, stack(0x0000008c72c00000,0x0000008c72d00000) (1024K)]
Total: 21

Threads with active compile tasks:
Total: 0

VM state: at safepoint (normal execution)

VM Mutex/Monitor currently owned by a thread:  ([mutex/lock_event])
[0x00007ffb6d049f10] Threads_lock - owner thread: 0x000002087e4d65c0
[0x00007ffb6d04a010] Heap_lock - owner thread: 0x000002085964f0b0

OutOfMemory and StackOverflow Exception counts:
OutOfMemoryError java_heap_errors=61
LinkageErrors=300

Heap address: 0x00000000c0000000, size: 1024 MB, Compressed Oops mode: 32-bit

CDS archive(s) mapped at: [0x000002080f000000-0x000002080fc90000-0x000002080fc90000), size 13172736, SharedBaseAddress: 0x000002080f000000, ArchiveRelocationMode: 1.
Compressed class space mapped at: 0x0000020810000000-0x0000020850000000, reserved size: 1073741824
Narrow klass base: 0x000002080f000000, Narrow klass shift: 0, Narrow klass range: 0x100000000

GC Precious Log:
 CardTable entry size: 512
 Card Set container configuration: InlinePtr #cards 5 size 8 Array Of Cards #cards 12 size 40 Howl #buckets 4 coarsen threshold 1843 Howl Bitmap #cards 512 size 80 coarsen threshold 460 Card regions per heap region 1 cards per card region 2048
 CPUs: 16 total, 16 available
 Memory: 65465M
 Large Page Support: Disabled
 NUMA Support: Disabled
 Compressed Oops: Enabled (32-bit)
 Heap Region Size: 1M
 Heap Min Capacity: 8M
 Heap Initial Capacity: 1G
 Heap Max Capacity: 1G
 Pre-touch: Disabled
 Parallel Workers: 13
 Concurrent Workers: 3
 Concurrent Refinement Workers: 13
 Periodic GC: Disabled

Heap:
 garbage-first heap   total 1048576K, used 1047626K [0x00000000c0000000, 0x0000000100000000)
  region size 1024K, 0 young (0K), 0 survivors (0K)
 Metaspace       used 69294K, committed 71872K, reserved 1114112K
  class space    used 8853K, committed 10496K, reserved 1048576K

Heap Regions: E=young(eden), S=young(survivor), O=old, HS=humongous(starts), HC=humongous(continues), CS=collection set, F=free, TAMS=top-at-mark-start, PB=parsable bottom
|   0|0x00000000c0000000, 0x00000000c0100000, 0x00000000c0100000|100%|HS|  |TAMS 0x00000000c0000000| PB 0x00000000c0100000| Untracked 
|   1|0x00000000c0100000, 0x00000000c0200000, 0x00000000c0200000|100%|HC|  |TAMS 0x00000000c0100000| PB 0x00000000c0200000| Untracked 
|   2|0x00000000c0200000, 0x00000000c0300000, 0x00000000c0300000|100%|HC|  |TAMS 0x00000000c0200000| PB 0x00000000c0300000| Untracked 
|   3|0x00000000c0300000, 0x00000000c0400000, 0x00000000c0400000|100%|HC|  |TAMS 0x00000000c0300000| PB 0x00000000c0400000| Untracked 
|   4|0x00000000c0400000, 0x00000000c04ffff8, 0x00000000c0500000| 99%| O|  |TAMS 0x00000000c0400000| PB 0x00000000c04ffff8| Untracked 
|   5|0x00000000c0500000, 0x00000000c0600000, 0x00000000c0600000|100%|HS|  |TAMS 0x00000000c0500000| PB 0x00000000c0600000| Untracked 
|   6|0x00000000c0600000, 0x00000000c06fffd8, 0x00000000c0700000| 99%| O|  |TAMS 0x00000000c0600000| PB 0x00000000c06fffd8| Untracked 
|   7|0x00000000c0700000, 0x00000000c07fffc0, 0x00000000c0800000| 99%| O|  |TAMS 0x00000000c0700000| PB 0x00000000c07fffc0| Untracked 
|   8|0x00000000c0800000, 0x00000000c08fffe8, 0x00000000c0900000| 99%| O|  |TAMS 0x00000000c0800000| PB 0x00000000c08fffe8| Untracked 
|   9|0x00000000c0900000, 0x00000000c09ffff8, 0x00000000c0a00000| 99%| O|  |TAMS 0x00000000c0900000| PB 0x00000000c09ffff8| Untracked 
|  10|0x00000000c0a00000, 0x00000000c0affff8, 0x00000000c0b00000| 99%| O|  |TAMS 0x00000000c0a00000| PB 0x00000000c0affff8| Untracked 
|  11|0x00000000c0b00000, 0x00000000c0bffff0, 0x00000000c0c00000| 99%| O|  |TAMS 0x00000000c0b00000| PB 0x00000000c0bffff0| Untracked 
|  12|0x00000000c0c00000, 0x00000000c0cffff8, 0x00000000c0d00000| 99%| O|  |TAMS 0x00000000c0c00000| PB 0x00000000c0cffff8| Untracked 
|  13|0x00000000c0d00000, 0x00000000c0dffff0, 0x00000000c0e00000| 99%| O|  |TAMS 0x00000000c0d00000| PB 0x00000000c0dffff0| Untracked 
|  14|0x00000000c0e00000, 0x00000000c0efffd8, 0x00000000c0f00000| 99%| O|  |TAMS 0x00000000c0e00000| PB 0x00000000c0efffd8| Untracked 
|  15|0x00000000c0f00000, 0x00000000c0fffff8, 0x00000000c1000000| 99%| O|  |TAMS 0x00000000c0f00000| PB 0x00000000c0fffff8| Untracked 
|  16|0x00000000c1000000, 0x00000000c10fe7f8, 0x00000000c1100000| 99%| O|  |TAMS 0x00000000c1000000| PB 0x00000000c10fe7f8| Untracked 
|  17|0x00000000c1100000, 0x00000000c1200000, 0x00000000c1200000|100%| O|  |TAMS 0x00000000c1100000| PB 0x00000000c1200000| Untracked 
|  18|0x00000000c1200000, 0x00000000c12fff80, 0x00000000c1300000| 99%| O|  |TAMS 0x00000000c1200000| PB 0x00000000c12fff80| Untracked 
|  19|0x00000000c1300000, 0x00000000c13fffb0, 0x00000000c1400000| 99%| O|  |TAMS 0x00000000c1300000| PB 0x00000000c13fffb0| Untracked 
|  20|0x00000000c1400000, 0x00000000c14ffff0, 0x00000000c1500000| 99%| O|  |TAMS 0x00000000c1400000| PB 0x00000000c14ffff0| Untracked 
|  21|0x00000000c1500000, 0x00000000c1600000, 0x00000000c1600000|100%| O|  |TAMS 0x00000000c1500000| PB 0x00000000c1600000| Untracked 
|  22|0x00000000c1600000, 0x00000000c16fffa8, 0x00000000c1700000| 99%| O|  |TAMS 0x00000000c1600000| PB 0x00000000c16fffa8| Untracked 
|  23|0x00000000c1700000, 0x00000000c17ffff8, 0x00000000c1800000| 99%| O|  |TAMS 0x00000000c1700000| PB 0x00000000c17ffff8| Untracked 
|  24|0x00000000c1800000, 0x00000000c1900000, 0x00000000c1900000|100%| O|  |TAMS 0x00000000c1800000| PB 0x00000000c1900000| Untracked 
|  25|0x00000000c1900000, 0x00000000c19fffe0, 0x00000000c1a00000| 99%| O|  |TAMS 0x00000000c1900000| PB 0x00000000c19fffe0| Untracked 
|  26|0x00000000c1a00000, 0x00000000c1affff8, 0x00000000c1b00000| 99%| O|  |TAMS 0x00000000c1a00000| PB 0x00000000c1affff8| Untracked 
|  27|0x00000000c1b00000, 0x00000000c1c00000, 0x00000000c1c00000|100%|HS|  |TAMS 0x00000000c1b00000| PB 0x00000000c1c00000| Untracked 
|  28|0x00000000c1c00000, 0x00000000c1d00000, 0x00000000c1d00000|100%|HC|  |TAMS 0x00000000c1c00000| PB 0x00000000c1d00000| Untracked 
|  29|0x00000000c1d00000, 0x00000000c1e00000, 0x00000000c1e00000|100%| O|  |TAMS 0x00000000c1d00000| PB 0x00000000c1e00000| Untracked 
|  30|0x00000000c1e00000, 0x00000000c1f00000, 0x00000000c1f00000|100%| O|  |TAMS 0x00000000c1e00000| PB 0x00000000c1f00000| Untracked 
|  31|0x00000000c1f00000, 0x00000000c1ffff80, 0x00000000c2000000| 99%| O|  |TAMS 0x00000000c1f00000| PB 0x00000000c1ffff80| Untracked 
|  32|0x00000000c2000000, 0x00000000c2100000, 0x00000000c2100000|100%| O|  |TAMS 0x00000000c2000000| PB 0x00000000c2100000| Untracked 
|  33|0x00000000c2100000, 0x00000000c21ffff0, 0x00000000c2200000| 99%| O|  |TAMS 0x00000000c2100000| PB 0x00000000c21ffff0| Untracked 
|  34|0x00000000c2200000, 0x00000000c22ffff0, 0x00000000c2300000| 99%| O|  |TAMS 0x00000000c2200000| PB 0x00000000c22ffff0| Untracked 
|  35|0x00000000c2300000, 0x00000000c2400000, 0x00000000c2400000|100%| O|  |TAMS 0x00000000c2300000| PB 0x00000000c2400000| Untracked 
|  36|0x00000000c2400000, 0x00000000c24ffff0, 0x00000000c2500000| 99%| O|  |TAMS 0x00000000c2400000| PB 0x00000000c24ffff0| Untracked 
|  37|0x00000000c2500000, 0x00000000c25fffe8, 0x00000000c2600000| 99%| O|  |TAMS 0x00000000c2500000| PB 0x00000000c25fffe8| Untracked 
|  38|0x00000000c2600000, 0x00000000c2700000, 0x00000000c2700000|100%| O|  |TAMS 0x00000000c2600000| PB 0x00000000c2700000| Untracked 
|  39|0x00000000c2700000, 0x00000000c2800000, 0x00000000c2800000|100%| O|  |TAMS 0x00000000c2700000| PB 0x00000000c2800000| Untracked 
|  40|0x00000000c2800000, 0x00000000c28fffc8, 0x00000000c2900000| 99%| O|  |TAMS 0x00000000c2800000| PB 0x00000000c28fffc8| Untracked 
|  41|0x00000000c2900000, 0x00000000c29fffe8, 0x00000000c2a00000| 99%| O|  |TAMS 0x00000000c2900000| PB 0x00000000c29fffe8| Untracked 
|  42|0x00000000c2a00000, 0x00000000c2affff0, 0x00000000c2b00000| 99%| O|  |TAMS 0x00000000c2a00000| PB 0x00000000c2affff0| Untracked 
|  43|0x00000000c2b00000, 0x00000000c2bffff0, 0x00000000c2c00000| 99%| O|  |TAMS 0x00000000c2b00000| PB 0x00000000c2bffff0| Untracked 
|  44|0x00000000c2c00000, 0x00000000c2d00000, 0x00000000c2d00000|100%| O|  |TAMS 0x00000000c2c00000| PB 0x00000000c2d00000| Untracked 
|  45|0x00000000c2d00000, 0x00000000c2dffff8, 0x00000000c2e00000| 99%| O|  |TAMS 0x00000000c2d00000| PB 0x00000000c2dffff8| Untracked 
|  46|0x00000000c2e00000, 0x00000000c2effff0, 0x00000000c2f00000| 99%| O|  |TAMS 0x00000000c2e00000| PB 0x00000000c2effff0| Untracked 
|  47|0x00000000c2f00000, 0x00000000c2ffff50, 0x00000000c3000000| 99%| O|  |TAMS 0x00000000c2f00000| PB 0x00000000c2ffff50| Untracked 
|  48|0x00000000c3000000, 0x00000000c30ffef8, 0x00000000c3100000| 99%| O|  |TAMS 0x00000000c3000000| PB 0x00000000c30ffef8| Untracked 
|  49|0x00000000c3100000, 0x00000000c31fffc0, 0x00000000c3200000| 99%| O|  |TAMS 0x00000000c3100000| PB 0x00000000c31fffc0| Untracked 
|  50|0x00000000c3200000, 0x00000000c32ffff8, 0x00000000c3300000| 99%| O|  |TAMS 0x00000000c3200000| PB 0x00000000c32ffff8| Untracked 
|  51|0x00000000c3300000, 0x00000000c3400000, 0x00000000c3400000|100%| O|  |TAMS 0x00000000c3300000| PB 0x00000000c3400000| Untracked 
|  52|0x00000000c3400000, 0x00000000c34fffd8, 0x00000000c3500000| 99%| O|  |TAMS 0x00000000c3400000| PB 0x00000000c34fffd8| Untracked 
|  53|0x00000000c3500000, 0x00000000c35ffff8, 0x00000000c3600000| 99%| O|  |TAMS 0x00000000c3500000| PB 0x00000000c35ffff8| Untracked 
|  54|0x00000000c3600000, 0x00000000c36fffb8, 0x00000000c3700000| 99%| O|  |TAMS 0x00000000c3600000| PB 0x00000000c36fffb8| Untracked 
|  55|0x00000000c3700000, 0x00000000c37ffff0, 0x00000000c3800000| 99%| O|  |TAMS 0x00000000c3700000| PB 0x00000000c37ffff0| Untracked 
|  56|0x00000000c3800000, 0x00000000c38fffa8, 0x00000000c3900000| 99%| O|  |TAMS 0x00000000c3800000| PB 0x00000000c38fffa8| Untracked 
|  57|0x00000000c3900000, 0x00000000c39ffff0, 0x00000000c3a00000| 99%| O|  |TAMS 0x00000000c3900000| PB 0x00000000c39ffff0| Untracked 
|  58|0x00000000c3a00000, 0x00000000c3affff8, 0x00000000c3b00000| 99%| O|  |TAMS 0x00000000c3a00000| PB 0x00000000c3affff8| Untracked 
|  59|0x00000000c3b00000, 0x00000000c3bfffa0, 0x00000000c3c00000| 99%| O|  |TAMS 0x00000000c3b00000| PB 0x00000000c3bfffa0| Untracked 
|  60|0x00000000c3c00000, 0x00000000c3cffff8, 0x00000000c3d00000| 99%| O|  |TAMS 0x00000000c3c00000| PB 0x00000000c3cffff8| Untracked 
|  61|0x00000000c3d00000, 0x00000000c3dffff8, 0x00000000c3e00000| 99%| O|  |TAMS 0x00000000c3d00000| PB 0x00000000c3dffff8| Untracked 
|  62|0x00000000c3e00000, 0x00000000c3f00000, 0x00000000c3f00000|100%| O|  |TAMS 0x00000000c3e00000| PB 0x00000000c3f00000| Untracked 
|  63|0x00000000c3f00000, 0x00000000c3ffffb8, 0x00000000c4000000| 99%| O|  |TAMS 0x00000000c3f00000| PB 0x00000000c3ffffb8| Untracked 
|  64|0x00000000c4000000, 0x00000000c40fff60, 0x00000000c4100000| 99%| O|  |TAMS 0x00000000c4000000| PB 0x00000000c40fff60| Untracked 
|  65|0x00000000c4100000, 0x00000000c41fff98, 0x00000000c4200000| 99%| O|  |TAMS 0x00000000c4100000| PB 0x00000000c41fff98| Untracked 
|  66|0x00000000c4200000, 0x00000000c42fffc0, 0x00000000c4300000| 99%| O|  |TAMS 0x00000000c4200000| PB 0x00000000c42fffc0| Untracked 
|  67|0x00000000c4300000, 0x00000000c43fffb0, 0x00000000c4400000| 99%| O|  |TAMS 0x00000000c4300000| PB 0x00000000c43fffb0| Untracked 
|  68|0x00000000c4400000, 0x00000000c44fffe0, 0x00000000c4500000| 99%| O|  |TAMS 0x00000000c4400000| PB 0x00000000c44fffe0| Untracked 
|  69|0x00000000c4500000, 0x00000000c45ffff8, 0x00000000c4600000| 99%| O|  |TAMS 0x00000000c4500000| PB 0x00000000c45ffff8| Untracked 
|  70|0x00000000c4600000, 0x00000000c46ffff8, 0x00000000c4700000| 99%| O|  |TAMS 0x00000000c4600000| PB 0x00000000c46ffff8| Untracked 
|  71|0x00000000c4700000, 0x00000000c4800000, 0x00000000c4800000|100%| O|  |TAMS 0x00000000c4700000| PB 0x00000000c4800000| Untracked 
|  72|0x00000000c4800000, 0x00000000c48fff58, 0x00000000c4900000| 99%| O|  |TAMS 0x00000000c4800000| PB 0x00000000c48fff58| Untracked 
|  73|0x00000000c4900000, 0x00000000c49ffff8, 0x00000000c4a00000| 99%| O|  |TAMS 0x00000000c4900000| PB 0x00000000c49ffff8| Untracked 
|  74|0x00000000c4a00000, 0x00000000c4b00000, 0x00000000c4b00000|100%| O|  |TAMS 0x00000000c4a00000| PB 0x00000000c4b00000| Untracked 
|  75|0x00000000c4b00000, 0x00000000c4bfffe8, 0x00000000c4c00000| 99%| O|  |TAMS 0x00000000c4b00000| PB 0x00000000c4bfffe8| Untracked 
|  76|0x00000000c4c00000, 0x00000000c4cffff0, 0x00000000c4d00000| 99%| O|  |TAMS 0x00000000c4c00000| PB 0x00000000c4cffff0| Untracked 
|  77|0x00000000c4d00000, 0x00000000c4dffff0, 0x00000000c4e00000| 99%| O|  |TAMS 0x00000000c4d00000| PB 0x00000000c4dffff0| Untracked 
|  78|0x00000000c4e00000, 0x00000000c4f00000, 0x00000000c4f00000|100%| O|  |TAMS 0x00000000c4e00000| PB 0x00000000c4f00000| Untracked 
|  79|0x00000000c4f00000, 0x00000000c4fffff0, 0x00000000c5000000| 99%| O|  |TAMS 0x00000000c4f00000| PB 0x00000000c4fffff0| Untracked 
|  80|0x00000000c5000000, 0x00000000c50ffff0, 0x00000000c5100000| 99%| O|  |TAMS 0x00000000c5000000| PB 0x00000000c50ffff0| Untracked 
|  81|0x00000000c5100000, 0x00000000c51fffe8, 0x00000000c5200000| 99%| O|  |TAMS 0x00000000c5100000| PB 0x00000000c51fffe8| Untracked 
|  82|0x00000000c5200000, 0x00000000c52ffff0, 0x00000000c5300000| 99%| O|  |TAMS 0x00000000c5200000| PB 0x00000000c52ffff0| Untracked 
|  83|0x00000000c5300000, 0x00000000c53fffb8, 0x00000000c5400000| 99%| O|  |TAMS 0x00000000c5300000| PB 0x00000000c53fffb8| Untracked 
|  84|0x00000000c5400000, 0x00000000c54fffc0, 0x00000000c5500000| 99%| O|  |TAMS 0x00000000c5400000| PB 0x00000000c54fffc0| Untracked 
|  85|0x00000000c5500000, 0x00000000c55fffb0, 0x00000000c5600000| 99%| O|  |TAMS 0x00000000c5500000| PB 0x00000000c55fffb0| Untracked 
|  86|0x00000000c5600000, 0x00000000c56fffe8, 0x00000000c5700000| 99%| O|  |TAMS 0x00000000c5600000| PB 0x00000000c56fffe8| Untracked 
|  87|0x00000000c5700000, 0x00000000c5800000, 0x00000000c5800000|100%| O|  |TAMS 0x00000000c5700000| PB 0x00000000c5800000| Untracked 
|  88|0x00000000c5800000, 0x00000000c58fffa8, 0x00000000c5900000| 99%| O|  |TAMS 0x00000000c5800000| PB 0x00000000c58fffa8| Untracked 
|  89|0x00000000c5900000, 0x00000000c59ffff0, 0x00000000c5a00000| 99%| O|  |TAMS 0x00000000c5900000| PB 0x00000000c59ffff0| Untracked 
|  90|0x00000000c5a00000, 0x00000000c5afffc8, 0x00000000c5b00000| 99%| O|  |TAMS 0x00000000c5a00000| PB 0x00000000c5afffc8| Untracked 
|  91|0x00000000c5b00000, 0x00000000c5c00000, 0x00000000c5c00000|100%| O|  |TAMS 0x00000000c5b00000| PB 0x00000000c5c00000| Untracked 
|  92|0x00000000c5c00000, 0x00000000c5cffff8, 0x00000000c5d00000| 99%| O|  |TAMS 0x00000000c5c00000| PB 0x00000000c5cffff8| Untracked 
|  93|0x00000000c5d00000, 0x00000000c5e00000, 0x00000000c5e00000|100%| O|  |TAMS 0x00000000c5d00000| PB 0x00000000c5e00000| Untracked 
|  94|0x00000000c5e00000, 0x00000000c5f00000, 0x00000000c5f00000|100%| O|  |TAMS 0x00000000c5e00000| PB 0x00000000c5f00000| Untracked 
|  95|0x00000000c5f00000, 0x00000000c6000000, 0x00000000c6000000|100%| O|  |TAMS 0x00000000c5f00000| PB 0x00000000c6000000| Untracked 
|  96|0x00000000c6000000, 0x00000000c60fffe0, 0x00000000c6100000| 99%| O|  |TAMS 0x00000000c6000000| PB 0x00000000c60fffe0| Untracked 
|  97|0x00000000c6100000, 0x00000000c61fffe8, 0x00000000c6200000| 99%| O|  |TAMS 0x00000000c6100000| PB 0x00000000c61fffe8| Untracked 
|  98|0x00000000c6200000, 0x00000000c62fffe0, 0x00000000c6300000| 99%| O|  |TAMS 0x00000000c6200000| PB 0x00000000c62fffe0| Untracked 
|  99|0x00000000c6300000, 0x00000000c63ffff8, 0x00000000c6400000| 99%| O|  |TAMS 0x00000000c6300000| PB 0x00000000c63ffff8| Untracked 
| 100|0x00000000c6400000, 0x00000000c64ffff0, 0x00000000c6500000| 99%| O|  |TAMS 0x00000000c6400000| PB 0x00000000c64ffff0| Untracked 
| 101|0x00000000c6500000, 0x00000000c65fff88, 0x00000000c6600000| 99%| O|  |TAMS 0x00000000c6500000| PB 0x00000000c65fff88| Untracked 
| 102|0x00000000c6600000, 0x00000000c66ffff8, 0x00000000c6700000| 99%| O|  |TAMS 0x00000000c6600000| PB 0x00000000c66ffff8| Untracked 
| 103|0x00000000c6700000, 0x00000000c67fffb0, 0x00000000c6800000| 99%| O|  |TAMS 0x00000000c6700000| PB 0x00000000c67fffb0| Untracked 
| 104|0x00000000c6800000, 0x00000000c6900000, 0x00000000c6900000|100%| O|  |TAMS 0x00000000c6800000| PB 0x00000000c6900000| Untracked 
| 105|0x00000000c6900000, 0x00000000c69ffff8, 0x00000000c6a00000| 99%| O|  |TAMS 0x00000000c6900000| PB 0x00000000c69ffff8| Untracked 
| 106|0x00000000c6a00000, 0x00000000c6afffe8, 0x00000000c6b00000| 99%| O|  |TAMS 0x00000000c6a00000| PB 0x00000000c6afffe8| Untracked 
| 107|0x00000000c6b00000, 0x00000000c6bfffe8, 0x00000000c6c00000| 99%| O|  |TAMS 0x00000000c6b00000| PB 0x00000000c6bfffe8| Untracked 
| 108|0x00000000c6c00000, 0x00000000c6d00000, 0x00000000c6d00000|100%| O|  |TAMS 0x00000000c6c00000| PB 0x00000000c6d00000| Untracked 
| 109|0x00000000c6d00000, 0x00000000c6dfffe8, 0x00000000c6e00000| 99%| O|  |TAMS 0x00000000c6d00000| PB 0x00000000c6dfffe8| Untracked 
| 110|0x00000000c6e00000, 0x00000000c6efff58, 0x00000000c6f00000| 99%| O|  |TAMS 0x00000000c6e00000| PB 0x00000000c6efff58| Untracked 
| 111|0x00000000c6f00000, 0x00000000c6ffffc0, 0x00000000c7000000| 99%| O|  |TAMS 0x00000000c6f00000| PB 0x00000000c6ffffc0| Untracked 
| 112|0x00000000c7000000, 0x00000000c70ffff0, 0x00000000c7100000| 99%| O|  |TAMS 0x00000000c7000000| PB 0x00000000c70ffff0| Untracked 
| 113|0x00000000c7100000, 0x00000000c71ffff8, 0x00000000c7200000| 99%| O|  |TAMS 0x00000000c7100000| PB 0x00000000c71ffff8| Untracked 
| 114|0x00000000c7200000, 0x00000000c72ffff0, 0x00000000c7300000| 99%| O|  |TAMS 0x00000000c7200000| PB 0x00000000c72ffff0| Untracked 
| 115|0x00000000c7300000, 0x00000000c73fff50, 0x00000000c7400000| 99%| O|  |TAMS 0x00000000c7300000| PB 0x00000000c73fff50| Untracked 
| 116|0x00000000c7400000, 0x00000000c74fffa0, 0x00000000c7500000| 99%| O|  |TAMS 0x00000000c7400000| PB 0x00000000c74fffa0| Untracked 
| 117|0x00000000c7500000, 0x00000000c75ffff0, 0x00000000c7600000| 99%| O|  |TAMS 0x00000000c7500000| PB 0x00000000c75ffff0| Untracked 
| 118|0x00000000c7600000, 0x00000000c76ffff8, 0x00000000c7700000| 99%| O|  |TAMS 0x00000000c7600000| PB 0x00000000c76ffff8| Untracked 
| 119|0x00000000c7700000, 0x00000000c77fffe8, 0x00000000c7800000| 99%| O|  |TAMS 0x00000000c7700000| PB 0x00000000c77fffe8| Untracked 
| 120|0x00000000c7800000, 0x00000000c78ffff0, 0x00000000c7900000| 99%| O|  |TAMS 0x00000000c7800000| PB 0x00000000c78ffff0| Untracked 
| 121|0x00000000c7900000, 0x00000000c79fffc0, 0x00000000c7a00000| 99%| O|  |TAMS 0x00000000c7900000| PB 0x00000000c79fffc0| Untracked 
| 122|0x00000000c7a00000, 0x00000000c7affff8, 0x00000000c7b00000| 99%| O|  |TAMS 0x00000000c7a00000| PB 0x00000000c7affff8| Untracked 
| 123|0x00000000c7b00000, 0x00000000c7bfffe0, 0x00000000c7c00000| 99%| O|  |TAMS 0x00000000c7b00000| PB 0x00000000c7bfffe0| Untracked 
| 124|0x00000000c7c00000, 0x00000000c7d00000, 0x00000000c7d00000|100%| O|  |TAMS 0x00000000c7c00000| PB 0x00000000c7d00000| Untracked 
| 125|0x00000000c7d00000, 0x00000000c7e00000, 0x00000000c7e00000|100%| O|  |TAMS 0x00000000c7d00000| PB 0x00000000c7e00000| Untracked 
| 126|0x00000000c7e00000, 0x00000000c7efff50, 0x00000000c7f00000| 99%| O|  |TAMS 0x00000000c7e00000| PB 0x00000000c7efff50| Untracked 
| 127|0x00000000c7f00000, 0x00000000c7ffffd8, 0x00000000c8000000| 99%| O|  |TAMS 0x00000000c7f00000| PB 0x00000000c7ffffd8| Untracked 
| 128|0x00000000c8000000, 0x00000000c80ffff8, 0x00000000c8100000| 99%| O|  |TAMS 0x00000000c8000000| PB 0x00000000c80ffff8| Untracked 
| 129|0x00000000c8100000, 0x00000000c8200000, 0x00000000c8200000|100%| O|  |TAMS 0x00000000c8100000| PB 0x00000000c8200000| Untracked 
| 130|0x00000000c8200000, 0x00000000c8300000, 0x00000000c8300000|100%| O|  |TAMS 0x00000000c8200000| PB 0x00000000c8300000| Untracked 
| 131|0x00000000c8300000, 0x00000000c83fffc0, 0x00000000c8400000| 99%| O|  |TAMS 0x00000000c8300000| PB 0x00000000c83fffc0| Untracked 
| 132|0x00000000c8400000, 0x00000000c84ffff0, 0x00000000c8500000| 99%| O|  |TAMS 0x00000000c8400000| PB 0x00000000c84ffff0| Untracked 
| 133|0x00000000c8500000, 0x00000000c8600000, 0x00000000c8600000|100%| O|  |TAMS 0x00000000c8500000| PB 0x00000000c8600000| Untracked 
| 134|0x00000000c8600000, 0x00000000c86ffff0, 0x00000000c8700000| 99%| O|  |TAMS 0x00000000c8600000| PB 0x00000000c86ffff0| Untracked 
| 135|0x00000000c8700000, 0x00000000c87fff30, 0x00000000c8800000| 99%| O|  |TAMS 0x00000000c8700000| PB 0x00000000c87fff30| Untracked 
| 136|0x00000000c8800000, 0x00000000c88ffff8, 0x00000000c8900000| 99%| O|  |TAMS 0x00000000c8800000| PB 0x00000000c88ffff8| Untracked 
| 137|0x00000000c8900000, 0x00000000c89fffc8, 0x00000000c8a00000| 99%| O|  |TAMS 0x00000000c8900000| PB 0x00000000c89fffc8| Untracked 
| 138|0x00000000c8a00000, 0x00000000c8afff80, 0x00000000c8b00000| 99%| O|  |TAMS 0x00000000c8a00000| PB 0x00000000c8afff80| Untracked 
| 139|0x00000000c8b00000, 0x00000000c8bfff70, 0x00000000c8c00000| 99%| O|  |TAMS 0x00000000c8b00000| PB 0x00000000c8bfff70| Untracked 
| 140|0x00000000c8c00000, 0x00000000c8cfffc0, 0x00000000c8d00000| 99%| O|  |TAMS 0x00000000c8c00000| PB 0x00000000c8cfffc0| Untracked 
| 141|0x00000000c8d00000, 0x00000000c8dffff8, 0x00000000c8e00000| 99%| O|  |TAMS 0x00000000c8d00000| PB 0x00000000c8dffff8| Untracked 
| 142|0x00000000c8e00000, 0x00000000c8efffe8, 0x00000000c8f00000| 99%| O|  |TAMS 0x00000000c8e00000| PB 0x00000000c8efffe8| Untracked 
| 143|0x00000000c8f00000, 0x00000000c8fffff0, 0x00000000c9000000| 99%| O|  |TAMS 0x00000000c8f00000| PB 0x00000000c8fffff0| Untracked 
| 144|0x00000000c9000000, 0x00000000c90ffff8, 0x00000000c9100000| 99%| O|  |TAMS 0x00000000c9000000| PB 0x00000000c90ffff8| Untracked 
| 145|0x00000000c9100000, 0x00000000c91fffe0, 0x00000000c9200000| 99%| O|  |TAMS 0x00000000c9100000| PB 0x00000000c91fffe0| Untracked 
| 146|0x00000000c9200000, 0x00000000c92fffc0, 0x00000000c9300000| 99%| O|  |TAMS 0x00000000c9200000| PB 0x00000000c92fffc0| Untracked 
| 147|0x00000000c9300000, 0x00000000c93fffe8, 0x00000000c9400000| 99%| O|  |TAMS 0x00000000c9300000| PB 0x00000000c93fffe8| Untracked 
| 148|0x00000000c9400000, 0x00000000c94ffff0, 0x00000000c9500000| 99%| O|  |TAMS 0x00000000c9400000| PB 0x00000000c94ffff0| Untracked 
| 149|0x00000000c9500000, 0x00000000c95fff90, 0x00000000c9600000| 99%| O|  |TAMS 0x00000000c9500000| PB 0x00000000c95fff90| Untracked 
| 150|0x00000000c9600000, 0x00000000c96ffff8, 0x00000000c9700000| 99%| O|  |TAMS 0x00000000c9600000| PB 0x00000000c96ffff8| Untracked 
| 151|0x00000000c9700000, 0x00000000c97fff58, 0x00000000c9800000| 99%| O|  |TAMS 0x00000000c9700000| PB 0x00000000c97fff58| Untracked 
| 152|0x00000000c9800000, 0x00000000c98fff90, 0x00000000c9900000| 99%| O|  |TAMS 0x00000000c9800000| PB 0x00000000c98fff90| Untracked 
| 153|0x00000000c9900000, 0x00000000c99ffff8, 0x00000000c9a00000| 99%| O|  |TAMS 0x00000000c9900000| PB 0x00000000c99ffff8| Untracked 
| 154|0x00000000c9a00000, 0x00000000c9afffb8, 0x00000000c9b00000| 99%| O|  |TAMS 0x00000000c9a00000| PB 0x00000000c9afffb8| Untracked 
| 155|0x00000000c9b00000, 0x00000000c9bffff0, 0x00000000c9c00000| 99%| O|  |TAMS 0x00000000c9b00000| PB 0x00000000c9bffff0| Untracked 
| 156|0x00000000c9c00000, 0x00000000c9cffff8, 0x00000000c9d00000| 99%| O|  |TAMS 0x00000000c9c00000| PB 0x00000000c9cffff8| Untracked 
| 157|0x00000000c9d00000, 0x00000000c9dfffa8, 0x00000000c9e00000| 99%| O|  |TAMS 0x00000000c9d00000| PB 0x00000000c9dfffa8| Untracked 
| 158|0x00000000c9e00000, 0x00000000c9efffc8, 0x00000000c9f00000| 99%| O|  |TAMS 0x00000000c9e00000| PB 0x00000000c9efffc8| Untracked 
| 159|0x00000000c9f00000, 0x00000000c9fffff8, 0x00000000ca000000| 99%| O|  |TAMS 0x00000000c9f00000| PB 0x00000000c9fffff8| Untracked 
| 160|0x00000000ca000000, 0x00000000ca0ffff8, 0x00000000ca100000| 99%| O|  |TAMS 0x00000000ca000000| PB 0x00000000ca0ffff8| Untracked 
| 161|0x00000000ca100000, 0x00000000ca200000, 0x00000000ca200000|100%| O|  |TAMS 0x00000000ca100000| PB 0x00000000ca200000| Untracked 
| 162|0x00000000ca200000, 0x00000000ca2ffff0, 0x00000000ca300000| 99%| O|  |TAMS 0x00000000ca200000| PB 0x00000000ca2ffff0| Untracked 
| 163|0x00000000ca300000, 0x00000000ca3ffff8, 0x00000000ca400000| 99%| O|  |TAMS 0x00000000ca300000| PB 0x00000000ca3ffff8| Untracked 
| 164|0x00000000ca400000, 0x00000000ca500000, 0x00000000ca500000|100%| O|  |TAMS 0x00000000ca400000| PB 0x00000000ca500000| Untracked 
| 165|0x00000000ca500000, 0x00000000ca5ffff0, 0x00000000ca600000| 99%| O|  |TAMS 0x00000000ca500000| PB 0x00000000ca5ffff0| Untracked 
| 166|0x00000000ca600000, 0x00000000ca6fff80, 0x00000000ca700000| 99%| O|  |TAMS 0x00000000ca600000| PB 0x00000000ca6fff80| Untracked 
| 167|0x00000000ca700000, 0x00000000ca7fffe8, 0x00000000ca800000| 99%| O|  |TAMS 0x00000000ca700000| PB 0x00000000ca7fffe8| Untracked 
| 168|0x00000000ca800000, 0x00000000ca900000, 0x00000000ca900000|100%| O|  |TAMS 0x00000000ca800000| PB 0x00000000ca900000| Untracked 
| 169|0x00000000ca900000, 0x00000000ca9fffe8, 0x00000000caa00000| 99%| O|  |TAMS 0x00000000ca900000| PB 0x00000000ca9fffe8| Untracked 
| 170|0x00000000caa00000, 0x00000000caafffe8, 0x00000000cab00000| 99%| O|  |TAMS 0x00000000caa00000| PB 0x00000000caafffe8| Untracked 
| 171|0x00000000cab00000, 0x00000000cac00000, 0x00000000cac00000|100%| O|  |TAMS 0x00000000cab00000| PB 0x00000000cac00000| Untracked 
| 172|0x00000000cac00000, 0x00000000cad00000, 0x00000000cad00000|100%| O|  |TAMS 0x00000000cac00000| PB 0x00000000cad00000| Untracked 
| 173|0x00000000cad00000, 0x00000000cadffff0, 0x00000000cae00000| 99%| O|  |TAMS 0x00000000cad00000| PB 0x00000000cadffff0| Untracked 
| 174|0x00000000cae00000, 0x00000000caefff80, 0x00000000caf00000| 99%| O|  |TAMS 0x00000000cae00000| PB 0x00000000caefff80| Untracked 
| 175|0x00000000caf00000, 0x00000000cafffff8, 0x00000000cb000000| 99%| O|  |TAMS 0x00000000caf00000| PB 0x00000000cafffff8| Untracked 
| 176|0x00000000cb000000, 0x00000000cb0fffb8, 0x00000000cb100000| 99%| O|  |TAMS 0x00000000cb000000| PB 0x00000000cb0fffb8| Untracked 
| 177|0x00000000cb100000, 0x00000000cb1ffff0, 0x00000000cb200000| 99%| O|  |TAMS 0x00000000cb100000| PB 0x00000000cb1ffff0| Untracked 
| 178|0x00000000cb200000, 0x00000000cb2ffff8, 0x00000000cb300000| 99%| O|  |TAMS 0x00000000cb200000| PB 0x00000000cb2ffff8| Untracked 
| 179|0x00000000cb300000, 0x00000000cb3fffe8, 0x00000000cb400000| 99%| O|  |TAMS 0x00000000cb300000| PB 0x00000000cb3fffe8| Untracked 
| 180|0x00000000cb400000, 0x00000000cb4ffff0, 0x00000000cb500000| 99%| O|  |TAMS 0x00000000cb400000| PB 0x00000000cb4ffff0| Untracked 
| 181|0x00000000cb500000, 0x00000000cb5ffff8, 0x00000000cb600000| 99%| O|  |TAMS 0x00000000cb500000| PB 0x00000000cb5ffff8| Untracked 
| 182|0x00000000cb600000, 0x00000000cb6fffc0, 0x00000000cb700000| 99%| O|  |TAMS 0x00000000cb600000| PB 0x00000000cb6fffc0| Untracked 
| 183|0x00000000cb700000, 0x00000000cb7fffa0, 0x00000000cb800000| 99%| O|  |TAMS 0x00000000cb700000| PB 0x00000000cb7fffa0| Untracked 
| 184|0x00000000cb800000, 0x00000000cb8fffe0, 0x00000000cb900000| 99%| O|  |TAMS 0x00000000cb800000| PB 0x00000000cb8fffe0| Untracked 
| 185|0x00000000cb900000, 0x00000000cb9fff48, 0x00000000cba00000| 99%| O|  |TAMS 0x00000000cb900000| PB 0x00000000cb9fff48| Untracked 
| 186|0x00000000cba00000, 0x00000000cbafff90, 0x00000000cbb00000| 99%| O|  |TAMS 0x00000000cba00000| PB 0x00000000cbafff90| Untracked 
| 187|0x00000000cbb00000, 0x00000000cbbffff8, 0x00000000cbc00000| 99%| O|  |TAMS 0x00000000cbb00000| PB 0x00000000cbbffff8| Untracked 
| 188|0x00000000cbc00000, 0x00000000cbcfffd0, 0x00000000cbd00000| 99%| O|  |TAMS 0x00000000cbc00000| PB 0x00000000cbcfffd0| Untracked 
| 189|0x00000000cbd00000, 0x00000000cbdffff0, 0x00000000cbe00000| 99%| O|  |TAMS 0x00000000cbd00000| PB 0x00000000cbdffff0| Untracked 
| 190|0x00000000cbe00000, 0x00000000cbeffff8, 0x00000000cbf00000| 99%| O|  |TAMS 0x00000000cbe00000| PB 0x00000000cbeffff8| Untracked 
| 191|0x00000000cbf00000, 0x00000000cbfffff8, 0x00000000cc000000| 99%| O|  |TAMS 0x00000000cbf00000| PB 0x00000000cbfffff8| Untracked 
| 192|0x00000000cc000000, 0x00000000cc100000, 0x00000000cc100000|100%| O|  |TAMS 0x00000000cc000000| PB 0x00000000cc100000| Untracked 
| 193|0x00000000cc100000, 0x00000000cc1fffe0, 0x00000000cc200000| 99%| O|  |TAMS 0x00000000cc100000| PB 0x00000000cc1fffe0| Untracked 
| 194|0x00000000cc200000, 0x00000000cc2fffe8, 0x00000000cc300000| 99%| O|  |TAMS 0x00000000cc200000| PB 0x00000000cc2fffe8| Untracked 
| 195|0x00000000cc300000, 0x00000000cc3fff88, 0x00000000cc400000| 99%| O|  |TAMS 0x00000000cc300000| PB 0x00000000cc3fff88| Untracked 
| 196|0x00000000cc400000, 0x00000000cc4fff90, 0x00000000cc500000| 99%| O|  |TAMS 0x00000000cc400000| PB 0x00000000cc4fff90| Untracked 
| 197|0x00000000cc500000, 0x00000000cc5ffff8, 0x00000000cc600000| 99%| O|  |TAMS 0x00000000cc500000| PB 0x00000000cc5ffff8| Untracked 
| 198|0x00000000cc600000, 0x00000000cc6fff90, 0x00000000cc700000| 99%| O|  |TAMS 0x00000000cc600000| PB 0x00000000cc6fff90| Untracked 
| 199|0x00000000cc700000, 0x00000000cc7fffc0, 0x00000000cc800000| 99%| O|  |TAMS 0x00000000cc700000| PB 0x00000000cc7fffc0| Untracked 
| 200|0x00000000cc800000, 0x00000000cc8fffb0, 0x00000000cc900000| 99%| O|  |TAMS 0x00000000cc800000| PB 0x00000000cc8fffb0| Untracked 
| 201|0x00000000cc900000, 0x00000000cc9fff50, 0x00000000cca00000| 99%| O|  |TAMS 0x00000000cc900000| PB 0x00000000cc9fff50| Untracked 
| 202|0x00000000cca00000, 0x00000000ccb00000, 0x00000000ccb00000|100%| O|  |TAMS 0x00000000cca00000| PB 0x00000000ccb00000| Untracked 
| 203|0x00000000ccb00000, 0x00000000ccc00000, 0x00000000ccc00000|100%| O|  |TAMS 0x00000000ccb00000| PB 0x00000000ccc00000| Untracked 
| 204|0x00000000ccc00000, 0x00000000cccffff8, 0x00000000ccd00000| 99%| O|  |TAMS 0x00000000ccc00000| PB 0x00000000cccffff8| Untracked 
| 205|0x00000000ccd00000, 0x00000000ccdfffc8, 0x00000000cce00000| 99%| O|  |TAMS 0x00000000ccd00000| PB 0x00000000ccdfffc8| Untracked 
| 206|0x00000000cce00000, 0x00000000ccefffa0, 0x00000000ccf00000| 99%| O|  |TAMS 0x00000000cce00000| PB 0x00000000ccefffa0| Untracked 
| 207|0x00000000ccf00000, 0x00000000cd000000, 0x00000000cd000000|100%| O|  |TAMS 0x00000000ccf00000| PB 0x00000000cd000000| Untracked 
| 208|0x00000000cd000000, 0x00000000cd0fffe0, 0x00000000cd100000| 99%| O|  |TAMS 0x00000000cd000000| PB 0x00000000cd0fffe0| Untracked 
| 209|0x00000000cd100000, 0x00000000cd1ffff0, 0x00000000cd200000| 99%| O|  |TAMS 0x00000000cd100000| PB 0x00000000cd1ffff0| Untracked 
| 210|0x00000000cd200000, 0x00000000cd2fffd0, 0x00000000cd300000| 99%| O|  |TAMS 0x00000000cd200000| PB 0x00000000cd2fffd0| Untracked 
| 211|0x00000000cd300000, 0x00000000cd3fff50, 0x00000000cd400000| 99%| O|  |TAMS 0x00000000cd300000| PB 0x00000000cd3fff50| Untracked 
| 212|0x00000000cd400000, 0x00000000cd4ffff8, 0x00000000cd500000| 99%| O|  |TAMS 0x00000000cd400000| PB 0x00000000cd4ffff8| Untracked 
| 213|0x00000000cd500000, 0x00000000cd5fff88, 0x00000000cd600000| 99%| O|  |TAMS 0x00000000cd500000| PB 0x00000000cd5fff88| Untracked 
| 214|0x00000000cd600000, 0x00000000cd6fffa0, 0x00000000cd700000| 99%| O|  |TAMS 0x00000000cd600000| PB 0x00000000cd6fffa0| Untracked 
| 215|0x00000000cd700000, 0x00000000cd800000, 0x00000000cd800000|100%| O|  |TAMS 0x00000000cd700000| PB 0x00000000cd800000| Untracked 
| 216|0x00000000cd800000, 0x00000000cd8ffff8, 0x00000000cd900000| 99%| O|  |TAMS 0x00000000cd800000| PB 0x00000000cd8ffff8| Untracked 
| 217|0x00000000cd900000, 0x00000000cd9ffff8, 0x00000000cda00000| 99%| O|  |TAMS 0x00000000cd900000| PB 0x00000000cd9ffff8| Untracked 
| 218|0x00000000cda00000, 0x00000000cdafff48, 0x00000000cdb00000| 99%| O|  |TAMS 0x00000000cda00000| PB 0x00000000cdafff48| Untracked 
| 219|0x00000000cdb00000, 0x00000000cdbffff8, 0x00000000cdc00000| 99%| O|  |TAMS 0x00000000cdb00000| PB 0x00000000cdbffff8| Untracked 
| 220|0x00000000cdc00000, 0x00000000cdcfffb0, 0x00000000cdd00000| 99%| O|  |TAMS 0x00000000cdc00000| PB 0x00000000cdcfffb0| Untracked 
| 221|0x00000000cdd00000, 0x00000000cddfff58, 0x00000000cde00000| 99%| O|  |TAMS 0x00000000cdd00000| PB 0x00000000cddfff58| Untracked 
| 222|0x00000000cde00000, 0x00000000cdf00000, 0x00000000cdf00000|100%| O|  |TAMS 0x00000000cde00000| PB 0x00000000cdf00000| Untracked 
| 223|0x00000000cdf00000, 0x00000000cdfffff0, 0x00000000ce000000| 99%| O|  |TAMS 0x00000000cdf00000| PB 0x00000000cdfffff0| Untracked 
| 224|0x00000000ce000000, 0x00000000ce0ffff0, 0x00000000ce100000| 99%| O|  |TAMS 0x00000000ce000000| PB 0x00000000ce0ffff0| Untracked 
| 225|0x00000000ce100000, 0x00000000ce1ffff0, 0x00000000ce200000| 99%| O|  |TAMS 0x00000000ce100000| PB 0x00000000ce1ffff0| Untracked 
| 226|0x00000000ce200000, 0x00000000ce2ffff8, 0x00000000ce300000| 99%| O|  |TAMS 0x00000000ce200000| PB 0x00000000ce2ffff8| Untracked 
| 227|0x00000000ce300000, 0x00000000ce400000, 0x00000000ce400000|100%| O|  |TAMS 0x00000000ce300000| PB 0x00000000ce400000| Untracked 
| 228|0x00000000ce400000, 0x00000000ce4fffa8, 0x00000000ce500000| 99%| O|  |TAMS 0x00000000ce400000| PB 0x00000000ce4fffa8| Untracked 
| 229|0x00000000ce500000, 0x00000000ce5fffe0, 0x00000000ce600000| 99%| O|  |TAMS 0x00000000ce500000| PB 0x00000000ce5fffe0| Untracked 
| 230|0x00000000ce600000, 0x00000000ce6fff90, 0x00000000ce700000| 99%| O|  |TAMS 0x00000000ce600000| PB 0x00000000ce6fff90| Untracked 
| 231|0x00000000ce700000, 0x00000000ce7fffb8, 0x00000000ce800000| 99%| O|  |TAMS 0x00000000ce700000| PB 0x00000000ce7fffb8| Untracked 
| 232|0x00000000ce800000, 0x00000000ce900000, 0x00000000ce900000|100%| O|  |TAMS 0x00000000ce800000| PB 0x00000000ce900000| Untracked 
| 233|0x00000000ce900000, 0x00000000cea00000, 0x00000000cea00000|100%| O|  |TAMS 0x00000000ce900000| PB 0x00000000cea00000| Untracked 
| 234|0x00000000cea00000, 0x00000000ceafff90, 0x00000000ceb00000| 99%| O|  |TAMS 0x00000000cea00000| PB 0x00000000ceafff90| Untracked 
| 235|0x00000000ceb00000, 0x00000000cebffff0, 0x00000000cec00000| 99%| O|  |TAMS 0x00000000ceb00000| PB 0x00000000cebffff0| Untracked 
| 236|0x00000000cec00000, 0x00000000cecfffb8, 0x00000000ced00000| 99%| O|  |TAMS 0x00000000cec00000| PB 0x00000000cecfffb8| Untracked 
| 237|0x00000000ced00000, 0x00000000cedfffe8, 0x00000000cee00000| 99%| O|  |TAMS 0x00000000ced00000| PB 0x00000000cedfffe8| Untracked 
| 238|0x00000000cee00000, 0x00000000ceeffff8, 0x00000000cef00000| 99%| O|  |TAMS 0x00000000cee00000| PB 0x00000000ceeffff8| Untracked 
| 239|0x00000000cef00000, 0x00000000ceffff70, 0x00000000cf000000| 99%| O|  |TAMS 0x00000000cef00000| PB 0x00000000ceffff70| Untracked 
| 240|0x00000000cf000000, 0x00000000cf0ffff0, 0x00000000cf100000| 99%| O|  |TAMS 0x00000000cf000000| PB 0x00000000cf0ffff0| Untracked 
| 241|0x00000000cf100000, 0x00000000cf1fe718, 0x00000000cf200000| 99%| O|  |TAMS 0x00000000cf100000| PB 0x00000000cf1fe718| Untracked 
| 242|0x00000000cf200000, 0x00000000cf2fff58, 0x00000000cf300000| 99%| O|  |TAMS 0x00000000cf200000| PB 0x00000000cf2fff58| Untracked 
| 243|0x00000000cf300000, 0x00000000cf3fff50, 0x00000000cf400000| 99%| O|  |TAMS 0x00000000cf300000| PB 0x00000000cf3fff50| Untracked 
| 244|0x00000000cf400000, 0x00000000cf500000, 0x00000000cf500000|100%| O|  |TAMS 0x00000000cf400000| PB 0x00000000cf500000| Untracked 
| 245|0x00000000cf500000, 0x00000000cf5fffe8, 0x00000000cf600000| 99%| O|  |TAMS 0x00000000cf500000| PB 0x00000000cf5fffe8| Untracked 
| 246|0x00000000cf600000, 0x00000000cf6ffff0, 0x00000000cf700000| 99%| O|  |TAMS 0x00000000cf600000| PB 0x00000000cf6ffff0| Untracked 
| 247|0x00000000cf700000, 0x00000000cf7fffe0, 0x00000000cf800000| 99%| O|  |TAMS 0x00000000cf700000| PB 0x00000000cf7fffe0| Untracked 
| 248|0x00000000cf800000, 0x00000000cf8fff68, 0x00000000cf900000| 99%| O|  |TAMS 0x00000000cf800000| PB 0x00000000cf8fff68| Untracked 
| 249|0x00000000cf900000, 0x00000000cf9fffe8, 0x00000000cfa00000| 99%| O|  |TAMS 0x00000000cf900000| PB 0x00000000cf9fffe8| Untracked 
| 250|0x00000000cfa00000, 0x00000000cfb00000, 0x00000000cfb00000|100%| O|  |TAMS 0x00000000cfa00000| PB 0x00000000cfb00000| Untracked 
| 251|0x00000000cfb00000, 0x00000000cfc00000, 0x00000000cfc00000|100%| O|  |TAMS 0x00000000cfb00000| PB 0x00000000cfc00000| Untracked 
| 252|0x00000000cfc00000, 0x00000000cfcfff60, 0x00000000cfd00000| 99%| O|  |TAMS 0x00000000cfc00000| PB 0x00000000cfcfff60| Untracked 
| 253|0x00000000cfd00000, 0x00000000cfe00000, 0x00000000cfe00000|100%| O|  |TAMS 0x00000000cfd00000| PB 0x00000000cfe00000| Untracked 
| 254|0x00000000cfe00000, 0x00000000cfefff90, 0x00000000cff00000| 99%| O|  |TAMS 0x00000000cfe00000| PB 0x00000000cfefff90| Untracked 
| 255|0x00000000cff00000, 0x00000000cffffff8, 0x00000000d0000000| 99%| O|  |TAMS 0x00000000cff00000| PB 0x00000000cffffff8| Untracked 
| 256|0x00000000d0000000, 0x00000000d00fffa0, 0x00000000d0100000| 99%| O|  |TAMS 0x00000000d0000000| PB 0x00000000d00fffa0| Untracked 
| 257|0x00000000d0100000, 0x00000000d0200000, 0x00000000d0200000|100%| O|  |TAMS 0x00000000d0100000| PB 0x00000000d0200000| Untracked 
| 258|0x00000000d0200000, 0x00000000d0300000, 0x00000000d0300000|100%| O|  |TAMS 0x00000000d0200000| PB 0x00000000d0300000| Untracked 
| 259|0x00000000d0300000, 0x00000000d03ffff0, 0x00000000d0400000| 99%| O|  |TAMS 0x00000000d0300000| PB 0x00000000d03ffff0| Untracked 
| 260|0x00000000d0400000, 0x00000000d0500000, 0x00000000d0500000|100%| O|  |TAMS 0x00000000d0400000| PB 0x00000000d0500000| Untracked 
| 261|0x00000000d0500000, 0x00000000d05fffb8, 0x00000000d0600000| 99%| O|  |TAMS 0x00000000d0500000| PB 0x00000000d05fffb8| Untracked 
| 262|0x00000000d0600000, 0x00000000d06ffff8, 0x00000000d0700000| 99%| O|  |TAMS 0x00000000d0600000| PB 0x00000000d06ffff8| Untracked 
| 263|0x00000000d0700000, 0x00000000d07ffff0, 0x00000000d0800000| 99%| O|  |TAMS 0x00000000d0700000| PB 0x00000000d07ffff0| Untracked 
| 264|0x00000000d0800000, 0x00000000d08fffb8, 0x00000000d0900000| 99%| O|  |TAMS 0x00000000d0800000| PB 0x00000000d08fffb8| Untracked 
| 265|0x00000000d0900000, 0x00000000d09ffff0, 0x00000000d0a00000| 99%| O|  |TAMS 0x00000000d0900000| PB 0x00000000d09ffff0| Untracked 
| 266|0x00000000d0a00000, 0x00000000d0b00000, 0x00000000d0b00000|100%| O|  |TAMS 0x00000000d0a00000| PB 0x00000000d0b00000| Untracked 
| 267|0x00000000d0b00000, 0x00000000d0bffff0, 0x00000000d0c00000| 99%| O|  |TAMS 0x00000000d0b00000| PB 0x00000000d0bffff0| Untracked 
| 268|0x00000000d0c00000, 0x00000000d0cffff8, 0x00000000d0d00000| 99%| O|  |TAMS 0x00000000d0c00000| PB 0x00000000d0cffff8| Untracked 
| 269|0x00000000d0d00000, 0x00000000d0dfff80, 0x00000000d0e00000| 99%| O|  |TAMS 0x00000000d0d00000| PB 0x00000000d0dfff80| Untracked 
| 270|0x00000000d0e00000, 0x00000000d0f00000, 0x00000000d0f00000|100%| O|  |TAMS 0x00000000d0e00000| PB 0x00000000d0f00000| Untracked 
| 271|0x00000000d0f00000, 0x00000000d0fffff8, 0x00000000d1000000| 99%| O|  |TAMS 0x00000000d0f00000| PB 0x00000000d0fffff8| Untracked 
| 272|0x00000000d1000000, 0x00000000d10ffff0, 0x00000000d1100000| 99%| O|  |TAMS 0x00000000d1000000| PB 0x00000000d10ffff0| Untracked 
| 273|0x00000000d1100000, 0x00000000d11fffa0, 0x00000000d1200000| 99%| O|  |TAMS 0x00000000d1100000| PB 0x00000000d11fffa0| Untracked 
| 274|0x00000000d1200000, 0x00000000d12fff90, 0x00000000d1300000| 99%| O|  |TAMS 0x00000000d1200000| PB 0x00000000d12fff90| Untracked 
| 275|0x00000000d1300000, 0x00000000d13fff90, 0x00000000d1400000| 99%| O|  |TAMS 0x00000000d1300000| PB 0x00000000d13fff90| Untracked 
| 276|0x00000000d1400000, 0x00000000d14ffff8, 0x00000000d1500000| 99%| O|  |TAMS 0x00000000d1400000| PB 0x00000000d14ffff8| Untracked 
| 277|0x00000000d1500000, 0x00000000d1600000, 0x00000000d1600000|100%| O|  |TAMS 0x00000000d1500000| PB 0x00000000d1600000| Untracked 
| 278|0x00000000d1600000, 0x00000000d16fffe0, 0x00000000d1700000| 99%| O|  |TAMS 0x00000000d1600000| PB 0x00000000d16fffe0| Untracked 
| 279|0x00000000d1700000, 0x00000000d1800000, 0x00000000d1800000|100%| O|  |TAMS 0x00000000d1700000| PB 0x00000000d1800000| Untracked 
| 280|0x00000000d1800000, 0x00000000d18fffc0, 0x00000000d1900000| 99%| O|  |TAMS 0x00000000d1800000| PB 0x00000000d18fffc0| Untracked 
| 281|0x00000000d1900000, 0x00000000d19ffff8, 0x00000000d1a00000| 99%| O|  |TAMS 0x00000000d1900000| PB 0x00000000d19ffff8| Untracked 
| 282|0x00000000d1a00000, 0x00000000d1affff0, 0x00000000d1b00000| 99%| O|  |TAMS 0x00000000d1a00000| PB 0x00000000d1affff0| Untracked 
| 283|0x00000000d1b00000, 0x00000000d1bffff8, 0x00000000d1c00000| 99%| O|  |TAMS 0x00000000d1b00000| PB 0x00000000d1bffff8| Untracked 
| 284|0x00000000d1c00000, 0x00000000d1cffff8, 0x00000000d1d00000| 99%| O|  |TAMS 0x00000000d1c00000| PB 0x00000000d1cffff8| Untracked 
| 285|0x00000000d1d00000, 0x00000000d1dfff50, 0x00000000d1e00000| 99%| O|  |TAMS 0x00000000d1d00000| PB 0x00000000d1dfff50| Untracked 
| 286|0x00000000d1e00000, 0x00000000d1efff50, 0x00000000d1f00000| 99%| O|  |TAMS 0x00000000d1e00000| PB 0x00000000d1efff50| Untracked 
| 287|0x00000000d1f00000, 0x00000000d1fffff8, 0x00000000d2000000| 99%| O|  |TAMS 0x00000000d1f00000| PB 0x00000000d1fffff8| Untracked 
| 288|0x00000000d2000000, 0x00000000d20ffff8, 0x00000000d2100000| 99%| O|  |TAMS 0x00000000d2000000| PB 0x00000000d20ffff8| Untracked 
| 289|0x00000000d2100000, 0x00000000d21ffff8, 0x00000000d2200000| 99%| O|  |TAMS 0x00000000d2100000| PB 0x00000000d21ffff8| Untracked 
| 290|0x00000000d2200000, 0x00000000d22fffa0, 0x00000000d2300000| 99%| O|  |TAMS 0x00000000d2200000| PB 0x00000000d22fffa0| Untracked 
| 291|0x00000000d2300000, 0x00000000d23ffff8, 0x00000000d2400000| 99%| O|  |TAMS 0x00000000d2300000| PB 0x00000000d23ffff8| Untracked 
| 292|0x00000000d2400000, 0x00000000d24ffff8, 0x00000000d2500000| 99%| O|  |TAMS 0x00000000d2400000| PB 0x00000000d24ffff8| Untracked 
| 293|0x00000000d2500000, 0x00000000d25fffe8, 0x00000000d2600000| 99%| O|  |TAMS 0x00000000d2500000| PB 0x00000000d25fffe8| Untracked 
| 294|0x00000000d2600000, 0x00000000d26fffe0, 0x00000000d2700000| 99%| O|  |TAMS 0x00000000d2600000| PB 0x00000000d26fffe0| Untracked 
| 295|0x00000000d2700000, 0x00000000d27fff48, 0x00000000d2800000| 99%| O|  |TAMS 0x00000000d2700000| PB 0x00000000d27fff48| Untracked 
| 296|0x00000000d2800000, 0x00000000d2900000, 0x00000000d2900000|100%| O|  |TAMS 0x00000000d2800000| PB 0x00000000d2900000| Untracked 
| 297|0x00000000d2900000, 0x00000000d29fffe8, 0x00000000d2a00000| 99%| O|  |TAMS 0x00000000d2900000| PB 0x00000000d29fffe8| Untracked 
| 298|0x00000000d2a00000, 0x00000000d2affff8, 0x00000000d2b00000| 99%| O|  |TAMS 0x00000000d2a00000| PB 0x00000000d2affff8| Untracked 
| 299|0x00000000d2b00000, 0x00000000d2bfffe0, 0x00000000d2c00000| 99%| O|  |TAMS 0x00000000d2b00000| PB 0x00000000d2bfffe0| Untracked 
| 300|0x00000000d2c00000, 0x00000000d2cffff0, 0x00000000d2d00000| 99%| O|  |TAMS 0x00000000d2c00000| PB 0x00000000d2cffff0| Untracked 
| 301|0x00000000d2d00000, 0x00000000d2dfff78, 0x00000000d2e00000| 99%| O|  |TAMS 0x00000000d2d00000| PB 0x00000000d2dfff78| Untracked 
| 302|0x00000000d2e00000, 0x00000000d2f00000, 0x00000000d2f00000|100%| O|  |TAMS 0x00000000d2e00000| PB 0x00000000d2f00000| Untracked 
| 303|0x00000000d2f00000, 0x00000000d2ffff58, 0x00000000d3000000| 99%| O|  |TAMS 0x00000000d2f00000| PB 0x00000000d2ffff58| Untracked 
| 304|0x00000000d3000000, 0x00000000d30ffff8, 0x00000000d3100000| 99%| O|  |TAMS 0x00000000d3000000| PB 0x00000000d30ffff8| Untracked 
| 305|0x00000000d3100000, 0x00000000d31fffd0, 0x00000000d3200000| 99%| O|  |TAMS 0x00000000d3100000| PB 0x00000000d31fffd0| Untracked 
| 306|0x00000000d3200000, 0x00000000d3300000, 0x00000000d3300000|100%| O|  |TAMS 0x00000000d3200000| PB 0x00000000d3300000| Untracked 
| 307|0x00000000d3300000, 0x00000000d33ffff0, 0x00000000d3400000| 99%| O|  |TAMS 0x00000000d3300000| PB 0x00000000d33ffff0| Untracked 
| 308|0x00000000d3400000, 0x00000000d3500000, 0x00000000d3500000|100%| O|  |TAMS 0x00000000d3400000| PB 0x00000000d3500000| Untracked 
| 309|0x00000000d3500000, 0x00000000d35fffc8, 0x00000000d3600000| 99%| O|  |TAMS 0x00000000d3500000| PB 0x00000000d35fffc8| Untracked 
| 310|0x00000000d3600000, 0x00000000d36fffc0, 0x00000000d3700000| 99%| O|  |TAMS 0x00000000d3600000| PB 0x00000000d36fffc0| Untracked 
| 311|0x00000000d3700000, 0x00000000d37fff70, 0x00000000d3800000| 99%| O|  |TAMS 0x00000000d3700000| PB 0x00000000d37fff70| Untracked 
| 312|0x00000000d3800000, 0x00000000d38fffd8, 0x00000000d3900000| 99%| O|  |TAMS 0x00000000d3800000| PB 0x00000000d38fffd8| Untracked 
| 313|0x00000000d3900000, 0x00000000d39fffa0, 0x00000000d3a00000| 99%| O|  |TAMS 0x00000000d3900000| PB 0x00000000d39fffa0| Untracked 
| 314|0x00000000d3a00000, 0x00000000d3afffc0, 0x00000000d3b00000| 99%| O|  |TAMS 0x00000000d3a00000| PB 0x00000000d3afffc0| Untracked 
| 315|0x00000000d3b00000, 0x00000000d3bfffa8, 0x00000000d3c00000| 99%| O|  |TAMS 0x00000000d3b00000| PB 0x00000000d3bfffa8| Untracked 
| 316|0x00000000d3c00000, 0x00000000d3cfff48, 0x00000000d3d00000| 99%| O|  |TAMS 0x00000000d3c00000| PB 0x00000000d3cfff48| Untracked 
| 317|0x00000000d3d00000, 0x00000000d3dffff0, 0x00000000d3e00000| 99%| O|  |TAMS 0x00000000d3d00000| PB 0x00000000d3dffff0| Untracked 
| 318|0x00000000d3e00000, 0x00000000d3efffa8, 0x00000000d3f00000| 99%| O|  |TAMS 0x00000000d3e00000| PB 0x00000000d3efffa8| Untracked 
| 319|0x00000000d3f00000, 0x00000000d3fffff0, 0x00000000d4000000| 99%| O|  |TAMS 0x00000000d3f00000| PB 0x00000000d3fffff0| Untracked 
| 320|0x00000000d4000000, 0x00000000d4100000, 0x00000000d4100000|100%| O|  |TAMS 0x00000000d4000000| PB 0x00000000d4100000| Untracked 
| 321|0x00000000d4100000, 0x00000000d41ffff0, 0x00000000d4200000| 99%| O|  |TAMS 0x00000000d4100000| PB 0x00000000d41ffff0| Untracked 
| 322|0x00000000d4200000, 0x00000000d42ffff0, 0x00000000d4300000| 99%| O|  |TAMS 0x00000000d4200000| PB 0x00000000d42ffff0| Untracked 
| 323|0x00000000d4300000, 0x00000000d43ffff8, 0x00000000d4400000| 99%| O|  |TAMS 0x00000000d4300000| PB 0x00000000d43ffff8| Untracked 
| 324|0x00000000d4400000, 0x00000000d44fff70, 0x00000000d4500000| 99%| O|  |TAMS 0x00000000d4400000| PB 0x00000000d44fff70| Untracked 
| 325|0x00000000d4500000, 0x00000000d45fffc8, 0x00000000d4600000| 99%| O|  |TAMS 0x00000000d4500000| PB 0x00000000d45fffc8| Untracked 
| 326|0x00000000d4600000, 0x00000000d46fffc8, 0x00000000d4700000| 99%| O|  |TAMS 0x00000000d4600000| PB 0x00000000d46fffc8| Untracked 
| 327|0x00000000d4700000, 0x00000000d47fff70, 0x00000000d4800000| 99%| O|  |TAMS 0x00000000d4700000| PB 0x00000000d47fff70| Untracked 
| 328|0x00000000d4800000, 0x00000000d48fffa0, 0x00000000d4900000| 99%| O|  |TAMS 0x00000000d4800000| PB 0x00000000d48fffa0| Untracked 
| 329|0x00000000d4900000, 0x00000000d4a00000, 0x00000000d4a00000|100%| O|  |TAMS 0x00000000d4900000| PB 0x00000000d4a00000| Untracked 
| 330|0x00000000d4a00000, 0x00000000d4afffb8, 0x00000000d4b00000| 99%| O|  |TAMS 0x00000000d4a00000| PB 0x00000000d4afffb8| Untracked 
| 331|0x00000000d4b00000, 0x00000000d4bfff50, 0x00000000d4c00000| 99%| O|  |TAMS 0x00000000d4b00000| PB 0x00000000d4bfff50| Untracked 
| 332|0x00000000d4c00000, 0x00000000d4cfffc0, 0x00000000d4d00000| 99%| O|  |TAMS 0x00000000d4c00000| PB 0x00000000d4cfffc0| Untracked 
| 333|0x00000000d4d00000, 0x00000000d4dffff0, 0x00000000d4e00000| 99%| O|  |TAMS 0x00000000d4d00000| PB 0x00000000d4dffff0| Untracked 
| 334|0x00000000d4e00000, 0x00000000d4effff8, 0x00000000d4f00000| 99%| O|  |TAMS 0x00000000d4e00000| PB 0x00000000d4effff8| Untracked 
| 335|0x00000000d4f00000, 0x00000000d5000000, 0x00000000d5000000|100%| O|  |TAMS 0x00000000d4f00000| PB 0x00000000d5000000| Untracked 
| 336|0x00000000d5000000, 0x00000000d50ffff0, 0x00000000d5100000| 99%| O|  |TAMS 0x00000000d5000000| PB 0x00000000d50ffff0| Untracked 
| 337|0x00000000d5100000, 0x00000000d51fffe0, 0x00000000d5200000| 99%| O|  |TAMS 0x00000000d5100000| PB 0x00000000d51fffe0| Untracked 
| 338|0x00000000d5200000, 0x00000000d52ffff0, 0x00000000d5300000| 99%| O|  |TAMS 0x00000000d5200000| PB 0x00000000d52ffff0| Untracked 
| 339|0x00000000d5300000, 0x00000000d5400000, 0x00000000d5400000|100%| O|  |TAMS 0x00000000d5300000| PB 0x00000000d5400000| Untracked 
| 340|0x00000000d5400000, 0x00000000d54fffa0, 0x00000000d5500000| 99%| O|  |TAMS 0x00000000d5400000| PB 0x00000000d54fffa0| Untracked 
| 341|0x00000000d5500000, 0x00000000d55ffff0, 0x00000000d5600000| 99%| O|  |TAMS 0x00000000d5500000| PB 0x00000000d55ffff0| Untracked 
| 342|0x00000000d5600000, 0x00000000d56ffff8, 0x00000000d5700000| 99%| O|  |TAMS 0x00000000d5600000| PB 0x00000000d56ffff8| Untracked 
| 343|0x00000000d5700000, 0x00000000d57fff80, 0x00000000d5800000| 99%| O|  |TAMS 0x00000000d5700000| PB 0x00000000d57fff80| Untracked 
| 344|0x00000000d5800000, 0x00000000d58fffe8, 0x00000000d5900000| 99%| O|  |TAMS 0x00000000d5800000| PB 0x00000000d58fffe8| Untracked 
| 345|0x00000000d5900000, 0x00000000d59fffb8, 0x00000000d5a00000| 99%| O|  |TAMS 0x00000000d5900000| PB 0x00000000d59fffb8| Untracked 
| 346|0x00000000d5a00000, 0x00000000d5afffb0, 0x00000000d5b00000| 99%| O|  |TAMS 0x00000000d5a00000| PB 0x00000000d5afffb0| Untracked 
| 347|0x00000000d5b00000, 0x00000000d5bffff0, 0x00000000d5c00000| 99%| O|  |TAMS 0x00000000d5b00000| PB 0x00000000d5bffff0| Untracked 
| 348|0x00000000d5c00000, 0x00000000d5d00000, 0x00000000d5d00000|100%| O|  |TAMS 0x00000000d5c00000| PB 0x00000000d5d00000| Untracked 
| 349|0x00000000d5d00000, 0x00000000d5dfffa0, 0x00000000d5e00000| 99%| O|  |TAMS 0x00000000d5d00000| PB 0x00000000d5dfffa0| Untracked 
| 350|0x00000000d5e00000, 0x00000000d5effff0, 0x00000000d5f00000| 99%| O|  |TAMS 0x00000000d5e00000| PB 0x00000000d5effff0| Untracked 
| 351|0x00000000d5f00000, 0x00000000d6000000, 0x00000000d6000000|100%| O|  |TAMS 0x00000000d5f00000| PB 0x00000000d6000000| Untracked 
| 352|0x00000000d6000000, 0x00000000d60fffb0, 0x00000000d6100000| 99%| O|  |TAMS 0x00000000d6000000| PB 0x00000000d60fffb0| Untracked 
| 353|0x00000000d6100000, 0x00000000d61ffff8, 0x00000000d6200000| 99%| O|  |TAMS 0x00000000d6100000| PB 0x00000000d61ffff8| Untracked 
| 354|0x00000000d6200000, 0x00000000d62fff80, 0x00000000d6300000| 99%| O|  |TAMS 0x00000000d6200000| PB 0x00000000d62fff80| Untracked 
| 355|0x00000000d6300000, 0x00000000d6400000, 0x00000000d6400000|100%| O|  |TAMS 0x00000000d6300000| PB 0x00000000d6400000| Untracked 
| 356|0x00000000d6400000, 0x00000000d64ffff8, 0x00000000d6500000| 99%| O|  |TAMS 0x00000000d6400000| PB 0x00000000d64ffff8| Untracked 
| 357|0x00000000d6500000, 0x00000000d65fffe0, 0x00000000d6600000| 99%| O|  |TAMS 0x00000000d6500000| PB 0x00000000d65fffe0| Untracked 
| 358|0x00000000d6600000, 0x00000000d66fff48, 0x00000000d6700000| 99%| O|  |TAMS 0x00000000d6600000| PB 0x00000000d66fff48| Untracked 
| 359|0x00000000d6700000, 0x00000000d67ffff0, 0x00000000d6800000| 99%| O|  |TAMS 0x00000000d6700000| PB 0x00000000d67ffff0| Untracked 
| 360|0x00000000d6800000, 0x00000000d68fff38, 0x00000000d6900000| 99%| O|  |TAMS 0x00000000d6800000| PB 0x00000000d68fff38| Untracked 
| 361|0x00000000d6900000, 0x00000000d69fffe8, 0x00000000d6a00000| 99%| O|  |TAMS 0x00000000d6900000| PB 0x00000000d69fffe8| Untracked 
| 362|0x00000000d6a00000, 0x00000000d6affff0, 0x00000000d6b00000| 99%| O|  |TAMS 0x00000000d6a00000| PB 0x00000000d6affff0| Untracked 
| 363|0x00000000d6b00000, 0x00000000d6bffff8, 0x00000000d6c00000| 99%| O|  |TAMS 0x00000000d6b00000| PB 0x00000000d6bffff8| Untracked 
| 364|0x00000000d6c00000, 0x00000000d6cffff8, 0x00000000d6d00000| 99%| O|  |TAMS 0x00000000d6c00000| PB 0x00000000d6cffff8| Untracked 
| 365|0x00000000d6d00000, 0x00000000d6e00000, 0x00000000d6e00000|100%| O|  |TAMS 0x00000000d6d00000| PB 0x00000000d6e00000| Untracked 
| 366|0x00000000d6e00000, 0x00000000d6f00000, 0x00000000d6f00000|100%| O|  |TAMS 0x00000000d6e00000| PB 0x00000000d6f00000| Untracked 
| 367|0x00000000d6f00000, 0x00000000d6fffff0, 0x00000000d7000000| 99%| O|  |TAMS 0x00000000d6f00000| PB 0x00000000d6fffff0| Untracked 
| 368|0x00000000d7000000, 0x00000000d70fffe8, 0x00000000d7100000| 99%| O|  |TAMS 0x00000000d7000000| PB 0x00000000d70fffe8| Untracked 
| 369|0x00000000d7100000, 0x00000000d71fff50, 0x00000000d7200000| 99%| O|  |TAMS 0x00000000d7100000| PB 0x00000000d71fff50| Untracked 
| 370|0x00000000d7200000, 0x00000000d72fffa8, 0x00000000d7300000| 99%| O|  |TAMS 0x00000000d7200000| PB 0x00000000d72fffa8| Untracked 
| 371|0x00000000d7300000, 0x00000000d7400000, 0x00000000d7400000|100%| O|  |TAMS 0x00000000d7300000| PB 0x00000000d7400000| Untracked 
| 372|0x00000000d7400000, 0x00000000d74fffd0, 0x00000000d7500000| 99%| O|  |TAMS 0x00000000d7400000| PB 0x00000000d74fffd0| Untracked 
| 373|0x00000000d7500000, 0x00000000d75ffff8, 0x00000000d7600000| 99%| O|  |TAMS 0x00000000d7500000| PB 0x00000000d75ffff8| Untracked 
| 374|0x00000000d7600000, 0x00000000d76fffb8, 0x00000000d7700000| 99%| O|  |TAMS 0x00000000d7600000| PB 0x00000000d76fffb8| Untracked 
| 375|0x00000000d7700000, 0x00000000d77ffff0, 0x00000000d7800000| 99%| O|  |TAMS 0x00000000d7700000| PB 0x00000000d77ffff0| Untracked 
| 376|0x00000000d7800000, 0x00000000d7900000, 0x00000000d7900000|100%| O|  |TAMS 0x00000000d7800000| PB 0x00000000d7900000| Untracked 
| 377|0x00000000d7900000, 0x00000000d7a00000, 0x00000000d7a00000|100%| O|  |TAMS 0x00000000d7900000| PB 0x00000000d7a00000| Untracked 
| 378|0x00000000d7a00000, 0x00000000d7afffe0, 0x00000000d7b00000| 99%| O|  |TAMS 0x00000000d7a00000| PB 0x00000000d7afffe0| Untracked 
| 379|0x00000000d7b00000, 0x00000000d7bfffe0, 0x00000000d7c00000| 99%| O|  |TAMS 0x00000000d7b00000| PB 0x00000000d7bfffe0| Untracked 
| 380|0x00000000d7c00000, 0x00000000d7cffff8, 0x00000000d7d00000| 99%| O|  |TAMS 0x00000000d7c00000| PB 0x00000000d7cffff8| Untracked 
| 381|0x00000000d7d00000, 0x00000000d7dfff98, 0x00000000d7e00000| 99%| O|  |TAMS 0x00000000d7d00000| PB 0x00000000d7dfff98| Untracked 
| 382|0x00000000d7e00000, 0x00000000d7effff8, 0x00000000d7f00000| 99%| O|  |TAMS 0x00000000d7e00000| PB 0x00000000d7effff8| Untracked 
| 383|0x00000000d7f00000, 0x00000000d7fffff8, 0x00000000d8000000| 99%| O|  |TAMS 0x00000000d7f00000| PB 0x00000000d7fffff8| Untracked 
| 384|0x00000000d8000000, 0x00000000d80fffa0, 0x00000000d8100000| 99%| O|  |TAMS 0x00000000d8000000| PB 0x00000000d80fffa0| Untracked 
| 385|0x00000000d8100000, 0x00000000d8200000, 0x00000000d8200000|100%| O|  |TAMS 0x00000000d8100000| PB 0x00000000d8200000| Untracked 
| 386|0x00000000d8200000, 0x00000000d82ffff8, 0x00000000d8300000| 99%| O|  |TAMS 0x00000000d8200000| PB 0x00000000d82ffff8| Untracked 
| 387|0x00000000d8300000, 0x00000000d83ffff0, 0x00000000d8400000| 99%| O|  |TAMS 0x00000000d8300000| PB 0x00000000d83ffff0| Untracked 
| 388|0x00000000d8400000, 0x00000000d84ffff8, 0x00000000d8500000| 99%| O|  |TAMS 0x00000000d8400000| PB 0x00000000d84ffff8| Untracked 
| 389|0x00000000d8500000, 0x00000000d85fff48, 0x00000000d8600000| 99%| O|  |TAMS 0x00000000d8500000| PB 0x00000000d85fff48| Untracked 
| 390|0x00000000d8600000, 0x00000000d86fffd0, 0x00000000d8700000| 99%| O|  |TAMS 0x00000000d8600000| PB 0x00000000d86fffd0| Untracked 
| 391|0x00000000d8700000, 0x00000000d87fffc8, 0x00000000d8800000| 99%| O|  |TAMS 0x00000000d8700000| PB 0x00000000d87fffc8| Untracked 
| 392|0x00000000d8800000, 0x00000000d8900000, 0x00000000d8900000|100%| O|  |TAMS 0x00000000d8800000| PB 0x00000000d8900000| Untracked 
| 393|0x00000000d8900000, 0x00000000d89fffb8, 0x00000000d8a00000| 99%| O|  |TAMS 0x00000000d8900000| PB 0x00000000d89fffb8| Untracked 
| 394|0x00000000d8a00000, 0x00000000d8b00000, 0x00000000d8b00000|100%| O|  |TAMS 0x00000000d8a00000| PB 0x00000000d8b00000| Untracked 
| 395|0x00000000d8b00000, 0x00000000d8bfffc8, 0x00000000d8c00000| 99%| O|  |TAMS 0x00000000d8b00000| PB 0x00000000d8bfffc8| Untracked 
| 396|0x00000000d8c00000, 0x00000000d8d00000, 0x00000000d8d00000|100%| O|  |TAMS 0x00000000d8c00000| PB 0x00000000d8d00000| Untracked 
| 397|0x00000000d8d00000, 0x00000000d8dfffe8, 0x00000000d8e00000| 99%| O|  |TAMS 0x00000000d8d00000| PB 0x00000000d8dfffe8| Untracked 
| 398|0x00000000d8e00000, 0x00000000d8effff8, 0x00000000d8f00000| 99%| O|  |TAMS 0x00000000d8e00000| PB 0x00000000d8effff8| Untracked 
| 399|0x00000000d8f00000, 0x00000000d8fffff0, 0x00000000d9000000| 99%| O|  |TAMS 0x00000000d8f00000| PB 0x00000000d8fffff0| Untracked 
| 400|0x00000000d9000000, 0x00000000d90fffe8, 0x00000000d9100000| 99%| O|  |TAMS 0x00000000d9000000| PB 0x00000000d90fffe8| Untracked 
| 401|0x00000000d9100000, 0x00000000d91fffd8, 0x00000000d9200000| 99%| O|  |TAMS 0x00000000d9100000| PB 0x00000000d91fffd8| Untracked 
| 402|0x00000000d9200000, 0x00000000d92ffff8, 0x00000000d9300000| 99%| O|  |TAMS 0x00000000d9200000| PB 0x00000000d92ffff8| Untracked 
| 403|0x00000000d9300000, 0x00000000d93fff50, 0x00000000d9400000| 99%| O|  |TAMS 0x00000000d9300000| PB 0x00000000d93fff50| Untracked 
| 404|0x00000000d9400000, 0x00000000d94fff98, 0x00000000d9500000| 99%| O|  |TAMS 0x00000000d9400000| PB 0x00000000d94fff98| Untracked 
| 405|0x00000000d9500000, 0x00000000d95ffff0, 0x00000000d9600000| 99%| O|  |TAMS 0x00000000d9500000| PB 0x00000000d95ffff0| Untracked 
| 406|0x00000000d9600000, 0x00000000d96ffff0, 0x00000000d9700000| 99%| O|  |TAMS 0x00000000d9600000| PB 0x00000000d96ffff0| Untracked 
| 407|0x00000000d9700000, 0x00000000d97fffe8, 0x00000000d9800000| 99%| O|  |TAMS 0x00000000d9700000| PB 0x00000000d97fffe8| Untracked 
| 408|0x00000000d9800000, 0x00000000d9900000, 0x00000000d9900000|100%| O|  |TAMS 0x00000000d9800000| PB 0x00000000d9900000| Untracked 
| 409|0x00000000d9900000, 0x00000000d99fff98, 0x00000000d9a00000| 99%| O|  |TAMS 0x00000000d9900000| PB 0x00000000d99fff98| Untracked 
| 410|0x00000000d9a00000, 0x00000000d9afffb0, 0x00000000d9b00000| 99%| O|  |TAMS 0x00000000d9a00000| PB 0x00000000d9afffb0| Untracked 
| 411|0x00000000d9b00000, 0x00000000d9c00000, 0x00000000d9c00000|100%| O|  |TAMS 0x00000000d9b00000| PB 0x00000000d9c00000| Untracked 
| 412|0x00000000d9c00000, 0x00000000d9cffff8, 0x00000000d9d00000| 99%| O|  |TAMS 0x00000000d9c00000| PB 0x00000000d9cffff8| Untracked 
| 413|0x00000000d9d00000, 0x00000000d9dfffd0, 0x00000000d9e00000| 99%| O|  |TAMS 0x00000000d9d00000| PB 0x00000000d9dfffd0| Untracked 
| 414|0x00000000d9e00000, 0x00000000d9effff8, 0x00000000d9f00000| 99%| O|  |TAMS 0x00000000d9e00000| PB 0x00000000d9effff8| Untracked 
| 415|0x00000000d9f00000, 0x00000000d9fffff0, 0x00000000da000000| 99%| O|  |TAMS 0x00000000d9f00000| PB 0x00000000d9fffff0| Untracked 
| 416|0x00000000da000000, 0x00000000da100000, 0x00000000da100000|100%| O|  |TAMS 0x00000000da000000| PB 0x00000000da100000| Untracked 
| 417|0x00000000da100000, 0x00000000da1fff68, 0x00000000da200000| 99%| O|  |TAMS 0x00000000da100000| PB 0x00000000da1fff68| Untracked 
| 418|0x00000000da200000, 0x00000000da2ffff0, 0x00000000da300000| 99%| O|  |TAMS 0x00000000da200000| PB 0x00000000da2ffff0| Untracked 
| 419|0x00000000da300000, 0x00000000da400000, 0x00000000da400000|100%| O|  |TAMS 0x00000000da300000| PB 0x00000000da400000| Untracked 
| 420|0x00000000da400000, 0x00000000da4ffff0, 0x00000000da500000| 99%| O|  |TAMS 0x00000000da400000| PB 0x00000000da4ffff0| Untracked 
| 421|0x00000000da500000, 0x00000000da5fff78, 0x00000000da600000| 99%| O|  |TAMS 0x00000000da500000| PB 0x00000000da5fff78| Untracked 
| 422|0x00000000da600000, 0x00000000da6fffc0, 0x00000000da700000| 99%| O|  |TAMS 0x00000000da600000| PB 0x00000000da6fffc0| Untracked 
| 423|0x00000000da700000, 0x00000000da7fffc0, 0x00000000da800000| 99%| O|  |TAMS 0x00000000da700000| PB 0x00000000da7fffc0| Untracked 
| 424|0x00000000da800000, 0x00000000da8fff58, 0x00000000da900000| 99%| O|  |TAMS 0x00000000da800000| PB 0x00000000da8fff58| Untracked 
| 425|0x00000000da900000, 0x00000000daa00000, 0x00000000daa00000|100%| O|  |TAMS 0x00000000da900000| PB 0x00000000daa00000| Untracked 
| 426|0x00000000daa00000, 0x00000000daafffe8, 0x00000000dab00000| 99%| O|  |TAMS 0x00000000daa00000| PB 0x00000000daafffe8| Untracked 
| 427|0x00000000dab00000, 0x00000000dabfff60, 0x00000000dac00000| 99%| O|  |TAMS 0x00000000dab00000| PB 0x00000000dabfff60| Untracked 
| 428|0x00000000dac00000, 0x00000000dacffff0, 0x00000000dad00000| 99%| O|  |TAMS 0x00000000dac00000| PB 0x00000000dacffff0| Untracked 
| 429|0x00000000dad00000, 0x00000000dadffff8, 0x00000000dae00000| 99%| O|  |TAMS 0x00000000dad00000| PB 0x00000000dadffff8| Untracked 
| 430|0x00000000dae00000, 0x00000000daefffe8, 0x00000000daf00000| 99%| O|  |TAMS 0x00000000dae00000| PB 0x00000000daefffe8| Untracked 
| 431|0x00000000daf00000, 0x00000000daffffa8, 0x00000000db000000| 99%| O|  |TAMS 0x00000000daf00000| PB 0x00000000daffffa8| Untracked 
| 432|0x00000000db000000, 0x00000000db0ffff0, 0x00000000db100000| 99%| O|  |TAMS 0x00000000db000000| PB 0x00000000db0ffff0| Untracked 
| 433|0x00000000db100000, 0x00000000db1fffe8, 0x00000000db200000| 99%| O|  |TAMS 0x00000000db100000| PB 0x00000000db1fffe8| Untracked 
| 434|0x00000000db200000, 0x00000000db2fffb0, 0x00000000db300000| 99%| O|  |TAMS 0x00000000db200000| PB 0x00000000db2fffb0| Untracked 
| 435|0x00000000db300000, 0x00000000db3ffff0, 0x00000000db400000| 99%| O|  |TAMS 0x00000000db300000| PB 0x00000000db3ffff0| Untracked 
| 436|0x00000000db400000, 0x00000000db4fffc8, 0x00000000db500000| 99%| O|  |TAMS 0x00000000db400000| PB 0x00000000db4fffc8| Untracked 
| 437|0x00000000db500000, 0x00000000db5fff28, 0x00000000db600000| 99%| O|  |TAMS 0x00000000db500000| PB 0x00000000db5fff28| Untracked 
| 438|0x00000000db600000, 0x00000000db6fff80, 0x00000000db700000| 99%| O|  |TAMS 0x00000000db600000| PB 0x00000000db6fff80| Untracked 
| 439|0x00000000db700000, 0x00000000db7fffb0, 0x00000000db800000| 99%| O|  |TAMS 0x00000000db700000| PB 0x00000000db7fffb0| Untracked 
| 440|0x00000000db800000, 0x00000000db8fffe0, 0x00000000db900000| 99%| O|  |TAMS 0x00000000db800000| PB 0x00000000db8fffe0| Untracked 
| 441|0x00000000db900000, 0x00000000db9ffff8, 0x00000000dba00000| 99%| O|  |TAMS 0x00000000db900000| PB 0x00000000db9ffff8| Untracked 
| 442|0x00000000dba00000, 0x00000000dbaffff8, 0x00000000dbb00000| 99%| O|  |TAMS 0x00000000dba00000| PB 0x00000000dbaffff8| Untracked 
| 443|0x00000000dbb00000, 0x00000000dbbfff40, 0x00000000dbc00000| 99%| O|  |TAMS 0x00000000dbb00000| PB 0x00000000dbbfff40| Untracked 
| 444|0x00000000dbc00000, 0x00000000dbcffff8, 0x00000000dbd00000| 99%| O|  |TAMS 0x00000000dbc00000| PB 0x00000000dbcffff8| Untracked 
| 445|0x00000000dbd00000, 0x00000000dbdfffb0, 0x00000000dbe00000| 99%| O|  |TAMS 0x00000000dbd00000| PB 0x00000000dbdfffb0| Untracked 
| 446|0x00000000dbe00000, 0x00000000dbeffff0, 0x00000000dbf00000| 99%| O|  |TAMS 0x00000000dbe00000| PB 0x00000000dbeffff0| Untracked 
| 447|0x00000000dbf00000, 0x00000000dbfffff8, 0x00000000dc000000| 99%| O|  |TAMS 0x00000000dbf00000| PB 0x00000000dbfffff8| Untracked 
| 448|0x00000000dc000000, 0x00000000dc100000, 0x00000000dc100000|100%| O|  |TAMS 0x00000000dc000000| PB 0x00000000dc100000| Untracked 
| 449|0x00000000dc100000, 0x00000000dc200000, 0x00000000dc200000|100%| O|  |TAMS 0x00000000dc100000| PB 0x00000000dc200000| Untracked 
| 450|0x00000000dc200000, 0x00000000dc2fffc0, 0x00000000dc300000| 99%| O|  |TAMS 0x00000000dc200000| PB 0x00000000dc2fffc0| Untracked 
| 451|0x00000000dc300000, 0x00000000dc3ffff0, 0x00000000dc400000| 99%| O|  |TAMS 0x00000000dc300000| PB 0x00000000dc3ffff0| Untracked 
| 452|0x00000000dc400000, 0x00000000dc500000, 0x00000000dc500000|100%| O|  |TAMS 0x00000000dc400000| PB 0x00000000dc500000| Untracked 
| 453|0x00000000dc500000, 0x00000000dc5ffff0, 0x00000000dc600000| 99%| O|  |TAMS 0x00000000dc500000| PB 0x00000000dc5ffff0| Untracked 
| 454|0x00000000dc600000, 0x00000000dc700000, 0x00000000dc700000|100%| O|  |TAMS 0x00000000dc600000| PB 0x00000000dc700000| Untracked 
| 455|0x00000000dc700000, 0x00000000dc7fff78, 0x00000000dc800000| 99%| O|  |TAMS 0x00000000dc700000| PB 0x00000000dc7fff78| Untracked 
| 456|0x00000000dc800000, 0x00000000dc900000, 0x00000000dc900000|100%| O|  |TAMS 0x00000000dc800000| PB 0x00000000dc900000| Untracked 
| 457|0x00000000dc900000, 0x00000000dc9fffb8, 0x00000000dca00000| 99%| O|  |TAMS 0x00000000dc900000| PB 0x00000000dc9fffb8| Untracked 
| 458|0x00000000dca00000, 0x00000000dcafff98, 0x00000000dcb00000| 99%| O|  |TAMS 0x00000000dca00000| PB 0x00000000dcafff98| Untracked 
| 459|0x00000000dcb00000, 0x00000000dcbffff0, 0x00000000dcc00000| 99%| O|  |TAMS 0x00000000dcb00000| PB 0x00000000dcbffff0| Untracked 
| 460|0x00000000dcc00000, 0x00000000dccffff0, 0x00000000dcd00000| 99%| O|  |TAMS 0x00000000dcc00000| PB 0x00000000dccffff0| Untracked 
| 461|0x00000000dcd00000, 0x00000000dcdfffb8, 0x00000000dce00000| 99%| O|  |TAMS 0x00000000dcd00000| PB 0x00000000dcdfffb8| Untracked 
| 462|0x00000000dce00000, 0x00000000dcefff50, 0x00000000dcf00000| 99%| O|  |TAMS 0x00000000dce00000| PB 0x00000000dcefff50| Untracked 
| 463|0x00000000dcf00000, 0x00000000dcffffb8, 0x00000000dd000000| 99%| O|  |TAMS 0x00000000dcf00000| PB 0x00000000dcffffb8| Untracked 
| 464|0x00000000dd000000, 0x00000000dd0fff40, 0x00000000dd100000| 99%| O|  |TAMS 0x00000000dd000000| PB 0x00000000dd0fff40| Untracked 
| 465|0x00000000dd100000, 0x00000000dd200000, 0x00000000dd200000|100%| O|  |TAMS 0x00000000dd100000| PB 0x00000000dd200000| Untracked 
| 466|0x00000000dd200000, 0x00000000dd2fff38, 0x00000000dd300000| 99%| O|  |TAMS 0x00000000dd200000| PB 0x00000000dd2fff38| Untracked 
| 467|0x00000000dd300000, 0x00000000dd3ffff0, 0x00000000dd400000| 99%| O|  |TAMS 0x00000000dd300000| PB 0x00000000dd3ffff0| Untracked 
| 468|0x00000000dd400000, 0x00000000dd4ffff8, 0x00000000dd500000| 99%| O|  |TAMS 0x00000000dd400000| PB 0x00000000dd4ffff8| Untracked 
| 469|0x00000000dd500000, 0x00000000dd5fffc8, 0x00000000dd600000| 99%| O|  |TAMS 0x00000000dd500000| PB 0x00000000dd5fffc8| Untracked 
| 470|0x00000000dd600000, 0x00000000dd6fff98, 0x00000000dd700000| 99%| O|  |TAMS 0x00000000dd600000| PB 0x00000000dd6fff98| Untracked 
| 471|0x00000000dd700000, 0x00000000dd7fffa0, 0x00000000dd800000| 99%| O|  |TAMS 0x00000000dd700000| PB 0x00000000dd7fffa0| Untracked 
| 472|0x00000000dd800000, 0x00000000dd8fff68, 0x00000000dd900000| 99%| O|  |TAMS 0x00000000dd800000| PB 0x00000000dd8fff68| Untracked 
| 473|0x00000000dd900000, 0x00000000dd9fffb8, 0x00000000dda00000| 99%| O|  |TAMS 0x00000000dd900000| PB 0x00000000dd9fffb8| Untracked 
| 474|0x00000000dda00000, 0x00000000ddb00000, 0x00000000ddb00000|100%| O|  |TAMS 0x00000000dda00000| PB 0x00000000ddb00000| Untracked 
| 475|0x00000000ddb00000, 0x00000000ddbfffe0, 0x00000000ddc00000| 99%| O|  |TAMS 0x00000000ddb00000| PB 0x00000000ddbfffe0| Untracked 
| 476|0x00000000ddc00000, 0x00000000ddcfffb0, 0x00000000ddd00000| 99%| O|  |TAMS 0x00000000ddc00000| PB 0x00000000ddcfffb0| Untracked 
| 477|0x00000000ddd00000, 0x00000000dddfffc8, 0x00000000dde00000| 99%| O|  |TAMS 0x00000000ddd00000| PB 0x00000000dddfffc8| Untracked 
| 478|0x00000000dde00000, 0x00000000ddefffc0, 0x00000000ddf00000| 99%| O|  |TAMS 0x00000000dde00000| PB 0x00000000ddefffc0| Untracked 
| 479|0x00000000ddf00000, 0x00000000ddffff58, 0x00000000de000000| 99%| O|  |TAMS 0x00000000ddf00000| PB 0x00000000ddffff58| Untracked 
| 480|0x00000000de000000, 0x00000000de0ffff8, 0x00000000de100000| 99%| O|  |TAMS 0x00000000de000000| PB 0x00000000de0ffff8| Untracked 
| 481|0x00000000de100000, 0x00000000de200000, 0x00000000de200000|100%| O|  |TAMS 0x00000000de100000| PB 0x00000000de200000| Untracked 
| 482|0x00000000de200000, 0x00000000de300000, 0x00000000de300000|100%| O|  |TAMS 0x00000000de200000| PB 0x00000000de300000| Untracked 
| 483|0x00000000de300000, 0x00000000de3fffb8, 0x00000000de400000| 99%| O|  |TAMS 0x00000000de300000| PB 0x00000000de3fffb8| Untracked 
| 484|0x00000000de400000, 0x00000000de500000, 0x00000000de500000|100%| O|  |TAMS 0x00000000de400000| PB 0x00000000de500000| Untracked 
| 485|0x00000000de500000, 0x00000000de5fffa8, 0x00000000de600000| 99%| O|  |TAMS 0x00000000de500000| PB 0x00000000de5fffa8| Untracked 
| 486|0x00000000de600000, 0x00000000de6ffff0, 0x00000000de700000| 99%| O|  |TAMS 0x00000000de600000| PB 0x00000000de6ffff0| Untracked 
| 487|0x00000000de700000, 0x00000000de7fffe0, 0x00000000de800000| 99%| O|  |TAMS 0x00000000de700000| PB 0x00000000de7fffe0| Untracked 
| 488|0x00000000de800000, 0x00000000de8ffff0, 0x00000000de900000| 99%| O|  |TAMS 0x00000000de800000| PB 0x00000000de8ffff0| Untracked 
| 489|0x00000000de900000, 0x00000000de9ffff0, 0x00000000dea00000| 99%| O|  |TAMS 0x00000000de900000| PB 0x00000000de9ffff0| Untracked 
| 490|0x00000000dea00000, 0x00000000deafffc0, 0x00000000deb00000| 99%| O|  |TAMS 0x00000000dea00000| PB 0x00000000deafffc0| Untracked 
| 491|0x00000000deb00000, 0x00000000dec00000, 0x00000000dec00000|100%| O|  |TAMS 0x00000000deb00000| PB 0x00000000dec00000| Untracked 
| 492|0x00000000dec00000, 0x00000000decffff0, 0x00000000ded00000| 99%| O|  |TAMS 0x00000000dec00000| PB 0x00000000decffff0| Untracked 
| 493|0x00000000ded00000, 0x00000000dedfffb8, 0x00000000dee00000| 99%| O|  |TAMS 0x00000000ded00000| PB 0x00000000dedfffb8| Untracked 
| 494|0x00000000dee00000, 0x00000000deefffe8, 0x00000000def00000| 99%| O|  |TAMS 0x00000000dee00000| PB 0x00000000deefffe8| Untracked 
| 495|0x00000000def00000, 0x00000000defffff0, 0x00000000df000000| 99%| O|  |TAMS 0x00000000def00000| PB 0x00000000defffff0| Untracked 
| 496|0x00000000df000000, 0x00000000df0fffd0, 0x00000000df100000| 99%| O|  |TAMS 0x00000000df000000| PB 0x00000000df0fffd0| Untracked 
| 497|0x00000000df100000, 0x00000000df1ffff8, 0x00000000df200000| 99%| O|  |TAMS 0x00000000df100000| PB 0x00000000df1ffff8| Untracked 
| 498|0x00000000df200000, 0x00000000df2ffff0, 0x00000000df300000| 99%| O|  |TAMS 0x00000000df200000| PB 0x00000000df2ffff0| Untracked 
| 499|0x00000000df300000, 0x00000000df3ffff0, 0x00000000df400000| 99%| O|  |TAMS 0x00000000df300000| PB 0x00000000df3ffff0| Untracked 
| 500|0x00000000df400000, 0x00000000df4ffff0, 0x00000000df500000| 99%| O|  |TAMS 0x00000000df400000| PB 0x00000000df4ffff0| Untracked 
| 501|0x00000000df500000, 0x00000000df5fffc0, 0x00000000df600000| 99%| O|  |TAMS 0x00000000df500000| PB 0x00000000df5fffc0| Untracked 
| 502|0x00000000df600000, 0x00000000df6ffff8, 0x00000000df700000| 99%| O|  |TAMS 0x00000000df600000| PB 0x00000000df6ffff8| Untracked 
| 503|0x00000000df700000, 0x00000000df7fffd8, 0x00000000df800000| 99%| O|  |TAMS 0x00000000df700000| PB 0x00000000df7fffd8| Untracked 
| 504|0x00000000df800000, 0x00000000df8ffff8, 0x00000000df900000| 99%| O|  |TAMS 0x00000000df800000| PB 0x00000000df8ffff8| Untracked 
| 505|0x00000000df900000, 0x00000000df9ffff8, 0x00000000dfa00000| 99%| O|  |TAMS 0x00000000df900000| PB 0x00000000df9ffff8| Untracked 
| 506|0x00000000dfa00000, 0x00000000dfafffe0, 0x00000000dfb00000| 99%| O|  |TAMS 0x00000000dfa00000| PB 0x00000000dfafffe0| Untracked 
| 507|0x00000000dfb00000, 0x00000000dfbffff8, 0x00000000dfc00000| 99%| O|  |TAMS 0x00000000dfb00000| PB 0x00000000dfbffff8| Untracked 
| 508|0x00000000dfc00000, 0x00000000dfcffff8, 0x00000000dfd00000| 99%| O|  |TAMS 0x00000000dfc00000| PB 0x00000000dfcffff8| Untracked 
| 509|0x00000000dfd00000, 0x00000000dfdffff0, 0x00000000dfe00000| 99%| O|  |TAMS 0x00000000dfd00000| PB 0x00000000dfdffff0| Untracked 
| 510|0x00000000dfe00000, 0x00000000dfefff58, 0x00000000dff00000| 99%| O|  |TAMS 0x00000000dfe00000| PB 0x00000000dfefff58| Untracked 
| 511|0x00000000dff00000, 0x00000000e0000000, 0x00000000e0000000|100%| O|  |TAMS 0x00000000dff00000| PB 0x00000000e0000000| Untracked 
| 512|0x00000000e0000000, 0x00000000e00fffe0, 0x00000000e0100000| 99%| O|  |TAMS 0x00000000e0000000| PB 0x00000000e00fffe0| Untracked 
| 513|0x00000000e0100000, 0x00000000e01ffff0, 0x00000000e0200000| 99%| O|  |TAMS 0x00000000e0100000| PB 0x00000000e01ffff0| Untracked 
| 514|0x00000000e0200000, 0x00000000e02fff88, 0x00000000e0300000| 99%| O|  |TAMS 0x00000000e0200000| PB 0x00000000e02fff88| Untracked 
| 515|0x00000000e0300000, 0x00000000e03ffff0, 0x00000000e0400000| 99%| O|  |TAMS 0x00000000e0300000| PB 0x00000000e03ffff0| Untracked 
| 516|0x00000000e0400000, 0x00000000e0500000, 0x00000000e0500000|100%| O|  |TAMS 0x00000000e0400000| PB 0x00000000e0500000| Untracked 
| 517|0x00000000e0500000, 0x00000000e05fff98, 0x00000000e0600000| 99%| O|  |TAMS 0x00000000e0500000| PB 0x00000000e05fff98| Untracked 
| 518|0x00000000e0600000, 0x00000000e0700000, 0x00000000e0700000|100%| O|  |TAMS 0x00000000e0600000| PB 0x00000000e0700000| Untracked 
| 519|0x00000000e0700000, 0x00000000e07ffff0, 0x00000000e0800000| 99%| O|  |TAMS 0x00000000e0700000| PB 0x00000000e07ffff0| Untracked 
| 520|0x00000000e0800000, 0x00000000e08ffff0, 0x00000000e0900000| 99%| O|  |TAMS 0x00000000e0800000| PB 0x00000000e08ffff0| Untracked 
| 521|0x00000000e0900000, 0x00000000e09ffff8, 0x00000000e0a00000| 99%| O|  |TAMS 0x00000000e0900000| PB 0x00000000e09ffff8| Untracked 
| 522|0x00000000e0a00000, 0x00000000e0afffc8, 0x00000000e0b00000| 99%| O|  |TAMS 0x00000000e0a00000| PB 0x00000000e0afffc8| Untracked 
| 523|0x00000000e0b00000, 0x00000000e0bffff0, 0x00000000e0c00000| 99%| O|  |TAMS 0x00000000e0b00000| PB 0x00000000e0bffff0| Untracked 
| 524|0x00000000e0c00000, 0x00000000e0cfffe8, 0x00000000e0d00000| 99%| O|  |TAMS 0x00000000e0c00000| PB 0x00000000e0cfffe8| Untracked 
| 525|0x00000000e0d00000, 0x00000000e0dfffb0, 0x00000000e0e00000| 99%| O|  |TAMS 0x00000000e0d00000| PB 0x00000000e0dfffb0| Untracked 
| 526|0x00000000e0e00000, 0x00000000e0effff8, 0x00000000e0f00000| 99%| O|  |TAMS 0x00000000e0e00000| PB 0x00000000e0effff8| Untracked 
| 527|0x00000000e0f00000, 0x00000000e1000000, 0x00000000e1000000|100%| O|  |TAMS 0x00000000e0f00000| PB 0x00000000e1000000| Untracked 
| 528|0x00000000e1000000, 0x00000000e1100000, 0x00000000e1100000|100%| O|  |TAMS 0x00000000e1000000| PB 0x00000000e1100000| Untracked 
| 529|0x00000000e1100000, 0x00000000e11fffe8, 0x00000000e1200000| 99%| O|  |TAMS 0x00000000e1100000| PB 0x00000000e11fffe8| Untracked 
| 530|0x00000000e1200000, 0x00000000e12fffe0, 0x00000000e1300000| 99%| O|  |TAMS 0x00000000e1200000| PB 0x00000000e12fffe0| Untracked 
| 531|0x00000000e1300000, 0x00000000e13ffff0, 0x00000000e1400000| 99%| O|  |TAMS 0x00000000e1300000| PB 0x00000000e13ffff0| Untracked 
| 532|0x00000000e1400000, 0x00000000e14fffe8, 0x00000000e1500000| 99%| O|  |TAMS 0x00000000e1400000| PB 0x00000000e14fffe8| Untracked 
| 533|0x00000000e1500000, 0x00000000e1600000, 0x00000000e1600000|100%| O|  |TAMS 0x00000000e1500000| PB 0x00000000e1600000| Untracked 
| 534|0x00000000e1600000, 0x00000000e16fff90, 0x00000000e1700000| 99%| O|  |TAMS 0x00000000e1600000| PB 0x00000000e16fff90| Untracked 
| 535|0x00000000e1700000, 0x00000000e17fffb8, 0x00000000e1800000| 99%| O|  |TAMS 0x00000000e1700000| PB 0x00000000e17fffb8| Untracked 
| 536|0x00000000e1800000, 0x00000000e18fffe0, 0x00000000e1900000| 99%| O|  |TAMS 0x00000000e1800000| PB 0x00000000e18fffe0| Untracked 
| 537|0x00000000e1900000, 0x00000000e1a00000, 0x00000000e1a00000|100%| O|  |TAMS 0x00000000e1900000| PB 0x00000000e1a00000| Untracked 
| 538|0x00000000e1a00000, 0x00000000e1afffb8, 0x00000000e1b00000| 99%| O|  |TAMS 0x00000000e1a00000| PB 0x00000000e1afffb8| Untracked 
| 539|0x00000000e1b00000, 0x00000000e1bffff0, 0x00000000e1c00000| 99%| O|  |TAMS 0x00000000e1b00000| PB 0x00000000e1bffff0| Untracked 
| 540|0x00000000e1c00000, 0x00000000e1cfffe0, 0x00000000e1d00000| 99%| O|  |TAMS 0x00000000e1c00000| PB 0x00000000e1cfffe0| Untracked 
| 541|0x00000000e1d00000, 0x00000000e1dfff48, 0x00000000e1e00000| 99%| O|  |TAMS 0x00000000e1d00000| PB 0x00000000e1dfff48| Untracked 
| 542|0x00000000e1e00000, 0x00000000e1efffe8, 0x00000000e1f00000| 99%| O|  |TAMS 0x00000000e1e00000| PB 0x00000000e1efffe8| Untracked 
| 543|0x00000000e1f00000, 0x00000000e1ffff50, 0x00000000e2000000| 99%| O|  |TAMS 0x00000000e1f00000| PB 0x00000000e1ffff50| Untracked 
| 544|0x00000000e2000000, 0x00000000e20ffff8, 0x00000000e2100000| 99%| O|  |TAMS 0x00000000e2000000| PB 0x00000000e20ffff8| Untracked 
| 545|0x00000000e2100000, 0x00000000e21fff60, 0x00000000e2200000| 99%| O|  |TAMS 0x00000000e2100000| PB 0x00000000e21fff60| Untracked 
| 546|0x00000000e2200000, 0x00000000e22ffff0, 0x00000000e2300000| 99%| O|  |TAMS 0x00000000e2200000| PB 0x00000000e22ffff0| Untracked 
| 547|0x00000000e2300000, 0x00000000e2400000, 0x00000000e2400000|100%| O|  |TAMS 0x00000000e2300000| PB 0x00000000e2400000| Untracked 
| 548|0x00000000e2400000, 0x00000000e24fffa0, 0x00000000e2500000| 99%| O|  |TAMS 0x00000000e2400000| PB 0x00000000e24fffa0| Untracked 
| 549|0x00000000e2500000, 0x00000000e25fffa0, 0x00000000e2600000| 99%| O|  |TAMS 0x00000000e2500000| PB 0x00000000e25fffa0| Untracked 
| 550|0x00000000e2600000, 0x00000000e26ffff0, 0x00000000e2700000| 99%| O|  |TAMS 0x00000000e2600000| PB 0x00000000e26ffff0| Untracked 
| 551|0x00000000e2700000, 0x00000000e27fff78, 0x00000000e2800000| 99%| O|  |TAMS 0x00000000e2700000| PB 0x00000000e27fff78| Untracked 
| 552|0x00000000e2800000, 0x00000000e28fff28, 0x00000000e2900000| 99%| O|  |TAMS 0x00000000e2800000| PB 0x00000000e28fff28| Untracked 
| 553|0x00000000e2900000, 0x00000000e29ffff0, 0x00000000e2a00000| 99%| O|  |TAMS 0x00000000e2900000| PB 0x00000000e29ffff0| Untracked 
| 554|0x00000000e2a00000, 0x00000000e2affff0, 0x00000000e2b00000| 99%| O|  |TAMS 0x00000000e2a00000| PB 0x00000000e2affff0| Untracked 
| 555|0x00000000e2b00000, 0x00000000e2bfffe8, 0x00000000e2c00000| 99%| O|  |TAMS 0x00000000e2b00000| PB 0x00000000e2bfffe8| Untracked 
| 556|0x00000000e2c00000, 0x00000000e2d00000, 0x00000000e2d00000|100%| O|  |TAMS 0x00000000e2c00000| PB 0x00000000e2d00000| Untracked 
| 557|0x00000000e2d00000, 0x00000000e2dfffe0, 0x00000000e2e00000| 99%| O|  |TAMS 0x00000000e2d00000| PB 0x00000000e2dfffe0| Untracked 
| 558|0x00000000e2e00000, 0x00000000e2efff60, 0x00000000e2f00000| 99%| O|  |TAMS 0x00000000e2e00000| PB 0x00000000e2efff60| Untracked 
| 559|0x00000000e2f00000, 0x00000000e2ffffa0, 0x00000000e3000000| 99%| O|  |TAMS 0x00000000e2f00000| PB 0x00000000e2ffffa0| Untracked 
| 560|0x00000000e3000000, 0x00000000e30ffff0, 0x00000000e3100000| 99%| O|  |TAMS 0x00000000e3000000| PB 0x00000000e30ffff0| Untracked 
| 561|0x00000000e3100000, 0x00000000e31fffb0, 0x00000000e3200000| 99%| O|  |TAMS 0x00000000e3100000| PB 0x00000000e31fffb0| Untracked 
| 562|0x00000000e3200000, 0x00000000e32fff60, 0x00000000e3300000| 99%| O|  |TAMS 0x00000000e3200000| PB 0x00000000e32fff60| Untracked 
| 563|0x00000000e3300000, 0x00000000e33ffff8, 0x00000000e3400000| 99%| O|  |TAMS 0x00000000e3300000| PB 0x00000000e33ffff8| Untracked 
| 564|0x00000000e3400000, 0x00000000e34fffe8, 0x00000000e3500000| 99%| O|  |TAMS 0x00000000e3400000| PB 0x00000000e34fffe8| Untracked 
| 565|0x00000000e3500000, 0x00000000e35ffff8, 0x00000000e3600000| 99%| O|  |TAMS 0x00000000e3500000| PB 0x00000000e35ffff8| Untracked 
| 566|0x00000000e3600000, 0x00000000e36fffd8, 0x00000000e3700000| 99%| O|  |TAMS 0x00000000e3600000| PB 0x00000000e36fffd8| Untracked 
| 567|0x00000000e3700000, 0x00000000e37fffc0, 0x00000000e3800000| 99%| O|  |TAMS 0x00000000e3700000| PB 0x00000000e37fffc0| Untracked 
| 568|0x00000000e3800000, 0x00000000e38ffff8, 0x00000000e3900000| 99%| O|  |TAMS 0x00000000e3800000| PB 0x00000000e38ffff8| Untracked 
| 569|0x00000000e3900000, 0x00000000e39ffff0, 0x00000000e3a00000| 99%| O|  |TAMS 0x00000000e3900000| PB 0x00000000e39ffff0| Untracked 
| 570|0x00000000e3a00000, 0x00000000e3afffa8, 0x00000000e3b00000| 99%| O|  |TAMS 0x00000000e3a00000| PB 0x00000000e3afffa8| Untracked 
| 571|0x00000000e3b00000, 0x00000000e3c00000, 0x00000000e3c00000|100%| O|  |TAMS 0x00000000e3b00000| PB 0x00000000e3c00000| Untracked 
| 572|0x00000000e3c00000, 0x00000000e3cfff50, 0x00000000e3d00000| 99%| O|  |TAMS 0x00000000e3c00000| PB 0x00000000e3cfff50| Untracked 
| 573|0x00000000e3d00000, 0x00000000e3dfff90, 0x00000000e3e00000| 99%| O|  |TAMS 0x00000000e3d00000| PB 0x00000000e3dfff90| Untracked 
| 574|0x00000000e3e00000, 0x00000000e3effff8, 0x00000000e3f00000| 99%| O|  |TAMS 0x00000000e3e00000| PB 0x00000000e3effff8| Untracked 
| 575|0x00000000e3f00000, 0x00000000e3ffff78, 0x00000000e4000000| 99%| O|  |TAMS 0x00000000e3f00000| PB 0x00000000e3ffff78| Untracked 
| 576|0x00000000e4000000, 0x00000000e40fff70, 0x00000000e4100000| 99%| O|  |TAMS 0x00000000e4000000| PB 0x00000000e40fff70| Untracked 
| 577|0x00000000e4100000, 0x00000000e41fffa8, 0x00000000e4200000| 99%| O|  |TAMS 0x00000000e4100000| PB 0x00000000e41fffa8| Untracked 
| 578|0x00000000e4200000, 0x00000000e42fffb8, 0x00000000e4300000| 99%| O|  |TAMS 0x00000000e4200000| PB 0x00000000e42fffb8| Untracked 
| 579|0x00000000e4300000, 0x00000000e43ffff0, 0x00000000e4400000| 99%| O|  |TAMS 0x00000000e4300000| PB 0x00000000e43ffff0| Untracked 
| 580|0x00000000e4400000, 0x00000000e44ffff0, 0x00000000e4500000| 99%| O|  |TAMS 0x00000000e4400000| PB 0x00000000e44ffff0| Untracked 
| 581|0x00000000e4500000, 0x00000000e4600000, 0x00000000e4600000|100%| O|  |TAMS 0x00000000e4500000| PB 0x00000000e4600000| Untracked 
| 582|0x00000000e4600000, 0x00000000e46fffd0, 0x00000000e4700000| 99%| O|  |TAMS 0x00000000e4600000| PB 0x00000000e46fffd0| Untracked 
| 583|0x00000000e4700000, 0x00000000e4800000, 0x00000000e4800000|100%| O|  |TAMS 0x00000000e4700000| PB 0x00000000e4800000| Untracked 
| 584|0x00000000e4800000, 0x00000000e4900000, 0x00000000e4900000|100%| O|  |TAMS 0x00000000e4800000| PB 0x00000000e4900000| Untracked 
| 585|0x00000000e4900000, 0x00000000e49ffff8, 0x00000000e4a00000| 99%| O|  |TAMS 0x00000000e4900000| PB 0x00000000e49ffff8| Untracked 
| 586|0x00000000e4a00000, 0x00000000e4afff60, 0x00000000e4b00000| 99%| O|  |TAMS 0x00000000e4a00000| PB 0x00000000e4afff60| Untracked 
| 587|0x00000000e4b00000, 0x00000000e4c00000, 0x00000000e4c00000|100%| O|  |TAMS 0x00000000e4b00000| PB 0x00000000e4c00000| Untracked 
| 588|0x00000000e4c00000, 0x00000000e4cfff40, 0x00000000e4d00000| 99%| O|  |TAMS 0x00000000e4c00000| PB 0x00000000e4cfff40| Untracked 
| 589|0x00000000e4d00000, 0x00000000e4e00000, 0x00000000e4e00000|100%| O|  |TAMS 0x00000000e4d00000| PB 0x00000000e4e00000| Untracked 
| 590|0x00000000e4e00000, 0x00000000e4effff0, 0x00000000e4f00000| 99%| O|  |TAMS 0x00000000e4e00000| PB 0x00000000e4effff0| Untracked 
| 591|0x00000000e4f00000, 0x00000000e5000000, 0x00000000e5000000|100%| O|  |TAMS 0x00000000e4f00000| PB 0x00000000e5000000| Untracked 
| 592|0x00000000e5000000, 0x00000000e50fff78, 0x00000000e5100000| 99%| O|  |TAMS 0x00000000e5000000| PB 0x00000000e50fff78| Untracked 
| 593|0x00000000e5100000, 0x00000000e51fff68, 0x00000000e5200000| 99%| O|  |TAMS 0x00000000e5100000| PB 0x00000000e51fff68| Untracked 
| 594|0x00000000e5200000, 0x00000000e52fff80, 0x00000000e5300000| 99%| O|  |TAMS 0x00000000e5200000| PB 0x00000000e52fff80| Untracked 
| 595|0x00000000e5300000, 0x00000000e5400000, 0x00000000e5400000|100%| O|  |TAMS 0x00000000e5300000| PB 0x00000000e5400000| Untracked 
| 596|0x00000000e5400000, 0x00000000e54fffd8, 0x00000000e5500000| 99%| O|  |TAMS 0x00000000e5400000| PB 0x00000000e54fffd8| Untracked 
| 597|0x00000000e5500000, 0x00000000e55ffff0, 0x00000000e5600000| 99%| O|  |TAMS 0x00000000e5500000| PB 0x00000000e55ffff0| Untracked 
| 598|0x00000000e5600000, 0x00000000e56fff98, 0x00000000e5700000| 99%| O|  |TAMS 0x00000000e5600000| PB 0x00000000e56fff98| Untracked 
| 599|0x00000000e5700000, 0x00000000e57fffb0, 0x00000000e5800000| 99%| O|  |TAMS 0x00000000e5700000| PB 0x00000000e57fffb0| Untracked 
| 600|0x00000000e5800000, 0x00000000e58ffff8, 0x00000000e5900000| 99%| O|  |TAMS 0x00000000e5800000| PB 0x00000000e58ffff8| Untracked 
| 601|0x00000000e5900000, 0x00000000e59ffff0, 0x00000000e5a00000| 99%| O|  |TAMS 0x00000000e5900000| PB 0x00000000e59ffff0| Untracked 
| 602|0x00000000e5a00000, 0x00000000e5affff0, 0x00000000e5b00000| 99%| O|  |TAMS 0x00000000e5a00000| PB 0x00000000e5affff0| Untracked 
| 603|0x00000000e5b00000, 0x00000000e5bfffe0, 0x00000000e5c00000| 99%| O|  |TAMS 0x00000000e5b00000| PB 0x00000000e5bfffe0| Untracked 
| 604|0x00000000e5c00000, 0x00000000e5cffff0, 0x00000000e5d00000| 99%| O|  |TAMS 0x00000000e5c00000| PB 0x00000000e5cffff0| Untracked 
| 605|0x00000000e5d00000, 0x00000000e5dfffa8, 0x00000000e5e00000| 99%| O|  |TAMS 0x00000000e5d00000| PB 0x00000000e5dfffa8| Untracked 
| 606|0x00000000e5e00000, 0x00000000e5efff80, 0x00000000e5f00000| 99%| O|  |TAMS 0x00000000e5e00000| PB 0x00000000e5efff80| Untracked 
| 607|0x00000000e5f00000, 0x00000000e5ffff70, 0x00000000e6000000| 99%| O|  |TAMS 0x00000000e5f00000| PB 0x00000000e5ffff70| Untracked 
| 608|0x00000000e6000000, 0x00000000e60fff80, 0x00000000e6100000| 99%| O|  |TAMS 0x00000000e6000000| PB 0x00000000e60fff80| Untracked 
| 609|0x00000000e6100000, 0x00000000e61ffff0, 0x00000000e6200000| 99%| O|  |TAMS 0x00000000e6100000| PB 0x00000000e61ffff0| Untracked 
| 610|0x00000000e6200000, 0x00000000e62ffff0, 0x00000000e6300000| 99%| O|  |TAMS 0x00000000e6200000| PB 0x00000000e62ffff0| Untracked 
| 611|0x00000000e6300000, 0x00000000e63ffff0, 0x00000000e6400000| 99%| O|  |TAMS 0x00000000e6300000| PB 0x00000000e63ffff0| Untracked 
| 612|0x00000000e6400000, 0x00000000e64fff58, 0x00000000e6500000| 99%| O|  |TAMS 0x00000000e6400000| PB 0x00000000e64fff58| Untracked 
| 613|0x00000000e6500000, 0x00000000e65fffd8, 0x00000000e6600000| 99%| O|  |TAMS 0x00000000e6500000| PB 0x00000000e65fffd8| Untracked 
| 614|0x00000000e6600000, 0x00000000e66ffff8, 0x00000000e6700000| 99%| O|  |TAMS 0x00000000e6600000| PB 0x00000000e66ffff8| Untracked 
| 615|0x00000000e6700000, 0x00000000e67fffc8, 0x00000000e6800000| 99%| O|  |TAMS 0x00000000e6700000| PB 0x00000000e67fffc8| Untracked 
| 616|0x00000000e6800000, 0x00000000e68fffc8, 0x00000000e6900000| 99%| O|  |TAMS 0x00000000e6800000| PB 0x00000000e68fffc8| Untracked 
| 617|0x00000000e6900000, 0x00000000e69fffe8, 0x00000000e6a00000| 99%| O|  |TAMS 0x00000000e6900000| PB 0x00000000e69fffe8| Untracked 
| 618|0x00000000e6a00000, 0x00000000e6afffe0, 0x00000000e6b00000| 99%| O|  |TAMS 0x00000000e6a00000| PB 0x00000000e6afffe0| Untracked 
| 619|0x00000000e6b00000, 0x00000000e6bffff0, 0x00000000e6c00000| 99%| O|  |TAMS 0x00000000e6b00000| PB 0x00000000e6bffff0| Untracked 
| 620|0x00000000e6c00000, 0x00000000e6cfff88, 0x00000000e6d00000| 99%| O|  |TAMS 0x00000000e6c00000| PB 0x00000000e6cfff88| Untracked 
| 621|0x00000000e6d00000, 0x00000000e6dffff8, 0x00000000e6e00000| 99%| O|  |TAMS 0x00000000e6d00000| PB 0x00000000e6dffff8| Untracked 
| 622|0x00000000e6e00000, 0x00000000e6effff8, 0x00000000e6f00000| 99%| O|  |TAMS 0x00000000e6e00000| PB 0x00000000e6effff8| Untracked 
| 623|0x00000000e6f00000, 0x00000000e6fffff0, 0x00000000e7000000| 99%| O|  |TAMS 0x00000000e6f00000| PB 0x00000000e6fffff0| Untracked 
| 624|0x00000000e7000000, 0x00000000e70ffff0, 0x00000000e7100000| 99%| O|  |TAMS 0x00000000e7000000| PB 0x00000000e70ffff0| Untracked 
| 625|0x00000000e7100000, 0x00000000e71ffff8, 0x00000000e7200000| 99%| O|  |TAMS 0x00000000e7100000| PB 0x00000000e71ffff8| Untracked 
| 626|0x00000000e7200000, 0x00000000e72fffb8, 0x00000000e7300000| 99%| O|  |TAMS 0x00000000e7200000| PB 0x00000000e72fffb8| Untracked 
| 627|0x00000000e7300000, 0x00000000e7400000, 0x00000000e7400000|100%| O|  |TAMS 0x00000000e7300000| PB 0x00000000e7400000| Untracked 
| 628|0x00000000e7400000, 0x00000000e74ffff0, 0x00000000e7500000| 99%| O|  |TAMS 0x00000000e7400000| PB 0x00000000e74ffff0| Untracked 
| 629|0x00000000e7500000, 0x00000000e7600000, 0x00000000e7600000|100%| O|  |TAMS 0x00000000e7500000| PB 0x00000000e7600000| Untracked 
| 630|0x00000000e7600000, 0x00000000e76fffe0, 0x00000000e7700000| 99%| O|  |TAMS 0x00000000e7600000| PB 0x00000000e76fffe0| Untracked 
| 631|0x00000000e7700000, 0x00000000e77ffff8, 0x00000000e7800000| 99%| O|  |TAMS 0x00000000e7700000| PB 0x00000000e77ffff8| Untracked 
| 632|0x00000000e7800000, 0x00000000e78fffb0, 0x00000000e7900000| 99%| O|  |TAMS 0x00000000e7800000| PB 0x00000000e78fffb0| Untracked 
| 633|0x00000000e7900000, 0x00000000e79ffff0, 0x00000000e7a00000| 99%| O|  |TAMS 0x00000000e7900000| PB 0x00000000e79ffff0| Untracked 
| 634|0x00000000e7a00000, 0x00000000e7afffb8, 0x00000000e7b00000| 99%| O|  |TAMS 0x00000000e7a00000| PB 0x00000000e7afffb8| Untracked 
| 635|0x00000000e7b00000, 0x00000000e7bfff70, 0x00000000e7c00000| 99%| O|  |TAMS 0x00000000e7b00000| PB 0x00000000e7bfff70| Untracked 
| 636|0x00000000e7c00000, 0x00000000e7cfffe0, 0x00000000e7d00000| 99%| O|  |TAMS 0x00000000e7c00000| PB 0x00000000e7cfffe0| Untracked 
| 637|0x00000000e7d00000, 0x00000000e7dffff0, 0x00000000e7e00000| 99%| O|  |TAMS 0x00000000e7d00000| PB 0x00000000e7dffff0| Untracked 
| 638|0x00000000e7e00000, 0x00000000e7efffb0, 0x00000000e7f00000| 99%| O|  |TAMS 0x00000000e7e00000| PB 0x00000000e7efffb0| Untracked 
| 639|0x00000000e7f00000, 0x00000000e7ffffe8, 0x00000000e8000000| 99%| O|  |TAMS 0x00000000e7f00000| PB 0x00000000e7ffffe8| Untracked 
| 640|0x00000000e8000000, 0x00000000e80fffb8, 0x00000000e8100000| 99%| O|  |TAMS 0x00000000e8000000| PB 0x00000000e80fffb8| Untracked 
| 641|0x00000000e8100000, 0x00000000e8200000, 0x00000000e8200000|100%| O|  |TAMS 0x00000000e8100000| PB 0x00000000e8200000| Untracked 
| 642|0x00000000e8200000, 0x00000000e82ffff8, 0x00000000e8300000| 99%| O|  |TAMS 0x00000000e8200000| PB 0x00000000e82ffff8| Untracked 
| 643|0x00000000e8300000, 0x00000000e83ffff0, 0x00000000e8400000| 99%| O|  |TAMS 0x00000000e8300000| PB 0x00000000e83ffff0| Untracked 
| 644|0x00000000e8400000, 0x00000000e84ffff8, 0x00000000e8500000| 99%| O|  |TAMS 0x00000000e8400000| PB 0x00000000e84ffff8| Untracked 
| 645|0x00000000e8500000, 0x00000000e85fffc8, 0x00000000e8600000| 99%| O|  |TAMS 0x00000000e8500000| PB 0x00000000e85fffc8| Untracked 
| 646|0x00000000e8600000, 0x00000000e86ffff0, 0x00000000e8700000| 99%| O|  |TAMS 0x00000000e8600000| PB 0x00000000e86ffff0| Untracked 
| 647|0x00000000e8700000, 0x00000000e87ffff0, 0x00000000e8800000| 99%| O|  |TAMS 0x00000000e8700000| PB 0x00000000e87ffff0| Untracked 
| 648|0x00000000e8800000, 0x00000000e88fffb0, 0x00000000e8900000| 99%| O|  |TAMS 0x00000000e8800000| PB 0x00000000e88fffb0| Untracked 
| 649|0x00000000e8900000, 0x00000000e89ffff8, 0x00000000e8a00000| 99%| O|  |TAMS 0x00000000e8900000| PB 0x00000000e89ffff8| Untracked 
| 650|0x00000000e8a00000, 0x00000000e8afff90, 0x00000000e8b00000| 99%| O|  |TAMS 0x00000000e8a00000| PB 0x00000000e8afff90| Untracked 
| 651|0x00000000e8b00000, 0x00000000e8bffff8, 0x00000000e8c00000| 99%| O|  |TAMS 0x00000000e8b00000| PB 0x00000000e8bffff8| Untracked 
| 652|0x00000000e8c00000, 0x00000000e8cfff48, 0x00000000e8d00000| 99%| O|  |TAMS 0x00000000e8c00000| PB 0x00000000e8cfff48| Untracked 
| 653|0x00000000e8d00000, 0x00000000e8dfff48, 0x00000000e8e00000| 99%| O|  |TAMS 0x00000000e8d00000| PB 0x00000000e8dfff48| Untracked 
| 654|0x00000000e8e00000, 0x00000000e8f00000, 0x00000000e8f00000|100%| O|  |TAMS 0x00000000e8e00000| PB 0x00000000e8f00000| Untracked 
| 655|0x00000000e8f00000, 0x00000000e8ffff70, 0x00000000e9000000| 99%| O|  |TAMS 0x00000000e8f00000| PB 0x00000000e8ffff70| Untracked 
| 656|0x00000000e9000000, 0x00000000e90fffe8, 0x00000000e9100000| 99%| O|  |TAMS 0x00000000e9000000| PB 0x00000000e90fffe8| Untracked 
| 657|0x00000000e9100000, 0x00000000e9200000, 0x00000000e9200000|100%| O|  |TAMS 0x00000000e9100000| PB 0x00000000e9200000| Untracked 
| 658|0x00000000e9200000, 0x00000000e92fffe0, 0x00000000e9300000| 99%| O|  |TAMS 0x00000000e9200000| PB 0x00000000e92fffe0| Untracked 
| 659|0x00000000e9300000, 0x00000000e93fff80, 0x00000000e9400000| 99%| O|  |TAMS 0x00000000e9300000| PB 0x00000000e93fff80| Untracked 
| 660|0x00000000e9400000, 0x00000000e94ffff0, 0x00000000e9500000| 99%| O|  |TAMS 0x00000000e9400000| PB 0x00000000e94ffff0| Untracked 
| 661|0x00000000e9500000, 0x00000000e95ffff8, 0x00000000e9600000| 99%| O|  |TAMS 0x00000000e9500000| PB 0x00000000e95ffff8| Untracked 
| 662|0x00000000e9600000, 0x00000000e96ffff8, 0x00000000e9700000| 99%| O|  |TAMS 0x00000000e9600000| PB 0x00000000e96ffff8| Untracked 
| 663|0x00000000e9700000, 0x00000000e97fff60, 0x00000000e9800000| 99%| O|  |TAMS 0x00000000e9700000| PB 0x00000000e97fff60| Untracked 
| 664|0x00000000e9800000, 0x00000000e98fff40, 0x00000000e9900000| 99%| O|  |TAMS 0x00000000e9800000| PB 0x00000000e98fff40| Untracked 
| 665|0x00000000e9900000, 0x00000000e9a00000, 0x00000000e9a00000|100%| O|  |TAMS 0x00000000e9900000| PB 0x00000000e9a00000| Untracked 
| 666|0x00000000e9a00000, 0x00000000e9b00000, 0x00000000e9b00000|100%| O|  |TAMS 0x00000000e9a00000| PB 0x00000000e9b00000| Untracked 
| 667|0x00000000e9b00000, 0x00000000e9bfffb0, 0x00000000e9c00000| 99%| O|  |TAMS 0x00000000e9b00000| PB 0x00000000e9bfffb0| Untracked 
| 668|0x00000000e9c00000, 0x00000000e9cfff98, 0x00000000e9d00000| 99%| O|  |TAMS 0x00000000e9c00000| PB 0x00000000e9cfff98| Untracked 
| 669|0x00000000e9d00000, 0x00000000e9e00000, 0x00000000e9e00000|100%| O|  |TAMS 0x00000000e9d00000| PB 0x00000000e9e00000| Untracked 
| 670|0x00000000e9e00000, 0x00000000e9effff0, 0x00000000e9f00000| 99%| O|  |TAMS 0x00000000e9e00000| PB 0x00000000e9effff0| Untracked 
| 671|0x00000000e9f00000, 0x00000000e9ffffe8, 0x00000000ea000000| 99%| O|  |TAMS 0x00000000e9f00000| PB 0x00000000e9ffffe8| Untracked 
| 672|0x00000000ea000000, 0x00000000ea0fff80, 0x00000000ea100000| 99%| O|  |TAMS 0x00000000ea000000| PB 0x00000000ea0fff80| Untracked 
| 673|0x00000000ea100000, 0x00000000ea1ffff8, 0x00000000ea200000| 99%| O|  |TAMS 0x00000000ea100000| PB 0x00000000ea1ffff8| Untracked 
| 674|0x00000000ea200000, 0x00000000ea2fffb0, 0x00000000ea300000| 99%| O|  |TAMS 0x00000000ea200000| PB 0x00000000ea2fffb0| Untracked 
| 675|0x00000000ea300000, 0x00000000ea3fff98, 0x00000000ea400000| 99%| O|  |TAMS 0x00000000ea300000| PB 0x00000000ea3fff98| Untracked 
| 676|0x00000000ea400000, 0x00000000ea4ffff8, 0x00000000ea500000| 99%| O|  |TAMS 0x00000000ea400000| PB 0x00000000ea4ffff8| Untracked 
| 677|0x00000000ea500000, 0x00000000ea5fffe0, 0x00000000ea600000| 99%| O|  |TAMS 0x00000000ea500000| PB 0x00000000ea5fffe0| Untracked 
| 678|0x00000000ea600000, 0x00000000ea6fff78, 0x00000000ea700000| 99%| O|  |TAMS 0x00000000ea600000| PB 0x00000000ea6fff78| Untracked 
| 679|0x00000000ea700000, 0x00000000ea800000, 0x00000000ea800000|100%| O|  |TAMS 0x00000000ea700000| PB 0x00000000ea800000| Untracked 
| 680|0x00000000ea800000, 0x00000000ea8ffff0, 0x00000000ea900000| 99%| O|  |TAMS 0x00000000ea800000| PB 0x00000000ea8ffff0| Untracked 
| 681|0x00000000ea900000, 0x00000000ea9fffb0, 0x00000000eaa00000| 99%| O|  |TAMS 0x00000000ea900000| PB 0x00000000ea9fffb0| Untracked 
| 682|0x00000000eaa00000, 0x00000000eaafffe8, 0x00000000eab00000| 99%| O|  |TAMS 0x00000000eaa00000| PB 0x00000000eaafffe8| Untracked 
| 683|0x00000000eab00000, 0x00000000eac00000, 0x00000000eac00000|100%| O|  |TAMS 0x00000000eab00000| PB 0x00000000eac00000| Untracked 
| 684|0x00000000eac00000, 0x00000000ead00000, 0x00000000ead00000|100%| O|  |TAMS 0x00000000eac00000| PB 0x00000000ead00000| Untracked 
| 685|0x00000000ead00000, 0x00000000eadffff0, 0x00000000eae00000| 99%| O|  |TAMS 0x00000000ead00000| PB 0x00000000eadffff0| Untracked 
| 686|0x00000000eae00000, 0x00000000eaeffff0, 0x00000000eaf00000| 99%| O|  |TAMS 0x00000000eae00000| PB 0x00000000eaeffff0| Untracked 
| 687|0x00000000eaf00000, 0x00000000eaffffe0, 0x00000000eb000000| 99%| O|  |TAMS 0x00000000eaf00000| PB 0x00000000eaffffe0| Untracked 
| 688|0x00000000eb000000, 0x00000000eb0ffff8, 0x00000000eb100000| 99%| O|  |TAMS 0x00000000eb000000| PB 0x00000000eb0ffff8| Untracked 
| 689|0x00000000eb100000, 0x00000000eb1ffff8, 0x00000000eb200000| 99%| O|  |TAMS 0x00000000eb100000| PB 0x00000000eb1ffff8| Untracked 
| 690|0x00000000eb200000, 0x00000000eb2ffff0, 0x00000000eb300000| 99%| O|  |TAMS 0x00000000eb200000| PB 0x00000000eb2ffff0| Untracked 
| 691|0x00000000eb300000, 0x00000000eb3ffff0, 0x00000000eb400000| 99%| O|  |TAMS 0x00000000eb300000| PB 0x00000000eb3ffff0| Untracked 
| 692|0x00000000eb400000, 0x00000000eb4fff48, 0x00000000eb500000| 99%| O|  |TAMS 0x00000000eb400000| PB 0x00000000eb4fff48| Untracked 
| 693|0x00000000eb500000, 0x00000000eb5ffff8, 0x00000000eb600000| 99%| O|  |TAMS 0x00000000eb500000| PB 0x00000000eb5ffff8| Untracked 
| 694|0x00000000eb600000, 0x00000000eb6ffff8, 0x00000000eb700000| 99%| O|  |TAMS 0x00000000eb600000| PB 0x00000000eb6ffff8| Untracked 
| 695|0x00000000eb700000, 0x00000000eb7ffff8, 0x00000000eb800000| 99%| O|  |TAMS 0x00000000eb700000| PB 0x00000000eb7ffff8| Untracked 
| 696|0x00000000eb800000, 0x00000000eb8fffe8, 0x00000000eb900000| 99%| O|  |TAMS 0x00000000eb800000| PB 0x00000000eb8fffe8| Untracked 
| 697|0x00000000eb900000, 0x00000000eb9fffe0, 0x00000000eba00000| 99%| O|  |TAMS 0x00000000eb900000| PB 0x00000000eb9fffe0| Untracked 
| 698|0x00000000eba00000, 0x00000000ebafff78, 0x00000000ebb00000| 99%| O|  |TAMS 0x00000000eba00000| PB 0x00000000ebafff78| Untracked 
| 699|0x00000000ebb00000, 0x00000000ebbfffe8, 0x00000000ebc00000| 99%| O|  |TAMS 0x00000000ebb00000| PB 0x00000000ebbfffe8| Untracked 
| 700|0x00000000ebc00000, 0x00000000ebcffff0, 0x00000000ebd00000| 99%| O|  |TAMS 0x00000000ebc00000| PB 0x00000000ebcffff0| Untracked 
| 701|0x00000000ebd00000, 0x00000000ebe00000, 0x00000000ebe00000|100%| O|  |TAMS 0x00000000ebd00000| PB 0x00000000ebe00000| Untracked 
| 702|0x00000000ebe00000, 0x00000000ebefffc0, 0x00000000ebf00000| 99%| O|  |TAMS 0x00000000ebe00000| PB 0x00000000ebefffc0| Untracked 
| 703|0x00000000ebf00000, 0x00000000ebffffe8, 0x00000000ec000000| 99%| O|  |TAMS 0x00000000ebf00000| PB 0x00000000ebffffe8| Untracked 
| 704|0x00000000ec000000, 0x00000000ec0fffe8, 0x00000000ec100000| 99%| O|  |TAMS 0x00000000ec000000| PB 0x00000000ec0fffe8| Untracked 
| 705|0x00000000ec100000, 0x00000000ec200000, 0x00000000ec200000|100%| O|  |TAMS 0x00000000ec100000| PB 0x00000000ec200000| Untracked 
| 706|0x00000000ec200000, 0x00000000ec2fffa8, 0x00000000ec300000| 99%| O|  |TAMS 0x00000000ec200000| PB 0x00000000ec2fffa8| Untracked 
| 707|0x00000000ec300000, 0x00000000ec3ffff8, 0x00000000ec400000| 99%| O|  |TAMS 0x00000000ec300000| PB 0x00000000ec3ffff8| Untracked 
| 708|0x00000000ec400000, 0x00000000ec4ffff0, 0x00000000ec500000| 99%| O|  |TAMS 0x00000000ec400000| PB 0x00000000ec4ffff0| Untracked 
| 709|0x00000000ec500000, 0x00000000ec600000, 0x00000000ec600000|100%| O|  |TAMS 0x00000000ec500000| PB 0x00000000ec600000| Untracked 
| 710|0x00000000ec600000, 0x00000000ec6fffd8, 0x00000000ec700000| 99%| O|  |TAMS 0x00000000ec600000| PB 0x00000000ec6fffd8| Untracked 
| 711|0x00000000ec700000, 0x00000000ec7fffa8, 0x00000000ec800000| 99%| O|  |TAMS 0x00000000ec700000| PB 0x00000000ec7fffa8| Untracked 
| 712|0x00000000ec800000, 0x00000000ec900000, 0x00000000ec900000|100%| O|  |TAMS 0x00000000ec800000| PB 0x00000000ec900000| Untracked 
| 713|0x00000000ec900000, 0x00000000eca00000, 0x00000000eca00000|100%| O|  |TAMS 0x00000000ec900000| PB 0x00000000eca00000| Untracked 
| 714|0x00000000eca00000, 0x00000000ecafffc8, 0x00000000ecb00000| 99%| O|  |TAMS 0x00000000eca00000| PB 0x00000000ecafffc8| Untracked 
| 715|0x00000000ecb00000, 0x00000000ecc00000, 0x00000000ecc00000|100%| O|  |TAMS 0x00000000ecb00000| PB 0x00000000ecc00000| Untracked 
| 716|0x00000000ecc00000, 0x00000000eccfffb8, 0x00000000ecd00000| 99%| O|  |TAMS 0x00000000ecc00000| PB 0x00000000eccfffb8| Untracked 
| 717|0x00000000ecd00000, 0x00000000ecdfff88, 0x00000000ece00000| 99%| O|  |TAMS 0x00000000ecd00000| PB 0x00000000ecdfff88| Untracked 
| 718|0x00000000ece00000, 0x00000000ecf00000, 0x00000000ecf00000|100%| O|  |TAMS 0x00000000ece00000| PB 0x00000000ecf00000| Untracked 
| 719|0x00000000ecf00000, 0x00000000ed000000, 0x00000000ed000000|100%| O|  |TAMS 0x00000000ecf00000| PB 0x00000000ed000000| Untracked 
| 720|0x00000000ed000000, 0x00000000ed0ffff8, 0x00000000ed100000| 99%| O|  |TAMS 0x00000000ed000000| PB 0x00000000ed0ffff8| Untracked 
| 721|0x00000000ed100000, 0x00000000ed1ffff0, 0x00000000ed200000| 99%| O|  |TAMS 0x00000000ed100000| PB 0x00000000ed1ffff0| Untracked 
| 722|0x00000000ed200000, 0x00000000ed2fffe8, 0x00000000ed300000| 99%| O|  |TAMS 0x00000000ed200000| PB 0x00000000ed2fffe8| Untracked 
| 723|0x00000000ed300000, 0x00000000ed3fffa0, 0x00000000ed400000| 99%| O|  |TAMS 0x00000000ed300000| PB 0x00000000ed3fffa0| Untracked 
| 724|0x00000000ed400000, 0x00000000ed4fffe0, 0x00000000ed500000| 99%| O|  |TAMS 0x00000000ed400000| PB 0x00000000ed4fffe0| Untracked 
| 725|0x00000000ed500000, 0x00000000ed5fff80, 0x00000000ed600000| 99%| O|  |TAMS 0x00000000ed500000| PB 0x00000000ed5fff80| Untracked 
| 726|0x00000000ed600000, 0x00000000ed6fffe8, 0x00000000ed700000| 99%| O|  |TAMS 0x00000000ed600000| PB 0x00000000ed6fffe8| Untracked 
| 727|0x00000000ed700000, 0x00000000ed7fffd0, 0x00000000ed800000| 99%| O|  |TAMS 0x00000000ed700000| PB 0x00000000ed7fffd0| Untracked 
| 728|0x00000000ed800000, 0x00000000ed8ffff8, 0x00000000ed900000| 99%| O|  |TAMS 0x00000000ed800000| PB 0x00000000ed8ffff8| Untracked 
| 729|0x00000000ed900000, 0x00000000ed9fff68, 0x00000000eda00000| 99%| O|  |TAMS 0x00000000ed900000| PB 0x00000000ed9fff68| Untracked 
| 730|0x00000000eda00000, 0x00000000edafff50, 0x00000000edb00000| 99%| O|  |TAMS 0x00000000eda00000| PB 0x00000000edafff50| Untracked 
| 731|0x00000000edb00000, 0x00000000edbffff0, 0x00000000edc00000| 99%| O|  |TAMS 0x00000000edb00000| PB 0x00000000edbffff0| Untracked 
| 732|0x00000000edc00000, 0x00000000edcfffc0, 0x00000000edd00000| 99%| O|  |TAMS 0x00000000edc00000| PB 0x00000000edcfffc0| Untracked 
| 733|0x00000000edd00000, 0x00000000eddfffa8, 0x00000000ede00000| 99%| O|  |TAMS 0x00000000edd00000| PB 0x00000000eddfffa8| Untracked 
| 734|0x00000000ede00000, 0x00000000edefffc8, 0x00000000edf00000| 99%| O|  |TAMS 0x00000000ede00000| PB 0x00000000edefffc8| Untracked 
| 735|0x00000000edf00000, 0x00000000edffff70, 0x00000000ee000000| 99%| O|  |TAMS 0x00000000edf00000| PB 0x00000000edffff70| Untracked 
| 736|0x00000000ee000000, 0x00000000ee0fffe8, 0x00000000ee100000| 99%| O|  |TAMS 0x00000000ee000000| PB 0x00000000ee0fffe8| Untracked 
| 737|0x00000000ee100000, 0x00000000ee200000, 0x00000000ee200000|100%| O|  |TAMS 0x00000000ee100000| PB 0x00000000ee200000| Untracked 
| 738|0x00000000ee200000, 0x00000000ee300000, 0x00000000ee300000|100%| O|  |TAMS 0x00000000ee200000| PB 0x00000000ee300000| Untracked 
| 739|0x00000000ee300000, 0x00000000ee3ffff8, 0x00000000ee400000| 99%| O|  |TAMS 0x00000000ee300000| PB 0x00000000ee3ffff8| Untracked 
| 740|0x00000000ee400000, 0x00000000ee4fffd8, 0x00000000ee500000| 99%| O|  |TAMS 0x00000000ee400000| PB 0x00000000ee4fffd8| Untracked 
| 741|0x00000000ee500000, 0x00000000ee5ffff0, 0x00000000ee600000| 99%| O|  |TAMS 0x00000000ee500000| PB 0x00000000ee5ffff0| Untracked 
| 742|0x00000000ee600000, 0x00000000ee6fffa0, 0x00000000ee700000| 99%| O|  |TAMS 0x00000000ee600000| PB 0x00000000ee6fffa0| Untracked 
| 743|0x00000000ee700000, 0x00000000ee7fffd8, 0x00000000ee800000| 99%| O|  |TAMS 0x00000000ee700000| PB 0x00000000ee7fffd8| Untracked 
| 744|0x00000000ee800000, 0x00000000ee8fffe8, 0x00000000ee900000| 99%| O|  |TAMS 0x00000000ee800000| PB 0x00000000ee8fffe8| Untracked 
| 745|0x00000000ee900000, 0x00000000ee9fff90, 0x00000000eea00000| 99%| O|  |TAMS 0x00000000ee900000| PB 0x00000000ee9fff90| Untracked 
| 746|0x00000000eea00000, 0x00000000eeaffff0, 0x00000000eeb00000| 99%| O|  |TAMS 0x00000000eea00000| PB 0x00000000eeaffff0| Untracked 
| 747|0x00000000eeb00000, 0x00000000eebfff58, 0x00000000eec00000| 99%| O|  |TAMS 0x00000000eeb00000| PB 0x00000000eebfff58| Untracked 
| 748|0x00000000eec00000, 0x00000000eecffff8, 0x00000000eed00000| 99%| O|  |TAMS 0x00000000eec00000| PB 0x00000000eecffff8| Untracked 
| 749|0x00000000eed00000, 0x00000000eee00000, 0x00000000eee00000|100%| O|  |TAMS 0x00000000eed00000| PB 0x00000000eee00000| Untracked 
| 750|0x00000000eee00000, 0x00000000eef00000, 0x00000000eef00000|100%| O|  |TAMS 0x00000000eee00000| PB 0x00000000eef00000| Untracked 
| 751|0x00000000eef00000, 0x00000000eefffff0, 0x00000000ef000000| 99%| O|  |TAMS 0x00000000eef00000| PB 0x00000000eefffff0| Untracked 
| 752|0x00000000ef000000, 0x00000000ef0ffff8, 0x00000000ef100000| 99%| O|  |TAMS 0x00000000ef000000| PB 0x00000000ef0ffff8| Untracked 
| 753|0x00000000ef100000, 0x00000000ef1ffff0, 0x00000000ef200000| 99%| O|  |TAMS 0x00000000ef100000| PB 0x00000000ef1ffff0| Untracked 
| 754|0x00000000ef200000, 0x00000000ef2fffd8, 0x00000000ef300000| 99%| O|  |TAMS 0x00000000ef200000| PB 0x00000000ef2fffd8| Untracked 
| 755|0x00000000ef300000, 0x00000000ef3fff90, 0x00000000ef400000| 99%| O|  |TAMS 0x00000000ef300000| PB 0x00000000ef3fff90| Untracked 
| 756|0x00000000ef400000, 0x00000000ef4ffff8, 0x00000000ef500000| 99%| O|  |TAMS 0x00000000ef400000| PB 0x00000000ef4ffff8| Untracked 
| 757|0x00000000ef500000, 0x00000000ef5ffff8, 0x00000000ef600000| 99%| O|  |TAMS 0x00000000ef500000| PB 0x00000000ef5ffff8| Untracked 
| 758|0x00000000ef600000, 0x00000000ef6fffe8, 0x00000000ef700000| 99%| O|  |TAMS 0x00000000ef600000| PB 0x00000000ef6fffe8| Untracked 
| 759|0x00000000ef700000, 0x00000000ef7fff78, 0x00000000ef800000| 99%| O|  |TAMS 0x00000000ef700000| PB 0x00000000ef7fff78| Untracked 
| 760|0x00000000ef800000, 0x00000000ef8fffe0, 0x00000000ef900000| 99%| O|  |TAMS 0x00000000ef800000| PB 0x00000000ef8fffe0| Untracked 
| 761|0x00000000ef900000, 0x00000000ef9fff68, 0x00000000efa00000| 99%| O|  |TAMS 0x00000000ef900000| PB 0x00000000ef9fff68| Untracked 
| 762|0x00000000efa00000, 0x00000000efafffc0, 0x00000000efb00000| 99%| O|  |TAMS 0x00000000efa00000| PB 0x00000000efafffc0| Untracked 
| 763|0x00000000efb00000, 0x00000000efbfffe8, 0x00000000efc00000| 99%| O|  |TAMS 0x00000000efb00000| PB 0x00000000efbfffe8| Untracked 
| 764|0x00000000efc00000, 0x00000000efcffff8, 0x00000000efd00000| 99%| O|  |TAMS 0x00000000efc00000| PB 0x00000000efcffff8| Untracked 
| 765|0x00000000efd00000, 0x00000000efdffff8, 0x00000000efe00000| 99%| O|  |TAMS 0x00000000efd00000| PB 0x00000000efdffff8| Untracked 
| 766|0x00000000efe00000, 0x00000000efefff60, 0x00000000eff00000| 99%| O|  |TAMS 0x00000000efe00000| PB 0x00000000efefff60| Untracked 
| 767|0x00000000eff00000, 0x00000000effffff0, 0x00000000f0000000| 99%| O|  |TAMS 0x00000000eff00000| PB 0x00000000effffff0| Untracked 
| 768|0x00000000f0000000, 0x00000000f00ffff0, 0x00000000f0100000| 99%| O|  |TAMS 0x00000000f0000000| PB 0x00000000f00ffff0| Untracked 
| 769|0x00000000f0100000, 0x00000000f01ffff0, 0x00000000f0200000| 99%| O|  |TAMS 0x00000000f0100000| PB 0x00000000f01ffff0| Untracked 
| 770|0x00000000f0200000, 0x00000000f02ffff0, 0x00000000f0300000| 99%| O|  |TAMS 0x00000000f0200000| PB 0x00000000f02ffff0| Untracked 
| 771|0x00000000f0300000, 0x00000000f03fffc0, 0x00000000f0400000| 99%| O|  |TAMS 0x00000000f0300000| PB 0x00000000f03fffc0| Untracked 
| 772|0x00000000f0400000, 0x00000000f04fff78, 0x00000000f0500000| 99%| O|  |TAMS 0x00000000f0400000| PB 0x00000000f04fff78| Untracked 
| 773|0x00000000f0500000, 0x00000000f05fffc0, 0x00000000f0600000| 99%| O|  |TAMS 0x00000000f0500000| PB 0x00000000f05fffc0| Untracked 
| 774|0x00000000f0600000, 0x00000000f06ffff0, 0x00000000f0700000| 99%| O|  |TAMS 0x00000000f0600000| PB 0x00000000f06ffff0| Untracked 
| 775|0x00000000f0700000, 0x00000000f07ffff8, 0x00000000f0800000| 99%| O|  |TAMS 0x00000000f0700000| PB 0x00000000f07ffff8| Untracked 
| 776|0x00000000f0800000, 0x00000000f08ffff8, 0x00000000f0900000| 99%| O|  |TAMS 0x00000000f0800000| PB 0x00000000f08ffff8| Untracked 
| 777|0x00000000f0900000, 0x00000000f0a00000, 0x00000000f0a00000|100%| O|  |TAMS 0x00000000f0900000| PB 0x00000000f0a00000| Untracked 
| 778|0x00000000f0a00000, 0x00000000f0afff80, 0x00000000f0b00000| 99%| O|  |TAMS 0x00000000f0a00000| PB 0x00000000f0afff80| Untracked 
| 779|0x00000000f0b00000, 0x00000000f0bfffc0, 0x00000000f0c00000| 99%| O|  |TAMS 0x00000000f0b00000| PB 0x00000000f0bfffc0| Untracked 
| 780|0x00000000f0c00000, 0x00000000f0d00000, 0x00000000f0d00000|100%| O|  |TAMS 0x00000000f0c00000| PB 0x00000000f0d00000| Untracked 
| 781|0x00000000f0d00000, 0x00000000f0dffff8, 0x00000000f0e00000| 99%| O|  |TAMS 0x00000000f0d00000| PB 0x00000000f0dffff8| Untracked 
| 782|0x00000000f0e00000, 0x00000000f0effff8, 0x00000000f0f00000| 99%| O|  |TAMS 0x00000000f0e00000| PB 0x00000000f0effff8| Untracked 
| 783|0x00000000f0f00000, 0x00000000f0ffff60, 0x00000000f1000000| 99%| O|  |TAMS 0x00000000f0f00000| PB 0x00000000f0ffff60| Untracked 
| 784|0x00000000f1000000, 0x00000000f10fffa8, 0x00000000f1100000| 99%| O|  |TAMS 0x00000000f1000000| PB 0x00000000f10fffa8| Untracked 
| 785|0x00000000f1100000, 0x00000000f1200000, 0x00000000f1200000|100%| O|  |TAMS 0x00000000f1100000| PB 0x00000000f1200000| Untracked 
| 786|0x00000000f1200000, 0x00000000f12ffff0, 0x00000000f1300000| 99%| O|  |TAMS 0x00000000f1200000| PB 0x00000000f12ffff0| Untracked 
| 787|0x00000000f1300000, 0x00000000f13ffff0, 0x00000000f1400000| 99%| O|  |TAMS 0x00000000f1300000| PB 0x00000000f13ffff0| Untracked 
| 788|0x00000000f1400000, 0x00000000f1500000, 0x00000000f1500000|100%| O|  |TAMS 0x00000000f1400000| PB 0x00000000f1500000| Untracked 
| 789|0x00000000f1500000, 0x00000000f15ffff0, 0x00000000f1600000| 99%| O|  |TAMS 0x00000000f1500000| PB 0x00000000f15ffff0| Untracked 
| 790|0x00000000f1600000, 0x00000000f16fff80, 0x00000000f1700000| 99%| O|  |TAMS 0x00000000f1600000| PB 0x00000000f16fff80| Untracked 
| 791|0x00000000f1700000, 0x00000000f17fffc8, 0x00000000f1800000| 99%| O|  |TAMS 0x00000000f1700000| PB 0x00000000f17fffc8| Untracked 
| 792|0x00000000f1800000, 0x00000000f18fffe8, 0x00000000f1900000| 99%| O|  |TAMS 0x00000000f1800000| PB 0x00000000f18fffe8| Untracked 
| 793|0x00000000f1900000, 0x00000000f19fffd8, 0x00000000f1a00000| 99%| O|  |TAMS 0x00000000f1900000| PB 0x00000000f19fffd8| Untracked 
| 794|0x00000000f1a00000, 0x00000000f1afffa0, 0x00000000f1b00000| 99%| O|  |TAMS 0x00000000f1a00000| PB 0x00000000f1afffa0| Untracked 
| 795|0x00000000f1b00000, 0x00000000f1bfffc0, 0x00000000f1c00000| 99%| O|  |TAMS 0x00000000f1b00000| PB 0x00000000f1bfffc0| Untracked 
| 796|0x00000000f1c00000, 0x00000000f1cfffb8, 0x00000000f1d00000| 99%| O|  |TAMS 0x00000000f1c00000| PB 0x00000000f1cfffb8| Untracked 
| 797|0x00000000f1d00000, 0x00000000f1dffff8, 0x00000000f1e00000| 99%| O|  |TAMS 0x00000000f1d00000| PB 0x00000000f1dffff8| Untracked 
| 798|0x00000000f1e00000, 0x00000000f1efffc8, 0x00000000f1f00000| 99%| O|  |TAMS 0x00000000f1e00000| PB 0x00000000f1efffc8| Untracked 
| 799|0x00000000f1f00000, 0x00000000f1ffffa0, 0x00000000f2000000| 99%| O|  |TAMS 0x00000000f1f00000| PB 0x00000000f1ffffa0| Untracked 
| 800|0x00000000f2000000, 0x00000000f20fff70, 0x00000000f2100000| 99%| O|  |TAMS 0x00000000f2000000| PB 0x00000000f20fff70| Untracked 
| 801|0x00000000f2100000, 0x00000000f2200000, 0x00000000f2200000|100%| O|  |TAMS 0x00000000f2100000| PB 0x00000000f2200000| Untracked 
| 802|0x00000000f2200000, 0x00000000f22ffff0, 0x00000000f2300000| 99%| O|  |TAMS 0x00000000f2200000| PB 0x00000000f22ffff0| Untracked 
| 803|0x00000000f2300000, 0x00000000f2400000, 0x00000000f2400000|100%| O|  |TAMS 0x00000000f2300000| PB 0x00000000f2400000| Untracked 
| 804|0x00000000f2400000, 0x00000000f24ffff0, 0x00000000f2500000| 99%| O|  |TAMS 0x00000000f2400000| PB 0x00000000f24ffff0| Untracked 
| 805|0x00000000f2500000, 0x00000000f2600000, 0x00000000f2600000|100%| O|  |TAMS 0x00000000f2500000| PB 0x00000000f2600000| Untracked 
| 806|0x00000000f2600000, 0x00000000f26ffff8, 0x00000000f2700000| 99%| O|  |TAMS 0x00000000f2600000| PB 0x00000000f26ffff8| Untracked 
| 807|0x00000000f2700000, 0x00000000f27fff90, 0x00000000f2800000| 99%| O|  |TAMS 0x00000000f2700000| PB 0x00000000f27fff90| Untracked 
| 808|0x00000000f2800000, 0x00000000f28ffff0, 0x00000000f2900000| 99%| O|  |TAMS 0x00000000f2800000| PB 0x00000000f28ffff0| Untracked 
| 809|0x00000000f2900000, 0x00000000f2a00000, 0x00000000f2a00000|100%| O|  |TAMS 0x00000000f2900000| PB 0x00000000f2a00000| Untracked 
| 810|0x00000000f2a00000, 0x00000000f2b00000, 0x00000000f2b00000|100%| O|  |TAMS 0x00000000f2a00000| PB 0x00000000f2b00000| Untracked 
| 811|0x00000000f2b00000, 0x00000000f2bffff8, 0x00000000f2c00000| 99%| O|  |TAMS 0x00000000f2b00000| PB 0x00000000f2bffff8| Untracked 
| 812|0x00000000f2c00000, 0x00000000f2cfffd8, 0x00000000f2d00000| 99%| O|  |TAMS 0x00000000f2c00000| PB 0x00000000f2cfffd8| Untracked 
| 813|0x00000000f2d00000, 0x00000000f2e00000, 0x00000000f2e00000|100%| O|  |TAMS 0x00000000f2d00000| PB 0x00000000f2e00000| Untracked 
| 814|0x00000000f2e00000, 0x00000000f2effff8, 0x00000000f2f00000| 99%| O|  |TAMS 0x00000000f2e00000| PB 0x00000000f2effff8| Untracked 
| 815|0x00000000f2f00000, 0x00000000f2ffffe0, 0x00000000f3000000| 99%| O|  |TAMS 0x00000000f2f00000| PB 0x00000000f2ffffe0| Untracked 
| 816|0x00000000f3000000, 0x00000000f30fffb0, 0x00000000f3100000| 99%| O|  |TAMS 0x00000000f3000000| PB 0x00000000f30fffb0| Untracked 
| 817|0x00000000f3100000, 0x00000000f31ffff0, 0x00000000f3200000| 99%| O|  |TAMS 0x00000000f3100000| PB 0x00000000f31ffff0| Untracked 
| 818|0x00000000f3200000, 0x00000000f32ffff0, 0x00000000f3300000| 99%| O|  |TAMS 0x00000000f3200000| PB 0x00000000f32ffff0| Untracked 
| 819|0x00000000f3300000, 0x00000000f33fffd0, 0x00000000f3400000| 99%| O|  |TAMS 0x00000000f3300000| PB 0x00000000f33fffd0| Untracked 
| 820|0x00000000f3400000, 0x00000000f34ffff8, 0x00000000f3500000| 99%| O|  |TAMS 0x00000000f3400000| PB 0x00000000f34ffff8| Untracked 
| 821|0x00000000f3500000, 0x00000000f35fffa8, 0x00000000f3600000| 99%| O|  |TAMS 0x00000000f3500000| PB 0x00000000f35fffa8| Untracked 
| 822|0x00000000f3600000, 0x00000000f36fffb8, 0x00000000f3700000| 99%| O|  |TAMS 0x00000000f3600000| PB 0x00000000f36fffb8| Untracked 
| 823|0x00000000f3700000, 0x00000000f37ffff8, 0x00000000f3800000| 99%| O|  |TAMS 0x00000000f3700000| PB 0x00000000f37ffff8| Untracked 
| 824|0x00000000f3800000, 0x00000000f38fffe0, 0x00000000f3900000| 99%| O|  |TAMS 0x00000000f3800000| PB 0x00000000f38fffe0| Untracked 
| 825|0x00000000f3900000, 0x00000000f39ffff8, 0x00000000f3a00000| 99%| O|  |TAMS 0x00000000f3900000| PB 0x00000000f39ffff8| Untracked 
| 826|0x00000000f3a00000, 0x00000000f3afffe8, 0x00000000f3b00000| 99%| O|  |TAMS 0x00000000f3a00000| PB 0x00000000f3afffe8| Untracked 
| 827|0x00000000f3b00000, 0x00000000f3bffff0, 0x00000000f3c00000| 99%| O|  |TAMS 0x00000000f3b00000| PB 0x00000000f3bffff0| Untracked 
| 828|0x00000000f3c00000, 0x00000000f3cfffa8, 0x00000000f3d00000| 99%| O|  |TAMS 0x00000000f3c00000| PB 0x00000000f3cfffa8| Untracked 
| 829|0x00000000f3d00000, 0x00000000f3dfffe8, 0x00000000f3e00000| 99%| O|  |TAMS 0x00000000f3d00000| PB 0x00000000f3dfffe8| Untracked 
| 830|0x00000000f3e00000, 0x00000000f3f00000, 0x00000000f3f00000|100%| O|  |TAMS 0x00000000f3e00000| PB 0x00000000f3f00000| Untracked 
| 831|0x00000000f3f00000, 0x00000000f3fffff0, 0x00000000f4000000| 99%| O|  |TAMS 0x00000000f3f00000| PB 0x00000000f3fffff0| Untracked 
| 832|0x00000000f4000000, 0x00000000f40ffff8, 0x00000000f4100000| 99%| O|  |TAMS 0x00000000f4000000| PB 0x00000000f40ffff8| Untracked 
| 833|0x00000000f4100000, 0x00000000f41ffff8, 0x00000000f4200000| 99%| O|  |TAMS 0x00000000f4100000| PB 0x00000000f41ffff8| Untracked 
| 834|0x00000000f4200000, 0x00000000f42fff58, 0x00000000f4300000| 99%| O|  |TAMS 0x00000000f4200000| PB 0x00000000f42fff58| Untracked 
| 835|0x00000000f4300000, 0x00000000f43ffff8, 0x00000000f4400000| 99%| O|  |TAMS 0x00000000f4300000| PB 0x00000000f43ffff8| Untracked 
| 836|0x00000000f4400000, 0x00000000f44fffe8, 0x00000000f4500000| 99%| O|  |TAMS 0x00000000f4400000| PB 0x00000000f44fffe8| Untracked 
| 837|0x00000000f4500000, 0x00000000f45ffff0, 0x00000000f4600000| 99%| O|  |TAMS 0x00000000f4500000| PB 0x00000000f45ffff0| Untracked 
| 838|0x00000000f4600000, 0x00000000f46ffff0, 0x00000000f4700000| 99%| O|  |TAMS 0x00000000f4600000| PB 0x00000000f46ffff0| Untracked 
| 839|0x00000000f4700000, 0x00000000f4800000, 0x00000000f4800000|100%| O|  |TAMS 0x00000000f4700000| PB 0x00000000f4800000| Untracked 
| 840|0x00000000f4800000, 0x00000000f4900000, 0x00000000f4900000|100%| O|  |TAMS 0x00000000f4800000| PB 0x00000000f4900000| Untracked 
| 841|0x00000000f4900000, 0x00000000f49ffff8, 0x00000000f4a00000| 99%| O|  |TAMS 0x00000000f4900000| PB 0x00000000f49ffff8| Untracked 
| 842|0x00000000f4a00000, 0x00000000f4b00000, 0x00000000f4b00000|100%| O|  |TAMS 0x00000000f4a00000| PB 0x00000000f4b00000| Untracked 
| 843|0x00000000f4b00000, 0x00000000f4bfffb0, 0x00000000f4c00000| 99%| O|  |TAMS 0x00000000f4b00000| PB 0x00000000f4bfffb0| Untracked 
| 844|0x00000000f4c00000, 0x00000000f4d00000, 0x00000000f4d00000|100%| O|  |TAMS 0x00000000f4c00000| PB 0x00000000f4d00000| Untracked 
| 845|0x00000000f4d00000, 0x00000000f4dfff60, 0x00000000f4e00000| 99%| O|  |TAMS 0x00000000f4d00000| PB 0x00000000f4dfff60| Untracked 
| 846|0x00000000f4e00000, 0x00000000f4f00000, 0x00000000f4f00000|100%| O|  |TAMS 0x00000000f4e00000| PB 0x00000000f4f00000| Untracked 
| 847|0x00000000f4f00000, 0x00000000f4ffffb8, 0x00000000f5000000| 99%| O|  |TAMS 0x00000000f4f00000| PB 0x00000000f4ffffb8| Untracked 
| 848|0x00000000f5000000, 0x00000000f5100000, 0x00000000f5100000|100%| O|  |TAMS 0x00000000f5000000| PB 0x00000000f5100000| Untracked 
| 849|0x00000000f5100000, 0x00000000f51fffb8, 0x00000000f5200000| 99%| O|  |TAMS 0x00000000f5100000| PB 0x00000000f51fffb8| Untracked 
| 850|0x00000000f5200000, 0x00000000f52fffd0, 0x00000000f5300000| 99%| O|  |TAMS 0x00000000f5200000| PB 0x00000000f52fffd0| Untracked 
| 851|0x00000000f5300000, 0x00000000f53ffff8, 0x00000000f5400000| 99%| O|  |TAMS 0x00000000f5300000| PB 0x00000000f53ffff8| Untracked 
| 852|0x00000000f5400000, 0x00000000f54fffd8, 0x00000000f5500000| 99%| O|  |TAMS 0x00000000f5400000| PB 0x00000000f54fffd8| Untracked 
| 853|0x00000000f5500000, 0x00000000f55fffb0, 0x00000000f5600000| 99%| O|  |TAMS 0x00000000f5500000| PB 0x00000000f55fffb0| Untracked 
| 854|0x00000000f5600000, 0x00000000f56fffe0, 0x00000000f5700000| 99%| O|  |TAMS 0x00000000f5600000| PB 0x00000000f56fffe0| Untracked 
| 855|0x00000000f5700000, 0x00000000f57fffa8, 0x00000000f5800000| 99%| O|  |TAMS 0x00000000f5700000| PB 0x00000000f57fffa8| Untracked 
| 856|0x00000000f5800000, 0x00000000f58fff50, 0x00000000f5900000| 99%| O|  |TAMS 0x00000000f5800000| PB 0x00000000f58fff50| Untracked 
| 857|0x00000000f5900000, 0x00000000f59fff68, 0x00000000f5a00000| 99%| O|  |TAMS 0x00000000f5900000| PB 0x00000000f59fff68| Untracked 
| 858|0x00000000f5a00000, 0x00000000f5b00000, 0x00000000f5b00000|100%| O|  |TAMS 0x00000000f5a00000| PB 0x00000000f5b00000| Untracked 
| 859|0x00000000f5b00000, 0x00000000f5bfffe0, 0x00000000f5c00000| 99%| O|  |TAMS 0x00000000f5b00000| PB 0x00000000f5bfffe0| Untracked 
| 860|0x00000000f5c00000, 0x00000000f5d00000, 0x00000000f5d00000|100%| O|  |TAMS 0x00000000f5c00000| PB 0x00000000f5d00000| Untracked 
| 861|0x00000000f5d00000, 0x00000000f5dfffb8, 0x00000000f5e00000| 99%| O|  |TAMS 0x00000000f5d00000| PB 0x00000000f5dfffb8| Untracked 
| 862|0x00000000f5e00000, 0x00000000f5effff8, 0x00000000f5f00000| 99%| O|  |TAMS 0x00000000f5e00000| PB 0x00000000f5effff8| Untracked 
| 863|0x00000000f5f00000, 0x00000000f6000000, 0x00000000f6000000|100%| O|  |TAMS 0x00000000f5f00000| PB 0x00000000f6000000| Untracked 
| 864|0x00000000f6000000, 0x00000000f60fffc0, 0x00000000f6100000| 99%| O|  |TAMS 0x00000000f6000000| PB 0x00000000f60fffc0| Untracked 
| 865|0x00000000f6100000, 0x00000000f61fff90, 0x00000000f6200000| 99%| O|  |TAMS 0x00000000f6100000| PB 0x00000000f61fff90| Untracked 
| 866|0x00000000f6200000, 0x00000000f62fff38, 0x00000000f6300000| 99%| O|  |TAMS 0x00000000f6200000| PB 0x00000000f62fff38| Untracked 
| 867|0x00000000f6300000, 0x00000000f63fff98, 0x00000000f6400000| 99%| O|  |TAMS 0x00000000f6300000| PB 0x00000000f63fff98| Untracked 
| 868|0x00000000f6400000, 0x00000000f64ffff8, 0x00000000f6500000| 99%| O|  |TAMS 0x00000000f6400000| PB 0x00000000f64ffff8| Untracked 
| 869|0x00000000f6500000, 0x00000000f6600000, 0x00000000f6600000|100%| O|  |TAMS 0x00000000f6500000| PB 0x00000000f6600000| Untracked 
| 870|0x00000000f6600000, 0x00000000f66fffd8, 0x00000000f6700000| 99%| O|  |TAMS 0x00000000f6600000| PB 0x00000000f66fffd8| Untracked 
| 871|0x00000000f6700000, 0x00000000f67ffd80, 0x00000000f6800000| 99%| O|  |TAMS 0x00000000f6700000| PB 0x00000000f67ffd80| Untracked 
| 872|0x00000000f6800000, 0x00000000f68fff90, 0x00000000f6900000| 99%| O|  |TAMS 0x00000000f6800000| PB 0x00000000f68fff90| Untracked 
| 873|0x00000000f6900000, 0x00000000f69ffff8, 0x00000000f6a00000| 99%| O|  |TAMS 0x00000000f6900000| PB 0x00000000f69ffff8| Untracked 
| 874|0x00000000f6a00000, 0x00000000f6b00000, 0x00000000f6b00000|100%| O|  |TAMS 0x00000000f6a00000| PB 0x00000000f6b00000| Untracked 
| 875|0x00000000f6b00000, 0x00000000f6bffff8, 0x00000000f6c00000| 99%| O|  |TAMS 0x00000000f6b00000| PB 0x00000000f6bffff8| Untracked 
| 876|0x00000000f6c00000, 0x00000000f6cfff80, 0x00000000f6d00000| 99%| O|  |TAMS 0x00000000f6c00000| PB 0x00000000f6cfff80| Untracked 
| 877|0x00000000f6d00000, 0x00000000f6dfff58, 0x00000000f6e00000| 99%| O|  |TAMS 0x00000000f6d00000| PB 0x00000000f6dfff58| Untracked 
| 878|0x00000000f6e00000, 0x00000000f6effff8, 0x00000000f6f00000| 99%| O|  |TAMS 0x00000000f6e00000| PB 0x00000000f6effff8| Untracked 
| 879|0x00000000f6f00000, 0x00000000f6fffff8, 0x00000000f7000000| 99%| O|  |TAMS 0x00000000f6f00000| PB 0x00000000f6fffff8| Untracked 
| 880|0x00000000f7000000, 0x00000000f70ffff8, 0x00000000f7100000| 99%| O|  |TAMS 0x00000000f7000000| PB 0x00000000f70ffff8| Untracked 
| 881|0x00000000f7100000, 0x00000000f71fffe8, 0x00000000f7200000| 99%| O|  |TAMS 0x00000000f7100000| PB 0x00000000f71fffe8| Untracked 
| 882|0x00000000f7200000, 0x00000000f7300000, 0x00000000f7300000|100%| O|  |TAMS 0x00000000f7200000| PB 0x00000000f7300000| Untracked 
| 883|0x00000000f7300000, 0x00000000f73ffff0, 0x00000000f7400000| 99%| O|  |TAMS 0x00000000f7300000| PB 0x00000000f73ffff0| Untracked 
| 884|0x00000000f7400000, 0x00000000f74ffff0, 0x00000000f7500000| 99%| O|  |TAMS 0x00000000f7400000| PB 0x00000000f74ffff0| Untracked 
| 885|0x00000000f7500000, 0x00000000f75fff38, 0x00000000f7600000| 99%| O|  |TAMS 0x00000000f7500000| PB 0x00000000f75fff38| Untracked 
| 886|0x00000000f7600000, 0x00000000f76fffe0, 0x00000000f7700000| 99%| O|  |TAMS 0x00000000f7600000| PB 0x00000000f76fffe0| Untracked 
| 887|0x00000000f7700000, 0x00000000f77ffff0, 0x00000000f7800000| 99%| O|  |TAMS 0x00000000f7700000| PB 0x00000000f77ffff0| Untracked 
| 888|0x00000000f7800000, 0x00000000f78fffe0, 0x00000000f7900000| 99%| O|  |TAMS 0x00000000f7800000| PB 0x00000000f78fffe0| Untracked 
| 889|0x00000000f7900000, 0x00000000f79ffff0, 0x00000000f7a00000| 99%| O|  |TAMS 0x00000000f7900000| PB 0x00000000f79ffff0| Untracked 
| 890|0x00000000f7a00000, 0x00000000f7afff60, 0x00000000f7b00000| 99%| O|  |TAMS 0x00000000f7a00000| PB 0x00000000f7afff60| Untracked 
| 891|0x00000000f7b00000, 0x00000000f7c00000, 0x00000000f7c00000|100%| O|  |TAMS 0x00000000f7b00000| PB 0x00000000f7c00000| Untracked 
| 892|0x00000000f7c00000, 0x00000000f7cfffc0, 0x00000000f7d00000| 99%| O|  |TAMS 0x00000000f7c00000| PB 0x00000000f7cfffc0| Untracked 
| 893|0x00000000f7d00000, 0x00000000f7dffff8, 0x00000000f7e00000| 99%| O|  |TAMS 0x00000000f7d00000| PB 0x00000000f7dffff8| Untracked 
| 894|0x00000000f7e00000, 0x00000000f7efffb8, 0x00000000f7f00000| 99%| O|  |TAMS 0x00000000f7e00000| PB 0x00000000f7efffb8| Untracked 
| 895|0x00000000f7f00000, 0x00000000f7fffff8, 0x00000000f8000000| 99%| O|  |TAMS 0x00000000f7f00000| PB 0x00000000f7fffff8| Untracked 
| 896|0x00000000f8000000, 0x00000000f80fffc8, 0x00000000f8100000| 99%| O|  |TAMS 0x00000000f8000000| PB 0x00000000f80fffc8| Untracked 
| 897|0x00000000f8100000, 0x00000000f81ffff8, 0x00000000f8200000| 99%| O|  |TAMS 0x00000000f8100000| PB 0x00000000f81ffff8| Untracked 
| 898|0x00000000f8200000, 0x00000000f8300000, 0x00000000f8300000|100%| O|  |TAMS 0x00000000f8200000| PB 0x00000000f8300000| Untracked 
| 899|0x00000000f8300000, 0x00000000f83ffff8, 0x00000000f8400000| 99%| O|  |TAMS 0x00000000f8300000| PB 0x00000000f83ffff8| Untracked 
| 900|0x00000000f8400000, 0x00000000f84fff50, 0x00000000f8500000| 99%| O|  |TAMS 0x00000000f8400000| PB 0x00000000f84fff50| Untracked 
| 901|0x00000000f8500000, 0x00000000f85fffa8, 0x00000000f8600000| 99%| O|  |TAMS 0x00000000f8500000| PB 0x00000000f85fffa8| Untracked 
| 902|0x00000000f8600000, 0x00000000f86fffb0, 0x00000000f8700000| 99%| O|  |TAMS 0x00000000f8600000| PB 0x00000000f86fffb0| Untracked 
| 903|0x00000000f8700000, 0x00000000f8800000, 0x00000000f8800000|100%| O|  |TAMS 0x00000000f8700000| PB 0x00000000f8800000| Untracked 
| 904|0x00000000f8800000, 0x00000000f88ffff0, 0x00000000f8900000| 99%| O|  |TAMS 0x00000000f8800000| PB 0x00000000f88ffff0| Untracked 
| 905|0x00000000f8900000, 0x00000000f89fffc8, 0x00000000f8a00000| 99%| O|  |TAMS 0x00000000f8900000| PB 0x00000000f89fffc8| Untracked 
| 906|0x00000000f8a00000, 0x00000000f8affff8, 0x00000000f8b00000| 99%| O|  |TAMS 0x00000000f8a00000| PB 0x00000000f8affff8| Untracked 
| 907|0x00000000f8b00000, 0x00000000f8c00000, 0x00000000f8c00000|100%| O|  |TAMS 0x00000000f8b00000| PB 0x00000000f8c00000| Untracked 
| 908|0x00000000f8c00000, 0x00000000f8cfffa0, 0x00000000f8d00000| 99%| O|  |TAMS 0x00000000f8c00000| PB 0x00000000f8cfffa0| Untracked 
| 909|0x00000000f8d00000, 0x00000000f8e00000, 0x00000000f8e00000|100%| O|  |TAMS 0x00000000f8d00000| PB 0x00000000f8e00000| Untracked 
| 910|0x00000000f8e00000, 0x00000000f8effff0, 0x00000000f8f00000| 99%| O|  |TAMS 0x00000000f8e00000| PB 0x00000000f8effff0| Untracked 
| 911|0x00000000f8f00000, 0x00000000f9000000, 0x00000000f9000000|100%| O|  |TAMS 0x00000000f8f00000| PB 0x00000000f9000000| Untracked 
| 912|0x00000000f9000000, 0x00000000f90ffff8, 0x00000000f9100000| 99%| O|  |TAMS 0x00000000f9000000| PB 0x00000000f90ffff8| Untracked 
| 913|0x00000000f9100000, 0x00000000f9200000, 0x00000000f9200000|100%| O|  |TAMS 0x00000000f9100000| PB 0x00000000f9200000| Untracked 
| 914|0x00000000f9200000, 0x00000000f92ffff0, 0x00000000f9300000| 99%| O|  |TAMS 0x00000000f9200000| PB 0x00000000f92ffff0| Untracked 
| 915|0x00000000f9300000, 0x00000000f93fffd0, 0x00000000f9400000| 99%| O|  |TAMS 0x00000000f9300000| PB 0x00000000f93fffd0| Untracked 
| 916|0x00000000f9400000, 0x00000000f94ffff0, 0x00000000f9500000| 99%| O|  |TAMS 0x00000000f9400000| PB 0x00000000f94ffff0| Untracked 
| 917|0x00000000f9500000, 0x00000000f95fff90, 0x00000000f9600000| 99%| O|  |TAMS 0x00000000f9500000| PB 0x00000000f95fff90| Untracked 
| 918|0x00000000f9600000, 0x00000000f96fffd8, 0x00000000f9700000| 99%| O|  |TAMS 0x00000000f9600000| PB 0x00000000f96fffd8| Untracked 
| 919|0x00000000f9700000, 0x00000000f97fff90, 0x00000000f9800000| 99%| O|  |TAMS 0x00000000f9700000| PB 0x00000000f97fff90| Untracked 
| 920|0x00000000f9800000, 0x00000000f98fffe8, 0x00000000f9900000| 99%| O|  |TAMS 0x00000000f9800000| PB 0x00000000f98fffe8| Untracked 
| 921|0x00000000f9900000, 0x00000000f99fff68, 0x00000000f9a00000| 99%| O|  |TAMS 0x00000000f9900000| PB 0x00000000f99fff68| Untracked 
| 922|0x00000000f9a00000, 0x00000000f9b00000, 0x00000000f9b00000|100%| O|  |TAMS 0x00000000f9a00000| PB 0x00000000f9b00000| Untracked 
| 923|0x00000000f9b00000, 0x00000000f9bffff0, 0x00000000f9c00000| 99%| O|  |TAMS 0x00000000f9b00000| PB 0x00000000f9bffff0| Untracked 
| 924|0x00000000f9c00000, 0x00000000f9cfffe0, 0x00000000f9d00000| 99%| O|  |TAMS 0x00000000f9c00000| PB 0x00000000f9cfffe0| Untracked 
| 925|0x00000000f9d00000, 0x00000000f9dfffa0, 0x00000000f9e00000| 99%| O|  |TAMS 0x00000000f9d00000| PB 0x00000000f9dfffa0| Untracked 
| 926|0x00000000f9e00000, 0x00000000f9efff58, 0x00000000f9f00000| 99%| O|  |TAMS 0x00000000f9e00000| PB 0x00000000f9efff58| Untracked 
| 927|0x00000000f9f00000, 0x00000000f9fffff0, 0x00000000fa000000| 99%| O|  |TAMS 0x00000000f9f00000| PB 0x00000000f9fffff0| Untracked 
| 928|0x00000000fa000000, 0x00000000fa0fffa0, 0x00000000fa100000| 99%| O|  |TAMS 0x00000000fa000000| PB 0x00000000fa0fffa0| Untracked 
| 929|0x00000000fa100000, 0x00000000fa1ffff0, 0x00000000fa200000| 99%| O|  |TAMS 0x00000000fa100000| PB 0x00000000fa1ffff0| Untracked 
| 930|0x00000000fa200000, 0x00000000fa2ffff8, 0x00000000fa300000| 99%| O|  |TAMS 0x00000000fa200000| PB 0x00000000fa2ffff8| Untracked 
| 931|0x00000000fa300000, 0x00000000fa400000, 0x00000000fa400000|100%| O|  |TAMS 0x00000000fa300000| PB 0x00000000fa400000| Untracked 
| 932|0x00000000fa400000, 0x00000000fa4fffe8, 0x00000000fa500000| 99%| O|  |TAMS 0x00000000fa400000| PB 0x00000000fa4fffe8| Untracked 
| 933|0x00000000fa500000, 0x00000000fa5fff60, 0x00000000fa600000| 99%| O|  |TAMS 0x00000000fa500000| PB 0x00000000fa5fff60| Untracked 
| 934|0x00000000fa600000, 0x00000000fa6fffe0, 0x00000000fa700000| 99%| O|  |TAMS 0x00000000fa600000| PB 0x00000000fa6fffe0| Untracked 
| 935|0x00000000fa700000, 0x00000000fa7ffff8, 0x00000000fa800000| 99%| O|  |TAMS 0x00000000fa700000| PB 0x00000000fa7ffff8| Untracked 
| 936|0x00000000fa800000, 0x00000000fa8fffb8, 0x00000000fa900000| 99%| O|  |TAMS 0x00000000fa800000| PB 0x00000000fa8fffb8| Untracked 
| 937|0x00000000fa900000, 0x00000000fa9fffd8, 0x00000000faa00000| 99%| O|  |TAMS 0x00000000fa900000| PB 0x00000000fa9fffd8| Untracked 
| 938|0x00000000faa00000, 0x00000000faafff90, 0x00000000fab00000| 99%| O|  |TAMS 0x00000000faa00000| PB 0x00000000faafff90| Untracked 
| 939|0x00000000fab00000, 0x00000000fabffff8, 0x00000000fac00000| 99%| O|  |TAMS 0x00000000fab00000| PB 0x00000000fabffff8| Untracked 
| 940|0x00000000fac00000, 0x00000000facfff48, 0x00000000fad00000| 99%| O|  |TAMS 0x00000000fac00000| PB 0x00000000facfff48| Untracked 
| 941|0x00000000fad00000, 0x00000000fae00000, 0x00000000fae00000|100%| O|  |TAMS 0x00000000fad00000| PB 0x00000000fae00000| Untracked 
| 942|0x00000000fae00000, 0x00000000faf00000, 0x00000000faf00000|100%| O|  |TAMS 0x00000000fae00000| PB 0x00000000faf00000| Untracked 
| 943|0x00000000faf00000, 0x00000000fafffff8, 0x00000000fb000000| 99%| O|  |TAMS 0x00000000faf00000| PB 0x00000000fafffff8| Untracked 
| 944|0x00000000fb000000, 0x00000000fb0fffe8, 0x00000000fb100000| 99%| O|  |TAMS 0x00000000fb000000| PB 0x00000000fb0fffe8| Untracked 
| 945|0x00000000fb100000, 0x00000000fb1ffff8, 0x00000000fb200000| 99%| O|  |TAMS 0x00000000fb100000| PB 0x00000000fb1ffff8| Untracked 
| 946|0x00000000fb200000, 0x00000000fb2fff50, 0x00000000fb300000| 99%| O|  |TAMS 0x00000000fb200000| PB 0x00000000fb2fff50| Untracked 
| 947|0x00000000fb300000, 0x00000000fb3fff48, 0x00000000fb400000| 99%| O|  |TAMS 0x00000000fb300000| PB 0x00000000fb3fff48| Untracked 
| 948|0x00000000fb400000, 0x00000000fb4fff58, 0x00000000fb500000| 99%| O|  |TAMS 0x00000000fb400000| PB 0x00000000fb4fff58| Untracked 
| 949|0x00000000fb500000, 0x00000000fb5ffff0, 0x00000000fb600000| 99%| O|  |TAMS 0x00000000fb500000| PB 0x00000000fb5ffff0| Untracked 
| 950|0x00000000fb600000, 0x00000000fb6fff50, 0x00000000fb700000| 99%| O|  |TAMS 0x00000000fb600000| PB 0x00000000fb6fff50| Untracked 
| 951|0x00000000fb700000, 0x00000000fb7fffc0, 0x00000000fb800000| 99%| O|  |TAMS 0x00000000fb700000| PB 0x00000000fb7fffc0| Untracked 
| 952|0x00000000fb800000, 0x00000000fb8ffff8, 0x00000000fb900000| 99%| O|  |TAMS 0x00000000fb800000| PB 0x00000000fb8ffff8| Untracked 
| 953|0x00000000fb900000, 0x00000000fba00000, 0x00000000fba00000|100%| O|  |TAMS 0x00000000fb900000| PB 0x00000000fba00000| Untracked 
| 954|0x00000000fba00000, 0x00000000fbb00000, 0x00000000fbb00000|100%| O|  |TAMS 0x00000000fba00000| PB 0x00000000fbb00000| Untracked 
| 955|0x00000000fbb00000, 0x00000000fbbfffe0, 0x00000000fbc00000| 99%| O|  |TAMS 0x00000000fbb00000| PB 0x00000000fbbfffe0| Untracked 
| 956|0x00000000fbc00000, 0x00000000fbcfff78, 0x00000000fbd00000| 99%| O|  |TAMS 0x00000000fbc00000| PB 0x00000000fbcfff78| Untracked 
| 957|0x00000000fbd00000, 0x00000000fbdfff28, 0x00000000fbe00000| 99%| O|  |TAMS 0x00000000fbd00000| PB 0x00000000fbdfff28| Untracked 
| 958|0x00000000fbe00000, 0x00000000fbeffff0, 0x00000000fbf00000| 99%| O|  |TAMS 0x00000000fbe00000| PB 0x00000000fbeffff0| Untracked 
| 959|0x00000000fbf00000, 0x00000000fbffff58, 0x00000000fc000000| 99%| O|  |TAMS 0x00000000fbf00000| PB 0x00000000fbffff58| Untracked 
| 960|0x00000000fc000000, 0x00000000fc0fff28, 0x00000000fc100000| 99%| O|  |TAMS 0x00000000fc000000| PB 0x00000000fc0fff28| Untracked 
| 961|0x00000000fc100000, 0x00000000fc1fffc0, 0x00000000fc200000| 99%| O|  |TAMS 0x00000000fc100000| PB 0x00000000fc1fffc0| Untracked 
| 962|0x00000000fc200000, 0x00000000fc300000, 0x00000000fc300000|100%| O|  |TAMS 0x00000000fc200000| PB 0x00000000fc300000| Untracked 
| 963|0x00000000fc300000, 0x00000000fc400000, 0x00000000fc400000|100%| O|  |TAMS 0x00000000fc300000| PB 0x00000000fc400000| Untracked 
| 964|0x00000000fc400000, 0x00000000fc4fff90, 0x00000000fc500000| 99%| O|  |TAMS 0x00000000fc400000| PB 0x00000000fc4fff90| Untracked 
| 965|0x00000000fc500000, 0x00000000fc600000, 0x00000000fc600000|100%| O|  |TAMS 0x00000000fc500000| PB 0x00000000fc600000| Untracked 
| 966|0x00000000fc600000, 0x00000000fc6fff90, 0x00000000fc700000| 99%| O|  |TAMS 0x00000000fc600000| PB 0x00000000fc6fff90| Untracked 
| 967|0x00000000fc700000, 0x00000000fc7fffe8, 0x00000000fc800000| 99%| O|  |TAMS 0x00000000fc700000| PB 0x00000000fc7fffe8| Untracked 
| 968|0x00000000fc800000, 0x00000000fc8ffff0, 0x00000000fc900000| 99%| O|  |TAMS 0x00000000fc800000| PB 0x00000000fc8ffff0| Untracked 
| 969|0x00000000fc900000, 0x00000000fc9ffff8, 0x00000000fca00000| 99%| O|  |TAMS 0x00000000fc900000| PB 0x00000000fc9ffff8| Untracked 
| 970|0x00000000fca00000, 0x00000000fcafff80, 0x00000000fcb00000| 99%| O|  |TAMS 0x00000000fca00000| PB 0x00000000fcafff80| Untracked 
| 971|0x00000000fcb00000, 0x00000000fcc00000, 0x00000000fcc00000|100%| O|  |TAMS 0x00000000fcb00000| PB 0x00000000fcc00000| Untracked 
| 972|0x00000000fcc00000, 0x00000000fcd00000, 0x00000000fcd00000|100%| O|  |TAMS 0x00000000fcc00000| PB 0x00000000fcd00000| Untracked 
| 973|0x00000000fcd00000, 0x00000000fcdfff60, 0x00000000fce00000| 99%| O|  |TAMS 0x00000000fcd00000| PB 0x00000000fcdfff60| Untracked 
| 974|0x00000000fce00000, 0x00000000fcf00000, 0x00000000fcf00000|100%| O|  |TAMS 0x00000000fce00000| PB 0x00000000fcf00000| Untracked 
| 975|0x00000000fcf00000, 0x00000000fcfffff8, 0x00000000fd000000| 99%| O|  |TAMS 0x00000000fcf00000| PB 0x00000000fcfffff8| Untracked 
| 976|0x00000000fd000000, 0x00000000fd0ffff8, 0x00000000fd100000| 99%| O|  |TAMS 0x00000000fd000000| PB 0x00000000fd0ffff8| Untracked 
| 977|0x00000000fd100000, 0x00000000fd1fffe8, 0x00000000fd200000| 99%| O|  |TAMS 0x00000000fd100000| PB 0x00000000fd1fffe8| Untracked 
| 978|0x00000000fd200000, 0x00000000fd300000, 0x00000000fd300000|100%| O|  |TAMS 0x00000000fd200000| PB 0x00000000fd300000| Untracked 
| 979|0x00000000fd300000, 0x00000000fd3fffd8, 0x00000000fd400000| 99%| O|  |TAMS 0x00000000fd300000| PB 0x00000000fd3fffd8| Untracked 
| 980|0x00000000fd400000, 0x00000000fd4ffff8, 0x00000000fd500000| 99%| O|  |TAMS 0x00000000fd400000| PB 0x00000000fd4ffff8| Untracked 
| 981|0x00000000fd500000, 0x00000000fd5ffff0, 0x00000000fd600000| 99%| O|  |TAMS 0x00000000fd500000| PB 0x00000000fd5ffff0| Untracked 
| 982|0x00000000fd600000, 0x00000000fd6ffff0, 0x00000000fd700000| 99%| O|  |TAMS 0x00000000fd600000| PB 0x00000000fd6ffff0| Untracked 
| 983|0x00000000fd700000, 0x00000000fd7ffff8, 0x00000000fd800000| 99%| O|  |TAMS 0x00000000fd700000| PB 0x00000000fd7ffff8| Untracked 
| 984|0x00000000fd800000, 0x00000000fd8ffff8, 0x00000000fd900000| 99%| O|  |TAMS 0x00000000fd800000| PB 0x00000000fd8ffff8| Untracked 
| 985|0x00000000fd900000, 0x00000000fda00000, 0x00000000fda00000|100%| O|  |TAMS 0x00000000fd900000| PB 0x00000000fda00000| Untracked 
| 986|0x00000000fda00000, 0x00000000fdaffff0, 0x00000000fdb00000| 99%| O|  |TAMS 0x00000000fda00000| PB 0x00000000fdaffff0| Untracked 
| 987|0x00000000fdb00000, 0x00000000fdbffff8, 0x00000000fdc00000| 99%| O|  |TAMS 0x00000000fdb00000| PB 0x00000000fdbffff8| Untracked 
| 988|0x00000000fdc00000, 0x00000000fdcffff0, 0x00000000fdd00000| 99%| O|  |TAMS 0x00000000fdc00000| PB 0x00000000fdcffff0| Untracked 
| 989|0x00000000fdd00000, 0x00000000fddfffe0, 0x00000000fde00000| 99%| O|  |TAMS 0x00000000fdd00000| PB 0x00000000fddfffe0| Untracked 
| 990|0x00000000fde00000, 0x00000000fdeffff8, 0x00000000fdf00000| 99%| O|  |TAMS 0x00000000fde00000| PB 0x00000000fdeffff8| Untracked 
| 991|0x00000000fdf00000, 0x00000000fdfffff8, 0x00000000fe000000| 99%| O|  |TAMS 0x00000000fdf00000| PB 0x00000000fdfffff8| Untracked 
| 992|0x00000000fe000000, 0x00000000fe0ffff0, 0x00000000fe100000| 99%| O|  |TAMS 0x00000000fe000000| PB 0x00000000fe0ffff0| Untracked 
| 993|0x00000000fe100000, 0x00000000fe1fffc8, 0x00000000fe200000| 99%| O|  |TAMS 0x00000000fe100000| PB 0x00000000fe1fffc8| Untracked 
| 994|0x00000000fe200000, 0x00000000fe2fff90, 0x00000000fe300000| 99%| O|  |TAMS 0x00000000fe200000| PB 0x00000000fe2fff90| Untracked 
| 995|0x00000000fe300000, 0x00000000fe3ffff0, 0x00000000fe400000| 99%| O|  |TAMS 0x00000000fe300000| PB 0x00000000fe3ffff0| Untracked 
| 996|0x00000000fe400000, 0x00000000fe4fffe8, 0x00000000fe500000| 99%| O|  |TAMS 0x00000000fe400000| PB 0x00000000fe4fffe8| Untracked 
| 997|0x00000000fe500000, 0x00000000fe600000, 0x00000000fe600000|100%| O|  |TAMS 0x00000000fe500000| PB 0x00000000fe600000| Untracked 
| 998|0x00000000fe600000, 0x00000000fe6ffff0, 0x00000000fe700000| 99%| O|  |TAMS 0x00000000fe600000| PB 0x00000000fe6ffff0| Untracked 
| 999|0x00000000fe700000, 0x00000000fe800000, 0x00000000fe800000|100%| O|  |TAMS 0x00000000fe700000| PB 0x00000000fe800000| Untracked 
|1000|0x00000000fe800000, 0x00000000fe900000, 0x00000000fe900000|100%| O|  |TAMS 0x00000000fe800000| PB 0x00000000fe900000| Untracked 
|1001|0x00000000fe900000, 0x00000000fe9fffd8, 0x00000000fea00000| 99%| O|  |TAMS 0x00000000fe900000| PB 0x00000000fe9fffd8| Untracked 
|1002|0x00000000fea00000, 0x00000000feafffb8, 0x00000000feb00000| 99%| O|  |TAMS 0x00000000fea00000| PB 0x00000000feafffb8| Untracked 
|1003|0x00000000feb00000, 0x00000000fec00000, 0x00000000fec00000|100%| O|  |TAMS 0x00000000feb00000| PB 0x00000000fec00000| Untracked 
|1004|0x00000000fec00000, 0x00000000fecffff0, 0x00000000fed00000| 99%| O|  |TAMS 0x00000000fec00000| PB 0x00000000fecffff0| Untracked 
|1005|0x00000000fed00000, 0x00000000fedffff0, 0x00000000fee00000| 99%| O|  |TAMS 0x00000000fed00000| PB 0x00000000fedffff0| Untracked 
|1006|0x00000000fee00000, 0x00000000feeffff0, 0x00000000fef00000| 99%| O|  |TAMS 0x00000000fee00000| PB 0x00000000feeffff0| Untracked 
|1007|0x00000000fef00000, 0x00000000fefffff8, 0x00000000ff000000| 99%| O|  |TAMS 0x00000000fef00000| PB 0x00000000fefffff8| Untracked 
|1008|0x00000000ff000000, 0x00000000ff0ffff8, 0x00000000ff100000| 99%| O|  |TAMS 0x00000000ff000000| PB 0x00000000ff0ffff8| Untracked 
|1009|0x00000000ff100000, 0x00000000ff1ffff8, 0x00000000ff200000| 99%| O|  |TAMS 0x00000000ff100000| PB 0x00000000ff1ffff8| Untracked 
|1010|0x00000000ff200000, 0x00000000ff300000, 0x00000000ff300000|100%| O|  |TAMS 0x00000000ff200000| PB 0x00000000ff300000| Untracked 
|1011|0x00000000ff300000, 0x00000000ff3ffff8, 0x00000000ff400000| 99%| O|  |TAMS 0x00000000ff300000| PB 0x00000000ff3ffff8| Untracked 
|1012|0x00000000ff400000, 0x00000000ff4fffc0, 0x00000000ff500000| 99%| O|  |TAMS 0x00000000ff400000| PB 0x00000000ff4fffc0| Untracked 
|1013|0x00000000ff500000, 0x00000000ff5ffff8, 0x00000000ff600000| 99%| O|  |TAMS 0x00000000ff500000| PB 0x00000000ff5ffff8| Untracked 
|1014|0x00000000ff600000, 0x00000000ff6fffa8, 0x00000000ff700000| 99%| O|  |TAMS 0x00000000ff600000| PB 0x00000000ff6fffa8| Untracked 
|1015|0x00000000ff700000, 0x00000000ff7ffff0, 0x00000000ff800000| 99%| O|  |TAMS 0x00000000ff700000| PB 0x00000000ff7ffff0| Untracked 
|1016|0x00000000ff800000, 0x00000000ff8fffe8, 0x00000000ff900000| 99%| O|  |TAMS 0x00000000ff800000| PB 0x00000000ff8fffe8| Untracked 
|1017|0x00000000ff900000, 0x00000000ff9fffe8, 0x00000000ffa00000| 99%| O|  |TAMS 0x00000000ff900000| PB 0x00000000ff9fffe8| Untracked 
|1018|0x00000000ffa00000, 0x00000000ffb00000, 0x00000000ffb00000|100%| O|  |TAMS 0x00000000ffa00000| PB 0x00000000ffb00000| Untracked 
|1019|0x00000000ffb00000, 0x00000000ffbfffe8, 0x00000000ffc00000| 99%| O|  |TAMS 0x00000000ffb00000| PB 0x00000000ffbfffe8| Untracked 
|1020|0x00000000ffc00000, 0x00000000ffcfffb8, 0x00000000ffd00000| 99%| O|  |TAMS 0x00000000ffc00000| PB 0x00000000ffcfffb8| Untracked 
|1021|0x00000000ffd00000, 0x00000000ffe00000, 0x00000000ffe00000|100%| O|  |TAMS 0x00000000ffd00000| PB 0x00000000ffe00000| Untracked 
|1022|0x00000000ffe00000, 0x00000000fff00000, 0x00000000fff00000|100%| O|  |TAMS 0x00000000ffe00000| PB 0x00000000fff00000| Untracked 
|1023|0x00000000fff00000, 0x00000000fff20f78, 0x0000000100000000| 12%| O|  |TAMS 0x00000000fff00000| PB 0x00000000fff20f78| Untracked 

Card table byte_map: [0x0000020879f80000,0x000002087a180000] _byte_map_base: 0x0000020879980000

Marking Bits: (CMBitMap*) 0x000002086f385e50
 Bits: [0x000002087a180000, 0x000002087b180000)

Polling page: 0x000002086f0f0000

Metaspace:

Usage:
  Non-class:     59.02 MB used.
      Class:      8.65 MB used.
       Both:     67.67 MB used.

Virtual space:
  Non-class space:       64.00 MB reserved,      59.94 MB ( 94%) committed,  1 nodes.
      Class space:        1.00 GB reserved,      10.25 MB (  1%) committed,  1 nodes.
             Both:        1.06 GB reserved,      70.19 MB (  6%) committed. 

Chunk freelists:
   Non-Class:  4.36 MB
       Class:  6.85 MB
        Both:  11.21 MB

MaxMetaspaceSize: unlimited
CompressedClassSpaceSize: 1.00 GB
Initial GC threshold: 21.00 MB
Current GC threshold: 117.00 MB
CDS: on
 - commit_granule_bytes: 65536.
 - commit_granule_words: 8192.
 - virtual_space_node_default_size: 8388608.
 - enlarge_chunks_in_place: 1.
 - use_allocation_guard: 0.


Internal statistics:

num_allocs_failed_limit: 9.
num_arena_births: 5102.
num_arena_deaths: 3606.
num_vsnodes_births: 2.
num_vsnodes_deaths: 0.
num_space_committed: 1123.
num_space_uncommitted: 0.
num_chunks_returned_to_freelist: 4389.
num_chunks_taken_from_freelist: 9432.
num_chunk_merges: 1387.
num_chunk_splits: 5265.
num_chunks_enlarged: 2964.
num_inconsistent_stats: 0.

CodeHeap 'non-profiled nmethods': size=119168Kb used=1583Kb max_used=11276Kb free=117584Kb
 bounds [0x0000020807ba0000, 0x00000208086b0000, 0x000002080f000000]
CodeHeap 'profiled nmethods': size=119104Kb used=896Kb max_used=21780Kb free=118207Kb
 bounds [0x0000020800000000, 0x00000208015b0000, 0x0000020807450000]
CodeHeap 'non-nmethods': size=7488Kb used=2034Kb max_used=3825Kb free=5453Kb
 bounds [0x0000020807450000, 0x0000020807820000, 0x0000020807ba0000]
 total_blobs=1899 nmethods=1123 adapters=679
 compilation: enabled
              stopped_count=0, restarted_count=0
 full_count=0

Compilation events (20 events):
Event: 17158.450 Thread 0x000002087e52aab0 18679       4       java.util.stream.FindOps$FindSink$OfRef$$Lambda/0x80000004e::get (8 bytes)
Event: 17158.451 Thread 0x000002087e52aab0 nmethod 18679 0x0000020807c69810 code [0x0000020807c699a0, 0x0000020807c69a88]
Event: 17176.445 Thread 0x000002087e52aab0 18680       4       java.util.stream.StreamOpFlag::isKnown (19 bytes)
Event: 17176.445 Thread 0x000002087e52aab0 nmethod 18680 0x0000020807c6bf10 code [0x0000020807c6c0a0, 0x0000020807c6c138]
Event: 17186.452 Thread 0x000002087e52aab0 18681       4       java.util.stream.AbstractPipeline::copyInto (54 bytes)
Event: 17186.456 Thread 0x000002087e52aab0 nmethod 18681 0x0000020807e19a10 code [0x0000020807e19c20, 0x0000020807e1a038]
Event: 17196.458 Thread 0x000002087e52aab0 18682       4       java.util.stream.AbstractPipeline::wrapAndCopyInto (18 bytes)
Event: 17196.463 Thread 0x000002087e52aab0 nmethod 18682 0x0000020807bc0b10 code [0x0000020807bc0d40, 0x0000020807bc1280]
Event: 17242.456 Thread 0x000002087e52aab0 18683       4       java.util.stream.FindOps$FindOp::evaluateSequential (39 bytes)
Event: 17242.458 Thread 0x000002087e52aab0 nmethod 18683 0x0000020807c9d990 code [0x0000020807c9db80, 0x0000020807c9dfc0]
Event: 17252.457 Thread 0x000002087e52b680 18684       1       java.util.stream.FindOps$FindOp::getOpFlags (5 bytes)
Event: 17252.457 Thread 0x000002087e52b680 nmethod 18684 0x0000020807c72710 code [0x0000020807c728a0, 0x0000020807c72968]
Event: 17301.643 Thread 0x000002087e52aab0 18685       4       java.util.LinkedHashMap$LinkedHashIterator::hasNext (13 bytes)
Event: 17301.643 Thread 0x000002087e52aab0 nmethod 18685 0x0000020807c89e90 code [0x0000020807c8a020, 0x0000020807c8a0b0]
Event: 17315.452 Thread 0x000002087e52aab0 18686       4       org.gradle.internal.time.MonotonicClock::getCurrentTime (70 bytes)
Event: 17315.456 Thread 0x000002087e52aab0 nmethod 18686 0x0000020807bb9310 code [0x0000020807bb9500, 0x0000020807bb9910]
Event: 17356.390 Thread 0x000002087e52aab0 18687       4       java.lang.ref.Reference::clear (5 bytes)
Event: 17359.105 Thread 0x000002087e52aab0 nmethod 18687 0x0000020807c8a490 code [0x0000020807c8a620, 0x0000020807c8a6d0]
Event: 17439.390 Thread 0x000002087e52b680 18688       1       java.util.concurrent.locks.AbstractQueuedSynchronizer::getState (5 bytes)
Event: 17440.708 Thread 0x000002087e52b680 nmethod 18688 0x0000020807c8aa90 code [0x0000020807c8ac20, 0x0000020807c8ace8]

GC Heap History (20 events):
Event: 17511.665 GC heap after
{Heap after GC invocations=570 (full 277):
 garbage-first heap   total 1048576K, used 1047626K [0x00000000c0000000, 0x0000000100000000)
  region size 1024K, 0 young (0K), 0 survivors (0K)
 Metaspace       used 69294K, committed 71872K, reserved 1114112K
  class space    used 8853K, committed 10496K, reserved 1048576K
}
Event: 17511.665 GC heap before
{Heap before GC invocations=570 (full 277):
 garbage-first heap   total 1048576K, used 1047626K [0x00000000c0000000, 0x0000000100000000)
  region size 1024K, 0 young (0K), 0 survivors (0K)
 Metaspace       used 69294K, committed 71872K, reserved 1114112K
  class space    used 8853K, committed 10496K, reserved 1048576K
}
Event: 17512.355 GC heap after
{Heap after GC invocations=571 (full 278):
 garbage-first heap   total 1048576K, used 1047626K [0x00000000c0000000, 0x0000000100000000)
  region size 1024K, 0 young (0K), 0 survivors (0K)
 Metaspace       used 69294K, committed 71872K, reserved 1114112K
  class space    used 8853K, committed 10496K, reserved 1048576K
}
Event: 17512.355 GC heap before
{Heap before GC invocations=571 (full 278):
 garbage-first heap   total 1048576K, used 1047626K [0x00000000c0000000, 0x0000000100000000)
  region size 1024K, 0 young (0K), 0 survivors (0K)
 Metaspace       used 69294K, committed 71872K, reserved 1114112K
  class space    used 8853K, committed 10496K, reserved 1048576K
}
Event: 17512.356 GC heap after
{Heap after GC invocations=572 (full 278):
 garbage-first heap   total 1048576K, used 1047626K [0x00000000c0000000, 0x0000000100000000)
  region size 1024K, 0 young (0K), 0 survivors (0K)
 Metaspace       used 69294K, committed 71872K, reserved 1114112K
  class space    used 8853K, committed 10496K, reserved 1048576K
}
Event: 17512.356 GC heap before
{Heap before GC invocations=572 (full 278):
 garbage-first heap   total 1048576K, used 1047626K [0x00000000c0000000, 0x0000000100000000)
  region size 1024K, 0 young (0K), 0 survivors (0K)
 Metaspace       used 69294K, committed 71872K, reserved 1114112K
  class space    used 8853K, committed 10496K, reserved 1048576K
}
Event: 17512.980 GC heap after
{Heap after GC invocations=573 (full 279):
 garbage-first heap   total 1048576K, used 1047626K [0x00000000c0000000, 0x0000000100000000)
  region size 1024K, 0 young (0K), 0 survivors (0K)
 Metaspace       used 69294K, committed 71872K, reserved 1114112K
  class space    used 8853K, committed 10496K, reserved 1048576K
}
Event: 17512.980 GC heap before
{Heap before GC invocations=573 (full 279):
 garbage-first heap   total 1048576K, used 1047626K [0x00000000c0000000, 0x0000000100000000)
  region size 1024K, 0 young (0K), 0 survivors (0K)
 Metaspace       used 69294K, committed 71872K, reserved 1114112K
  class space    used 8853K, committed 10496K, reserved 1048576K
}
Event: 17513.690 GC heap after
{Heap after GC invocations=574 (full 280):
 garbage-first heap   total 1048576K, used 1047626K [0x00000000c0000000, 0x0000000100000000)
  region size 1024K, 0 young (0K), 0 survivors (0K)
 Metaspace       used 69294K, committed 71872K, reserved 1114112K
  class space    used 8853K, committed 10496K, reserved 1048576K
}
Event: 17513.690 GC heap before
{Heap before GC invocations=574 (full 280):
 garbage-first heap   total 1048576K, used 1047626K [0x00000000c0000000, 0x0000000100000000)
  region size 1024K, 0 young (0K), 0 survivors (0K)
 Metaspace       used 69294K, committed 71872K, reserved 1114112K
  class space    used 8853K, committed 10496K, reserved 1048576K
}
Event: 17513.691 GC heap after
{Heap after GC invocations=575 (full 280):
 garbage-first heap   total 1048576K, used 1047626K [0x00000000c0000000, 0x0000000100000000)
  region size 1024K, 0 young (0K), 0 survivors (0K)
 Metaspace       used 69294K, committed 71872K, reserved 1114112K
  class space    used 8853K, committed 10496K, reserved 1048576K
}
Event: 17513.691 GC heap before
{Heap before GC invocations=575 (full 280):
 garbage-first heap   total 1048576K, used 1047626K [0x00000000c0000000, 0x0000000100000000)
  region size 1024K, 0 young (0K), 0 survivors (0K)
 Metaspace       used 69294K, committed 71872K, reserved 1114112K
  class space    used 8853K, committed 10496K, reserved 1048576K
}
Event: 17514.316 GC heap after
{Heap after GC invocations=576 (full 281):
 garbage-first heap   total 1048576K, used 1047626K [0x00000000c0000000, 0x0000000100000000)
  region size 1024K, 0 young (0K), 0 survivors (0K)
 Metaspace       used 69294K, committed 71872K, reserved 1114112K
  class space    used 8853K, committed 10496K, reserved 1048576K
}
Event: 17514.316 GC heap before
{Heap before GC invocations=576 (full 281):
 garbage-first heap   total 1048576K, used 1047626K [0x00000000c0000000, 0x0000000100000000)
  region size 1024K, 0 young (0K), 0 survivors (0K)
 Metaspace       used 69294K, committed 71872K, reserved 1114112K
  class space    used 8853K, committed 10496K, reserved 1048576K
}
Event: 17515.010 GC heap after
{Heap after GC invocations=577 (full 282):
 garbage-first heap   total 1048576K, used 1047626K [0x00000000c0000000, 0x0000000100000000)
  region size 1024K, 0 young (0K), 0 survivors (0K)
 Metaspace       used 69294K, committed 71872K, reserved 1114112K
  class space    used 8853K, committed 10496K, reserved 1048576K
}
Event: 17515.010 GC heap before
{Heap before GC invocations=577 (full 282):
 garbage-first heap   total 1048576K, used 1047626K [0x00000000c0000000, 0x0000000100000000)
  region size 1024K, 0 young (0K), 0 survivors (0K)
 Metaspace       used 69294K, committed 71872K, reserved 1114112K
  class space    used 8853K, committed 10496K, reserved 1048576K
}
Event: 17515.011 GC heap after
{Heap after GC invocations=578 (full 282):
 garbage-first heap   total 1048576K, used 1047626K [0x00000000c0000000, 0x0000000100000000)
  region size 1024K, 0 young (0K), 0 survivors (0K)
 Metaspace       used 69294K, committed 71872K, reserved 1114112K
  class space    used 8853K, committed 10496K, reserved 1048576K
}
Event: 17515.011 GC heap before
{Heap before GC invocations=578 (full 282):
 garbage-first heap   total 1048576K, used 1047626K [0x00000000c0000000, 0x0000000100000000)
  region size 1024K, 0 young (0K), 0 survivors (0K)
 Metaspace       used 69294K, committed 71872K, reserved 1114112K
  class space    used 8853K, committed 10496K, reserved 1048576K
}
Event: 17515.655 GC heap after
{Heap after GC invocations=579 (full 283):
 garbage-first heap   total 1048576K, used 1047626K [0x00000000c0000000, 0x0000000100000000)
  region size 1024K, 0 young (0K), 0 survivors (0K)
 Metaspace       used 69294K, committed 71872K, reserved 1114112K
  class space    used 8853K, committed 10496K, reserved 1048576K
}
Event: 17515.655 GC heap before
{Heap before GC invocations=579 (full 283):
 garbage-first heap   total 1048576K, used 1047626K [0x00000000c0000000, 0x0000000100000000)
  region size 1024K, 0 young (0K), 0 survivors (0K)
 Metaspace       used 69294K, committed 71872K, reserved 1114112K
  class space    used 8853K, committed 10496K, reserved 1048576K
}

Dll operation events (15 events):
Event: 0.007 Loaded shared library C:\Program Files\Java\jdk-21.0.10\bin\java.dll
Event: 0.031 Loaded shared library C:\Program Files\Java\jdk-21.0.10\bin\jsvml.dll
Event: 0.058 Loaded shared library C:\Program Files\Java\jdk-21.0.10\bin\zip.dll
Event: 0.060 Loaded shared library C:\Program Files\Java\jdk-21.0.10\bin\instrument.dll
Event: 0.065 Loaded shared library C:\Program Files\Java\jdk-21.0.10\bin\net.dll
Event: 0.067 Loaded shared library C:\Program Files\Java\jdk-21.0.10\bin\nio.dll
Event: 0.069 Loaded shared library C:\Program Files\Java\jdk-21.0.10\bin\zip.dll
Event: 0.292 Loaded shared library C:\Program Files\Java\jdk-21.0.10\bin\jimage.dll
Event: 0.522 Loaded shared library C:\Program Files\Java\jdk-21.0.10\bin\verify.dll
Event: 0.550 Loaded shared library C:\Users\Travis\.gradle\native\660c5614fbf4a5f2a75b1949f50a0caf5cd603558e7d8a26e50b933a0cfb79d1\windows-amd64\native-platform.dll
Event: 0.557 Loaded shared library C:\Users\Travis\.gradle\native\0.2.8\x86_64-windows-gnu\gradle-fileevents.dll
Event: 1.416 Loaded shared library C:\Program Files\Java\jdk-21.0.10\bin\management.dll
Event: 1.418 Loaded shared library C:\Program Files\Java\jdk-21.0.10\bin\management_ext.dll
Event: 1.516 Loaded shared library C:\Program Files\Java\jdk-21.0.10\bin\extnet.dll
Event: 1.664 Loaded shared library C:\Program Files\Java\jdk-21.0.10\bin\sunmscapi.dll

Deoptimization events (20 events):
Event: 17488.188 Thread 0x000002087e766040 DEOPT PACKING pc=0x0000020808115dd0 sp=0x0000008c73aff3a0
Event: 17488.188 Thread 0x000002087e766040 DEOPT UNPACKING pc=0x00000208074a4e42 sp=0x0000008c73afe7c0 mode 1
Event: 17490.896 Thread 0x000002085964f0b0 DEOPT PACKING pc=0x00000208081142dc sp=0x0000008c759fee20
Event: 17490.896 Thread 0x000002085964f0b0 DEOPT UNPACKING pc=0x00000208074a4e42 sp=0x0000008c759fe2d0 mode 1
Event: 17493.610 Thread 0x000002087e766040 DEOPT PACKING pc=0x0000020808115dd0 sp=0x0000008c73aff3a0
Event: 17493.610 Thread 0x000002087e766040 DEOPT UNPACKING pc=0x00000208074a4e42 sp=0x0000008c73afe7c0 mode 1
Event: 17496.314 Thread 0x000002085964f0b0 DEOPT PACKING pc=0x00000208081142dc sp=0x0000008c759fee20
Event: 17496.314 Thread 0x000002085964f0b0 DEOPT UNPACKING pc=0x00000208074a4e42 sp=0x0000008c759fe2d0 mode 1
Event: 17499.072 Thread 0x000002087e766040 DEOPT PACKING pc=0x0000020808115dd0 sp=0x0000008c73aff3a0
Event: 17499.073 Thread 0x000002087e766040 DEOPT UNPACKING pc=0x00000208074a4e42 sp=0x0000008c73afe7c0 mode 1
Event: 17503.084 Thread 0x000002085964f0b0 DEOPT PACKING pc=0x00000208081142dc sp=0x0000008c759fee20
Event: 17503.084 Thread 0x000002085964f0b0 DEOPT UNPACKING pc=0x00000208074a4e42 sp=0x0000008c759fe2d0 mode 1
Event: 17505.728 Thread 0x000002087e766040 DEOPT PACKING pc=0x0000020808115dd0 sp=0x0000008c73aff3a0
Event: 17505.728 Thread 0x000002087e766040 DEOPT UNPACKING pc=0x00000208074a4e42 sp=0x0000008c73afe7c0 mode 1
Event: 17507.021 Thread 0x000002085964f0b0 DEOPT PACKING pc=0x00000208081142dc sp=0x0000008c759fee20
Event: 17507.021 Thread 0x000002085964f0b0 DEOPT UNPACKING pc=0x00000208074a4e42 sp=0x0000008c759fe2d0 mode 1
Event: 17511.044 Thread 0x000002087e766040 DEOPT PACKING pc=0x0000020808115dd0 sp=0x0000008c73aff3a0
Event: 17511.044 Thread 0x000002087e766040 DEOPT UNPACKING pc=0x00000208074a4e42 sp=0x0000008c73afe7c0 mode 1
Event: 17512.355 Thread 0x000002085964f0b0 DEOPT PACKING pc=0x00000208081142dc sp=0x0000008c759fee20
Event: 17512.355 Thread 0x000002085964f0b0 DEOPT UNPACKING pc=0x00000208074a4e42 sp=0x0000008c759fe2d0 mode 1

Classes loaded (20 events):
Event: 5176.027 Loading class java/util/stream/DistinctOps$1$2
Event: 5176.027 Loading class java/util/stream/DistinctOps$1$2 done
Event: 5176.042 Loading class java/lang/Throwable$PrintStreamOrWriter
Event: 5176.042 Loading class java/lang/Throwable$PrintStreamOrWriter done
Event: 5176.050 Loading class java/lang/Short$ShortCache
Event: 5176.050 Loading class java/lang/Short$ShortCache done
Event: 5176.059 Loading class java/io/NotSerializableException
Event: 5176.059 Loading class java/io/NotSerializableException done
Event: 5176.062 Loading class java/util/Collections$EmptyListIterator
Event: 5176.062 Loading class java/util/Collections$EmptyListIterator done
Event: 5176.183 Loading class java/net/UrlDeserializedState
Event: 5176.183 Loading class java/net/UrlDeserializedState done
Event: 5176.183 Loading class java/net/Proxy
Event: 5176.184 Loading class java/net/Proxy done
Event: 10520.292 Loading class java/util/stream/Nodes$IntFixedNodeBuilder
Event: 10520.292 Loading class java/util/stream/Node$Builder$OfInt
Event: 10520.292 Loading class java/util/stream/Node$Builder$OfInt done
Event: 10520.292 Loading class java/util/stream/Nodes$IntArrayNode
Event: 10520.292 Loading class java/util/stream/Nodes$IntArrayNode done
Event: 10520.292 Loading class java/util/stream/Nodes$IntFixedNodeBuilder done

Classes unloaded (20 events):
Event: 13168.258 Thread 0x000002087e4d65c0 Unloading class 0x00000208109bec00 'java/lang/invoke/LambdaForm$MH+0x00000208109bec00'
Event: 13168.258 Thread 0x000002087e4d65c0 Unloading class 0x0000020810838c00 'jdk/internal/reflect/GeneratedSerializationConstructorAccessor110'
Event: 13168.258 Thread 0x000002087e4d65c0 Unloading class 0x0000020810838800 'jdk/internal/reflect/GeneratedSerializationConstructorAccessor109'
Event: 13168.258 Thread 0x000002087e4d65c0 Unloading class 0x0000020810838400 'jdk/internal/reflect/GeneratedSerializationConstructorAccessor108'
Event: 13168.258 Thread 0x000002087e4d65c0 Unloading class 0x00000208106f8000 'java/lang/invoke/LambdaForm$MH+0x00000208106f8000'
Event: 13168.258 Thread 0x000002087e4d65c0 Unloading class 0x000002081069ac00 'java/lang/invoke/LambdaForm$MH+0x000002081069ac00'
Event: 13168.258 Thread 0x000002087e4d65c0 Unloading class 0x000002081069a800 'java/lang/invoke/LambdaForm$MH+0x000002081069a800'
Event: 13168.258 Thread 0x000002087e4d65c0 Unloading class 0x000002081069a400 'java/lang/invoke/LambdaForm$MH+0x000002081069a400'
Event: 13168.258 Thread 0x000002087e4d65c0 Unloading class 0x000002081069a000 'java/lang/invoke/LambdaForm$MH+0x000002081069a000'
Event: 13168.258 Thread 0x000002087e4d65c0 Unloading class 0x0000020810699c00 'java/lang/invoke/LambdaForm$MH+0x0000020810699c00'
Event: 13168.258 Thread 0x000002087e4d65c0 Unloading class 0x0000020810699800 'java/lang/invoke/LambdaForm$MH+0x0000020810699800'
Event: 13168.258 Thread 0x000002087e4d65c0 Unloading class 0x0000020810699400 'java/lang/invoke/LambdaForm$MH+0x0000020810699400'
Event: 13168.258 Thread 0x000002087e4d65c0 Unloading class 0x0000020810699000 'java/lang/invoke/LambdaForm$MH+0x0000020810699000'
Event: 13168.258 Thread 0x000002087e4d65c0 Unloading class 0x0000020810698800 'java/lang/invoke/LambdaForm$MH+0x0000020810698800'
Event: 13168.258 Thread 0x000002087e4d65c0 Unloading class 0x0000020810698400 'java/lang/invoke/LambdaForm$MH+0x0000020810698400'
Event: 13168.258 Thread 0x000002087e4d65c0 Unloading class 0x0000020810698000 'java/lang/invoke/LambdaForm$MH+0x0000020810698000'
Event: 13168.258 Thread 0x000002087e4d65c0 Unloading class 0x0000020810697c00 'java/lang/invoke/LambdaForm$MH+0x0000020810697c00'
Event: 13168.258 Thread 0x000002087e4d65c0 Unloading class 0x0000020810697800 'java/lang/invoke/LambdaForm$MH+0x0000020810697800'
Event: 13168.258 Thread 0x000002087e4d65c0 Unloading class 0x0000020810697000 'java/lang/invoke/LambdaForm$MH+0x0000020810697000'
Event: 13168.258 Thread 0x000002087e4d65c0 Unloading class 0x0000020810000400 'java/lang/invoke/LambdaForm$MH+0x0000020810000400'

Classes redefined (0 events):
No events

Internal exceptions (20 events):
Event: 17463.463 Thread 0x000002085964f0b0 Exception <a 'java/lang/OutOfMemoryError'{0x00000000c0955098}> (0x00000000c0955098) 
thrown [s\open\src\hotspot\share\gc\shared\memAllocator.cpp, line 136]
Event: 17466.164 Thread 0x000002087e766040 Exception <a 'java/lang/OutOfMemoryError'{0x00000000c0955098}> (0x00000000c0955098) 
thrown [s\open\src\hotspot\share\gc\shared\memAllocator.cpp, line 136]
Event: 17468.877 Thread 0x000002085964f0b0 Exception <a 'java/lang/OutOfMemoryError'{0x00000000c0955098}> (0x00000000c0955098) 
thrown [s\open\src\hotspot\share\gc\shared\memAllocator.cpp, line 136]
Event: 17471.615 Thread 0x000002087e766040 Exception <a 'java/lang/OutOfMemoryError'{0x00000000c0955098}> (0x00000000c0955098) 
thrown [s\open\src\hotspot\share\gc\shared\memAllocator.cpp, line 136]
Event: 17474.354 Thread 0x000002085964f0b0 Exception <a 'java/lang/OutOfMemoryError'{0x00000000c0955098}> (0x00000000c0955098) 
thrown [s\open\src\hotspot\share\gc\shared\memAllocator.cpp, line 136]
Event: 17477.119 Thread 0x000002087e766040 Exception <a 'java/lang/OutOfMemoryError'{0x00000000c0955098}> (0x00000000c0955098) 
thrown [s\open\src\hotspot\share\gc\shared\memAllocator.cpp, line 136]
Event: 17479.958 Thread 0x000002085964f0b0 Exception <a 'java/lang/OutOfMemoryError'{0x00000000c0955098}> (0x00000000c0955098) 
thrown [s\open\src\hotspot\share\gc\shared\memAllocator.cpp, line 136]
Event: 17482.708 Thread 0x000002087e766040 Exception <a 'java/lang/OutOfMemoryError'{0x00000000c0955098}> (0x00000000c0955098) 
thrown [s\open\src\hotspot\share\gc\shared\memAllocator.cpp, line 136]
Event: 17485.408 Thread 0x000002085964f0b0 Exception <a 'java/lang/OutOfMemoryError'{0x00000000c0955098}> (0x00000000c0955098) 
thrown [s\open\src\hotspot\share\gc\shared\memAllocator.cpp, line 136]
Event: 17488.188 Thread 0x000002087e766040 Exception <a 'java/lang/OutOfMemoryError'{0x00000000c0955098}> (0x00000000c0955098) 
thrown [s\open\src\hotspot\share\gc\shared\memAllocator.cpp, line 136]
Event: 17490.896 Thread 0x000002085964f0b0 Exception <a 'java/lang/OutOfMemoryError'{0x00000000c0955098}> (0x00000000c0955098) 
thrown [s\open\src\hotspot\share\gc\shared\memAllocator.cpp, line 136]
Event: 17493.610 Thread 0x000002087e766040 Exception <a 'java/lang/OutOfMemoryError'{0x00000000c0955098}> (0x00000000c0955098) 
thrown [s\open\src\hotspot\share\gc\shared\memAllocator.cpp, line 136]
Event: 17496.314 Thread 0x000002085964f0b0 Exception <a 'java/lang/OutOfMemoryError'{0x00000000c0955098}> (0x00000000c0955098) 
thrown [s\open\src\hotspot\share\gc\shared\memAllocator.cpp, line 136]
Event: 17499.072 Thread 0x000002087e766040 Exception <a 'java/lang/OutOfMemoryError'{0x00000000c0955098}> (0x00000000c0955098) 
thrown [s\open\src\hotspot\share\gc\shared\memAllocator.cpp, line 136]
Event: 17501.758 Thread 0x000002085964f0b0 Exception <a 'java/lang/OutOfMemoryError'{0x00000000c0955098}> (0x00000000c0955098) 
thrown [s\open\src\hotspot\share\gc\shared\memAllocator.cpp, line 136]
Event: 17504.396 Thread 0x000002087e766040 Exception <a 'java/lang/OutOfMemoryError'{0x00000000c0955098}> (0x00000000c0955098) 
thrown [s\open\src\hotspot\share\gc\shared\memAllocator.cpp, line 136]
Event: 17507.021 Thread 0x000002085964f0b0 Exception <a 'java/lang/OutOfMemoryError'{0x00000000c0955098}> (0x00000000c0955098) 
thrown [s\open\src\hotspot\share\gc\shared\memAllocator.cpp, line 136]
Event: 17509.725 Thread 0x000002087e766040 Exception <a 'java/lang/OutOfMemoryError'{0x00000000c0955098}> (0x00000000c0955098) 
thrown [s\open\src\hotspot\share\gc\shared\memAllocator.cpp, line 136]
Event: 17512.355 Thread 0x000002085964f0b0 Exception <a 'java/lang/OutOfMemoryError'{0x00000000c0955098}> (0x00000000c0955098) 
thrown [s\open\src\hotspot\share\gc\shared\memAllocator.cpp, line 136]
Event: 17515.010 Thread 0x000002087e766040 Exception <a 'java/lang/OutOfMemoryError'{0x00000000c0955098}> (0x00000000c0955098) 
thrown [s\open\src\hotspot\share\gc\shared\memAllocator.cpp, line 136]

ZGC Phase Switch (0 events):
No events

VM Operations (20 events):
Event: 17503.084 Executing VM operation: G1CollectForAllocation (G1 Evacuation Pause) done
Event: 17503.084 Executing VM operation: G1CollectForAllocation (G1 Evacuation Pause)
Event: 17504.396 Executing VM operation: G1CollectForAllocation (G1 Evacuation Pause) done
Event: 17504.396 Executing VM operation: G1CollectForAllocation (G1 Evacuation Pause)
Event: 17505.728 Executing VM operation: G1CollectForAllocation (G1 Evacuation Pause) done
Event: 17505.729 Executing VM operation: G1CollectForAllocation (G1 Evacuation Pause)
Event: 17507.021 Executing VM operation: G1CollectForAllocation (G1 Evacuation Pause) done
Event: 17507.021 Executing VM operation: G1CollectForAllocation (G1 Evacuation Pause)
Event: 17508.386 Executing VM operation: G1CollectForAllocation (G1 Evacuation Pause) done
Event: 17508.386 Executing VM operation: G1CollectForAllocation (G1 Evacuation Pause)
Event: 17509.725 Executing VM operation: G1CollectForAllocation (G1 Evacuation Pause) done
Event: 17509.725 Executing VM operation: G1CollectForAllocation (G1 Evacuation Pause)
Event: 17511.044 Executing VM operation: G1CollectForAllocation (G1 Evacuation Pause) done
Event: 17511.044 Executing VM operation: G1CollectForAllocation (G1 Evacuation Pause)
Event: 17512.355 Executing VM operation: G1CollectForAllocation (G1 Evacuation Pause) done
Event: 17512.355 Executing VM operation: G1CollectForAllocation (G1 Evacuation Pause)
Event: 17513.690 Executing VM operation: G1CollectForAllocation (G1 Evacuation Pause) done
Event: 17513.690 Executing VM operation: G1CollectForAllocation (G1 Evacuation Pause)
Event: 17515.010 Executing VM operation: G1CollectForAllocation (G1 Evacuation Pause) done
Event: 17515.010 Executing VM operation: G1CollectForAllocation (G1 Evacuation Pause)

Events (20 events):
Event: 15734.662 Thread 0x000002087e4d65c0 flushing nmethod 0x0000020807eb7290
Event: 16727.251 Thread 0x000002087e4d65c0 flushing nmethod 0x0000020807c6fe90
Event: 16727.251 Thread 0x000002087e4d65c0 flushing nmethod 0x000002080126e210
Event: 16727.251 Thread 0x000002087e4d65c0 flushing nmethod 0x00000208012d6090
Event: 16727.251 Thread 0x000002087e4d65c0 flushing nmethod 0x000002080867d190
Event: 16727.251 Thread 0x000002087e4d65c0 flushing nmethod 0x000002080869c190
Event: 16727.251 Thread 0x000002087e4d65c0 flushing nmethod 0x0000020808526d90
Event: 16727.251 Thread 0x000002087e4d65c0 flushing nmethod 0x00000208085e8210
Event: 16727.251 Thread 0x000002087e4d65c0 flushing nmethod 0x00000208085e8590
Event: 16727.251 Thread 0x000002087e4d65c0 flushing nmethod 0x00000208008c5210
Event: 16727.251 Thread 0x000002087e4d65c0 flushing nmethod 0x0000020800b7ef90
Event: 16727.251 Thread 0x000002087e4d65c0 flushing nmethod 0x0000020800bc3c90
Event: 16727.251 Thread 0x000002087e4d65c0 flushing nmethod 0x0000020800eec210
Event: 17022.152 Thread 0x000002087e4d65c0 flushing nmethod 0x0000020800a0f990
Event: 17139.637 Thread 0x000002087e4d65c0 flushing nmethod 0x000002080818f190
Event: 17139.637 Thread 0x000002087e4d65c0 flushing nmethod 0x0000020807fc7010
Event: 17323.037 Thread 0x000002087e4d65c0 flushing nmethod 0x0000020801270b90
Event: 17369.832 Thread 0x000002087e7694c0 Thread exited: 0x000002087e7694c0
Event: 17396.465 Thread 0x000002087e4d65c0 flushing nmethod 0x0000020807dcd290
Event: 17425.987 Thread 0x000002085c0f5970 Thread exited: 0x000002085c0f5970


Dynamic libraries:
0x00007ff74cd30000 - 0x00007ff74cd40000 	C:\Program Files\Java\jdk-21.0.10\bin\java.exe
0x00007ffc6fe60000 - 0x00007ffc700c7000 	C:\WINDOWS\SYSTEM32\ntdll.dll
0x00007ffc6e740000 - 0x00007ffc6e809000 	C:\WINDOWS\System32\KERNEL32.DLL
0x00007ffc6c740000 - 0x00007ffc6cb31000 	C:\WINDOWS\System32\KERNELBASE.dll
0x00007ffc6d0e0000 - 0x00007ffc6d22b000 	C:\WINDOWS\System32\ucrtbase.dll
0x00007ffc485d0000 - 0x00007ffc485ee000 	C:\Program Files\Java\jdk-21.0.10\bin\VCRUNTIME140.dll
0x00007ffc48710000 - 0x00007ffc48729000 	C:\Program Files\Java\jdk-21.0.10\bin\jli.dll
0x00007ffc6e5d0000 - 0x00007ffc6e68b000 	C:\WINDOWS\System32\ADVAPI32.dll
0x00007ffc6df30000 - 0x00007ffc6dfd9000 	C:\WINDOWS\System32\msvcrt.dll
0x00007ffc6e690000 - 0x00007ffc6e737000 	C:\WINDOWS\System32\sechost.dll
0x00007ffc6e8b0000 - 0x00007ffc6e9c8000 	C:\WINDOWS\System32\RPCRT4.dll
0x00007ffc6dd60000 - 0x00007ffc6df25000 	C:\WINDOWS\System32\USER32.dll
0x00007ffc6cd00000 - 0x00007ffc6cd27000 	C:\WINDOWS\System32\win32u.dll
0x00007ffc53470000 - 0x00007ffc53703000 	C:\WINDOWS\WinSxS\amd64_microsoft.windows.common-controls_6595b64144ccf1df_6.0.26100.7922_none_3e089e1ee3342171\COMCTL32.dll
0x00007ffc6f5e0000 - 0x00007ffc6f60b000 	C:\WINDOWS\System32\GDI32.dll
0x00007ffc6cbd0000 - 0x00007ffc6ccfa000 	C:\WINDOWS\System32\gdi32full.dll
0x00007ffc6daa0000 - 0x00007ffc6db43000 	C:\WINDOWS\System32\msvcp_win.dll
0x00007ffc6b0a0000 - 0x00007ffc6b0ab000 	C:\WINDOWS\SYSTEM32\VERSION.dll
0x00007ffc6f3c0000 - 0x00007ffc6f3f1000 	C:\WINDOWS\System32\IMM32.DLL
0x00007ffc5f650000 - 0x00007ffc5f65c000 	C:\Program Files\Java\jdk-21.0.10\bin\vcruntime140_1.dll
0x00007ffc48290000 - 0x00007ffc4831d000 	C:\Program Files\Java\jdk-21.0.10\bin\msvcp140.dll
0x00007ffb6c400000 - 0x00007ffb6d127000 	C:\Program Files\Java\jdk-21.0.10\bin\server\jvm.dll
0x00007ffc6f130000 - 0x00007ffc6f1a4000 	C:\WINDOWS\System32\WS2_32.dll
0x00007ffc6c3f0000 - 0x00007ffc6c44e000 	C:\WINDOWS\SYSTEM32\POWRPROF.dll
0x00007ffc5fd30000 - 0x00007ffc5fd65000 	C:\WINDOWS\SYSTEM32\WINMM.dll
0x00007ffc6c3d0000 - 0x00007ffc6c3e4000 	C:\WINDOWS\SYSTEM32\UMPDC.dll
0x00007ffc6b490000 - 0x00007ffc6b4ab000 	C:\WINDOWS\SYSTEM32\kernel.appcore.dll
0x00007ffc58d20000 - 0x00007ffc58d2a000 	C:\Program Files\Java\jdk-21.0.10\bin\jimage.dll
0x00007ffc6a3e0000 - 0x00007ffc6a622000 	C:\WINDOWS\SYSTEM32\DBGHELP.DLL
0x00007ffc6ead0000 - 0x00007ffc6ee52000 	C:\WINDOWS\System32\combase.dll
0x00007ffc6ee70000 - 0x00007ffc6ef47000 	C:\WINDOWS\System32\OLEAUT32.dll
0x00007ffc49d40000 - 0x00007ffc49d7b000 	C:\WINDOWS\SYSTEM32\dbgcore.DLL
0x00007ffc6db50000 - 0x00007ffc6dbf5000 	C:\WINDOWS\System32\bcryptPrimitives.dll
0x00007ffc53790000 - 0x00007ffc537a0000 	C:\Program Files\Java\jdk-21.0.10\bin\instrument.dll
0x00007ffc48260000 - 0x00007ffc48281000 	C:\Program Files\Java\jdk-21.0.10\bin\java.dll
0x00007ffc6f610000 - 0x00007ffc6fd6f000 	C:\WINDOWS\System32\SHELL32.dll
0x00007ffc6cf70000 - 0x00007ffc6d0da000 	C:\WINDOWS\System32\wintypes.dll
0x00007ffc6d230000 - 0x00007ffc6da94000 	C:\WINDOWS\System32\windows.storage.dll
0x00007ffc6f4e0000 - 0x00007ffc6f5d7000 	C:\WINDOWS\System32\SHCORE.dll
0x00007ffc6fd80000 - 0x00007ffc6fde7000 	C:\WINDOWS\System32\shlwapi.dll
0x00007ffc6c660000 - 0x00007ffc6c689000 	C:\WINDOWS\SYSTEM32\profapi.dll
0x00007ffc477e0000 - 0x00007ffc478b7000 	C:\Program Files\Java\jdk-21.0.10\bin\jsvml.dll
0x00007ffc48440000 - 0x00007ffc48458000 	C:\Program Files\Java\jdk-21.0.10\bin\zip.dll
0x00007ffc485b0000 - 0x00007ffc485c1000 	C:\Program Files\Java\jdk-21.0.10\bin\net.dll
0x00007ffc65de0000 - 0x00007ffc65f07000 	C:\WINDOWS\SYSTEM32\WINHTTP.dll
0x00007ffc6b9e0000 - 0x00007ffc6ba4b000 	C:\WINDOWS\system32\mswsock.dll
0x00007ffc48500000 - 0x00007ffc48516000 	C:\Program Files\Java\jdk-21.0.10\bin\nio.dll
0x00007ffc48790000 - 0x00007ffc487a0000 	C:\Program Files\Java\jdk-21.0.10\bin\verify.dll
0x00007ffc47a30000 - 0x00007ffc47a57000 	C:\Users\Travis\.gradle\native\660c5614fbf4a5f2a75b1949f50a0caf5cd603558e7d8a26e50b933a0cfb79d1\windows-amd64\native-platform.dll
0x00007ffc2a1a0000 - 0x00007ffc2a217000 	C:\Users\Travis\.gradle\native\0.2.8\x86_64-windows-gnu\gradle-fileevents.dll
0x00007ffc48760000 - 0x00007ffc4876a000 	C:\Program Files\Java\jdk-21.0.10\bin\management.dll
0x00007ffc486c0000 - 0x00007ffc486cc000 	C:\Program Files\Java\jdk-21.0.10\bin\management_ext.dll
0x00007ffc6f4d0000 - 0x00007ffc6f4d8000 	C:\WINDOWS\System32\PSAPI.DLL
0x00007ffc6aca0000 - 0x00007ffc6acd3000 	C:\WINDOWS\SYSTEM32\IPHLPAPI.DLL
0x00007ffc6f350000 - 0x00007ffc6f35a000 	C:\WINDOWS\System32\NSI.dll
0x00007ffc48360000 - 0x00007ffc48369000 	C:\Program Files\Java\jdk-21.0.10\bin\extnet.dll
0x00007ffc6bde0000 - 0x00007ffc6bdfb000 	C:\WINDOWS\SYSTEM32\CRYPTSP.dll
0x00007ffc6b3f0000 - 0x00007ffc6b429000 	C:\WINDOWS\system32\rsaenh.dll
0x00007ffc6ba90000 - 0x00007ffc6bac2000 	C:\WINDOWS\SYSTEM32\USERENV.dll
0x00007ffc6c630000 - 0x00007ffc6c65a000 	C:\WINDOWS\SYSTEM32\bcrypt.dll
0x00007ffc6bc40000 - 0x00007ffc6bc4c000 	C:\WINDOWS\SYSTEM32\CRYPTBASE.dll
0x00007ffc484d0000 - 0x00007ffc484de000 	C:\Program Files\Java\jdk-21.0.10\bin\sunmscapi.dll
0x00007ffc6cdf0000 - 0x00007ffc6cf67000 	C:\WINDOWS\System32\CRYPT32.dll
0x00007ffc6bfb0000 - 0x00007ffc6bfe0000 	C:\WINDOWS\SYSTEM32\ncrypt.dll
0x00007ffc6bf60000 - 0x00007ffc6bf9f000 	C:\WINDOWS\SYSTEM32\NTASN1.dll
0x00007ffc0a500000 - 0x00007ffc0a508000 	C:\WINDOWS\system32\wshunix.dll
0x00007ffc6b5b0000 - 0x00007ffc6b5e6000 	C:\WINDOWS\SYSTEM32\ntmarta.dll

dbghelp: loaded successfully - version: 4.0.5 - missing functions: none
symbol engine: initialized successfully - sym options: 0x614 - pdb path: .;C:\Program Files\Java\jdk-21.0.10\bin;C:\WINDOWS\SYSTEM32;C:\WINDOWS\WinSxS\amd64_microsoft.windows.common-controls_6595b64144ccf1df_6.0.26100.7922_none_3e089e1ee3342171;C:\Program Files\Java\jdk-21.0.10\bin\server;C:\Users\Travis\.gradle\native\660c5614fbf4a5f2a75b1949f50a0caf5cd603558e7d8a26e50b933a0cfb79d1\windows-amd64;C:\Users\Travis\.gradle\native\0.2.8\x86_64-windows-gnu

VM Arguments:
jvm_args: --add-opens=java.base/java.lang=ALL-UNNAMED --add-opens=java.base/java.lang.invoke=ALL-UNNAMED --add-opens=java.base/java.util=ALL-UNNAMED --add-opens=java.prefs/java.util.prefs=ALL-UNNAMED --add-exports=jdk.compiler/com.sun.tools.javac.api=ALL-UNNAMED --add-exports=jdk.compiler/com.sun.tools.javac.util=ALL-UNNAMED --add-opens=java.base/java.util=ALL-UNNAMED --add-opens=java.prefs/java.util.prefs=ALL-UNNAMED --add-opens=java.base/java.nio.charset=ALL-UNNAMED --add-opens=java.base/java.net=ALL-UNNAMED --add-opens=java.base/java.util.concurrent=ALL-UNNAMED --add-opens=java.base/java.util.concurrent.atomic=ALL-UNNAMED --add-opens=java.xml/javax.xml.namespace=ALL-UNNAMED --add-opens=java.base/java.time=ALL-UNNAMED -Xmx1G -Dfile.encoding=UTF-8 -Duser.country=US -Duser.language=en -Duser.variant -javaagent:C:\Users\Travis\.gradle\wrapper\dists\gradle-9.2.1-bin\2t0n5ozlw9xmuyvbp7dnzaxug\gradle-9.2.1\lib\agents\gradle-instrumentation-agent-9.2.1.jar 
java_command: org.gradle.launcher.daemon.bootstrap.GradleDaemon 9.2.1
java_class_path (initial): C:\Users\Travis\.gradle\wrapper\dists\gradle-9.2.1-bin\2t0n5ozlw9xmuyvbp7dnzaxug\gradle-9.2.1\lib\gradle-daemon-main-9.2.1.jar
Launcher Type: SUN_STANDARD

[Global flags]
     intx CICompilerCount                          = 12                                        {product} {ergonomic}
     uint ConcGCThreads                            = 3                                         {product} {ergonomic}
     uint G1ConcRefinementThreads                  = 13                                        {product} {ergonomic}
   size_t G1HeapRegionSize                         = 1048576                                   {product} {ergonomic}
    uintx GCDrainStackTargetSize                   = 64                                        {product} {ergonomic}
   size_t InitialHeapSize                          = 1073741824                                {product} {ergonomic}
   size_t MarkStackSize                            = 4194304                                   {product} {ergonomic}
   size_t MaxHeapSize                              = 1073741824                                {product} {command line}
   size_t MaxNewSize                               = 643825664                                 {product} {ergonomic}
   size_t MinHeapDeltaBytes                        = 1048576                                   {product} {ergonomic}
   size_t MinHeapSize                              = 8388608                                   {product} {ergonomic}
    uintx NonNMethodCodeHeapSize                   = 7602480                                {pd product} {ergonomic}
    uintx NonProfiledCodeHeapSize                  = 122027880                              {pd product} {ergonomic}
    uintx ProfiledCodeHeapSize                     = 122027880                              {pd product} {ergonomic}
    uintx ReservedCodeCacheSize                    = 251658240                              {pd product} {ergonomic}
     bool SegmentedCodeCache                       = true                                      {product} {ergonomic}
   size_t SoftMaxHeapSize                          = 1073741824                             {manageable} {ergonomic}
     bool UseCompressedOops                        = true                           {product lp64_product} {ergonomic}
     bool UseG1GC                                  = true                                      {product} {ergonomic}
     bool UseLargePagesIndividualAllocation        = false                                  {pd product} {ergonomic}

Logging:
Log output configuration:
 #0: stdout all=warning uptime,level,tags foldmultilines=false
 #1: stderr all=off uptime,level,tags foldmultilines=false

Environment Variables:
PATH=C:\Program Files\Common Files\Oracle\Java\javapath;C:\Program Files (x86)\Common Files\Oracle\Java\java8path;C:\Program Files (x86)\Common Files\Oracle\Java\javapath;C:\Program Files (x86)\Razer Chroma SDK\bin;C:\Program Files\Razer Chroma SDK\bin;C:\Program Files (x86)\Razer\ChromaBroadcast\bin;C:\Program Files\Razer\ChromaBroadcast\bin;C:\WINDOWS\system32;C:\WINDOWS;C:\WINDOWS\System32\Wbem;C:\WINDOWS\System32\WindowsPowerShell\v1.0\;C:\WINDOWS\System32\OpenSSH\;C:\Program Files (x86)\Intel\Intel(R) Management Engine Components\DAL;C:\Program Files\Intel\Intel(R) Management Engine Components\DAL;C:\WINDOWS\system32\config\systemprofile\AppData\Local\Microsoft\WindowsApps;C:\Program Files (x86)\NVIDIA Corporation\PhysX\Common;;C:\Users\Travis\AppData\Local\Microsoft\WindowsApps;C:\adb;C:\Program Files (x86)\dotnet\;C:\Program Files\PuTTY\;C:\Program Files\dotnet\;C:\Program Files\Microsoft VS Code\bin;C:\WINDOWS\system32;C:\WINDOWS;C:\WINDOWS\System32\Wbem;C:\WINDOWS\System32\WindowsPowerShell\v1.0\;C:\WINDOWS\System32\OpenSSH\;C:\Program Files\NVIDIA Corporation\NVIDIA app\NvDLISR;C:\Program Files\PowerToys\DSCModules\;C:\Program Files\nodejs\;C:\ProgramData\chocolatey\bin;C:\Users\Travis\AppData\Local\Microsoft\WindowsApps;C:\Users\Travis\AppData\Roaming\npm;C:\Users\Travis\.lmstudio\bin;C:\Users\Travis\AppData\Local\Programs\Ollama
USERNAME=Travis
OS=Windows_NT
PROCESSOR_IDENTIFIER=Intel64 Family 6 Model 158 Stepping 12, GenuineIntel
TMP=C:\Users\Travis\AppData\Local\Temp
TEMP=C:\Users\Travis\AppData\Local\Temp




Periodic native trim disabled

---------------  S Y S T E M  ---------------

OS:
 Windows 11 , 64 bit Build 26100 (10.0.26100.7920)
OS uptime: 7 days 21:34 hours
Hyper-V role detected

CPU: total 16 (initial active 16) (8 cores per cpu, 2 threads per core) family 6 model 158 stepping 12 microcode 0xde, cx8, cmov, fxsr, ht, mmx, 3dnowpref, sse, sse2, sse3, ssse3, sse4.1, sse4.2, popcnt, lzcnt, tsc, tscinvbit, avx, avx2, aes, erms, clmul, bmi1, bmi2, rtm, adx, fma, vzeroupper, clflush, clflushopt, hv, rdtscp, f16c
Processor Information for all 16 processors :
  Max Mhz: 3600, Current Mhz: 3600, Mhz Limit: 3600

Memory: 4k page, system-wide physical 65465M (32953M free)
TotalPageFile size 69561M (AvailPageFile size 23404M)
current process WorkingSet (physical memory assigned to process): 1299M, peak: 1301M
current process commit charge ("private bytes"): 1361M, peak: 1361M

vm_info: Java HotSpot(TM) 64-Bit Server VM (21.0.10+8-LTS-217) for windows-amd64 JRE (21.0.10+8-LTS-217), built on 2025-12-18T14:59:28Z by "mach5run" with MS VC++ 17.13 (VS2022)

END.
