#
# A fatal error has been detected by the Java Runtime Environment:
#
#  EXCEPTION_ACCESS_VIOLATION (0xc0000005) at pc=0x00007ffb55cadf9a, pid=11328, tid=30360
#
# JRE version: Java(TM) SE Runtime Environment (21.0.10+8) (build 21.0.10+8-LTS-217)
# Java VM: Java HotSpot(TM) 64-Bit Server VM (21.0.10+8-LTS-217, mixed mode, sharing, tiered, compressed oops, compressed class ptrs, g1 gc, windows-amd64)
# Problematic frame:
# V  [jvm.dll+0x34df9a]
#
# No core dump will be written. Minidumps are not enabled by default on client versions of Windows
#
# If you would like to submit a bug report, please visit:
#   https://bugreport.java.com/bugreport/crash.jsp
#

---------------  S U M M A R Y ------------

Command Line: --add-opens=java.base/java.lang=ALL-UNNAMED --add-opens=java.base/java.lang.invoke=ALL-UNNAMED --add-opens=java.base/java.util=ALL-UNNAMED --add-opens=java.prefs/java.util.prefs=ALL-UNNAMED --add-exports=jdk.compiler/com.sun.tools.javac.api=ALL-UNNAMED --add-exports=jdk.compiler/com.sun.tools.javac.util=ALL-UNNAMED --add-opens=java.base/java.util=ALL-UNNAMED --add-opens=java.prefs/java.util.prefs=ALL-UNNAMED --add-opens=java.base/java.nio.charset=ALL-UNNAMED --add-opens=java.base/java.net=ALL-UNNAMED --add-opens=java.base/java.util.concurrent=ALL-UNNAMED --add-opens=java.base/java.util.concurrent.atomic=ALL-UNNAMED --add-opens=java.xml/javax.xml.namespace=ALL-UNNAMED --add-opens=java.base/java.time=ALL-UNNAMED -Xmx1G -Dfile.encoding=UTF-8 -Duser.country=US -Duser.language=en -Duser.variant -javaagent:C:\Users\Travis\.gradle\wrapper\dists\gradle-9.2.1-bin\2t0n5ozlw9xmuyvbp7dnzaxug\gradle-9.2.1\lib\agents\gradle-instrumentation-agent-9.2.1.jar org.gradle.launcher.daemon.bootstrap.GradleDaemon 9.2.1

Host: Intel(R) Core(TM) i9-9900K CPU @ 3.60GHz, 16 cores, 63G,  Windows 11 , 64 bit Build 26100 (10.0.26100.7920)
Time: Wed Feb 25 16:59:33 2026 Pacific Standard Time elapsed time: 34116.337422 seconds (0d 9h 28m 36s)

---------------  T H R E A D  ---------------

Current thread (0x0000022dd97991e0):  WorkerThread "GC Thread#7"    [id=30360, stack(0x000000d640400000,0x000000d640500000) (1024K)]

Stack: [0x000000d640400000,0x000000d640500000],  sp=0x000000d6404ffbe8,  free space=1022k
Native frames: (J=compiled Java code, j=interpreted, Vv=VM code, C=native code)
V  [jvm.dll+0x34df9a]
C  0x0000022dddf67460


siginfo: EXCEPTION_ACCESS_VIOLATION (0xc0000005), writing address 0x0000000000000000


Registers:
RAX=0x0000022dd97991e0, RBX=0x0000022dd99dddc0, RCX=0x0000022dd9b15b30, RDX=0x0000000000000000
RSP=0x000000d6404ffbe8, RBP=0x0000000000000000, RSI=0x0000000000000000, RDI=0x0000022dddf67460
R8 =0x000000000000000c, R9 =0x0000000000000000, R10=0x0000000000000004, R11=0x0000000000000060
R12=0x000000000000001a, R13=0x0000000000000028, R14=0x000000000000000c, R15=0x0000000000000000
RIP=0x00007ffb55cadf9a, EFLAGS=0x0000000000010202


Register to memory mapping:

RAX=0x0000022dd97991e0 points into unknown readable memory: 0x00007ffb563e7cd8 | d8 7c 3e 56 fb 7f 00 00
RBX=0x0000022dd99dddc0 points into unknown readable memory: 0x0000000000000000 | 00 00 00 00 00 00 00 00
RCX=0x0000022dd9b15b30 points into unknown readable memory: 0x0000000000000002 | 02 00 00 00 00 00 00 00
RDX=0x0 is null
RSP=0x000000d6404ffbe8 points into unknown readable memory: 0x0000000000000000 | 00 00 00 00 00 00 00 00
RBP=0x0 is null
RSI=0x0 is null
RDI=0x0000022dddf67460 points into unknown readable memory: 0x0000000000000000 | 00 00 00 00 00 00 00 00
R8 =0x000000000000000c is an unknown value
R9 =0x0 is null
R10=0x0000000000000004 is an unknown value
R11=0x0000000000000060 is an unknown value
R12=0x000000000000001a is an unknown value
R13=0x0000000000000028 is an unknown value
R14=0x000000000000000c is an unknown value
R15=0x0 is null

Top of Stack: (sp=0x000000d6404ffbe8)
0x000000d6404ffbe8:   0000000000000000 0000022dddf67180
0x000000d6404ffbf8:   00000000f17d59a0 0000022dddf67460
0x000000d6404ffc08:   000000d6404ffc90 0000000000000008
0x000000d6404ffc18:   0000022dddf67460 0000022dddf67460
0x000000d6404ffc28:   0000000000000008 0000000000000005
0x000000d6404ffc38:   000000d63ecff5a0 000000d63ecff588
0x000000d6404ffc48:   000000d63ecfebd0 0000000000000000
0x000000d6404ffc58:   000000d63ecff5a0 00000000f17d5940
0x000000d6404ffc68:   00007ffb55cacb19 0000022dddf67180
0x000000d6404ffc78:   00007ffb56529d98 000000000000000c
0x000000d6404ffc88:   000000d63ecfebd0 0000000000000000
0x000000d6404ffc98:   0000000000000000 0000022d933c3458
0x000000d6404ffca8:   0000000000000005 0000022dddf67180
0x000000d6404ffcb8:   00000000000003d8 0000022d933c3080
0x000000d6404ffcc8:   00007ffb55cac39b 00000000f17d5940
0x000000d6404ffcd8:   0000022d933c3070 0000022dd9b15b30
0x000000d6404ffce8:   000000d63ecfea70 0000022dd97991e0
0x000000d6404ffcf8:   0000022ddb7383a0 0000004f6eaeeb98
0x000000d6404ffd08:   00006fb3b9753bf3 0000004f6eaeeb98
0x000000d6404ffd18:   00006fb3b9753bf3 0000000000000000
0x000000d6404ffd28:   0000000000000000 00007ffb56340988
0x000000d6404ffd38:   0000022dddf67730 0000000000000000
0x000000d6404ffd48:   0000000000000001 0000000000000000
0x000000d6404ffd58:   0000022dd99dddf0 0000000000000000
0x000000d6404ffd68:   0000000000000000 0000000000000005
0x000000d6404ffd78:   00007ffb561ed951 0000022df6f12878
0x000000d6404ffd88:   0000022dd97991e0 0000022dd99dde30
0x000000d6404ffd98:   0000000000000005 0000022dd97991e0
0x000000d6404ffda8:   0000000000100000 0000000000000000
0x000000d6404ffdb8:   00007ffb5616a83d 000000d640400000
0x000000d6404ffdc8:   00000000ffffffff 0000000000000000
0x000000d6404ffdd8:   0000000000000000 0000000000000004 

Instructions: (pc=0x00007ffb55cadf9a)
0x00007ffb55cade9a:   f3 0f 7f 44 24 40 e8 8b 77 4c 00 48 8b 0d 94 00
0x00007ffb55cadeaa:   92 00 4c 8d 47 28 44 8b cb 48 8d 54 24 60 0f 10
0x00007ffb55cadeba:   00 48 8d 05 c6 2c 69 00 c6 44 24 68 01 48 89 44
0x00007ffb55cadeca:   24 60 48 8b 47 18 48 89 44 24 78 0f 11 44 24 40
0x00007ffb55cadeda:   48 89 4c 24 70 e8 2c 1e fe ff 0f 57 c0 48 8d 4c
0x00007ffb55cadeea:   24 50 f3 0f 7f 44 24 30 e8 39 77 4c 00 4c 8d 4c
0x00007ffb55cadefa:   24 40 44 8b c3 48 8d 15 8a 2c 69 00 48 8b cf 0f
0x00007ffb55cadf0a:   10 00 48 8d 44 24 30 48 89 44 24 20 0f 11 44 24
0x00007ffb55cadf1a:   30 e8 f0 02 00 00 48 8b 9c 24 90 00 00 00 48 81
0x00007ffb55cadf2a:   c4 80 00 00 00 5f c3 cc cc cc cc cc cc cc cc cc
0x00007ffb55cadf3a:   cc cc cc cc cc cc 48 89 5c 24 08 48 89 6c 24 10
0x00007ffb55cadf4a:   48 89 74 24 18 57 41 56 41 57 48 83 ec 20 65 48
0x00007ffb55cadf5a:   8b 04 25 58 00 00 00 41 0f b6 e9 44 8b 15 bc bc
0x00007ffb55cadf6a:   92 00 45 0f b6 f0 4c 8b fa 48 8b f1 4a 8b 1c d0
0x00007ffb55cadf7a:   b8 70 00 00 00 80 3c 18 00 75 05 e8 86 11 5b 00
0x00007ffb55cadf8a:   b8 20 00 00 00 48 8b 04 18 48 8b 88 20 03 00 00
0x00007ffb55cadf9a:   48 89 0e 48 8b 41 10 48 89 46 08 48 8b 41 18 48
0x00007ffb55cadfaa:   89 46 10 48 8b 41 20 48 89 46 18 48 8b 41 28 48
0x00007ffb55cadfba:   8d 4e 38 48 89 46 20 40 88 6e 28 48 8b 05 74 ff
0x00007ffb55cadfca:   91 00 48 89 46 30 e8 cb d3 23 00 b1 01 e8 94 a7
0x00007ffb55cadfda:   cb ff 0f 57 c0 48 8d 4e 68 0f 11 46 48 33 c0 0f
0x00007ffb55cadfea:   11 46 58 0f 11 46 68 0f 11 46 78 0f 11 86 88 00
0x00007ffb55cadffa:   00 00 0f 11 86 98 00 00 00 48 89 86 a8 00 00 00
0x00007ffb55cae00a:   48 8d 05 3f 0d 68 00 48 89 46 40 33 c0 48 89 46
0x00007ffb55cae01a:   48 48 89 46 50 48 89 46 58 48 89 46 60 e8 54 bc
0x00007ffb55cae02a:   02 00 48 8d 05 35 0d 68 00 48 89 46 40 48 8d 8e
0x00007ffb55cae03a:   b8 00 00 00 48 8b 44 24 60 48 89 86 b0 00 00 00
0x00007ffb55cae04a:   e8 c1 1a 09 00 4c 8b 86 b0 00 00 00 48 8d 56 40
0x00007ffb55cae05a:   48 8d 8e c0 00 00 00 e8 ca f6 fd ff 48 8b 96 c0
0x00007ffb55cae06a:   00 00 00 48 8b 0d cc fe 91 00 e8 57 56 ef ff 48
0x00007ffb55cae07a:   8b 4e 30 48 8b 01 ff 90 f0 00 00 00 48 8d 8e e0
0x00007ffb55cae08a:   00 00 00 44 88 b6 d0 00 00 00 49 8b d7 48 89 86 


Stack slot to memory mapping:

stack at sp + 0 slots: 0x0 is null
stack at sp + 1 slots: 0x0000022dddf67180 points into unknown readable memory: 0x000000d63ecff3a0 | a0 f3 cf 3e d6 00 00 00
stack at sp + 2 slots: 0x00000000f17d59a0 is an oop: [Ljava.lang.Object; 
{0x00000000f17d59a0} - klass: 'java/lang/Object'[]
 - length: 1
stack at sp + 3 slots: 0x0000022dddf67460 points into unknown readable memory: 0x0000000000000000 | 00 00 00 00 00 00 00 00
stack at sp + 4 slots: 0x000000d6404ffc90 points into unknown readable memory: 0x0000000000000000 | 00 00 00 00 00 00 00 00
stack at sp + 5 slots: 0x0000000000000008 is an unknown value
stack at sp + 6 slots: 0x0000022dddf67460 points into unknown readable memory: 0x0000000000000000 | 00 00 00 00 00 00 00 00
stack at sp + 7 slots: 0x0000022dddf67460 points into unknown readable memory: 0x0000000000000000 | 00 00 00 00 00 00 00 00


---------------  P R O C E S S  ---------------

Threads class SMR info:
_java_thread_list=0x0000022de8296d90, length=87, elements={
0x0000022df4c36e10, 0x0000022d933aca90, 0x0000022d933ad200, 0x0000022d933bf890,
0x0000022d933c0160, 0x0000022d933c0900, 0x0000022d933c7320, 0x0000022d933d8360,
0x0000022d933f02c0, 0x0000022d93800570, 0x0000022d937d4da0, 0x0000022dda598ff0,
0x0000022dda64d210, 0x0000022dda5b2850, 0x0000022dda75f930, 0x0000022dda75d860,
0x0000022dda75e580, 0x0000022ddcb92990, 0x0000022ddcb8fba0, 0x0000022ddcb90230,
0x0000022ddcb936b0, 0x0000022ddcb95780, 0x0000022ddcb94a60, 0x0000022d93a7ef00,
0x0000022d93a7db50, 0x0000022d93a81660, 0x0000022d93a802b0, 0x0000022ddf259570,
0x0000022ddf2581c0, 0x0000022ddf25c9f0, 0x0000022ddf25d080, 0x0000022ddb55e480,
0x0000022ddb55f1a0, 0x0000022ddb55ca40, 0x0000022ddd478bf0, 0x0000022ddd47c070,
0x0000022ddd47acc0, 0x0000022dde19e990, 0x0000022ddc041ea0, 0x0000022dde19a7f0,
0x0000022dde199ad0, 0x0000022dde19ae80, 0x0000022ddc041810, 0x0000022ddc040af0,
0x0000022ddc043250, 0x0000022ddc042530, 0x0000022ddc040460, 0x0000022ddc03fdd0,
0x0000022ddc0438e0, 0x0000022ddc044600, 0x0000022ddc043f70, 0x0000022ddc041180,
0x0000022ddc0473f0, 0x0000022ddc0459b0, 0x0000022ddc0466d0, 0x0000022ddc045320,
0x0000022ddc048110, 0x0000022ddc044c90, 0x0000022ddc046040, 0x0000022ddc049b50,
0x0000022ddc0487a0, 0x0000022ddc04a1e0, 0x0000022ddc046d60, 0x0000022ddc048e30,
0x0000022ddc047a80, 0x0000022ddc04af00, 0x0000022ddc04b590, 0x0000022ddc04c940,
0x0000022ddc04bc20, 0x0000022ddc04d660, 0x0000022ddc04c2b0, 0x0000022ddc04cfd0,
0x0000022ddc04dcf0, 0x0000022ddc04a870, 0x0000022ddc04e380, 0x0000022ddc04ea10,
0x0000022de02a0d00, 0x0000022de02a2dd0, 0x0000022de02a1390, 0x0000022de029ffe0,
0x0000022de02a2740, 0x0000022de02a20b0, 0x0000022de02a3460, 0x0000022de02a3af0,
0x0000022de02a0670, 0x0000022de02a5bc0, 0x0000022de100b1a0
}

Java Threads: ( => current thread )
  0x0000022df4c36e10 JavaThread "main"                              [_thread_blocked, id=6208, stack(0x000000d63e500000,0x000000d63e600000) (1024K)]
  0x0000022d933aca90 JavaThread "Reference Handler"          daemon [_thread_blocked, id=32860, stack(0x000000d63ed00000,0x000000d63ee00000) (1024K)]
  0x0000022d933ad200 JavaThread "Finalizer"                  daemon [_thread_blocked, id=30328, stack(0x000000d63ee00000,0x000000d63ef00000) (1024K)]
  0x0000022d933bf890 JavaThread "Signal Dispatcher"          daemon [_thread_blocked, id=2848, stack(0x000000d63ef00000,0x000000d63f000000) (1024K)]
  0x0000022d933c0160 JavaThread "Attach Listener"            daemon [_thread_blocked, id=12252, stack(0x000000d63f000000,0x000000d63f100000) (1024K)]
  0x0000022d933c0900 JavaThread "Service Thread"             daemon [_thread_blocked, id=30276, stack(0x000000d63f100000,0x000000d63f200000) (1024K)]
  0x0000022d933c7320 JavaThread "Monitor Deflation Thread"   daemon [_thread_blocked, id=30640, stack(0x000000d63f200000,0x000000d63f300000) (1024K)]
  0x0000022d933d8360 JavaThread "C2 CompilerThread0"         daemon [_thread_blocked, id=31516, stack(0x000000d63f300000,0x000000d63f400000) (1024K)]
  0x0000022d933f02c0 JavaThread "C1 CompilerThread0"         daemon [_thread_blocked, id=35604, stack(0x000000d63f400000,0x000000d63f500000) (1024K)]
  0x0000022d93800570 JavaThread "Common-Cleaner"             daemon [_thread_blocked, id=9136, stack(0x000000d63f900000,0x000000d63fa00000) (1024K)]
  0x0000022d937d4da0 JavaThread "Notification Thread"        daemon [_thread_blocked, id=15792, stack(0x000000d63fa00000,0x000000d63fb00000) (1024K)]
  0x0000022dda598ff0 JavaThread "Daemon health stats"               [_thread_blocked, id=30012, stack(0x000000d63fc00000,0x000000d63fd00000) (1024K)]
  0x0000022dda64d210 JavaThread "Incoming local TCP Connector on port 60249"        [_thread_in_native, id=7508, stack(0x000000d640a00000,0x000000d640b00000) (1024K)]
  0x0000022dda5b2850 JavaThread "Daemon periodic checks"            [_thread_blocked, id=14644, stack(0x000000d640b00000,0x000000d640c00000) (1024K)]
  0x0000022dda75f930 JavaThread "Cache worker for journal cache (C:\Users\Travis\.gradle\caches\journal-1)"        [_thread_blocked, id=36388, stack(0x000000d641300000,0x000000d641400000) (1024K)]
  0x0000022dda75d860 JavaThread "File lock request listener"        [_thread_in_native, id=20824, stack(0x000000d641400000,0x000000d641500000) (1024K)]
  0x0000022dda75e580 JavaThread "Cache worker for file hash cache (C:\Users\Travis\.gradle\caches\9.2.1\fileHashes)"        [_thread_blocked, id=37300, stack(0x000000d641500000,0x000000d641600000) (1024K)]
  0x0000022ddcb92990 JavaThread "Cache worker for file content cache (C:\Users\Travis\.gradle\caches\9.2.1\fileContent)"        [_thread_blocked, id=3844, stack(0x000000d641d00000,0x000000d641e00000) (1024K)]
  0x0000022ddcb8fba0 JavaThread "File watcher server"        daemon [_thread_blocked, id=32628, stack(0x000000d641c00000,0x000000d641d00000) (1024K)]
  0x0000022ddcb90230 JavaThread "File watcher consumer"      daemon [_thread_blocked, id=4496, stack(0x000000d641e00000,0x000000d641f00000) (1024K)]
  0x0000022ddcb936b0 JavaThread "jar transforms"                    [_thread_blocked, id=28692, stack(0x000000d642100000,0x000000d642200000) (1024K)]
  0x0000022ddcb95780 JavaThread "jar transforms Thread 2"           [_thread_blocked, id=35216, stack(0x000000d641b00000,0x000000d641c00000) (1024K)]
  0x0000022ddcb94a60 JavaThread "jar transforms Thread 3"           [_thread_blocked, id=36924, stack(0x000000d642400000,0x000000d642500000) (1024K)]
  0x0000022d93a7ef00 JavaThread "jar transforms Thread 4"           [_thread_blocked, id=9360, stack(0x000000d643900000,0x000000d643a00000) (1024K)]
  0x0000022d93a7db50 JavaThread "jar transforms Thread 5"           [_thread_blocked, id=4372, stack(0x000000d643a00000,0x000000d643b00000) (1024K)]
  0x0000022d93a81660 JavaThread "jar transforms Thread 6"           [_thread_blocked, id=29080, stack(0x000000d644500000,0x000000d644600000) (1024K)]
  0x0000022d93a802b0 JavaThread "jar transforms Thread 7"           [_thread_blocked, id=35468, stack(0x000000d644600000,0x000000d644700000) (1024K)]
  0x0000022ddf259570 JavaThread "jar transforms Thread 8"           [_thread_blocked, id=37028, stack(0x000000d645100000,0x000000d645200000) (1024K)]
  0x0000022ddf2581c0 JavaThread "jar transforms Thread 9"           [_thread_blocked, id=18268, stack(0x000000d645200000,0x000000d645300000) (1024K)]
  0x0000022ddf25c9f0 JavaThread "jar transforms Thread 10"          [_thread_blocked, id=15132, stack(0x000000d645d00000,0x000000d645e00000) (1024K)]
  0x0000022ddf25d080 JavaThread "jar transforms Thread 11"          [_thread_blocked, id=36244, stack(0x000000d645e00000,0x000000d645f00000) (1024K)]
  0x0000022ddb55e480 JavaThread "jar transforms Thread 12"          [_thread_blocked, id=34100, stack(0x000000d646900000,0x000000d646a00000) (1024K)]
  0x0000022ddb55f1a0 JavaThread "jar transforms Thread 13"          [_thread_blocked, id=14000, stack(0x000000d646a00000,0x000000d646b00000) (1024K)]
  0x0000022ddb55ca40 JavaThread "jar transforms Thread 14"          [_thread_blocked, id=37128, stack(0x000000d646e00000,0x000000d646f00000) (1024K)]
  0x0000022ddd478bf0 JavaThread "jar transforms Thread 15"          [_thread_blocked, id=34116, stack(0x000000d646f00000,0x000000d647000000) (1024K)]
  0x0000022ddd47c070 JavaThread "Memory manager"                    [_thread_blocked, id=34172, stack(0x000000d647900000,0x000000d647a00000) (1024K)]
  0x0000022ddd47acc0 JavaThread "jar transforms Thread 16"          [_thread_blocked, id=30464, stack(0x000000d647b00000,0x000000d647c00000) (1024K)]
  0x0000022dde19e990 JavaThread "Cache worker for Java compile cache (C:\Users\Travis\.gradle\caches\9.2.1\javaCompile)"        [_thread_blocked, id=30288, stack(0x000000d64d600000,0x000000d64d700000) (1024K)]
  0x0000022ddc041ea0 JavaThread "Daemon worker Thread 15"           [_thread_blocked, id=37992, stack(0x000000d63f700000,0x000000d63f800000) (1024K)]
  0x0000022dde19a7f0 JavaThread "Exec process Thread 34"            [_thread_in_native, id=26132, stack(0x000000d644100000,0x000000d644200000) (1024K)]
  0x0000022dde199ad0 JavaThread "Exec process Thread 35"            [_thread_blocked, id=13152, stack(0x000000d644300000,0x000000d644400000) (1024K)]
  0x0000022dde19ae80 JavaThread "Exec process Thread 36"            [_thread_in_native, id=40268, stack(0x000000d644400000,0x000000d644500000) (1024K)]
  0x0000022ddc041810 JavaThread "Daemon Thread 24"                  [_thread_blocked, id=40000, stack(0x000000d63f500000,0x000000d63f600000) (1024K)]
  0x0000022ddc040af0 JavaThread "Handler for socket connection from /127.0.0.1:60249 to /127.0.0.1:56583"        [_thread_in_native, id=39520, stack(0x000000d63e300000,0x000000d63e400000) (1024K)]
  0x0000022ddc043250 JavaThread "Cancel handler"                    [_thread_blocked, id=16264, stack(0x000000d63e400000,0x000000d63e500000) (1024K)]
  0x0000022ddc042530 JavaThread "Asynchronous log dispatcher for DefaultDaemonConnection: socket connection from /127.0.0.1:60249 to /127.0.0.1:56583"        [_thread_blocked, id=15512, stack(0x000000d63f600000,0x000000d63f700000) (1024K)]
  0x0000022ddc040460 JavaThread "Stdin handler"                     [_thread_blocked, id=8088, stack(0x000000d63f800000,0x000000d63f900000) (1024K)]
  0x0000022ddc03fdd0 JavaThread "Daemon client event forwarder"        [_thread_blocked, id=21652, stack(0x000000d63fb00000,0x000000d63fc00000) (1024K)]
  0x0000022ddc0438e0 JavaThread "Cache worker for file hash cache (D:\Google Drive\Project stuff\MInecraft Mods\EngineerMod\.gradle\9.2.1\fileHashes)"        [_thread_blocked, id=24480, stack(0x000000d63fd00000,0x000000d63fe00000) (1024K)]
  0x0000022ddc044600 JavaThread "Cache worker for checksums cache (D:\Google Drive\Project stuff\MInecraft Mods\EngineerMod\.gradle\9.2.1\checksums)"        [_thread_blocked, id=41724, stack(0x000000d640c00000,0x000000d640d00000) (1024K)]
  0x0000022ddc043f70 JavaThread "Cache worker for Build Output Cleanup Cache (D:\Google Drive\Project stuff\MInecraft Mods\EngineerMod\.gradle\buildOutputCleanup)"        [_thread_blocked, id=41792, stack(0x000000d640d00000,0x000000d640e00000) (1024K)]
  0x0000022ddc041180 JavaThread "Cache worker for cache directory md-supplier (C:\Users\Travis\.gradle\caches\9.2.1\md-supplier)"        [_thread_blocked, id=41652, stack(0x000000d640e00000,0x000000d640f00000) (1024K)]
  0x0000022ddc0473f0 JavaThread "Cache worker for cache directory md-rule (C:\Users\Travis\.gradle\caches\9.2.1\md-rule)"        [_thread_blocked, id=40204, stack(0x000000d640f00000,0x000000d641000000) (1024K)]
  0x0000022ddc0459b0 JavaThread "Build operations"                  [_thread_blocked, id=38860, stack(0x000000d641000000,0x000000d641100000) (1024K)]
  0x0000022ddc0466d0 JavaThread "included builds"                   [_thread_blocked, id=20840, stack(0x000000d641200000,0x000000d641300000) (1024K)]
  0x0000022ddc045320 JavaThread "Execution worker"                  [_thread_blocked, id=41460, stack(0x000000d641800000,0x000000d641900000) (1024K)]
  0x0000022ddc048110 JavaThread "Execution worker Thread 2"         [_thread_blocked, id=27404, stack(0x000000d641900000,0x000000d641a00000) (1024K)]
  0x0000022ddc044c90 JavaThread "Execution worker Thread 3"         [_thread_blocked, id=31784, stack(0x000000d641a00000,0x000000d641b00000) (1024K)]
  0x0000022ddc046040 JavaThread "Execution worker Thread 4"         [_thread_blocked, id=37636, stack(0x000000d641f00000,0x000000d642000000) (1024K)]
  0x0000022ddc049b50 JavaThread "Execution worker Thread 5"         [_thread_blocked, id=34892, stack(0x000000d642000000,0x000000d642100000) (1024K)]
  0x0000022ddc0487a0 JavaThread "Execution worker Thread 6"         [_thread_blocked, id=11508, stack(0x000000d642200000,0x000000d642300000) (1024K)]
  0x0000022ddc04a1e0 JavaThread "Execution worker Thread 7"         [_thread_blocked, id=38020, stack(0x000000d642300000,0x000000d642400000) (1024K)]
  0x0000022ddc046d60 JavaThread "Execution worker Thread 8"         [_thread_blocked, id=17276, stack(0x000000d642500000,0x000000d642600000) (1024K)]
  0x0000022ddc048e30 JavaThread "Execution worker Thread 9"         [_thread_blocked, id=3940, stack(0x000000d642600000,0x000000d642700000) (1024K)]
  0x0000022ddc047a80 JavaThread "Execution worker Thread 10"        [_thread_blocked, id=38696, stack(0x000000d642700000,0x000000d642800000) (1024K)]
  0x0000022ddc04af00 JavaThread "Execution worker Thread 11"        [_thread_blocked, id=26256, stack(0x000000d642800000,0x000000d642900000) (1024K)]
  0x0000022ddc04b590 JavaThread "Cache worker for execution history cache (D:\Google Drive\Project stuff\MInecraft Mods\EngineerMod\.gradle\9.2.1\executionHistory)"        [_thread_blocked, id=22056, stack(0x000000d642900000,0x000000d642a00000) (1024K)]
  0x0000022ddc04c940 JavaThread "Execution worker Thread 12"        [_thread_blocked, id=36540, stack(0x000000d642a00000,0x000000d642b00000) (1024K)]
  0x0000022ddc04bc20 JavaThread "Execution worker Thread 13"        [_thread_blocked, id=38636, stack(0x000000d642b00000,0x000000d642c00000) (1024K)]
  0x0000022ddc04d660 JavaThread "Execution worker Thread 14"        [_thread_blocked, id=29296, stack(0x000000d642c00000,0x000000d642d00000) (1024K)]
  0x0000022ddc04c2b0 JavaThread "Execution worker Thread 15"        [_thread_blocked, id=41980, stack(0x000000d642d00000,0x000000d642e00000) (1024K)]
  0x0000022ddc04cfd0 JavaThread "Build operations Thread 2"         [_thread_blocked, id=13944, stack(0x000000d642e00000,0x000000d642f00000) (1024K)]
  0x0000022ddc04dcf0 JavaThread "Build operations Thread 3"         [_thread_blocked, id=15788, stack(0x000000d642f00000,0x000000d643000000) (1024K)]
  0x0000022ddc04a870 JavaThread "Build operations Thread 4"         [_thread_blocked, id=39332, stack(0x000000d643000000,0x000000d643100000) (1024K)]
  0x0000022ddc04e380 JavaThread "Build operations Thread 5"         [_thread_blocked, id=39628, stack(0x000000d643100000,0x000000d643200000) (1024K)]
  0x0000022ddc04ea10 JavaThread "Build operations Thread 6"         [_thread_blocked, id=29396, stack(0x000000d643200000,0x000000d643300000) (1024K)]
  0x0000022de02a0d00 JavaThread "Build operations Thread 7"         [_thread_blocked, id=3404, stack(0x000000d643300000,0x000000d643400000) (1024K)]
  0x0000022de02a2dd0 JavaThread "Build operations Thread 8"         [_thread_blocked, id=12876, stack(0x000000d643400000,0x000000d643500000) (1024K)]
  0x0000022de02a1390 JavaThread "Build operations Thread 9"         [_thread_blocked, id=6504, stack(0x000000d643500000,0x000000d643600000) (1024K)]
  0x0000022de029ffe0 JavaThread "Build operations Thread 10"        [_thread_blocked, id=11524, stack(0x000000d643600000,0x000000d643700000) (1024K)]
  0x0000022de02a2740 JavaThread "Build operations Thread 11"        [_thread_blocked, id=24028, stack(0x000000d643700000,0x000000d643800000) (1024K)]
  0x0000022de02a20b0 JavaThread "Build operations Thread 12"        [_thread_blocked, id=9268, stack(0x000000d643800000,0x000000d643900000) (1024K)]
  0x0000022de02a3460 JavaThread "Build operations Thread 13"        [_thread_blocked, id=10676, stack(0x000000d643b00000,0x000000d643c00000) (1024K)]
  0x0000022de02a3af0 JavaThread "Build operations Thread 14"        [_thread_blocked, id=9436, stack(0x000000d643c00000,0x000000d643d00000) (1024K)]
  0x0000022de02a0670 JavaThread "Build operations Thread 15"        [_thread_blocked, id=14716, stack(0x000000d643d00000,0x000000d643e00000) (1024K)]
  0x0000022de02a5bc0 JavaThread "Build operations Thread 16"        [_thread_blocked, id=40880, stack(0x000000d643e00000,0x000000d643f00000) (1024K)]
  0x0000022de100b1a0 JavaThread "Problems report writer"            [_thread_blocked, id=41372, stack(0x000000d644800000,0x000000d644900000) (1024K)]
Total: 87

Other Threads:
  0x0000022d933948c0 VMThread "VM Thread"                           [id=29692, stack(0x000000d63ec00000,0x000000d63ed00000) (1024K)]
  0x0000022d93387350 WatcherThread "VM Periodic Task Thread"        [id=9288, stack(0x000000d63eb00000,0x000000d63ec00000) (1024K)]
  0x0000022df6f443d0 WorkerThread "GC Thread#0"                     [id=1720, stack(0x000000d63e600000,0x000000d63e700000) (1024K)]
  0x0000022dd9909560 WorkerThread "GC Thread#1"                     [id=37356, stack(0x000000d63fe00000,0x000000d63ff00000) (1024K)]
  0x0000022dd9729440 WorkerThread "GC Thread#2"                     [id=11680, stack(0x000000d63ff00000,0x000000d640000000) (1024K)]
  0x0000022dd97297f0 WorkerThread "GC Thread#3"                     [id=34864, stack(0x000000d640000000,0x000000d640100000) (1024K)]
  0x0000022dd9729ba0 WorkerThread "GC Thread#4"                     [id=30000, stack(0x000000d640100000,0x000000d640200000) (1024K)]
  0x0000022dd9824560 WorkerThread "GC Thread#5"                     [id=18516, stack(0x000000d640200000,0x000000d640300000) (1024K)]
  0x0000022dd98250b0 WorkerThread "GC Thread#6"                     [id=25180, stack(0x000000d640300000,0x000000d640400000) (1024K)]
=>0x0000022dd97991e0 WorkerThread "GC Thread#7"                     [id=30360, stack(0x000000d640400000,0x000000d640500000) (1024K)]
  0x0000022dd9736870 WorkerThread "GC Thread#8"                     [id=31380, stack(0x000000d640500000,0x000000d640600000) (1024K)]
  0x0000022dd9736ff0 WorkerThread "GC Thread#9"                     [id=21840, stack(0x000000d640600000,0x000000d640700000) (1024K)]
  0x0000022dd962b0e0 WorkerThread "GC Thread#10"                    [id=21996, stack(0x000000d640700000,0x000000d640800000) (1024K)]
  0x0000022dd98fccb0 WorkerThread "GC Thread#11"                    [id=33940, stack(0x000000d640800000,0x000000d640900000) (1024K)]
  0x0000022dd98fd060 WorkerThread "GC Thread#12"                    [id=3656, stack(0x000000d640900000,0x000000d640a00000) (1024K)]
  0x0000022df6f4d170 ConcurrentGCThread "G1 Main Marker"            [id=6024, stack(0x000000d63e700000,0x000000d63e800000) (1024K)]
  0x0000022df6f4da30 WorkerThread "G1 Conc#0"                       [id=15900, stack(0x000000d63e800000,0x000000d63e900000) (1024K)]
  0x0000022dd99af880 WorkerThread "G1 Conc#1"                       [id=37164, stack(0x000000d641600000,0x000000d641700000) (1024K)]
  0x0000022dd99af4d0 WorkerThread "G1 Conc#2"                       [id=1928, stack(0x000000d641700000,0x000000d641800000) (1024K)]
  0x0000022d930cc830 ConcurrentGCThread "G1 Refine#0"               [id=35644, stack(0x000000d63e900000,0x000000d63ea00000) (1024K)]
  0x0000022d93260020 ConcurrentGCThread "G1 Service"                [id=37740, stack(0x000000d63ea00000,0x000000d63eb00000) (1024K)]
Total: 21

Threads with active compile tasks:
Total: 0

VM state: at safepoint (normal execution)

VM Mutex/Monitor currently owned by a thread:  ([mutex/lock_event])
[0x00007ffb565a9f10] Threads_lock - owner thread: 0x0000022d933948c0
[0x00007ffb565aa010] Heap_lock - owner thread: 0x0000022dda598ff0

OutOfMemory and StackOverflow Exception counts:
OutOfMemoryError java_heap_errors=17
LinkageErrors=555

Heap address: 0x00000000c0000000, size: 1024 MB, Compressed Oops mode: 32-bit

CDS archive(s) mapped at: [0x0000022d94000000-0x0000022d94c90000-0x0000022d94c90000), size 13172736, SharedBaseAddress: 0x0000022d94000000, ArchiveRelocationMode: 1.
Compressed class space mapped at: 0x0000022d95000000-0x0000022dd5000000, reserved size: 1073741824
Narrow klass base: 0x0000022d94000000, Narrow klass shift: 0, Narrow klass range: 0x100000000

GC Precious Log:
 CardTable entry size: 512
 Card Set container configuration: InlinePtr #cards 5 size 8 Array Of Cards #cards 12 size 40 Howl #buckets 4 coarsen threshold 1843 Howl Bitmap #cards 512 size 80 coarsen threshold 460 Card regions per heap region 1 cards per card region 2048
 CPUs: 16 total, 16 available
 Memory: 65465M
 Large Page Support: Disabled
 NUMA Support: Disabled
 Compressed Oops: Enabled (32-bit)
 Heap Region Size: 1M
 Heap Min Capacity: 8M
 Heap Initial Capacity: 1G
 Heap Max Capacity: 1G
 Pre-touch: Disabled
 Parallel Workers: 13
 Concurrent Workers: 3
 Concurrent Refinement Workers: 13
 Periodic GC: Disabled

Heap:
 garbage-first heap   total 1048576K, used 1047454K [0x00000000c0000000, 0x0000000100000000)
  region size 1024K, 0 young (0K), 0 survivors (0K)
 Metaspace       used 99009K, committed 103616K, reserved 1179648K
  class space    used 12776K, committed 14912K, reserved 1048576K

Heap Regions: E=young(eden), S=young(survivor), O=old, HS=humongous(starts), HC=humongous(continues), CS=collection set, F=free, TAMS=top-at-mark-start, PB=parsable bottom
|   0|0x00000000c0000000, 0x00000000c0100000, 0x00000000c0100000|100%|HS|  |TAMS 0x00000000c0000000| PB 0x00000000c0100000| Untracked 
|   1|0x00000000c0100000, 0x00000000c0200000, 0x00000000c0200000|100%|HC|  |TAMS 0x00000000c0100000| PB 0x00000000c0200000| Untracked 
|   2|0x00000000c0200000, 0x00000000c0300000, 0x00000000c0300000|100%|HC|  |TAMS 0x00000000c0200000| PB 0x00000000c0300000| Untracked 
|   3|0x00000000c0300000, 0x00000000c0400000, 0x00000000c0400000|100%|HC|  |TAMS 0x00000000c0300000| PB 0x00000000c0400000| Untracked 
|   4|0x00000000c0400000, 0x00000000c04ffff8, 0x00000000c0500000| 99%| O|  |TAMS 0x00000000c0400000| PB 0x00000000c04ffff8| Untracked 
|   5|0x00000000c0500000, 0x00000000c0600000, 0x00000000c0600000|100%|HS|  |TAMS 0x00000000c0500000| PB 0x00000000c0600000| Untracked 
|   6|0x00000000c0600000, 0x00000000c06ffff8, 0x00000000c0700000| 99%| O|  |TAMS 0x00000000c0600000| PB 0x00000000c06ffff8| Untracked 
|   7|0x00000000c0700000, 0x00000000c07fffe0, 0x00000000c0800000| 99%| O|  |TAMS 0x00000000c0700000| PB 0x00000000c07fffe0| Untracked 
|   8|0x00000000c0800000, 0x00000000c0900000, 0x00000000c0900000|100%| O|  |TAMS 0x00000000c0800000| PB 0x00000000c0900000| Untracked 
|   9|0x00000000c0900000, 0x00000000c09ffff8, 0x00000000c0a00000| 99%| O|  |TAMS 0x00000000c0900000| PB 0x00000000c09ffff8| Untracked 
|  10|0x00000000c0a00000, 0x00000000c0b00000, 0x00000000c0b00000|100%| O|  |TAMS 0x00000000c0a00000| PB 0x00000000c0b00000| Untracked 
|  11|0x00000000c0b00000, 0x00000000c0bffff8, 0x00000000c0c00000| 99%| O|  |TAMS 0x00000000c0b00000| PB 0x00000000c0bffff8| Untracked 
|  12|0x00000000c0c00000, 0x00000000c0cffff8, 0x00000000c0d00000| 99%| O|  |TAMS 0x00000000c0c00000| PB 0x00000000c0cffff8| Untracked 
|  13|0x00000000c0d00000, 0x00000000c0dffff8, 0x00000000c0e00000| 99%| O|  |TAMS 0x00000000c0d00000| PB 0x00000000c0dffff8| Untracked 
|  14|0x00000000c0e00000, 0x00000000c0efffb0, 0x00000000c0f00000| 99%| O|  |TAMS 0x00000000c0e00000| PB 0x00000000c0efffb0| Untracked 
|  15|0x00000000c0f00000, 0x00000000c0ffffe0, 0x00000000c1000000| 99%| O|  |TAMS 0x00000000c0f00000| PB 0x00000000c0ffffe0| Untracked 
|  16|0x00000000c1000000, 0x00000000c1100000, 0x00000000c1100000|100%| O|  |TAMS 0x00000000c1000000| PB 0x00000000c1100000| Untracked 
|  17|0x00000000c1100000, 0x00000000c11ffff8, 0x00000000c1200000| 99%| O|  |TAMS 0x00000000c1100000| PB 0x00000000c11ffff8| Untracked 
|  18|0x00000000c1200000, 0x00000000c12ffff8, 0x00000000c1300000| 99%| O|  |TAMS 0x00000000c1200000| PB 0x00000000c12ffff8| Untracked 
|  19|0x00000000c1300000, 0x00000000c13ffff0, 0x00000000c1400000| 99%| O|  |TAMS 0x00000000c1300000| PB 0x00000000c13ffff0| Untracked 
|  20|0x00000000c1400000, 0x00000000c1500000, 0x00000000c1500000|100%| O|  |TAMS 0x00000000c1400000| PB 0x00000000c1500000| Untracked 
|  21|0x00000000c1500000, 0x00000000c15ffff8, 0x00000000c1600000| 99%| O|  |TAMS 0x00000000c1500000| PB 0x00000000c15ffff8| Untracked 
|  22|0x00000000c1600000, 0x00000000c16fffd8, 0x00000000c1700000| 99%| O|  |TAMS 0x00000000c1600000| PB 0x00000000c16fffd8| Untracked 
|  23|0x00000000c1700000, 0x00000000c17ffff0, 0x00000000c1800000| 99%| O|  |TAMS 0x00000000c1700000| PB 0x00000000c17ffff0| Untracked 
|  24|0x00000000c1800000, 0x00000000c1900000, 0x00000000c1900000|100%| O|  |TAMS 0x00000000c1800000| PB 0x00000000c1900000| Untracked 
|  25|0x00000000c1900000, 0x00000000c19fffa8, 0x00000000c1a00000| 99%| O|  |TAMS 0x00000000c1900000| PB 0x00000000c19fffa8| Untracked 
|  26|0x00000000c1a00000, 0x00000000c1afffe8, 0x00000000c1b00000| 99%| O|  |TAMS 0x00000000c1a00000| PB 0x00000000c1afffe8| Untracked 
|  27|0x00000000c1b00000, 0x00000000c1bffff0, 0x00000000c1c00000| 99%| O|  |TAMS 0x00000000c1b00000| PB 0x00000000c1bffff0| Untracked 
|  28|0x00000000c1c00000, 0x00000000c1d00000, 0x00000000c1d00000|100%|HS|  |TAMS 0x00000000c1c00000| PB 0x00000000c1d00000| Untracked 
|  29|0x00000000c1d00000, 0x00000000c1e00000, 0x00000000c1e00000|100%|HC|  |TAMS 0x00000000c1d00000| PB 0x00000000c1e00000| Untracked 
|  30|0x00000000c1e00000, 0x00000000c1effff8, 0x00000000c1f00000| 99%| O|  |TAMS 0x00000000c1e00000| PB 0x00000000c1effff8| Untracked 
|  31|0x00000000c1f00000, 0x00000000c2000000, 0x00000000c2000000|100%| O|  |TAMS 0x00000000c1f00000| PB 0x00000000c2000000| Untracked 
|  32|0x00000000c2000000, 0x00000000c20fffe8, 0x00000000c2100000| 99%| O|  |TAMS 0x00000000c2000000| PB 0x00000000c20fffe8| Untracked 
|  33|0x00000000c2100000, 0x00000000c2200000, 0x00000000c2200000|100%| O|  |TAMS 0x00000000c2100000| PB 0x00000000c2200000| Untracked 
|  34|0x00000000c2200000, 0x00000000c22ffff0, 0x00000000c2300000| 99%| O|  |TAMS 0x00000000c2200000| PB 0x00000000c22ffff0| Untracked 
|  35|0x00000000c2300000, 0x00000000c23fff70, 0x00000000c2400000| 99%| O|  |TAMS 0x00000000c2300000| PB 0x00000000c23fff70| Untracked 
|  36|0x00000000c2400000, 0x00000000c2500000, 0x00000000c2500000|100%| O|  |TAMS 0x00000000c2400000| PB 0x00000000c2500000| Untracked 
|  37|0x00000000c2500000, 0x00000000c25ffff0, 0x00000000c2600000| 99%| O|  |TAMS 0x00000000c2500000| PB 0x00000000c25ffff0| Untracked 
|  38|0x00000000c2600000, 0x00000000c26ffff0, 0x00000000c2700000| 99%| O|  |TAMS 0x00000000c2600000| PB 0x00000000c26ffff0| Untracked 
|  39|0x00000000c2700000, 0x00000000c27fffe8, 0x00000000c2800000| 99%| O|  |TAMS 0x00000000c2700000| PB 0x00000000c27fffe8| Untracked 
|  40|0x00000000c2800000, 0x00000000c28ffff8, 0x00000000c2900000| 99%| O|  |TAMS 0x00000000c2800000| PB 0x00000000c28ffff8| Untracked 
|  41|0x00000000c2900000, 0x00000000c29fffd0, 0x00000000c2a00000| 99%| O|  |TAMS 0x00000000c2900000| PB 0x00000000c29fffd0| Untracked 
|  42|0x00000000c2a00000, 0x00000000c2afffc8, 0x00000000c2b00000| 99%| O|  |TAMS 0x00000000c2a00000| PB 0x00000000c2afffc8| Untracked 
|  43|0x00000000c2b00000, 0x00000000c2bffff8, 0x00000000c2c00000| 99%| O|  |TAMS 0x00000000c2b00000| PB 0x00000000c2bffff8| Untracked 
|  44|0x00000000c2c00000, 0x00000000c2cfff68, 0x00000000c2d00000| 99%| O|  |TAMS 0x00000000c2c00000| PB 0x00000000c2cfff68| Untracked 
|  45|0x00000000c2d00000, 0x00000000c2dfff50, 0x00000000c2e00000| 99%| O|  |TAMS 0x00000000c2d00000| PB 0x00000000c2dfff50| Untracked 
|  46|0x00000000c2e00000, 0x00000000c2efff68, 0x00000000c2f00000| 99%| O|  |TAMS 0x00000000c2e00000| PB 0x00000000c2efff68| Untracked 
|  47|0x00000000c2f00000, 0x00000000c2ffffe8, 0x00000000c3000000| 99%| O|  |TAMS 0x00000000c2f00000| PB 0x00000000c2ffffe8| Untracked 
|  48|0x00000000c3000000, 0x00000000c30ffff0, 0x00000000c3100000| 99%| O|  |TAMS 0x00000000c3000000| PB 0x00000000c30ffff0| Untracked 
|  49|0x00000000c3100000, 0x00000000c3200000, 0x00000000c3200000|100%| O|  |TAMS 0x00000000c3100000| PB 0x00000000c3200000| Untracked 
|  50|0x00000000c3200000, 0x00000000c32f7f38, 0x00000000c3300000| 96%| O|  |TAMS 0x00000000c3200000| PB 0x00000000c32f7f38| Untracked 
|  51|0x00000000c3300000, 0x00000000c3400000, 0x00000000c3400000|100%| O|  |TAMS 0x00000000c3300000| PB 0x00000000c3400000| Untracked 
|  52|0x00000000c3400000, 0x00000000c34ffff0, 0x00000000c3500000| 99%| O|  |TAMS 0x00000000c3400000| PB 0x00000000c34ffff0| Untracked 
|  53|0x00000000c3500000, 0x00000000c35fff18, 0x00000000c3600000| 99%| O|  |TAMS 0x00000000c3500000| PB 0x00000000c35fff18| Untracked 
|  54|0x00000000c3600000, 0x00000000c36fffc8, 0x00000000c3700000| 99%| O|  |TAMS 0x00000000c3600000| PB 0x00000000c36fffc8| Untracked 
|  55|0x00000000c3700000, 0x00000000c37fffe8, 0x00000000c3800000| 99%| O|  |TAMS 0x00000000c3700000| PB 0x00000000c37fffe8| Untracked 
|  56|0x00000000c3800000, 0x00000000c38ffff8, 0x00000000c3900000| 99%| O|  |TAMS 0x00000000c3800000| PB 0x00000000c38ffff8| Untracked 
|  57|0x00000000c3900000, 0x00000000c39fffe0, 0x00000000c3a00000| 99%| O|  |TAMS 0x00000000c3900000| PB 0x00000000c39fffe0| Untracked 
|  58|0x00000000c3a00000, 0x00000000c3afffd0, 0x00000000c3b00000| 99%| O|  |TAMS 0x00000000c3a00000| PB 0x00000000c3afffd0| Untracked 
|  59|0x00000000c3b00000, 0x00000000c3c00000, 0x00000000c3c00000|100%| O|  |TAMS 0x00000000c3b00000| PB 0x00000000c3c00000| Untracked 
|  60|0x00000000c3c00000, 0x00000000c3d00000, 0x00000000c3d00000|100%| O|  |TAMS 0x00000000c3c00000| PB 0x00000000c3d00000| Untracked 
|  61|0x00000000c3d00000, 0x00000000c3dfffc8, 0x00000000c3e00000| 99%| O|  |TAMS 0x00000000c3d00000| PB 0x00000000c3dfffc8| Untracked 
|  62|0x00000000c3e00000, 0x00000000c3f00000, 0x00000000c3f00000|100%| O|  |TAMS 0x00000000c3e00000| PB 0x00000000c3f00000| Untracked 
|  63|0x00000000c3f00000, 0x00000000c3fffff8, 0x00000000c4000000| 99%| O|  |TAMS 0x00000000c3f00000| PB 0x00000000c3fffff8| Untracked 
|  64|0x00000000c4000000, 0x00000000c40fffb8, 0x00000000c4100000| 99%| O|  |TAMS 0x00000000c4000000| PB 0x00000000c40fffb8| Untracked 
|  65|0x00000000c4100000, 0x00000000c41ffff0, 0x00000000c4200000| 99%| O|  |TAMS 0x00000000c4100000| PB 0x00000000c41ffff0| Untracked 
|  66|0x00000000c4200000, 0x00000000c42ffff8, 0x00000000c4300000| 99%| O|  |TAMS 0x00000000c4200000| PB 0x00000000c42ffff8| Untracked 
|  67|0x00000000c4300000, 0x00000000c43fffe8, 0x00000000c4400000| 99%| O|  |TAMS 0x00000000c4300000| PB 0x00000000c43fffe8| Untracked 
|  68|0x00000000c4400000, 0x00000000c44ffff0, 0x00000000c4500000| 99%| O|  |TAMS 0x00000000c4400000| PB 0x00000000c44ffff0| Untracked 
|  69|0x00000000c4500000, 0x00000000c45ffff0, 0x00000000c4600000| 99%| O|  |TAMS 0x00000000c4500000| PB 0x00000000c45ffff0| Untracked 
|  70|0x00000000c4600000, 0x00000000c46fffa8, 0x00000000c4700000| 99%| O|  |TAMS 0x00000000c4600000| PB 0x00000000c46fffa8| Untracked 
|  71|0x00000000c4700000, 0x00000000c47ffff0, 0x00000000c4800000| 99%| O|  |TAMS 0x00000000c4700000| PB 0x00000000c47ffff0| Untracked 
|  72|0x00000000c4800000, 0x00000000c48ffff8, 0x00000000c4900000| 99%| O|  |TAMS 0x00000000c4800000| PB 0x00000000c48ffff8| Untracked 
|  73|0x00000000c4900000, 0x00000000c49ffff8, 0x00000000c4a00000| 99%| O|  |TAMS 0x00000000c4900000| PB 0x00000000c49ffff8| Untracked 
|  74|0x00000000c4a00000, 0x00000000c4aff2d8, 0x00000000c4b00000| 99%| O|  |TAMS 0x00000000c4a00000| PB 0x00000000c4aff2d8| Untracked 
|  75|0x00000000c4b00000, 0x00000000c4c00000, 0x00000000c4c00000|100%| O|  |TAMS 0x00000000c4b00000| PB 0x00000000c4c00000| Untracked 
|  76|0x00000000c4c00000, 0x00000000c4cfff68, 0x00000000c4d00000| 99%| O|  |TAMS 0x00000000c4c00000| PB 0x00000000c4cfff68| Untracked 
|  77|0x00000000c4d00000, 0x00000000c4dffff0, 0x00000000c4e00000| 99%| O|  |TAMS 0x00000000c4d00000| PB 0x00000000c4dffff0| Untracked 
|  78|0x00000000c4e00000, 0x00000000c4f00000, 0x00000000c4f00000|100%| O|  |TAMS 0x00000000c4e00000| PB 0x00000000c4f00000| Untracked 
|  79|0x00000000c4f00000, 0x00000000c4ffffe0, 0x00000000c5000000| 99%| O|  |TAMS 0x00000000c4f00000| PB 0x00000000c4ffffe0| Untracked 
|  80|0x00000000c5000000, 0x00000000c50ffff0, 0x00000000c5100000| 99%| O|  |TAMS 0x00000000c5000000| PB 0x00000000c50ffff0| Untracked 
|  81|0x00000000c5100000, 0x00000000c51fffb8, 0x00000000c5200000| 99%| O|  |TAMS 0x00000000c5100000| PB 0x00000000c51fffb8| Untracked 
|  82|0x00000000c5200000, 0x00000000c52ffff0, 0x00000000c5300000| 99%| O|  |TAMS 0x00000000c5200000| PB 0x00000000c52ffff0| Untracked 
|  83|0x00000000c5300000, 0x00000000c53ffff8, 0x00000000c5400000| 99%| O|  |TAMS 0x00000000c5300000| PB 0x00000000c53ffff8| Untracked 
|  84|0x00000000c5400000, 0x00000000c54fffe0, 0x00000000c5500000| 99%| O|  |TAMS 0x00000000c5400000| PB 0x00000000c54fffe0| Untracked 
|  85|0x00000000c5500000, 0x00000000c55ffff0, 0x00000000c5600000| 99%| O|  |TAMS 0x00000000c5500000| PB 0x00000000c55ffff0| Untracked 
|  86|0x00000000c5600000, 0x00000000c5700000, 0x00000000c5700000|100%| O|  |TAMS 0x00000000c5600000| PB 0x00000000c5700000| Untracked 
|  87|0x00000000c5700000, 0x00000000c57fffb8, 0x00000000c5800000| 99%| O|  |TAMS 0x00000000c5700000| PB 0x00000000c57fffb8| Untracked 
|  88|0x00000000c5800000, 0x00000000c58fffe8, 0x00000000c5900000| 99%| O|  |TAMS 0x00000000c5800000| PB 0x00000000c58fffe8| Untracked 
|  89|0x00000000c5900000, 0x00000000c59ffff0, 0x00000000c5a00000| 99%| O|  |TAMS 0x00000000c5900000| PB 0x00000000c59ffff0| Untracked 
|  90|0x00000000c5a00000, 0x00000000c5b00000, 0x00000000c5b00000|100%| O|  |TAMS 0x00000000c5a00000| PB 0x00000000c5b00000| Untracked 
|  91|0x00000000c5b00000, 0x00000000c5bffff8, 0x00000000c5c00000| 99%| O|  |TAMS 0x00000000c5b00000| PB 0x00000000c5bffff8| Untracked 
|  92|0x00000000c5c00000, 0x00000000c5cffff0, 0x00000000c5d00000| 99%| O|  |TAMS 0x00000000c5c00000| PB 0x00000000c5cffff0| Untracked 
|  93|0x00000000c5d00000, 0x00000000c5dffff8, 0x00000000c5e00000| 99%| O|  |TAMS 0x00000000c5d00000| PB 0x00000000c5dffff8| Untracked 
|  94|0x00000000c5e00000, 0x00000000c5efff50, 0x00000000c5f00000| 99%| O|  |TAMS 0x00000000c5e00000| PB 0x00000000c5efff50| Untracked 
|  95|0x00000000c5f00000, 0x00000000c5fffff0, 0x00000000c6000000| 99%| O|  |TAMS 0x00000000c5f00000| PB 0x00000000c5fffff0| Untracked 
|  96|0x00000000c6000000, 0x00000000c60ffff0, 0x00000000c6100000| 99%| O|  |TAMS 0x00000000c6000000| PB 0x00000000c60ffff0| Untracked 
|  97|0x00000000c6100000, 0x00000000c61fffd0, 0x00000000c6200000| 99%| O|  |TAMS 0x00000000c6100000| PB 0x00000000c61fffd0| Untracked 
|  98|0x00000000c6200000, 0x00000000c62ffff8, 0x00000000c6300000| 99%| O|  |TAMS 0x00000000c6200000| PB 0x00000000c62ffff8| Untracked 
|  99|0x00000000c6300000, 0x00000000c63fffe0, 0x00000000c6400000| 99%| O|  |TAMS 0x00000000c6300000| PB 0x00000000c63fffe0| Untracked 
| 100|0x00000000c6400000, 0x00000000c64fff40, 0x00000000c6500000| 99%| O|  |TAMS 0x00000000c6400000| PB 0x00000000c64fff40| Untracked 
| 101|0x00000000c6500000, 0x00000000c65fffa0, 0x00000000c6600000| 99%| O|  |TAMS 0x00000000c6500000| PB 0x00000000c65fffa0| Untracked 
| 102|0x00000000c6600000, 0x00000000c6700000, 0x00000000c6700000|100%| O|  |TAMS 0x00000000c6600000| PB 0x00000000c6700000| Untracked 
| 103|0x00000000c6700000, 0x00000000c6800000, 0x00000000c6800000|100%| O|  |TAMS 0x00000000c6700000| PB 0x00000000c6800000| Untracked 
| 104|0x00000000c6800000, 0x00000000c68fffd8, 0x00000000c6900000| 99%| O|  |TAMS 0x00000000c6800000| PB 0x00000000c68fffd8| Untracked 
| 105|0x00000000c6900000, 0x00000000c69fff58, 0x00000000c6a00000| 99%| O|  |TAMS 0x00000000c6900000| PB 0x00000000c69fff58| Untracked 
| 106|0x00000000c6a00000, 0x00000000c6b00000, 0x00000000c6b00000|100%| O|  |TAMS 0x00000000c6a00000| PB 0x00000000c6b00000| Untracked 
| 107|0x00000000c6b00000, 0x00000000c6bffff8, 0x00000000c6c00000| 99%| O|  |TAMS 0x00000000c6b00000| PB 0x00000000c6bffff8| Untracked 
| 108|0x00000000c6c00000, 0x00000000c6cfff50, 0x00000000c6d00000| 99%| O|  |TAMS 0x00000000c6c00000| PB 0x00000000c6cfff50| Untracked 
| 109|0x00000000c6d00000, 0x00000000c6dffff0, 0x00000000c6e00000| 99%| O|  |TAMS 0x00000000c6d00000| PB 0x00000000c6dffff0| Untracked 
| 110|0x00000000c6e00000, 0x00000000c6efffc8, 0x00000000c6f00000| 99%| O|  |TAMS 0x00000000c6e00000| PB 0x00000000c6efffc8| Untracked 
| 111|0x00000000c6f00000, 0x00000000c6fffff0, 0x00000000c7000000| 99%| O|  |TAMS 0x00000000c6f00000| PB 0x00000000c6fffff0| Untracked 
| 112|0x00000000c7000000, 0x00000000c70fffe8, 0x00000000c7100000| 99%| O|  |TAMS 0x00000000c7000000| PB 0x00000000c70fffe8| Untracked 
| 113|0x00000000c7100000, 0x00000000c71ffff8, 0x00000000c7200000| 99%| O|  |TAMS 0x00000000c7100000| PB 0x00000000c71ffff8| Untracked 
| 114|0x00000000c7200000, 0x00000000c7300000, 0x00000000c7300000|100%| O|  |TAMS 0x00000000c7200000| PB 0x00000000c7300000| Untracked 
| 115|0x00000000c7300000, 0x00000000c7400000, 0x00000000c7400000|100%| O|  |TAMS 0x00000000c7300000| PB 0x00000000c7400000| Untracked 
| 116|0x00000000c7400000, 0x00000000c74fff78, 0x00000000c7500000| 99%| O|  |TAMS 0x00000000c7400000| PB 0x00000000c74fff78| Untracked 
| 117|0x00000000c7500000, 0x00000000c75ffff8, 0x00000000c7600000| 99%| O|  |TAMS 0x00000000c7500000| PB 0x00000000c75ffff8| Untracked 
| 118|0x00000000c7600000, 0x00000000c76fff40, 0x00000000c7700000| 99%| O|  |TAMS 0x00000000c7600000| PB 0x00000000c76fff40| Untracked 
| 119|0x00000000c7700000, 0x00000000c77fffb8, 0x00000000c7800000| 99%| O|  |TAMS 0x00000000c7700000| PB 0x00000000c77fffb8| Untracked 
| 120|0x00000000c7800000, 0x00000000c78ffff0, 0x00000000c7900000| 99%| O|  |TAMS 0x00000000c7800000| PB 0x00000000c78ffff0| Untracked 
| 121|0x00000000c7900000, 0x00000000c79ffff0, 0x00000000c7a00000| 99%| O|  |TAMS 0x00000000c7900000| PB 0x00000000c79ffff0| Untracked 
| 122|0x00000000c7a00000, 0x00000000c7b00000, 0x00000000c7b00000|100%| O|  |TAMS 0x00000000c7a00000| PB 0x00000000c7b00000| Untracked 
| 123|0x00000000c7b00000, 0x00000000c7bfffc0, 0x00000000c7c00000| 99%| O|  |TAMS 0x00000000c7b00000| PB 0x00000000c7bfffc0| Untracked 
| 124|0x00000000c7c00000, 0x00000000c7cfffc8, 0x00000000c7d00000| 99%| O|  |TAMS 0x00000000c7c00000| PB 0x00000000c7cfffc8| Untracked 
| 125|0x00000000c7d00000, 0x00000000c7dfff80, 0x00000000c7e00000| 99%| O|  |TAMS 0x00000000c7d00000| PB 0x00000000c7dfff80| Untracked 
| 126|0x00000000c7e00000, 0x00000000c7efff60, 0x00000000c7f00000| 99%| O|  |TAMS 0x00000000c7e00000| PB 0x00000000c7efff60| Untracked 
| 127|0x00000000c7f00000, 0x00000000c7ffff48, 0x00000000c8000000| 99%| O|  |TAMS 0x00000000c7f00000| PB 0x00000000c7ffff48| Untracked 
| 128|0x00000000c8000000, 0x00000000c80ffff0, 0x00000000c8100000| 99%| O|  |TAMS 0x00000000c8000000| PB 0x00000000c80ffff0| Untracked 
| 129|0x00000000c8100000, 0x00000000c81ffff0, 0x00000000c8200000| 99%| O|  |TAMS 0x00000000c8100000| PB 0x00000000c81ffff0| Untracked 
| 130|0x00000000c8200000, 0x00000000c82ffff8, 0x00000000c8300000| 99%| O|  |TAMS 0x00000000c8200000| PB 0x00000000c82ffff8| Untracked 
| 131|0x00000000c8300000, 0x00000000c83ffff8, 0x00000000c8400000| 99%| O|  |TAMS 0x00000000c8300000| PB 0x00000000c83ffff8| Untracked 
| 132|0x00000000c8400000, 0x00000000c84fffe8, 0x00000000c8500000| 99%| O|  |TAMS 0x00000000c8400000| PB 0x00000000c84fffe8| Untracked 
| 133|0x00000000c8500000, 0x00000000c85fffd8, 0x00000000c8600000| 99%| O|  |TAMS 0x00000000c8500000| PB 0x00000000c85fffd8| Untracked 
| 134|0x00000000c8600000, 0x00000000c86ffff8, 0x00000000c8700000| 99%| O|  |TAMS 0x00000000c8600000| PB 0x00000000c86ffff8| Untracked 
| 135|0x00000000c8700000, 0x00000000c87fff80, 0x00000000c8800000| 99%| O|  |TAMS 0x00000000c8700000| PB 0x00000000c87fff80| Untracked 
| 136|0x00000000c8800000, 0x00000000c88ffff0, 0x00000000c8900000| 99%| O|  |TAMS 0x00000000c8800000| PB 0x00000000c88ffff0| Untracked 
| 137|0x00000000c8900000, 0x00000000c8a00000, 0x00000000c8a00000|100%| O|  |TAMS 0x00000000c8900000| PB 0x00000000c8a00000| Untracked 
| 138|0x00000000c8a00000, 0x00000000c8b00000, 0x00000000c8b00000|100%| O|  |TAMS 0x00000000c8a00000| PB 0x00000000c8b00000| Untracked 
| 139|0x00000000c8b00000, 0x00000000c8bfff60, 0x00000000c8c00000| 99%| O|  |TAMS 0x00000000c8b00000| PB 0x00000000c8bfff60| Untracked 
| 140|0x00000000c8c00000, 0x00000000c8cfffb0, 0x00000000c8d00000| 99%| O|  |TAMS 0x00000000c8c00000| PB 0x00000000c8cfffb0| Untracked 
| 141|0x00000000c8d00000, 0x00000000c8dffff8, 0x00000000c8e00000| 99%| O|  |TAMS 0x00000000c8d00000| PB 0x00000000c8dffff8| Untracked 
| 142|0x00000000c8e00000, 0x00000000c8f00000, 0x00000000c8f00000|100%| O|  |TAMS 0x00000000c8e00000| PB 0x00000000c8f00000| Untracked 
| 143|0x00000000c8f00000, 0x00000000c8fffff8, 0x00000000c9000000| 99%| O|  |TAMS 0x00000000c8f00000| PB 0x00000000c8fffff8| Untracked 
| 144|0x00000000c9000000, 0x00000000c90ffff0, 0x00000000c9100000| 99%| O|  |TAMS 0x00000000c9000000| PB 0x00000000c90ffff0| Untracked 
| 145|0x00000000c9100000, 0x00000000c91fffb0, 0x00000000c9200000| 99%| O|  |TAMS 0x00000000c9100000| PB 0x00000000c91fffb0| Untracked 
| 146|0x00000000c9200000, 0x00000000c9300000, 0x00000000c9300000|100%| O|  |TAMS 0x00000000c9200000| PB 0x00000000c9300000| Untracked 
| 147|0x00000000c9300000, 0x00000000c93fffe8, 0x00000000c9400000| 99%| O|  |TAMS 0x00000000c9300000| PB 0x00000000c93fffe8| Untracked 
| 148|0x00000000c9400000, 0x00000000c94fffe0, 0x00000000c9500000| 99%| O|  |TAMS 0x00000000c9400000| PB 0x00000000c94fffe0| Untracked 
| 149|0x00000000c9500000, 0x00000000c95ffff8, 0x00000000c9600000| 99%| O|  |TAMS 0x00000000c9500000| PB 0x00000000c95ffff8| Untracked 
| 150|0x00000000c9600000, 0x00000000c96fffe0, 0x00000000c9700000| 99%| O|  |TAMS 0x00000000c9600000| PB 0x00000000c96fffe0| Untracked 
| 151|0x00000000c9700000, 0x00000000c97fff88, 0x00000000c9800000| 99%| O|  |TAMS 0x00000000c9700000| PB 0x00000000c97fff88| Untracked 
| 152|0x00000000c9800000, 0x00000000c98fffd8, 0x00000000c9900000| 99%| O|  |TAMS 0x00000000c9800000| PB 0x00000000c98fffd8| Untracked 
| 153|0x00000000c9900000, 0x00000000c99fffe8, 0x00000000c9a00000| 99%| O|  |TAMS 0x00000000c9900000| PB 0x00000000c99fffe8| Untracked 
| 154|0x00000000c9a00000, 0x00000000c9afffc8, 0x00000000c9b00000| 99%| O|  |TAMS 0x00000000c9a00000| PB 0x00000000c9afffc8| Untracked 
| 155|0x00000000c9b00000, 0x00000000c9bffff8, 0x00000000c9c00000| 99%| O|  |TAMS 0x00000000c9b00000| PB 0x00000000c9bffff8| Untracked 
| 156|0x00000000c9c00000, 0x00000000c9cfffa8, 0x00000000c9d00000| 99%| O|  |TAMS 0x00000000c9c00000| PB 0x00000000c9cfffa8| Untracked 
| 157|0x00000000c9d00000, 0x00000000c9dfffd8, 0x00000000c9e00000| 99%| O|  |TAMS 0x00000000c9d00000| PB 0x00000000c9dfffd8| Untracked 
| 158|0x00000000c9e00000, 0x00000000c9effff0, 0x00000000c9f00000| 99%| O|  |TAMS 0x00000000c9e00000| PB 0x00000000c9effff0| Untracked 
| 159|0x00000000c9f00000, 0x00000000c9ffffd0, 0x00000000ca000000| 99%| O|  |TAMS 0x00000000c9f00000| PB 0x00000000c9ffffd0| Untracked 
| 160|0x00000000ca000000, 0x00000000ca0ffff0, 0x00000000ca100000| 99%| O|  |TAMS 0x00000000ca000000| PB 0x00000000ca0ffff0| Untracked 
| 161|0x00000000ca100000, 0x00000000ca1fffe0, 0x00000000ca200000| 99%| O|  |TAMS 0x00000000ca100000| PB 0x00000000ca1fffe0| Untracked 
| 162|0x00000000ca200000, 0x00000000ca2fff58, 0x00000000ca300000| 99%| O|  |TAMS 0x00000000ca200000| PB 0x00000000ca2fff58| Untracked 
| 163|0x00000000ca300000, 0x00000000ca3ffff8, 0x00000000ca400000| 99%| O|  |TAMS 0x00000000ca300000| PB 0x00000000ca3ffff8| Untracked 
| 164|0x00000000ca400000, 0x00000000ca500000, 0x00000000ca500000|100%| O|  |TAMS 0x00000000ca400000| PB 0x00000000ca500000| Untracked 
| 165|0x00000000ca500000, 0x00000000ca5fffe8, 0x00000000ca600000| 99%| O|  |TAMS 0x00000000ca500000| PB 0x00000000ca5fffe8| Untracked 
| 166|0x00000000ca600000, 0x00000000ca700000, 0x00000000ca700000|100%| O|  |TAMS 0x00000000ca600000| PB 0x00000000ca700000| Untracked 
| 167|0x00000000ca700000, 0x00000000ca800000, 0x00000000ca800000|100%| O|  |TAMS 0x00000000ca700000| PB 0x00000000ca800000| Untracked 
| 168|0x00000000ca800000, 0x00000000ca8fff60, 0x00000000ca900000| 99%| O|  |TAMS 0x00000000ca800000| PB 0x00000000ca8fff60| Untracked 
| 169|0x00000000ca900000, 0x00000000ca9fff90, 0x00000000caa00000| 99%| O|  |TAMS 0x00000000ca900000| PB 0x00000000ca9fff90| Untracked 
| 170|0x00000000caa00000, 0x00000000caafffe8, 0x00000000cab00000| 99%| O|  |TAMS 0x00000000caa00000| PB 0x00000000caafffe8| Untracked 
| 171|0x00000000cab00000, 0x00000000cabfffb0, 0x00000000cac00000| 99%| O|  |TAMS 0x00000000cab00000| PB 0x00000000cabfffb0| Untracked 
| 172|0x00000000cac00000, 0x00000000cacfffd0, 0x00000000cad00000| 99%| O|  |TAMS 0x00000000cac00000| PB 0x00000000cacfffd0| Untracked 
| 173|0x00000000cad00000, 0x00000000cadfff28, 0x00000000cae00000| 99%| O|  |TAMS 0x00000000cad00000| PB 0x00000000cadfff28| Untracked 
| 174|0x00000000cae00000, 0x00000000caeffd98, 0x00000000caf00000| 99%| O|  |TAMS 0x00000000cae00000| PB 0x00000000caeffd98| Untracked 
| 175|0x00000000caf00000, 0x00000000caffffc0, 0x00000000cb000000| 99%| O|  |TAMS 0x00000000caf00000| PB 0x00000000caffffc0| Untracked 
| 176|0x00000000cb000000, 0x00000000cb100000, 0x00000000cb100000|100%| O|  |TAMS 0x00000000cb000000| PB 0x00000000cb100000| Untracked 
| 177|0x00000000cb100000, 0x00000000cb200000, 0x00000000cb200000|100%| O|  |TAMS 0x00000000cb100000| PB 0x00000000cb200000| Untracked 
| 178|0x00000000cb200000, 0x00000000cb300000, 0x00000000cb300000|100%| O|  |TAMS 0x00000000cb200000| PB 0x00000000cb300000| Untracked 
| 179|0x00000000cb300000, 0x00000000cb3ffff8, 0x00000000cb400000| 99%| O|  |TAMS 0x00000000cb300000| PB 0x00000000cb3ffff8| Untracked 
| 180|0x00000000cb400000, 0x00000000cb4ffff0, 0x00000000cb500000| 99%| O|  |TAMS 0x00000000cb400000| PB 0x00000000cb4ffff0| Untracked 
| 181|0x00000000cb500000, 0x00000000cb5ffff8, 0x00000000cb600000| 99%| O|  |TAMS 0x00000000cb500000| PB 0x00000000cb5ffff8| Untracked 
| 182|0x00000000cb600000, 0x00000000cb6fffa0, 0x00000000cb700000| 99%| O|  |TAMS 0x00000000cb600000| PB 0x00000000cb6fffa0| Untracked 
| 183|0x00000000cb700000, 0x00000000cb7ffff8, 0x00000000cb800000| 99%| O|  |TAMS 0x00000000cb700000| PB 0x00000000cb7ffff8| Untracked 
| 184|0x00000000cb800000, 0x00000000cb8fff78, 0x00000000cb900000| 99%| O|  |TAMS 0x00000000cb800000| PB 0x00000000cb8fff78| Untracked 
| 185|0x00000000cb900000, 0x00000000cb9ffff8, 0x00000000cba00000| 99%| O|  |TAMS 0x00000000cb900000| PB 0x00000000cb9ffff8| Untracked 
| 186|0x00000000cba00000, 0x00000000cbafff98, 0x00000000cbb00000| 99%| O|  |TAMS 0x00000000cba00000| PB 0x00000000cbafff98| Untracked 
| 187|0x00000000cbb00000, 0x00000000cbbfff30, 0x00000000cbc00000| 99%| O|  |TAMS 0x00000000cbb00000| PB 0x00000000cbbfff30| Untracked 
| 188|0x00000000cbc00000, 0x00000000cbcfff60, 0x00000000cbd00000| 99%| O|  |TAMS 0x00000000cbc00000| PB 0x00000000cbcfff60| Untracked 
| 189|0x00000000cbd00000, 0x00000000cbdffff0, 0x00000000cbe00000| 99%| O|  |TAMS 0x00000000cbd00000| PB 0x00000000cbdffff0| Untracked 
| 190|0x00000000cbe00000, 0x00000000cbf00000, 0x00000000cbf00000|100%| O|  |TAMS 0x00000000cbe00000| PB 0x00000000cbf00000| Untracked 
| 191|0x00000000cbf00000, 0x00000000cbffffe8, 0x00000000cc000000| 99%| O|  |TAMS 0x00000000cbf00000| PB 0x00000000cbffffe8| Untracked 
| 192|0x00000000cc000000, 0x00000000cc0ffff8, 0x00000000cc100000| 99%| O|  |TAMS 0x00000000cc000000| PB 0x00000000cc0ffff8| Untracked 
| 193|0x00000000cc100000, 0x00000000cc200000, 0x00000000cc200000|100%| O|  |TAMS 0x00000000cc100000| PB 0x00000000cc200000| Untracked 
| 194|0x00000000cc200000, 0x00000000cc2fff98, 0x00000000cc300000| 99%| O|  |TAMS 0x00000000cc200000| PB 0x00000000cc2fff98| Untracked 
| 195|0x00000000cc300000, 0x00000000cc400000, 0x00000000cc400000|100%| O|  |TAMS 0x00000000cc300000| PB 0x00000000cc400000| Untracked 
| 196|0x00000000cc400000, 0x00000000cc4ffff8, 0x00000000cc500000| 99%| O|  |TAMS 0x00000000cc400000| PB 0x00000000cc4ffff8| Untracked 
| 197|0x00000000cc500000, 0x00000000cc5fffc0, 0x00000000cc600000| 99%| O|  |TAMS 0x00000000cc500000| PB 0x00000000cc5fffc0| Untracked 
| 198|0x00000000cc600000, 0x00000000cc700000, 0x00000000cc700000|100%| O|  |TAMS 0x00000000cc600000| PB 0x00000000cc700000| Untracked 
| 199|0x00000000cc700000, 0x00000000cc7fffd0, 0x00000000cc800000| 99%| O|  |TAMS 0x00000000cc700000| PB 0x00000000cc7fffd0| Untracked 
| 200|0x00000000cc800000, 0x00000000cc8fffe8, 0x00000000cc900000| 99%| O|  |TAMS 0x00000000cc800000| PB 0x00000000cc8fffe8| Untracked 
| 201|0x00000000cc900000, 0x00000000cc9fffc0, 0x00000000cca00000| 99%| O|  |TAMS 0x00000000cc900000| PB 0x00000000cc9fffc0| Untracked 
| 202|0x00000000cca00000, 0x00000000ccaffff8, 0x00000000ccb00000| 99%| O|  |TAMS 0x00000000cca00000| PB 0x00000000ccaffff8| Untracked 
| 203|0x00000000ccb00000, 0x00000000ccbfff50, 0x00000000ccc00000| 99%| O|  |TAMS 0x00000000ccb00000| PB 0x00000000ccbfff50| Untracked 
| 204|0x00000000ccc00000, 0x00000000ccd00000, 0x00000000ccd00000|100%| O|  |TAMS 0x00000000ccc00000| PB 0x00000000ccd00000| Untracked 
| 205|0x00000000ccd00000, 0x00000000ccdfff88, 0x00000000cce00000| 99%| O|  |TAMS 0x00000000ccd00000| PB 0x00000000ccdfff88| Untracked 
| 206|0x00000000cce00000, 0x00000000ccefff88, 0x00000000ccf00000| 99%| O|  |TAMS 0x00000000cce00000| PB 0x00000000ccefff88| Untracked 
| 207|0x00000000ccf00000, 0x00000000ccfffff0, 0x00000000cd000000| 99%| O|  |TAMS 0x00000000ccf00000| PB 0x00000000ccfffff0| Untracked 
| 208|0x00000000cd000000, 0x00000000cd0ffff8, 0x00000000cd100000| 99%| O|  |TAMS 0x00000000cd000000| PB 0x00000000cd0ffff8| Untracked 
| 209|0x00000000cd100000, 0x00000000cd1ffff0, 0x00000000cd200000| 99%| O|  |TAMS 0x00000000cd100000| PB 0x00000000cd1ffff0| Untracked 
| 210|0x00000000cd200000, 0x00000000cd2fffa8, 0x00000000cd300000| 99%| O|  |TAMS 0x00000000cd200000| PB 0x00000000cd2fffa8| Untracked 
| 211|0x00000000cd300000, 0x00000000cd3fffb0, 0x00000000cd400000| 99%| O|  |TAMS 0x00000000cd300000| PB 0x00000000cd3fffb0| Untracked 
| 212|0x00000000cd400000, 0x00000000cd4fff80, 0x00000000cd500000| 99%| O|  |TAMS 0x00000000cd400000| PB 0x00000000cd4fff80| Untracked 
| 213|0x00000000cd500000, 0x00000000cd5fffb0, 0x00000000cd600000| 99%| O|  |TAMS 0x00000000cd500000| PB 0x00000000cd5fffb0| Untracked 
| 214|0x00000000cd600000, 0x00000000cd6fffb0, 0x00000000cd700000| 99%| O|  |TAMS 0x00000000cd600000| PB 0x00000000cd6fffb0| Untracked 
| 215|0x00000000cd700000, 0x00000000cd7fffc0, 0x00000000cd800000| 99%| O|  |TAMS 0x00000000cd700000| PB 0x00000000cd7fffc0| Untracked 
| 216|0x00000000cd800000, 0x00000000cd8fffa8, 0x00000000cd900000| 99%| O|  |TAMS 0x00000000cd800000| PB 0x00000000cd8fffa8| Untracked 
| 217|0x00000000cd900000, 0x00000000cd9fff70, 0x00000000cda00000| 99%| O|  |TAMS 0x00000000cd900000| PB 0x00000000cd9fff70| Untracked 
| 218|0x00000000cda00000, 0x00000000cdafff80, 0x00000000cdb00000| 99%| O|  |TAMS 0x00000000cda00000| PB 0x00000000cdafff80| Untracked 
| 219|0x00000000cdb00000, 0x00000000cdbfff68, 0x00000000cdc00000| 99%| O|  |TAMS 0x00000000cdb00000| PB 0x00000000cdbfff68| Untracked 
| 220|0x00000000cdc00000, 0x00000000cdcfffe8, 0x00000000cdd00000| 99%| O|  |TAMS 0x00000000cdc00000| PB 0x00000000cdcfffe8| Untracked 
| 221|0x00000000cdd00000, 0x00000000cde00000, 0x00000000cde00000|100%| O|  |TAMS 0x00000000cdd00000| PB 0x00000000cde00000| Untracked 
| 222|0x00000000cde00000, 0x00000000cdefff68, 0x00000000cdf00000| 99%| O|  |TAMS 0x00000000cde00000| PB 0x00000000cdefff68| Untracked 
| 223|0x00000000cdf00000, 0x00000000cdffffa0, 0x00000000ce000000| 99%| O|  |TAMS 0x00000000cdf00000| PB 0x00000000cdffffa0| Untracked 
| 224|0x00000000ce000000, 0x00000000ce0fffb0, 0x00000000ce100000| 99%| O|  |TAMS 0x00000000ce000000| PB 0x00000000ce0fffb0| Untracked 
| 225|0x00000000ce100000, 0x00000000ce1ffff8, 0x00000000ce200000| 99%| O|  |TAMS 0x00000000ce100000| PB 0x00000000ce1ffff8| Untracked 
| 226|0x00000000ce200000, 0x00000000ce2fffe8, 0x00000000ce300000| 99%| O|  |TAMS 0x00000000ce200000| PB 0x00000000ce2fffe8| Untracked 
| 227|0x00000000ce300000, 0x00000000ce400000, 0x00000000ce400000|100%| O|  |TAMS 0x00000000ce300000| PB 0x00000000ce400000| Untracked 
| 228|0x00000000ce400000, 0x00000000ce4fffd0, 0x00000000ce500000| 99%| O|  |TAMS 0x00000000ce400000| PB 0x00000000ce4fffd0| Untracked 
| 229|0x00000000ce500000, 0x00000000ce5fffc0, 0x00000000ce600000| 99%| O|  |TAMS 0x00000000ce500000| PB 0x00000000ce5fffc0| Untracked 
| 230|0x00000000ce600000, 0x00000000ce700000, 0x00000000ce700000|100%| O|  |TAMS 0x00000000ce600000| PB 0x00000000ce700000| Untracked 
| 231|0x00000000ce700000, 0x00000000ce7fff90, 0x00000000ce800000| 99%| O|  |TAMS 0x00000000ce700000| PB 0x00000000ce7fff90| Untracked 
| 232|0x00000000ce800000, 0x00000000ce8fffa0, 0x00000000ce900000| 99%| O|  |TAMS 0x00000000ce800000| PB 0x00000000ce8fffa0| Untracked 
| 233|0x00000000ce900000, 0x00000000cea00000, 0x00000000cea00000|100%| O|  |TAMS 0x00000000ce900000| PB 0x00000000cea00000| Untracked 
| 234|0x00000000cea00000, 0x00000000ceaffff8, 0x00000000ceb00000| 99%| O|  |TAMS 0x00000000cea00000| PB 0x00000000ceaffff8| Untracked 
| 235|0x00000000ceb00000, 0x00000000cebfffc8, 0x00000000cec00000| 99%| O|  |TAMS 0x00000000ceb00000| PB 0x00000000cebfffc8| Untracked 
| 236|0x00000000cec00000, 0x00000000cecfffe0, 0x00000000ced00000| 99%| O|  |TAMS 0x00000000cec00000| PB 0x00000000cecfffe0| Untracked 
| 237|0x00000000ced00000, 0x00000000cedffff8, 0x00000000cee00000| 99%| O|  |TAMS 0x00000000ced00000| PB 0x00000000cedffff8| Untracked 
| 238|0x00000000cee00000, 0x00000000ceefff68, 0x00000000cef00000| 99%| O|  |TAMS 0x00000000cee00000| PB 0x00000000ceefff68| Untracked 
| 239|0x00000000cef00000, 0x00000000cefffff8, 0x00000000cf000000| 99%| O|  |TAMS 0x00000000cef00000| PB 0x00000000cefffff8| Untracked 
| 240|0x00000000cf000000, 0x00000000cf0fffb0, 0x00000000cf100000| 99%| O|  |TAMS 0x00000000cf000000| PB 0x00000000cf0fffb0| Untracked 
| 241|0x00000000cf100000, 0x00000000cf1ffff8, 0x00000000cf200000| 99%| O|  |TAMS 0x00000000cf100000| PB 0x00000000cf1ffff8| Untracked 
| 242|0x00000000cf200000, 0x00000000cf2fff90, 0x00000000cf300000| 99%| O|  |TAMS 0x00000000cf200000| PB 0x00000000cf2fff90| Untracked 
| 243|0x00000000cf300000, 0x00000000cf3ffff0, 0x00000000cf400000| 99%| O|  |TAMS 0x00000000cf300000| PB 0x00000000cf3ffff0| Untracked 
| 244|0x00000000cf400000, 0x00000000cf4ffff0, 0x00000000cf500000| 99%| O|  |TAMS 0x00000000cf400000| PB 0x00000000cf4ffff0| Untracked 
| 245|0x00000000cf500000, 0x00000000cf5ffff8, 0x00000000cf600000| 99%| O|  |TAMS 0x00000000cf500000| PB 0x00000000cf5ffff8| Untracked 
| 246|0x00000000cf600000, 0x00000000cf6fffc0, 0x00000000cf700000| 99%| O|  |TAMS 0x00000000cf600000| PB 0x00000000cf6fffc0| Untracked 
| 247|0x00000000cf700000, 0x00000000cf7ffff0, 0x00000000cf800000| 99%| O|  |TAMS 0x00000000cf700000| PB 0x00000000cf7ffff0| Untracked 
| 248|0x00000000cf800000, 0x00000000cf8fff58, 0x00000000cf900000| 99%| O|  |TAMS 0x00000000cf800000| PB 0x00000000cf8fff58| Untracked 
| 249|0x00000000cf900000, 0x00000000cf9fffe8, 0x00000000cfa00000| 99%| O|  |TAMS 0x00000000cf900000| PB 0x00000000cf9fffe8| Untracked 
| 250|0x00000000cfa00000, 0x00000000cfb00000, 0x00000000cfb00000|100%| O|  |TAMS 0x00000000cfa00000| PB 0x00000000cfb00000| Untracked 
| 251|0x00000000cfb00000, 0x00000000cfc00000, 0x00000000cfc00000|100%| O|  |TAMS 0x00000000cfb00000| PB 0x00000000cfc00000| Untracked 
| 252|0x00000000cfc00000, 0x00000000cfcfff58, 0x00000000cfd00000| 99%| O|  |TAMS 0x00000000cfc00000| PB 0x00000000cfcfff58| Untracked 
| 253|0x00000000cfd00000, 0x00000000cfdffff8, 0x00000000cfe00000| 99%| O|  |TAMS 0x00000000cfd00000| PB 0x00000000cfdffff8| Untracked 
| 254|0x00000000cfe00000, 0x00000000cfeffff0, 0x00000000cff00000| 99%| O|  |TAMS 0x00000000cfe00000| PB 0x00000000cfeffff0| Untracked 
| 255|0x00000000cff00000, 0x00000000cffffff8, 0x00000000d0000000| 99%| O|  |TAMS 0x00000000cff00000| PB 0x00000000cffffff8| Untracked 
| 256|0x00000000d0000000, 0x00000000d00fffe0, 0x00000000d0100000| 99%| O|  |TAMS 0x00000000d0000000| PB 0x00000000d00fffe0| Untracked 
| 257|0x00000000d0100000, 0x00000000d01fffe8, 0x00000000d0200000| 99%| O|  |TAMS 0x00000000d0100000| PB 0x00000000d01fffe8| Untracked 
| 258|0x00000000d0200000, 0x00000000d02ffff8, 0x00000000d0300000| 99%| O|  |TAMS 0x00000000d0200000| PB 0x00000000d02ffff8| Untracked 
| 259|0x00000000d0300000, 0x00000000d0400000, 0x00000000d0400000|100%| O|  |TAMS 0x00000000d0300000| PB 0x00000000d0400000| Untracked 
| 260|0x00000000d0400000, 0x00000000d04fffe0, 0x00000000d0500000| 99%| O|  |TAMS 0x00000000d0400000| PB 0x00000000d04fffe0| Untracked 
| 261|0x00000000d0500000, 0x00000000d05fff68, 0x00000000d0600000| 99%| O|  |TAMS 0x00000000d0500000| PB 0x00000000d05fff68| Untracked 
| 262|0x00000000d0600000, 0x00000000d06fffe8, 0x00000000d0700000| 99%| O|  |TAMS 0x00000000d0600000| PB 0x00000000d06fffe8| Untracked 
| 263|0x00000000d0700000, 0x00000000d07ffff8, 0x00000000d0800000| 99%| O|  |TAMS 0x00000000d0700000| PB 0x00000000d07ffff8| Untracked 
| 264|0x00000000d0800000, 0x00000000d08ffff8, 0x00000000d0900000| 99%| O|  |TAMS 0x00000000d0800000| PB 0x00000000d08ffff8| Untracked 
| 265|0x00000000d0900000, 0x00000000d09fffe0, 0x00000000d0a00000| 99%| O|  |TAMS 0x00000000d0900000| PB 0x00000000d09fffe0| Untracked 
| 266|0x00000000d0a00000, 0x00000000d0affff0, 0x00000000d0b00000| 99%| O|  |TAMS 0x00000000d0a00000| PB 0x00000000d0affff0| Untracked 
| 267|0x00000000d0b00000, 0x00000000d0bfff88, 0x00000000d0c00000| 99%| O|  |TAMS 0x00000000d0b00000| PB 0x00000000d0bfff88| Untracked 
| 268|0x00000000d0c00000, 0x00000000d0cfffa8, 0x00000000d0d00000| 99%| O|  |TAMS 0x00000000d0c00000| PB 0x00000000d0cfffa8| Untracked 
| 269|0x00000000d0d00000, 0x00000000d0dffff0, 0x00000000d0e00000| 99%| O|  |TAMS 0x00000000d0d00000| PB 0x00000000d0dffff0| Untracked 
| 270|0x00000000d0e00000, 0x00000000d0f00000, 0x00000000d0f00000|100%| O|  |TAMS 0x00000000d0e00000| PB 0x00000000d0f00000| Untracked 
| 271|0x00000000d0f00000, 0x00000000d0ffffb8, 0x00000000d1000000| 99%| O|  |TAMS 0x00000000d0f00000| PB 0x00000000d0ffffb8| Untracked 
| 272|0x00000000d1000000, 0x00000000d10fffe8, 0x00000000d1100000| 99%| O|  |TAMS 0x00000000d1000000| PB 0x00000000d10fffe8| Untracked 
| 273|0x00000000d1100000, 0x00000000d11fffd8, 0x00000000d1200000| 99%| O|  |TAMS 0x00000000d1100000| PB 0x00000000d11fffd8| Untracked 
| 274|0x00000000d1200000, 0x00000000d12fffe0, 0x00000000d1300000| 99%| O|  |TAMS 0x00000000d1200000| PB 0x00000000d12fffe0| Untracked 
| 275|0x00000000d1300000, 0x00000000d13ffff8, 0x00000000d1400000| 99%| O|  |TAMS 0x00000000d1300000| PB 0x00000000d13ffff8| Untracked 
| 276|0x00000000d1400000, 0x00000000d14ffff8, 0x00000000d1500000| 99%| O|  |TAMS 0x00000000d1400000| PB 0x00000000d14ffff8| Untracked 
| 277|0x00000000d1500000, 0x00000000d1600000, 0x00000000d1600000|100%| O|  |TAMS 0x00000000d1500000| PB 0x00000000d1600000| Untracked 
| 278|0x00000000d1600000, 0x00000000d16fffa8, 0x00000000d1700000| 99%| O|  |TAMS 0x00000000d1600000| PB 0x00000000d16fffa8| Untracked 
| 279|0x00000000d1700000, 0x00000000d17fffb8, 0x00000000d1800000| 99%| O|  |TAMS 0x00000000d1700000| PB 0x00000000d17fffb8| Untracked 
| 280|0x00000000d1800000, 0x00000000d18fff78, 0x00000000d1900000| 99%| O|  |TAMS 0x00000000d1800000| PB 0x00000000d18fff78| Untracked 
| 281|0x00000000d1900000, 0x00000000d19fffe0, 0x00000000d1a00000| 99%| O|  |TAMS 0x00000000d1900000| PB 0x00000000d19fffe0| Untracked 
| 282|0x00000000d1a00000, 0x00000000d1b00000, 0x00000000d1b00000|100%| O|  |TAMS 0x00000000d1a00000| PB 0x00000000d1b00000| Untracked 
| 283|0x00000000d1b00000, 0x00000000d1bfffe8, 0x00000000d1c00000| 99%| O|  |TAMS 0x00000000d1b00000| PB 0x00000000d1bfffe8| Untracked 
| 284|0x00000000d1c00000, 0x00000000d1cffff0, 0x00000000d1d00000| 99%| O|  |TAMS 0x00000000d1c00000| PB 0x00000000d1cffff0| Untracked 
| 285|0x00000000d1d00000, 0x00000000d1dfffe0, 0x00000000d1e00000| 99%| O|  |TAMS 0x00000000d1d00000| PB 0x00000000d1dfffe0| Untracked 
| 286|0x00000000d1e00000, 0x00000000d1effff0, 0x00000000d1f00000| 99%| O|  |TAMS 0x00000000d1e00000| PB 0x00000000d1effff0| Untracked 
| 287|0x00000000d1f00000, 0x00000000d1ffffd0, 0x00000000d2000000| 99%| O|  |TAMS 0x00000000d1f00000| PB 0x00000000d1ffffd0| Untracked 
| 288|0x00000000d2000000, 0x00000000d20fffe8, 0x00000000d2100000| 99%| O|  |TAMS 0x00000000d2000000| PB 0x00000000d20fffe8| Untracked 
| 289|0x00000000d2100000, 0x00000000d21fffd0, 0x00000000d2200000| 99%| O|  |TAMS 0x00000000d2100000| PB 0x00000000d21fffd0| Untracked 
| 290|0x00000000d2200000, 0x00000000d22fffe0, 0x00000000d2300000| 99%| O|  |TAMS 0x00000000d2200000| PB 0x00000000d22fffe0| Untracked 
| 291|0x00000000d2300000, 0x00000000d23fffe8, 0x00000000d2400000| 99%| O|  |TAMS 0x00000000d2300000| PB 0x00000000d23fffe8| Untracked 
| 292|0x00000000d2400000, 0x00000000d24fff68, 0x00000000d2500000| 99%| O|  |TAMS 0x00000000d2400000| PB 0x00000000d24fff68| Untracked 
| 293|0x00000000d2500000, 0x00000000d25fff98, 0x00000000d2600000| 99%| O|  |TAMS 0x00000000d2500000| PB 0x00000000d25fff98| Untracked 
| 294|0x00000000d2600000, 0x00000000d26fff98, 0x00000000d2700000| 99%| O|  |TAMS 0x00000000d2600000| PB 0x00000000d26fff98| Untracked 
| 295|0x00000000d2700000, 0x00000000d27fff78, 0x00000000d2800000| 99%| O|  |TAMS 0x00000000d2700000| PB 0x00000000d27fff78| Untracked 
| 296|0x00000000d2800000, 0x00000000d28ffff8, 0x00000000d2900000| 99%| O|  |TAMS 0x00000000d2800000| PB 0x00000000d28ffff8| Untracked 
| 297|0x00000000d2900000, 0x00000000d29ffff0, 0x00000000d2a00000| 99%| O|  |TAMS 0x00000000d2900000| PB 0x00000000d29ffff0| Untracked 
| 298|0x00000000d2a00000, 0x00000000d2affff8, 0x00000000d2b00000| 99%| O|  |TAMS 0x00000000d2a00000| PB 0x00000000d2affff8| Untracked 
| 299|0x00000000d2b00000, 0x00000000d2c00000, 0x00000000d2c00000|100%| O|  |TAMS 0x00000000d2b00000| PB 0x00000000d2c00000| Untracked 
| 300|0x00000000d2c00000, 0x00000000d2cffff0, 0x00000000d2d00000| 99%| O|  |TAMS 0x00000000d2c00000| PB 0x00000000d2cffff0| Untracked 
| 301|0x00000000d2d00000, 0x00000000d2dffff0, 0x00000000d2e00000| 99%| O|  |TAMS 0x00000000d2d00000| PB 0x00000000d2dffff0| Untracked 
| 302|0x00000000d2e00000, 0x00000000d2efffd8, 0x00000000d2f00000| 99%| O|  |TAMS 0x00000000d2e00000| PB 0x00000000d2efffd8| Untracked 
| 303|0x00000000d2f00000, 0x00000000d2ffffe8, 0x00000000d3000000| 99%| O|  |TAMS 0x00000000d2f00000| PB 0x00000000d2ffffe8| Untracked 
| 304|0x00000000d3000000, 0x00000000d30fffa8, 0x00000000d3100000| 99%| O|  |TAMS 0x00000000d3000000| PB 0x00000000d30fffa8| Untracked 
| 305|0x00000000d3100000, 0x00000000d31ffff0, 0x00000000d3200000| 99%| O|  |TAMS 0x00000000d3100000| PB 0x00000000d31ffff0| Untracked 
| 306|0x00000000d3200000, 0x00000000d32fff30, 0x00000000d3300000| 99%| O|  |TAMS 0x00000000d3200000| PB 0x00000000d32fff30| Untracked 
| 307|0x00000000d3300000, 0x00000000d33fffa0, 0x00000000d3400000| 99%| O|  |TAMS 0x00000000d3300000| PB 0x00000000d33fffa0| Untracked 
| 308|0x00000000d3400000, 0x00000000d34fffe8, 0x00000000d3500000| 99%| O|  |TAMS 0x00000000d3400000| PB 0x00000000d34fffe8| Untracked 
| 309|0x00000000d3500000, 0x00000000d35ffff8, 0x00000000d3600000| 99%| O|  |TAMS 0x00000000d3500000| PB 0x00000000d35ffff8| Untracked 
| 310|0x00000000d3600000, 0x00000000d36fff30, 0x00000000d3700000| 99%| O|  |TAMS 0x00000000d3600000| PB 0x00000000d36fff30| Untracked 
| 311|0x00000000d3700000, 0x00000000d37ffff8, 0x00000000d3800000| 99%| O|  |TAMS 0x00000000d3700000| PB 0x00000000d37ffff8| Untracked 
| 312|0x00000000d3800000, 0x00000000d38ffff0, 0x00000000d3900000| 99%| O|  |TAMS 0x00000000d3800000| PB 0x00000000d38ffff0| Untracked 
| 313|0x00000000d3900000, 0x00000000d39fffe8, 0x00000000d3a00000| 99%| O|  |TAMS 0x00000000d3900000| PB 0x00000000d39fffe8| Untracked 
| 314|0x00000000d3a00000, 0x00000000d3b00000, 0x00000000d3b00000|100%| O|  |TAMS 0x00000000d3a00000| PB 0x00000000d3b00000| Untracked 
| 315|0x00000000d3b00000, 0x00000000d3bffff8, 0x00000000d3c00000| 99%| O|  |TAMS 0x00000000d3b00000| PB 0x00000000d3bffff8| Untracked 
| 316|0x00000000d3c00000, 0x00000000d3cfffd8, 0x00000000d3d00000| 99%| O|  |TAMS 0x00000000d3c00000| PB 0x00000000d3cfffd8| Untracked 
| 317|0x00000000d3d00000, 0x00000000d3dfffa0, 0x00000000d3e00000| 99%| O|  |TAMS 0x00000000d3d00000| PB 0x00000000d3dfffa0| Untracked 
| 318|0x00000000d3e00000, 0x00000000d3efffe8, 0x00000000d3f00000| 99%| O|  |TAMS 0x00000000d3e00000| PB 0x00000000d3efffe8| Untracked 
| 319|0x00000000d3f00000, 0x00000000d3fffff8, 0x00000000d4000000| 99%| O|  |TAMS 0x00000000d3f00000| PB 0x00000000d3fffff8| Untracked 
| 320|0x00000000d4000000, 0x00000000d40ffff8, 0x00000000d4100000| 99%| O|  |TAMS 0x00000000d4000000| PB 0x00000000d40ffff8| Untracked 
| 321|0x00000000d4100000, 0x00000000d41ffff0, 0x00000000d4200000| 99%| O|  |TAMS 0x00000000d4100000| PB 0x00000000d41ffff0| Untracked 
| 322|0x00000000d4200000, 0x00000000d42ffff8, 0x00000000d4300000| 99%| O|  |TAMS 0x00000000d4200000| PB 0x00000000d42ffff8| Untracked 
| 323|0x00000000d4300000, 0x00000000d43ffff8, 0x00000000d4400000| 99%| O|  |TAMS 0x00000000d4300000| PB 0x00000000d43ffff8| Untracked 
| 324|0x00000000d4400000, 0x00000000d44ffff8, 0x00000000d4500000| 99%| O|  |TAMS 0x00000000d4400000| PB 0x00000000d44ffff8| Untracked 
| 325|0x00000000d4500000, 0x00000000d45fffd0, 0x00000000d4600000| 99%| O|  |TAMS 0x00000000d4500000| PB 0x00000000d45fffd0| Untracked 
| 326|0x00000000d4600000, 0x00000000d46ffff8, 0x00000000d4700000| 99%| O|  |TAMS 0x00000000d4600000| PB 0x00000000d46ffff8| Untracked 
| 327|0x00000000d4700000, 0x00000000d47fff80, 0x00000000d4800000| 99%| O|  |TAMS 0x00000000d4700000| PB 0x00000000d47fff80| Untracked 
| 328|0x00000000d4800000, 0x00000000d48fffb0, 0x00000000d4900000| 99%| O|  |TAMS 0x00000000d4800000| PB 0x00000000d48fffb0| Untracked 
| 329|0x00000000d4900000, 0x00000000d49fffa8, 0x00000000d4a00000| 99%| O|  |TAMS 0x00000000d4900000| PB 0x00000000d49fffa8| Untracked 
| 330|0x00000000d4a00000, 0x00000000d4afffb0, 0x00000000d4b00000| 99%| O|  |TAMS 0x00000000d4a00000| PB 0x00000000d4afffb0| Untracked 
| 331|0x00000000d4b00000, 0x00000000d4bffff8, 0x00000000d4c00000| 99%| O|  |TAMS 0x00000000d4b00000| PB 0x00000000d4bffff8| Untracked 
| 332|0x00000000d4c00000, 0x00000000d4cffff0, 0x00000000d4d00000| 99%| O|  |TAMS 0x00000000d4c00000| PB 0x00000000d4cffff0| Untracked 
| 333|0x00000000d4d00000, 0x00000000d4dffff8, 0x00000000d4e00000| 99%| O|  |TAMS 0x00000000d4d00000| PB 0x00000000d4dffff8| Untracked 
| 334|0x00000000d4e00000, 0x00000000d4effff8, 0x00000000d4f00000| 99%| O|  |TAMS 0x00000000d4e00000| PB 0x00000000d4effff8| Untracked 
| 335|0x00000000d4f00000, 0x00000000d4ffff98, 0x00000000d5000000| 99%| O|  |TAMS 0x00000000d4f00000| PB 0x00000000d4ffff98| Untracked 
| 336|0x00000000d5000000, 0x00000000d50fffe8, 0x00000000d5100000| 99%| O|  |TAMS 0x00000000d5000000| PB 0x00000000d50fffe8| Untracked 
| 337|0x00000000d5100000, 0x00000000d51ffff0, 0x00000000d5200000| 99%| O|  |TAMS 0x00000000d5100000| PB 0x00000000d51ffff0| Untracked 
| 338|0x00000000d5200000, 0x00000000d5300000, 0x00000000d5300000|100%| O|  |TAMS 0x00000000d5200000| PB 0x00000000d5300000| Untracked 
| 339|0x00000000d5300000, 0x00000000d5400000, 0x00000000d5400000|100%| O|  |TAMS 0x00000000d5300000| PB 0x00000000d5400000| Untracked 
| 340|0x00000000d5400000, 0x00000000d54fffe8, 0x00000000d5500000| 99%| O|  |TAMS 0x00000000d5400000| PB 0x00000000d54fffe8| Untracked 
| 341|0x00000000d5500000, 0x00000000d55fffd8, 0x00000000d5600000| 99%| O|  |TAMS 0x00000000d5500000| PB 0x00000000d55fffd8| Untracked 
| 342|0x00000000d5600000, 0x00000000d56ffff8, 0x00000000d5700000| 99%| O|  |TAMS 0x00000000d5600000| PB 0x00000000d56ffff8| Untracked 
| 343|0x00000000d5700000, 0x00000000d57fff50, 0x00000000d5800000| 99%| O|  |TAMS 0x00000000d5700000| PB 0x00000000d57fff50| Untracked 
| 344|0x00000000d5800000, 0x00000000d58fffe0, 0x00000000d5900000| 99%| O|  |TAMS 0x00000000d5800000| PB 0x00000000d58fffe0| Untracked 
| 345|0x00000000d5900000, 0x00000000d59fff80, 0x00000000d5a00000| 99%| O|  |TAMS 0x00000000d5900000| PB 0x00000000d59fff80| Untracked 
| 346|0x00000000d5a00000, 0x00000000d5affff0, 0x00000000d5b00000| 99%| O|  |TAMS 0x00000000d5a00000| PB 0x00000000d5affff0| Untracked 
| 347|0x00000000d5b00000, 0x00000000d5bfff58, 0x00000000d5c00000| 99%| O|  |TAMS 0x00000000d5b00000| PB 0x00000000d5bfff58| Untracked 
| 348|0x00000000d5c00000, 0x00000000d5cfffb0, 0x00000000d5d00000| 99%| O|  |TAMS 0x00000000d5c00000| PB 0x00000000d5cfffb0| Untracked 
| 349|0x00000000d5d00000, 0x00000000d5dfffb0, 0x00000000d5e00000| 99%| O|  |TAMS 0x00000000d5d00000| PB 0x00000000d5dfffb0| Untracked 
| 350|0x00000000d5e00000, 0x00000000d5efff88, 0x00000000d5f00000| 99%| O|  |TAMS 0x00000000d5e00000| PB 0x00000000d5efff88| Untracked 
| 351|0x00000000d5f00000, 0x00000000d5ffffb8, 0x00000000d6000000| 99%| O|  |TAMS 0x00000000d5f00000| PB 0x00000000d5ffffb8| Untracked 
| 352|0x00000000d6000000, 0x00000000d60fff80, 0x00000000d6100000| 99%| O|  |TAMS 0x00000000d6000000| PB 0x00000000d60fff80| Untracked 
| 353|0x00000000d6100000, 0x00000000d61fffd8, 0x00000000d6200000| 99%| O|  |TAMS 0x00000000d6100000| PB 0x00000000d61fffd8| Untracked 
| 354|0x00000000d6200000, 0x00000000d62fff58, 0x00000000d6300000| 99%| O|  |TAMS 0x00000000d6200000| PB 0x00000000d62fff58| Untracked 
| 355|0x00000000d6300000, 0x00000000d6400000, 0x00000000d6400000|100%| O|  |TAMS 0x00000000d6300000| PB 0x00000000d6400000| Untracked 
| 356|0x00000000d6400000, 0x00000000d64fffa8, 0x00000000d6500000| 99%| O|  |TAMS 0x00000000d6400000| PB 0x00000000d64fffa8| Untracked 
| 357|0x00000000d6500000, 0x00000000d65fffd0, 0x00000000d6600000| 99%| O|  |TAMS 0x00000000d6500000| PB 0x00000000d65fffd0| Untracked 
| 358|0x00000000d6600000, 0x00000000d66ffff0, 0x00000000d6700000| 99%| O|  |TAMS 0x00000000d6600000| PB 0x00000000d66ffff0| Untracked 
| 359|0x00000000d6700000, 0x00000000d67ffff0, 0x00000000d6800000| 99%| O|  |TAMS 0x00000000d6700000| PB 0x00000000d67ffff0| Untracked 
| 360|0x00000000d6800000, 0x00000000d68ffff0, 0x00000000d6900000| 99%| O|  |TAMS 0x00000000d6800000| PB 0x00000000d68ffff0| Untracked 
| 361|0x00000000d6900000, 0x00000000d69ffff8, 0x00000000d6a00000| 99%| O|  |TAMS 0x00000000d6900000| PB 0x00000000d69ffff8| Untracked 
| 362|0x00000000d6a00000, 0x00000000d6affff0, 0x00000000d6b00000| 99%| O|  |TAMS 0x00000000d6a00000| PB 0x00000000d6affff0| Untracked 
| 363|0x00000000d6b00000, 0x00000000d6bfffe0, 0x00000000d6c00000| 99%| O|  |TAMS 0x00000000d6b00000| PB 0x00000000d6bfffe0| Untracked 
| 364|0x00000000d6c00000, 0x00000000d6cfffc8, 0x00000000d6d00000| 99%| O|  |TAMS 0x00000000d6c00000| PB 0x00000000d6cfffc8| Untracked 
| 365|0x00000000d6d00000, 0x00000000d6dffff0, 0x00000000d6e00000| 99%| O|  |TAMS 0x00000000d6d00000| PB 0x00000000d6dffff0| Untracked 
| 366|0x00000000d6e00000, 0x00000000d6effff0, 0x00000000d6f00000| 99%| O|  |TAMS 0x00000000d6e00000| PB 0x00000000d6effff0| Untracked 
| 367|0x00000000d6f00000, 0x00000000d6fffff0, 0x00000000d7000000| 99%| O|  |TAMS 0x00000000d6f00000| PB 0x00000000d6fffff0| Untracked 
| 368|0x00000000d7000000, 0x00000000d70ffff8, 0x00000000d7100000| 99%| O|  |TAMS 0x00000000d7000000| PB 0x00000000d70ffff8| Untracked 
| 369|0x00000000d7100000, 0x00000000d71fffc8, 0x00000000d7200000| 99%| O|  |TAMS 0x00000000d7100000| PB 0x00000000d71fffc8| Untracked 
| 370|0x00000000d7200000, 0x00000000d72ffff0, 0x00000000d7300000| 99%| O|  |TAMS 0x00000000d7200000| PB 0x00000000d72ffff0| Untracked 
| 371|0x00000000d7300000, 0x00000000d7400000, 0x00000000d7400000|100%| O|  |TAMS 0x00000000d7300000| PB 0x00000000d7400000| Untracked 
| 372|0x00000000d7400000, 0x00000000d74ffff8, 0x00000000d7500000| 99%| O|  |TAMS 0x00000000d7400000| PB 0x00000000d74ffff8| Untracked 
| 373|0x00000000d7500000, 0x00000000d75ffff8, 0x00000000d7600000| 99%| O|  |TAMS 0x00000000d7500000| PB 0x00000000d75ffff8| Untracked 
| 374|0x00000000d7600000, 0x00000000d76fffe0, 0x00000000d7700000| 99%| O|  |TAMS 0x00000000d7600000| PB 0x00000000d76fffe0| Untracked 
| 375|0x00000000d7700000, 0x00000000d77ffff0, 0x00000000d7800000| 99%| O|  |TAMS 0x00000000d7700000| PB 0x00000000d77ffff0| Untracked 
| 376|0x00000000d7800000, 0x00000000d78fffe0, 0x00000000d7900000| 99%| O|  |TAMS 0x00000000d7800000| PB 0x00000000d78fffe0| Untracked 
| 377|0x00000000d7900000, 0x00000000d7a00000, 0x00000000d7a00000|100%| O|  |TAMS 0x00000000d7900000| PB 0x00000000d7a00000| Untracked 
| 378|0x00000000d7a00000, 0x00000000d7afffe8, 0x00000000d7b00000| 99%| O|  |TAMS 0x00000000d7a00000| PB 0x00000000d7afffe8| Untracked 
| 379|0x00000000d7b00000, 0x00000000d7bfffe8, 0x00000000d7c00000| 99%| O|  |TAMS 0x00000000d7b00000| PB 0x00000000d7bfffe8| Untracked 
| 380|0x00000000d7c00000, 0x00000000d7cfffd0, 0x00000000d7d00000| 99%| O|  |TAMS 0x00000000d7c00000| PB 0x00000000d7cfffd0| Untracked 
| 381|0x00000000d7d00000, 0x00000000d7dfffd0, 0x00000000d7e00000| 99%| O|  |TAMS 0x00000000d7d00000| PB 0x00000000d7dfffd0| Untracked 
| 382|0x00000000d7e00000, 0x00000000d7effff0, 0x00000000d7f00000| 99%| O|  |TAMS 0x00000000d7e00000| PB 0x00000000d7effff0| Untracked 
| 383|0x00000000d7f00000, 0x00000000d7fffff0, 0x00000000d8000000| 99%| O|  |TAMS 0x00000000d7f00000| PB 0x00000000d7fffff0| Untracked 
| 384|0x00000000d8000000, 0x00000000d80fffe0, 0x00000000d8100000| 99%| O|  |TAMS 0x00000000d8000000| PB 0x00000000d80fffe0| Untracked 
| 385|0x00000000d8100000, 0x00000000d81fffd0, 0x00000000d8200000| 99%| O|  |TAMS 0x00000000d8100000| PB 0x00000000d81fffd0| Untracked 
| 386|0x00000000d8200000, 0x00000000d8300000, 0x00000000d8300000|100%| O|  |TAMS 0x00000000d8200000| PB 0x00000000d8300000| Untracked 
| 387|0x00000000d8300000, 0x00000000d83fffe8, 0x00000000d8400000| 99%| O|  |TAMS 0x00000000d8300000| PB 0x00000000d83fffe8| Untracked 
| 388|0x00000000d8400000, 0x00000000d84fb5f0, 0x00000000d8500000| 98%| O|  |TAMS 0x00000000d8400000| PB 0x00000000d84fb5f0| Untracked 
| 389|0x00000000d8500000, 0x00000000d8600000, 0x00000000d8600000|100%| O|  |TAMS 0x00000000d8500000| PB 0x00000000d8600000| Untracked 
| 390|0x00000000d8600000, 0x00000000d86fffc0, 0x00000000d8700000| 99%| O|  |TAMS 0x00000000d8600000| PB 0x00000000d86fffc0| Untracked 
| 391|0x00000000d8700000, 0x00000000d87fffe8, 0x00000000d8800000| 99%| O|  |TAMS 0x00000000d8700000| PB 0x00000000d87fffe8| Untracked 
| 392|0x00000000d8800000, 0x00000000d8900000, 0x00000000d8900000|100%| O|  |TAMS 0x00000000d8800000| PB 0x00000000d8900000| Untracked 
| 393|0x00000000d8900000, 0x00000000d89fff70, 0x00000000d8a00000| 99%| O|  |TAMS 0x00000000d8900000| PB 0x00000000d89fff70| Untracked 
| 394|0x00000000d8a00000, 0x00000000d8afff90, 0x00000000d8b00000| 99%| O|  |TAMS 0x00000000d8a00000| PB 0x00000000d8afff90| Untracked 
| 395|0x00000000d8b00000, 0x00000000d8c00000, 0x00000000d8c00000|100%| O|  |TAMS 0x00000000d8b00000| PB 0x00000000d8c00000| Untracked 
| 396|0x00000000d8c00000, 0x00000000d8cffff0, 0x00000000d8d00000| 99%| O|  |TAMS 0x00000000d8c00000| PB 0x00000000d8cffff0| Untracked 
| 397|0x00000000d8d00000, 0x00000000d8e00000, 0x00000000d8e00000|100%| O|  |TAMS 0x00000000d8d00000| PB 0x00000000d8e00000| Untracked 
| 398|0x00000000d8e00000, 0x00000000d8efffe8, 0x00000000d8f00000| 99%| O|  |TAMS 0x00000000d8e00000| PB 0x00000000d8efffe8| Untracked 
| 399|0x00000000d8f00000, 0x00000000d8ffffd8, 0x00000000d9000000| 99%| O|  |TAMS 0x00000000d8f00000| PB 0x00000000d8ffffd8| Untracked 
| 400|0x00000000d9000000, 0x00000000d90fffe8, 0x00000000d9100000| 99%| O|  |TAMS 0x00000000d9000000| PB 0x00000000d90fffe8| Untracked 
| 401|0x00000000d9100000, 0x00000000d91fffa8, 0x00000000d9200000| 99%| O|  |TAMS 0x00000000d9100000| PB 0x00000000d91fffa8| Untracked 
| 402|0x00000000d9200000, 0x00000000d92ffff0, 0x00000000d9300000| 99%| O|  |TAMS 0x00000000d9200000| PB 0x00000000d92ffff0| Untracked 
| 403|0x00000000d9300000, 0x00000000d9400000, 0x00000000d9400000|100%| O|  |TAMS 0x00000000d9300000| PB 0x00000000d9400000| Untracked 
| 404|0x00000000d9400000, 0x00000000d94fffd0, 0x00000000d9500000| 99%| O|  |TAMS 0x00000000d9400000| PB 0x00000000d94fffd0| Untracked 
| 405|0x00000000d9500000, 0x00000000d95fffd8, 0x00000000d9600000| 99%| O|  |TAMS 0x00000000d9500000| PB 0x00000000d95fffd8| Untracked 
| 406|0x00000000d9600000, 0x00000000d96fffb0, 0x00000000d9700000| 99%| O|  |TAMS 0x00000000d9600000| PB 0x00000000d96fffb0| Untracked 
| 407|0x00000000d9700000, 0x00000000d9800000, 0x00000000d9800000|100%| O|  |TAMS 0x00000000d9700000| PB 0x00000000d9800000| Untracked 
| 408|0x00000000d9800000, 0x00000000d9900000, 0x00000000d9900000|100%| O|  |TAMS 0x00000000d9800000| PB 0x00000000d9900000| Untracked 
| 409|0x00000000d9900000, 0x00000000d9a00000, 0x00000000d9a00000|100%| O|  |TAMS 0x00000000d9900000| PB 0x00000000d9a00000| Untracked 
| 410|0x00000000d9a00000, 0x00000000d9afff70, 0x00000000d9b00000| 99%| O|  |TAMS 0x00000000d9a00000| PB 0x00000000d9afff70| Untracked 
| 411|0x00000000d9b00000, 0x00000000d9bfffe0, 0x00000000d9c00000| 99%| O|  |TAMS 0x00000000d9b00000| PB 0x00000000d9bfffe0| Untracked 
| 412|0x00000000d9c00000, 0x00000000d9cffff8, 0x00000000d9d00000| 99%| O|  |TAMS 0x00000000d9c00000| PB 0x00000000d9cffff8| Untracked 
| 413|0x00000000d9d00000, 0x00000000d9dfff80, 0x00000000d9e00000| 99%| O|  |TAMS 0x00000000d9d00000| PB 0x00000000d9dfff80| Untracked 
| 414|0x00000000d9e00000, 0x00000000d9efffe8, 0x00000000d9f00000| 99%| O|  |TAMS 0x00000000d9e00000| PB 0x00000000d9efffe8| Untracked 
| 415|0x00000000d9f00000, 0x00000000da000000, 0x00000000da000000|100%| O|  |TAMS 0x00000000d9f00000| PB 0x00000000da000000| Untracked 
| 416|0x00000000da000000, 0x00000000da100000, 0x00000000da100000|100%| O|  |TAMS 0x00000000da000000| PB 0x00000000da100000| Untracked 
| 417|0x00000000da100000, 0x00000000da1fffb0, 0x00000000da200000| 99%| O|  |TAMS 0x00000000da100000| PB 0x00000000da1fffb0| Untracked 
| 418|0x00000000da200000, 0x00000000da2fff98, 0x00000000da300000| 99%| O|  |TAMS 0x00000000da200000| PB 0x00000000da2fff98| Untracked 
| 419|0x00000000da300000, 0x00000000da3ffff0, 0x00000000da400000| 99%| O|  |TAMS 0x00000000da300000| PB 0x00000000da3ffff0| Untracked 
| 420|0x00000000da400000, 0x00000000da500000, 0x00000000da500000|100%| O|  |TAMS 0x00000000da400000| PB 0x00000000da500000| Untracked 
| 421|0x00000000da500000, 0x00000000da5fff78, 0x00000000da600000| 99%| O|  |TAMS 0x00000000da500000| PB 0x00000000da5fff78| Untracked 
| 422|0x00000000da600000, 0x00000000da6ffff8, 0x00000000da700000| 99%| O|  |TAMS 0x00000000da600000| PB 0x00000000da6ffff8| Untracked 
| 423|0x00000000da700000, 0x00000000da7ffff8, 0x00000000da800000| 99%| O|  |TAMS 0x00000000da700000| PB 0x00000000da7ffff8| Untracked 
| 424|0x00000000da800000, 0x00000000da900000, 0x00000000da900000|100%| O|  |TAMS 0x00000000da800000| PB 0x00000000da900000| Untracked 
| 425|0x00000000da900000, 0x00000000da9fff98, 0x00000000daa00000| 99%| O|  |TAMS 0x00000000da900000| PB 0x00000000da9fff98| Untracked 
| 426|0x00000000daa00000, 0x00000000daaffff8, 0x00000000dab00000| 99%| O|  |TAMS 0x00000000daa00000| PB 0x00000000daaffff8| Untracked 
| 427|0x00000000dab00000, 0x00000000dabfffe8, 0x00000000dac00000| 99%| O|  |TAMS 0x00000000dab00000| PB 0x00000000dabfffe8| Untracked 
| 428|0x00000000dac00000, 0x00000000dacffff0, 0x00000000dad00000| 99%| O|  |TAMS 0x00000000dac00000| PB 0x00000000dacffff0| Untracked 
| 429|0x00000000dad00000, 0x00000000dadfffc8, 0x00000000dae00000| 99%| O|  |TAMS 0x00000000dad00000| PB 0x00000000dadfffc8| Untracked 
| 430|0x00000000dae00000, 0x00000000daefff78, 0x00000000daf00000| 99%| O|  |TAMS 0x00000000dae00000| PB 0x00000000daefff78| Untracked 
| 431|0x00000000daf00000, 0x00000000dafffff0, 0x00000000db000000| 99%| O|  |TAMS 0x00000000daf00000| PB 0x00000000dafffff0| Untracked 
| 432|0x00000000db000000, 0x00000000db0fffe8, 0x00000000db100000| 99%| O|  |TAMS 0x00000000db000000| PB 0x00000000db0fffe8| Untracked 
| 433|0x00000000db100000, 0x00000000db1ffff0, 0x00000000db200000| 99%| O|  |TAMS 0x00000000db100000| PB 0x00000000db1ffff0| Untracked 
| 434|0x00000000db200000, 0x00000000db2fffe8, 0x00000000db300000| 99%| O|  |TAMS 0x00000000db200000| PB 0x00000000db2fffe8| Untracked 
| 435|0x00000000db300000, 0x00000000db3ffff0, 0x00000000db400000| 99%| O|  |TAMS 0x00000000db300000| PB 0x00000000db3ffff0| Untracked 
| 436|0x00000000db400000, 0x00000000db4fff40, 0x00000000db500000| 99%| O|  |TAMS 0x00000000db400000| PB 0x00000000db4fff40| Untracked 
| 437|0x00000000db500000, 0x00000000db600000, 0x00000000db600000|100%| O|  |TAMS 0x00000000db500000| PB 0x00000000db600000| Untracked 
| 438|0x00000000db600000, 0x00000000db6ffff0, 0x00000000db700000| 99%| O|  |TAMS 0x00000000db600000| PB 0x00000000db6ffff0| Untracked 
| 439|0x00000000db700000, 0x00000000db7fff80, 0x00000000db800000| 99%| O|  |TAMS 0x00000000db700000| PB 0x00000000db7fff80| Untracked 
| 440|0x00000000db800000, 0x00000000db900000, 0x00000000db900000|100%| O|  |TAMS 0x00000000db800000| PB 0x00000000db900000| Untracked 
| 441|0x00000000db900000, 0x00000000db9fffe0, 0x00000000dba00000| 99%| O|  |TAMS 0x00000000db900000| PB 0x00000000db9fffe0| Untracked 
| 442|0x00000000dba00000, 0x00000000dbafff60, 0x00000000dbb00000| 99%| O|  |TAMS 0x00000000dba00000| PB 0x00000000dbafff60| Untracked 
| 443|0x00000000dbb00000, 0x00000000dbbffff0, 0x00000000dbc00000| 99%| O|  |TAMS 0x00000000dbb00000| PB 0x00000000dbbffff0| Untracked 
| 444|0x00000000dbc00000, 0x00000000dbcfff68, 0x00000000dbd00000| 99%| O|  |TAMS 0x00000000dbc00000| PB 0x00000000dbcfff68| Untracked 
| 445|0x00000000dbd00000, 0x00000000dbdfffa8, 0x00000000dbe00000| 99%| O|  |TAMS 0x00000000dbd00000| PB 0x00000000dbdfffa8| Untracked 
| 446|0x00000000dbe00000, 0x00000000dbefff78, 0x00000000dbf00000| 99%| O|  |TAMS 0x00000000dbe00000| PB 0x00000000dbefff78| Untracked 
| 447|0x00000000dbf00000, 0x00000000dbffffe8, 0x00000000dc000000| 99%| O|  |TAMS 0x00000000dbf00000| PB 0x00000000dbffffe8| Untracked 
| 448|0x00000000dc000000, 0x00000000dc0fffb0, 0x00000000dc100000| 99%| O|  |TAMS 0x00000000dc000000| PB 0x00000000dc0fffb0| Untracked 
| 449|0x00000000dc100000, 0x00000000dc200000, 0x00000000dc200000|100%| O|  |TAMS 0x00000000dc100000| PB 0x00000000dc200000| Untracked 
| 450|0x00000000dc200000, 0x00000000dc300000, 0x00000000dc300000|100%| O|  |TAMS 0x00000000dc200000| PB 0x00000000dc300000| Untracked 
| 451|0x00000000dc300000, 0x00000000dc3fffe8, 0x00000000dc400000| 99%| O|  |TAMS 0x00000000dc300000| PB 0x00000000dc3fffe8| Untracked 
| 452|0x00000000dc400000, 0x00000000dc4ffff0, 0x00000000dc500000| 99%| O|  |TAMS 0x00000000dc400000| PB 0x00000000dc4ffff0| Untracked 
| 453|0x00000000dc500000, 0x00000000dc5fff88, 0x00000000dc600000| 99%| O|  |TAMS 0x00000000dc500000| PB 0x00000000dc5fff88| Untracked 
| 454|0x00000000dc600000, 0x00000000dc6fffb8, 0x00000000dc700000| 99%| O|  |TAMS 0x00000000dc600000| PB 0x00000000dc6fffb8| Untracked 
| 455|0x00000000dc700000, 0x00000000dc7ffff0, 0x00000000dc800000| 99%| O|  |TAMS 0x00000000dc700000| PB 0x00000000dc7ffff0| Untracked 
| 456|0x00000000dc800000, 0x00000000dc8fff40, 0x00000000dc900000| 99%| O|  |TAMS 0x00000000dc800000| PB 0x00000000dc8fff40| Untracked 
| 457|0x00000000dc900000, 0x00000000dca00000, 0x00000000dca00000|100%| O|  |TAMS 0x00000000dc900000| PB 0x00000000dca00000| Untracked 
| 458|0x00000000dca00000, 0x00000000dcb00000, 0x00000000dcb00000|100%| O|  |TAMS 0x00000000dca00000| PB 0x00000000dcb00000| Untracked 
| 459|0x00000000dcb00000, 0x00000000dcbffff0, 0x00000000dcc00000| 99%| O|  |TAMS 0x00000000dcb00000| PB 0x00000000dcbffff0| Untracked 
| 460|0x00000000dcc00000, 0x00000000dccffff0, 0x00000000dcd00000| 99%| O|  |TAMS 0x00000000dcc00000| PB 0x00000000dccffff0| Untracked 
| 461|0x00000000dcd00000, 0x00000000dce00000, 0x00000000dce00000|100%| O|  |TAMS 0x00000000dcd00000| PB 0x00000000dce00000| Untracked 
| 462|0x00000000dce00000, 0x00000000dcefffd8, 0x00000000dcf00000| 99%| O|  |TAMS 0x00000000dce00000| PB 0x00000000dcefffd8| Untracked 
| 463|0x00000000dcf00000, 0x00000000dd000000, 0x00000000dd000000|100%| O|  |TAMS 0x00000000dcf00000| PB 0x00000000dd000000| Untracked 
| 464|0x00000000dd000000, 0x00000000dd0ffff8, 0x00000000dd100000| 99%| O|  |TAMS 0x00000000dd000000| PB 0x00000000dd0ffff8| Untracked 
| 465|0x00000000dd100000, 0x00000000dd1ffff0, 0x00000000dd200000| 99%| O|  |TAMS 0x00000000dd100000| PB 0x00000000dd1ffff0| Untracked 
| 466|0x00000000dd200000, 0x00000000dd2fff78, 0x00000000dd300000| 99%| O|  |TAMS 0x00000000dd200000| PB 0x00000000dd2fff78| Untracked 
| 467|0x00000000dd300000, 0x00000000dd3ffff8, 0x00000000dd400000| 99%| O|  |TAMS 0x00000000dd300000| PB 0x00000000dd3ffff8| Untracked 
| 468|0x00000000dd400000, 0x00000000dd4ffff0, 0x00000000dd500000| 99%| O|  |TAMS 0x00000000dd400000| PB 0x00000000dd4ffff0| Untracked 
| 469|0x00000000dd500000, 0x00000000dd600000, 0x00000000dd600000|100%| O|  |TAMS 0x00000000dd500000| PB 0x00000000dd600000| Untracked 
| 470|0x00000000dd600000, 0x00000000dd6ffff0, 0x00000000dd700000| 99%| O|  |TAMS 0x00000000dd600000| PB 0x00000000dd6ffff0| Untracked 
| 471|0x00000000dd700000, 0x00000000dd800000, 0x00000000dd800000|100%| O|  |TAMS 0x00000000dd700000| PB 0x00000000dd800000| Untracked 
| 472|0x00000000dd800000, 0x00000000dd8fffa0, 0x00000000dd900000| 99%| O|  |TAMS 0x00000000dd800000| PB 0x00000000dd8fffa0| Untracked 
| 473|0x00000000dd900000, 0x00000000dd9fffc0, 0x00000000dda00000| 99%| O|  |TAMS 0x00000000dd900000| PB 0x00000000dd9fffc0| Untracked 
| 474|0x00000000dda00000, 0x00000000ddafff90, 0x00000000ddb00000| 99%| O|  |TAMS 0x00000000dda00000| PB 0x00000000ddafff90| Untracked 
| 475|0x00000000ddb00000, 0x00000000ddbffff8, 0x00000000ddc00000| 99%| O|  |TAMS 0x00000000ddb00000| PB 0x00000000ddbffff8| Untracked 
| 476|0x00000000ddc00000, 0x00000000ddcffff0, 0x00000000ddd00000| 99%| O|  |TAMS 0x00000000ddc00000| PB 0x00000000ddcffff0| Untracked 
| 477|0x00000000ddd00000, 0x00000000dddffff0, 0x00000000dde00000| 99%| O|  |TAMS 0x00000000ddd00000| PB 0x00000000dddffff0| Untracked 
| 478|0x00000000dde00000, 0x00000000ddeffff8, 0x00000000ddf00000| 99%| O|  |TAMS 0x00000000dde00000| PB 0x00000000ddeffff8| Untracked 
| 479|0x00000000ddf00000, 0x00000000ddffffe0, 0x00000000de000000| 99%| O|  |TAMS 0x00000000ddf00000| PB 0x00000000ddffffe0| Untracked 
| 480|0x00000000de000000, 0x00000000de0fffd8, 0x00000000de100000| 99%| O|  |TAMS 0x00000000de000000| PB 0x00000000de0fffd8| Untracked 
| 481|0x00000000de100000, 0x00000000de1ffff0, 0x00000000de200000| 99%| O|  |TAMS 0x00000000de100000| PB 0x00000000de1ffff0| Untracked 
| 482|0x00000000de200000, 0x00000000de2fffe0, 0x00000000de300000| 99%| O|  |TAMS 0x00000000de200000| PB 0x00000000de2fffe0| Untracked 
| 483|0x00000000de300000, 0x00000000de3fffd8, 0x00000000de400000| 99%| O|  |TAMS 0x00000000de300000| PB 0x00000000de3fffd8| Untracked 
| 484|0x00000000de400000, 0x00000000de4ffff0, 0x00000000de500000| 99%| O|  |TAMS 0x00000000de400000| PB 0x00000000de4ffff0| Untracked 
| 485|0x00000000de500000, 0x00000000de5ffff8, 0x00000000de600000| 99%| O|  |TAMS 0x00000000de500000| PB 0x00000000de5ffff8| Untracked 
| 486|0x00000000de600000, 0x00000000de6ffff0, 0x00000000de700000| 99%| O|  |TAMS 0x00000000de600000| PB 0x00000000de6ffff0| Untracked 
| 487|0x00000000de700000, 0x00000000de7ffff8, 0x00000000de800000| 99%| O|  |TAMS 0x00000000de700000| PB 0x00000000de7ffff8| Untracked 
| 488|0x00000000de800000, 0x00000000de8fffe0, 0x00000000de900000| 99%| O|  |TAMS 0x00000000de800000| PB 0x00000000de8fffe0| Untracked 
| 489|0x00000000de900000, 0x00000000de9ffff0, 0x00000000dea00000| 99%| O|  |TAMS 0x00000000de900000| PB 0x00000000de9ffff0| Untracked 
| 490|0x00000000dea00000, 0x00000000deafff70, 0x00000000deb00000| 99%| O|  |TAMS 0x00000000dea00000| PB 0x00000000deafff70| Untracked 
| 491|0x00000000deb00000, 0x00000000debffff0, 0x00000000dec00000| 99%| O|  |TAMS 0x00000000deb00000| PB 0x00000000debffff0| Untracked 
| 492|0x00000000dec00000, 0x00000000decffff0, 0x00000000ded00000| 99%| O|  |TAMS 0x00000000dec00000| PB 0x00000000decffff0| Untracked 
| 493|0x00000000ded00000, 0x00000000dedffff0, 0x00000000dee00000| 99%| O|  |TAMS 0x00000000ded00000| PB 0x00000000dedffff0| Untracked 
| 494|0x00000000dee00000, 0x00000000deefff40, 0x00000000def00000| 99%| O|  |TAMS 0x00000000dee00000| PB 0x00000000deefff40| Untracked 
| 495|0x00000000def00000, 0x00000000df000000, 0x00000000df000000|100%| O|  |TAMS 0x00000000def00000| PB 0x00000000df000000| Untracked 
| 496|0x00000000df000000, 0x00000000df0fff68, 0x00000000df100000| 99%| O|  |TAMS 0x00000000df000000| PB 0x00000000df0fff68| Untracked 
| 497|0x00000000df100000, 0x00000000df1fffe0, 0x00000000df200000| 99%| O|  |TAMS 0x00000000df100000| PB 0x00000000df1fffe0| Untracked 
| 498|0x00000000df200000, 0x00000000df2ffff8, 0x00000000df300000| 99%| O|  |TAMS 0x00000000df200000| PB 0x00000000df2ffff8| Untracked 
| 499|0x00000000df300000, 0x00000000df400000, 0x00000000df400000|100%| O|  |TAMS 0x00000000df300000| PB 0x00000000df400000| Untracked 
| 500|0x00000000df400000, 0x00000000df500000, 0x00000000df500000|100%| O|  |TAMS 0x00000000df400000| PB 0x00000000df500000| Untracked 
| 501|0x00000000df500000, 0x00000000df5ffff8, 0x00000000df600000| 99%| O|  |TAMS 0x00000000df500000| PB 0x00000000df5ffff8| Untracked 
| 502|0x00000000df600000, 0x00000000df6fffe8, 0x00000000df700000| 99%| O|  |TAMS 0x00000000df600000| PB 0x00000000df6fffe8| Untracked 
| 503|0x00000000df700000, 0x00000000df7ffff0, 0x00000000df800000| 99%| O|  |TAMS 0x00000000df700000| PB 0x00000000df7ffff0| Untracked 
| 504|0x00000000df800000, 0x00000000df8fffe8, 0x00000000df900000| 99%| O|  |TAMS 0x00000000df800000| PB 0x00000000df8fffe8| Untracked 
| 505|0x00000000df900000, 0x00000000df9fff80, 0x00000000dfa00000| 99%| O|  |TAMS 0x00000000df900000| PB 0x00000000df9fff80| Untracked 
| 506|0x00000000dfa00000, 0x00000000dfaffff8, 0x00000000dfb00000| 99%| O|  |TAMS 0x00000000dfa00000| PB 0x00000000dfaffff8| Untracked 
| 507|0x00000000dfb00000, 0x00000000dfbfffb0, 0x00000000dfc00000| 99%| O|  |TAMS 0x00000000dfb00000| PB 0x00000000dfbfffb0| Untracked 
| 508|0x00000000dfc00000, 0x00000000dfcfffd0, 0x00000000dfd00000| 99%| O|  |TAMS 0x00000000dfc00000| PB 0x00000000dfcfffd0| Untracked 
| 509|0x00000000dfd00000, 0x00000000dfdfffe8, 0x00000000dfe00000| 99%| O|  |TAMS 0x00000000dfd00000| PB 0x00000000dfdfffe8| Untracked 
| 510|0x00000000dfe00000, 0x00000000dfeffff8, 0x00000000dff00000| 99%| O|  |TAMS 0x00000000dfe00000| PB 0x00000000dfeffff8| Untracked 
| 511|0x00000000dff00000, 0x00000000dffffff0, 0x00000000e0000000| 99%| O|  |TAMS 0x00000000dff00000| PB 0x00000000dffffff0| Untracked 
| 512|0x00000000e0000000, 0x00000000e00ffff8, 0x00000000e0100000| 99%| O|  |TAMS 0x00000000e0000000| PB 0x00000000e00ffff8| Untracked 
| 513|0x00000000e0100000, 0x00000000e01fff78, 0x00000000e0200000| 99%| O|  |TAMS 0x00000000e0100000| PB 0x00000000e01fff78| Untracked 
| 514|0x00000000e0200000, 0x00000000e0300000, 0x00000000e0300000|100%| O|  |TAMS 0x00000000e0200000| PB 0x00000000e0300000| Untracked 
| 515|0x00000000e0300000, 0x00000000e03fffa8, 0x00000000e0400000| 99%| O|  |TAMS 0x00000000e0300000| PB 0x00000000e03fffa8| Untracked 
| 516|0x00000000e0400000, 0x00000000e04ffff0, 0x00000000e0500000| 99%| O|  |TAMS 0x00000000e0400000| PB 0x00000000e04ffff0| Untracked 
| 517|0x00000000e0500000, 0x00000000e0600000, 0x00000000e0600000|100%| O|  |TAMS 0x00000000e0500000| PB 0x00000000e0600000| Untracked 
| 518|0x00000000e0600000, 0x00000000e06ffff8, 0x00000000e0700000| 99%| O|  |TAMS 0x00000000e0600000| PB 0x00000000e06ffff8| Untracked 
| 519|0x00000000e0700000, 0x00000000e07fffa8, 0x00000000e0800000| 99%| O|  |TAMS 0x00000000e0700000| PB 0x00000000e07fffa8| Untracked 
| 520|0x00000000e0800000, 0x00000000e08fffd0, 0x00000000e0900000| 99%| O|  |TAMS 0x00000000e0800000| PB 0x00000000e08fffd0| Untracked 
| 521|0x00000000e0900000, 0x00000000e09fffd8, 0x00000000e0a00000| 99%| O|  |TAMS 0x00000000e0900000| PB 0x00000000e09fffd8| Untracked 
| 522|0x00000000e0a00000, 0x00000000e0afffe0, 0x00000000e0b00000| 99%| O|  |TAMS 0x00000000e0a00000| PB 0x00000000e0afffe0| Untracked 
| 523|0x00000000e0b00000, 0x00000000e0bfffe8, 0x00000000e0c00000| 99%| O|  |TAMS 0x00000000e0b00000| PB 0x00000000e0bfffe8| Untracked 
| 524|0x00000000e0c00000, 0x00000000e0cfffd8, 0x00000000e0d00000| 99%| O|  |TAMS 0x00000000e0c00000| PB 0x00000000e0cfffd8| Untracked 
| 525|0x00000000e0d00000, 0x00000000e0dfff88, 0x00000000e0e00000| 99%| O|  |TAMS 0x00000000e0d00000| PB 0x00000000e0dfff88| Untracked 
| 526|0x00000000e0e00000, 0x00000000e0f00000, 0x00000000e0f00000|100%| O|  |TAMS 0x00000000e0e00000| PB 0x00000000e0f00000| Untracked 
| 527|0x00000000e0f00000, 0x00000000e0ffffc8, 0x00000000e1000000| 99%| O|  |TAMS 0x00000000e0f00000| PB 0x00000000e0ffffc8| Untracked 
| 528|0x00000000e1000000, 0x00000000e10fff70, 0x00000000e1100000| 99%| O|  |TAMS 0x00000000e1000000| PB 0x00000000e10fff70| Untracked 
| 529|0x00000000e1100000, 0x00000000e11ffff0, 0x00000000e1200000| 99%| O|  |TAMS 0x00000000e1100000| PB 0x00000000e11ffff0| Untracked 
| 530|0x00000000e1200000, 0x00000000e12fffa0, 0x00000000e1300000| 99%| O|  |TAMS 0x00000000e1200000| PB 0x00000000e12fffa0| Untracked 
| 531|0x00000000e1300000, 0x00000000e13ffff0, 0x00000000e1400000| 99%| O|  |TAMS 0x00000000e1300000| PB 0x00000000e13ffff0| Untracked 
| 532|0x00000000e1400000, 0x00000000e1500000, 0x00000000e1500000|100%| O|  |TAMS 0x00000000e1400000| PB 0x00000000e1500000| Untracked 
| 533|0x00000000e1500000, 0x00000000e15fffe0, 0x00000000e1600000| 99%| O|  |TAMS 0x00000000e1500000| PB 0x00000000e15fffe0| Untracked 
| 534|0x00000000e1600000, 0x00000000e16fffe0, 0x00000000e1700000| 99%| O|  |TAMS 0x00000000e1600000| PB 0x00000000e16fffe0| Untracked 
| 535|0x00000000e1700000, 0x00000000e17fff68, 0x00000000e1800000| 99%| O|  |TAMS 0x00000000e1700000| PB 0x00000000e17fff68| Untracked 
| 536|0x00000000e1800000, 0x00000000e18ffff0, 0x00000000e1900000| 99%| O|  |TAMS 0x00000000e1800000| PB 0x00000000e18ffff0| Untracked 
| 537|0x00000000e1900000, 0x00000000e19fffe8, 0x00000000e1a00000| 99%| O|  |TAMS 0x00000000e1900000| PB 0x00000000e19fffe8| Untracked 
| 538|0x00000000e1a00000, 0x00000000e1affff0, 0x00000000e1b00000| 99%| O|  |TAMS 0x00000000e1a00000| PB 0x00000000e1affff0| Untracked 
| 539|0x00000000e1b00000, 0x00000000e1bfffd0, 0x00000000e1c00000| 99%| O|  |TAMS 0x00000000e1b00000| PB 0x00000000e1bfffd0| Untracked 
| 540|0x00000000e1c00000, 0x00000000e1cfffe0, 0x00000000e1d00000| 99%| O|  |TAMS 0x00000000e1c00000| PB 0x00000000e1cfffe0| Untracked 
| 541|0x00000000e1d00000, 0x00000000e1e00000, 0x00000000e1e00000|100%| O|  |TAMS 0x00000000e1d00000| PB 0x00000000e1e00000| Untracked 
| 542|0x00000000e1e00000, 0x00000000e1effff0, 0x00000000e1f00000| 99%| O|  |TAMS 0x00000000e1e00000| PB 0x00000000e1effff0| Untracked 
| 543|0x00000000e1f00000, 0x00000000e1ffff90, 0x00000000e2000000| 99%| O|  |TAMS 0x00000000e1f00000| PB 0x00000000e1ffff90| Untracked 
| 544|0x00000000e2000000, 0x00000000e20fffd0, 0x00000000e2100000| 99%| O|  |TAMS 0x00000000e2000000| PB 0x00000000e20fffd0| Untracked 
| 545|0x00000000e2100000, 0x00000000e21ffff8, 0x00000000e2200000| 99%| O|  |TAMS 0x00000000e2100000| PB 0x00000000e21ffff8| Untracked 
| 546|0x00000000e2200000, 0x00000000e22fffe8, 0x00000000e2300000| 99%| O|  |TAMS 0x00000000e2200000| PB 0x00000000e22fffe8| Untracked 
| 547|0x00000000e2300000, 0x00000000e23fffb0, 0x00000000e2400000| 99%| O|  |TAMS 0x00000000e2300000| PB 0x00000000e23fffb0| Untracked 
| 548|0x00000000e2400000, 0x00000000e24fff78, 0x00000000e2500000| 99%| O|  |TAMS 0x00000000e2400000| PB 0x00000000e24fff78| Untracked 
| 549|0x00000000e2500000, 0x00000000e25fffe0, 0x00000000e2600000| 99%| O|  |TAMS 0x00000000e2500000| PB 0x00000000e25fffe0| Untracked 
| 550|0x00000000e2600000, 0x00000000e26fffa8, 0x00000000e2700000| 99%| O|  |TAMS 0x00000000e2600000| PB 0x00000000e26fffa8| Untracked 
| 551|0x00000000e2700000, 0x00000000e2800000, 0x00000000e2800000|100%| O|  |TAMS 0x00000000e2700000| PB 0x00000000e2800000| Untracked 
| 552|0x00000000e2800000, 0x00000000e28fffe8, 0x00000000e2900000| 99%| O|  |TAMS 0x00000000e2800000| PB 0x00000000e28fffe8| Untracked 
| 553|0x00000000e2900000, 0x00000000e29ffff0, 0x00000000e2a00000| 99%| O|  |TAMS 0x00000000e2900000| PB 0x00000000e29ffff0| Untracked 
| 554|0x00000000e2a00000, 0x00000000e2afffb0, 0x00000000e2b00000| 99%| O|  |TAMS 0x00000000e2a00000| PB 0x00000000e2afffb0| Untracked 
| 555|0x00000000e2b00000, 0x00000000e2bffff0, 0x00000000e2c00000| 99%| O|  |TAMS 0x00000000e2b00000| PB 0x00000000e2bffff0| Untracked 
| 556|0x00000000e2c00000, 0x00000000e2cfffe8, 0x00000000e2d00000| 99%| O|  |TAMS 0x00000000e2c00000| PB 0x00000000e2cfffe8| Untracked 
| 557|0x00000000e2d00000, 0x00000000e2dfff68, 0x00000000e2e00000| 99%| O|  |TAMS 0x00000000e2d00000| PB 0x00000000e2dfff68| Untracked 
| 558|0x00000000e2e00000, 0x00000000e2effff0, 0x00000000e2f00000| 99%| O|  |TAMS 0x00000000e2e00000| PB 0x00000000e2effff0| Untracked 
| 559|0x00000000e2f00000, 0x00000000e2fffff0, 0x00000000e3000000| 99%| O|  |TAMS 0x00000000e2f00000| PB 0x00000000e2fffff0| Untracked 
| 560|0x00000000e3000000, 0x00000000e30ffff8, 0x00000000e3100000| 99%| O|  |TAMS 0x00000000e3000000| PB 0x00000000e30ffff8| Untracked 
| 561|0x00000000e3100000, 0x00000000e31fffc8, 0x00000000e3200000| 99%| O|  |TAMS 0x00000000e3100000| PB 0x00000000e31fffc8| Untracked 
| 562|0x00000000e3200000, 0x00000000e32ffff8, 0x00000000e3300000| 99%| O|  |TAMS 0x00000000e3200000| PB 0x00000000e32ffff8| Untracked 
| 563|0x00000000e3300000, 0x00000000e33ffff8, 0x00000000e3400000| 99%| O|  |TAMS 0x00000000e3300000| PB 0x00000000e33ffff8| Untracked 
| 564|0x00000000e3400000, 0x00000000e34ffff0, 0x00000000e3500000| 99%| O|  |TAMS 0x00000000e3400000| PB 0x00000000e34ffff0| Untracked 
| 565|0x00000000e3500000, 0x00000000e35ffff0, 0x00000000e3600000| 99%| O|  |TAMS 0x00000000e3500000| PB 0x00000000e35ffff0| Untracked 
| 566|0x00000000e3600000, 0x00000000e36fffe0, 0x00000000e3700000| 99%| O|  |TAMS 0x00000000e3600000| PB 0x00000000e36fffe0| Untracked 
| 567|0x00000000e3700000, 0x00000000e3800000, 0x00000000e3800000|100%| O|  |TAMS 0x00000000e3700000| PB 0x00000000e3800000| Untracked 
| 568|0x00000000e3800000, 0x00000000e38ffff8, 0x00000000e3900000| 99%| O|  |TAMS 0x00000000e3800000| PB 0x00000000e38ffff8| Untracked 
| 569|0x00000000e3900000, 0x00000000e39fff60, 0x00000000e3a00000| 99%| O|  |TAMS 0x00000000e3900000| PB 0x00000000e39fff60| Untracked 
| 570|0x00000000e3a00000, 0x00000000e3affff0, 0x00000000e3b00000| 99%| O|  |TAMS 0x00000000e3a00000| PB 0x00000000e3affff0| Untracked 
| 571|0x00000000e3b00000, 0x00000000e3bffff8, 0x00000000e3c00000| 99%| O|  |TAMS 0x00000000e3b00000| PB 0x00000000e3bffff8| Untracked 
| 572|0x00000000e3c00000, 0x00000000e3cffff0, 0x00000000e3d00000| 99%| O|  |TAMS 0x00000000e3c00000| PB 0x00000000e3cffff0| Untracked 
| 573|0x00000000e3d00000, 0x00000000e3dfffd8, 0x00000000e3e00000| 99%| O|  |TAMS 0x00000000e3d00000| PB 0x00000000e3dfffd8| Untracked 
| 574|0x00000000e3e00000, 0x00000000e3effff0, 0x00000000e3f00000| 99%| O|  |TAMS 0x00000000e3e00000| PB 0x00000000e3effff0| Untracked 
| 575|0x00000000e3f00000, 0x00000000e3ffffa0, 0x00000000e4000000| 99%| O|  |TAMS 0x00000000e3f00000| PB 0x00000000e3ffffa0| Untracked 
| 576|0x00000000e4000000, 0x00000000e40ffff8, 0x00000000e4100000| 99%| O|  |TAMS 0x00000000e4000000| PB 0x00000000e40ffff8| Untracked 
| 577|0x00000000e4100000, 0x00000000e41fffd8, 0x00000000e4200000| 99%| O|  |TAMS 0x00000000e4100000| PB 0x00000000e41fffd8| Untracked 
| 578|0x00000000e4200000, 0x00000000e42fff58, 0x00000000e4300000| 99%| O|  |TAMS 0x00000000e4200000| PB 0x00000000e42fff58| Untracked 
| 579|0x00000000e4300000, 0x00000000e43ffff8, 0x00000000e4400000| 99%| O|  |TAMS 0x00000000e4300000| PB 0x00000000e43ffff8| Untracked 
| 580|0x00000000e4400000, 0x00000000e44ffff0, 0x00000000e4500000| 99%| O|  |TAMS 0x00000000e4400000| PB 0x00000000e44ffff0| Untracked 
| 581|0x00000000e4500000, 0x00000000e45ffff0, 0x00000000e4600000| 99%| O|  |TAMS 0x00000000e4500000| PB 0x00000000e45ffff0| Untracked 
| 582|0x00000000e4600000, 0x00000000e46ffff8, 0x00000000e4700000| 99%| O|  |TAMS 0x00000000e4600000| PB 0x00000000e46ffff8| Untracked 
| 583|0x00000000e4700000, 0x00000000e47fffc0, 0x00000000e4800000| 99%| O|  |TAMS 0x00000000e4700000| PB 0x00000000e47fffc0| Untracked 
| 584|0x00000000e4800000, 0x00000000e48fffe8, 0x00000000e4900000| 99%| O|  |TAMS 0x00000000e4800000| PB 0x00000000e48fffe8| Untracked 
| 585|0x00000000e4900000, 0x00000000e49fff78, 0x00000000e4a00000| 99%| O|  |TAMS 0x00000000e4900000| PB 0x00000000e49fff78| Untracked 
| 586|0x00000000e4a00000, 0x00000000e4afffe8, 0x00000000e4b00000| 99%| O|  |TAMS 0x00000000e4a00000| PB 0x00000000e4afffe8| Untracked 
| 587|0x00000000e4b00000, 0x00000000e4bffff0, 0x00000000e4c00000| 99%| O|  |TAMS 0x00000000e4b00000| PB 0x00000000e4bffff0| Untracked 
| 588|0x00000000e4c00000, 0x00000000e4d00000, 0x00000000e4d00000|100%| O|  |TAMS 0x00000000e4c00000| PB 0x00000000e4d00000| Untracked 
| 589|0x00000000e4d00000, 0x00000000e4dffff8, 0x00000000e4e00000| 99%| O|  |TAMS 0x00000000e4d00000| PB 0x00000000e4dffff8| Untracked 
| 590|0x00000000e4e00000, 0x00000000e4efff68, 0x00000000e4f00000| 99%| O|  |TAMS 0x00000000e4e00000| PB 0x00000000e4efff68| Untracked 
| 591|0x00000000e4f00000, 0x00000000e4ffffe8, 0x00000000e5000000| 99%| O|  |TAMS 0x00000000e4f00000| PB 0x00000000e4ffffe8| Untracked 
| 592|0x00000000e5000000, 0x00000000e50ffff8, 0x00000000e5100000| 99%| O|  |TAMS 0x00000000e5000000| PB 0x00000000e50ffff8| Untracked 
| 593|0x00000000e5100000, 0x00000000e51fffb0, 0x00000000e5200000| 99%| O|  |TAMS 0x00000000e5100000| PB 0x00000000e51fffb0| Untracked 
| 594|0x00000000e5200000, 0x00000000e52fff80, 0x00000000e5300000| 99%| O|  |TAMS 0x00000000e5200000| PB 0x00000000e52fff80| Untracked 
| 595|0x00000000e5300000, 0x00000000e5400000, 0x00000000e5400000|100%| O|  |TAMS 0x00000000e5300000| PB 0x00000000e5400000| Untracked 
| 596|0x00000000e5400000, 0x00000000e54fff98, 0x00000000e5500000| 99%| O|  |TAMS 0x00000000e5400000| PB 0x00000000e54fff98| Untracked 
| 597|0x00000000e5500000, 0x00000000e55fff88, 0x00000000e5600000| 99%| O|  |TAMS 0x00000000e5500000| PB 0x00000000e55fff88| Untracked 
| 598|0x00000000e5600000, 0x00000000e56fff50, 0x00000000e5700000| 99%| O|  |TAMS 0x00000000e5600000| PB 0x00000000e56fff50| Untracked 
| 599|0x00000000e5700000, 0x00000000e5800000, 0x00000000e5800000|100%| O|  |TAMS 0x00000000e5700000| PB 0x00000000e5800000| Untracked 
| 600|0x00000000e5800000, 0x00000000e58fff80, 0x00000000e5900000| 99%| O|  |TAMS 0x00000000e5800000| PB 0x00000000e58fff80| Untracked 
| 601|0x00000000e5900000, 0x00000000e59fffc0, 0x00000000e5a00000| 99%| O|  |TAMS 0x00000000e5900000| PB 0x00000000e59fffc0| Untracked 
| 602|0x00000000e5a00000, 0x00000000e5afffe8, 0x00000000e5b00000| 99%| O|  |TAMS 0x00000000e5a00000| PB 0x00000000e5afffe8| Untracked 
| 603|0x00000000e5b00000, 0x00000000e5c00000, 0x00000000e5c00000|100%| O|  |TAMS 0x00000000e5b00000| PB 0x00000000e5c00000| Untracked 
| 604|0x00000000e5c00000, 0x00000000e5d00000, 0x00000000e5d00000|100%| O|  |TAMS 0x00000000e5c00000| PB 0x00000000e5d00000| Untracked 
| 605|0x00000000e5d00000, 0x00000000e5dffff0, 0x00000000e5e00000| 99%| O|  |TAMS 0x00000000e5d00000| PB 0x00000000e5dffff0| Untracked 
| 606|0x00000000e5e00000, 0x00000000e5effff0, 0x00000000e5f00000| 99%| O|  |TAMS 0x00000000e5e00000| PB 0x00000000e5effff0| Untracked 
| 607|0x00000000e5f00000, 0x00000000e5fffff8, 0x00000000e6000000| 99%| O|  |TAMS 0x00000000e5f00000| PB 0x00000000e5fffff8| Untracked 
| 608|0x00000000e6000000, 0x00000000e60ffff8, 0x00000000e6100000| 99%| O|  |TAMS 0x00000000e6000000| PB 0x00000000e60ffff8| Untracked 
| 609|0x00000000e6100000, 0x00000000e61fff48, 0x00000000e6200000| 99%| O|  |TAMS 0x00000000e6100000| PB 0x00000000e61fff48| Untracked 
| 610|0x00000000e6200000, 0x00000000e62fff68, 0x00000000e6300000| 99%| O|  |TAMS 0x00000000e6200000| PB 0x00000000e62fff68| Untracked 
| 611|0x00000000e6300000, 0x00000000e63fff78, 0x00000000e6400000| 99%| O|  |TAMS 0x00000000e6300000| PB 0x00000000e63fff78| Untracked 
| 612|0x00000000e6400000, 0x00000000e6500000, 0x00000000e6500000|100%| O|  |TAMS 0x00000000e6400000| PB 0x00000000e6500000| Untracked 
| 613|0x00000000e6500000, 0x00000000e65fffb8, 0x00000000e6600000| 99%| O|  |TAMS 0x00000000e6500000| PB 0x00000000e65fffb8| Untracked 
| 614|0x00000000e6600000, 0x00000000e66ffff8, 0x00000000e6700000| 99%| O|  |TAMS 0x00000000e6600000| PB 0x00000000e66ffff8| Untracked 
| 615|0x00000000e6700000, 0x00000000e67fffb0, 0x00000000e6800000| 99%| O|  |TAMS 0x00000000e6700000| PB 0x00000000e67fffb0| Untracked 
| 616|0x00000000e6800000, 0x00000000e6900000, 0x00000000e6900000|100%| O|  |TAMS 0x00000000e6800000| PB 0x00000000e6900000| Untracked 
| 617|0x00000000e6900000, 0x00000000e69fffd0, 0x00000000e6a00000| 99%| O|  |TAMS 0x00000000e6900000| PB 0x00000000e69fffd0| Untracked 
| 618|0x00000000e6a00000, 0x00000000e6afffe0, 0x00000000e6b00000| 99%| O|  |TAMS 0x00000000e6a00000| PB 0x00000000e6afffe0| Untracked 
| 619|0x00000000e6b00000, 0x00000000e6c00000, 0x00000000e6c00000|100%| O|  |TAMS 0x00000000e6b00000| PB 0x00000000e6c00000| Untracked 
| 620|0x00000000e6c00000, 0x00000000e6cffff8, 0x00000000e6d00000| 99%| O|  |TAMS 0x00000000e6c00000| PB 0x00000000e6cffff8| Untracked 
| 621|0x00000000e6d00000, 0x00000000e6dffff8, 0x00000000e6e00000| 99%| O|  |TAMS 0x00000000e6d00000| PB 0x00000000e6dffff8| Untracked 
| 622|0x00000000e6e00000, 0x00000000e6effff0, 0x00000000e6f00000| 99%| O|  |TAMS 0x00000000e6e00000| PB 0x00000000e6effff0| Untracked 
| 623|0x00000000e6f00000, 0x00000000e6ffff50, 0x00000000e7000000| 99%| O|  |TAMS 0x00000000e6f00000| PB 0x00000000e6ffff50| Untracked 
| 624|0x00000000e7000000, 0x00000000e70ffff0, 0x00000000e7100000| 99%| O|  |TAMS 0x00000000e7000000| PB 0x00000000e70ffff0| Untracked 
| 625|0x00000000e7100000, 0x00000000e71fff58, 0x00000000e7200000| 99%| O|  |TAMS 0x00000000e7100000| PB 0x00000000e71fff58| Untracked 
| 626|0x00000000e7200000, 0x00000000e72ffff0, 0x00000000e7300000| 99%| O|  |TAMS 0x00000000e7200000| PB 0x00000000e72ffff0| Untracked 
| 627|0x00000000e7300000, 0x00000000e73fff68, 0x00000000e7400000| 99%| O|  |TAMS 0x00000000e7300000| PB 0x00000000e73fff68| Untracked 
| 628|0x00000000e7400000, 0x00000000e74fffe8, 0x00000000e7500000| 99%| O|  |TAMS 0x00000000e7400000| PB 0x00000000e74fffe8| Untracked 
| 629|0x00000000e7500000, 0x00000000e75fffe8, 0x00000000e7600000| 99%| O|  |TAMS 0x00000000e7500000| PB 0x00000000e75fffe8| Untracked 
| 630|0x00000000e7600000, 0x00000000e7700000, 0x00000000e7700000|100%| O|  |TAMS 0x00000000e7600000| PB 0x00000000e7700000| Untracked 
| 631|0x00000000e7700000, 0x00000000e77ffff0, 0x00000000e7800000| 99%| O|  |TAMS 0x00000000e7700000| PB 0x00000000e77ffff0| Untracked 
| 632|0x00000000e7800000, 0x00000000e78ffff0, 0x00000000e7900000| 99%| O|  |TAMS 0x00000000e7800000| PB 0x00000000e78ffff0| Untracked 
| 633|0x00000000e7900000, 0x00000000e79fffc8, 0x00000000e7a00000| 99%| O|  |TAMS 0x00000000e7900000| PB 0x00000000e79fffc8| Untracked 
| 634|0x00000000e7a00000, 0x00000000e7affff8, 0x00000000e7b00000| 99%| O|  |TAMS 0x00000000e7a00000| PB 0x00000000e7affff8| Untracked 
| 635|0x00000000e7b00000, 0x00000000e7bfffb0, 0x00000000e7c00000| 99%| O|  |TAMS 0x00000000e7b00000| PB 0x00000000e7bfffb0| Untracked 
| 636|0x00000000e7c00000, 0x00000000e7d00000, 0x00000000e7d00000|100%| O|  |TAMS 0x00000000e7c00000| PB 0x00000000e7d00000| Untracked 
| 637|0x00000000e7d00000, 0x00000000e7e00000, 0x00000000e7e00000|100%| O|  |TAMS 0x00000000e7d00000| PB 0x00000000e7e00000| Untracked 
| 638|0x00000000e7e00000, 0x00000000e7f00000, 0x00000000e7f00000|100%| O|  |TAMS 0x00000000e7e00000| PB 0x00000000e7f00000| Untracked 
| 639|0x00000000e7f00000, 0x00000000e7ffff80, 0x00000000e8000000| 99%| O|  |TAMS 0x00000000e7f00000| PB 0x00000000e7ffff80| Untracked 
| 640|0x00000000e8000000, 0x00000000e80fff88, 0x00000000e8100000| 99%| O|  |TAMS 0x00000000e8000000| PB 0x00000000e80fff88| Untracked 
| 641|0x00000000e8100000, 0x00000000e81ffff0, 0x00000000e8200000| 99%| O|  |TAMS 0x00000000e8100000| PB 0x00000000e81ffff0| Untracked 
| 642|0x00000000e8200000, 0x00000000e82ffff8, 0x00000000e8300000| 99%| O|  |TAMS 0x00000000e8200000| PB 0x00000000e82ffff8| Untracked 
| 643|0x00000000e8300000, 0x00000000e83fffc0, 0x00000000e8400000| 99%| O|  |TAMS 0x00000000e8300000| PB 0x00000000e83fffc0| Untracked 
| 644|0x00000000e8400000, 0x00000000e84ffff8, 0x00000000e8500000| 99%| O|  |TAMS 0x00000000e8400000| PB 0x00000000e84ffff8| Untracked 
| 645|0x00000000e8500000, 0x00000000e85fffb8, 0x00000000e8600000| 99%| O|  |TAMS 0x00000000e8500000| PB 0x00000000e85fffb8| Untracked 
| 646|0x00000000e8600000, 0x00000000e8700000, 0x00000000e8700000|100%| O|  |TAMS 0x00000000e8600000| PB 0x00000000e8700000| Untracked 
| 647|0x00000000e8700000, 0x00000000e87fffb8, 0x00000000e8800000| 99%| O|  |TAMS 0x00000000e8700000| PB 0x00000000e87fffb8| Untracked 
| 648|0x00000000e8800000, 0x00000000e88fffe0, 0x00000000e8900000| 99%| O|  |TAMS 0x00000000e8800000| PB 0x00000000e88fffe0| Untracked 
| 649|0x00000000e8900000, 0x00000000e8a00000, 0x00000000e8a00000|100%| O|  |TAMS 0x00000000e8900000| PB 0x00000000e8a00000| Untracked 
| 650|0x00000000e8a00000, 0x00000000e8afffe0, 0x00000000e8b00000| 99%| O|  |TAMS 0x00000000e8a00000| PB 0x00000000e8afffe0| Untracked 
| 651|0x00000000e8b00000, 0x00000000e8bfff78, 0x00000000e8c00000| 99%| O|  |TAMS 0x00000000e8b00000| PB 0x00000000e8bfff78| Untracked 
| 652|0x00000000e8c00000, 0x00000000e8cffff8, 0x00000000e8d00000| 99%| O|  |TAMS 0x00000000e8c00000| PB 0x00000000e8cffff8| Untracked 
| 653|0x00000000e8d00000, 0x00000000e8e00000, 0x00000000e8e00000|100%| O|  |TAMS 0x00000000e8d00000| PB 0x00000000e8e00000| Untracked 
| 654|0x00000000e8e00000, 0x00000000e8efffc0, 0x00000000e8f00000| 99%| O|  |TAMS 0x00000000e8e00000| PB 0x00000000e8efffc0| Untracked 
| 655|0x00000000e8f00000, 0x00000000e8ffffa0, 0x00000000e9000000| 99%| O|  |TAMS 0x00000000e8f00000| PB 0x00000000e8ffffa0| Untracked 
| 656|0x00000000e9000000, 0x00000000e90fffd0, 0x00000000e9100000| 99%| O|  |TAMS 0x00000000e9000000| PB 0x00000000e90fffd0| Untracked 
| 657|0x00000000e9100000, 0x00000000e91ffff0, 0x00000000e9200000| 99%| O|  |TAMS 0x00000000e9100000| PB 0x00000000e91ffff0| Untracked 
| 658|0x00000000e9200000, 0x00000000e92fff60, 0x00000000e9300000| 99%| O|  |TAMS 0x00000000e9200000| PB 0x00000000e92fff60| Untracked 
| 659|0x00000000e9300000, 0x00000000e93fffb0, 0x00000000e9400000| 99%| O|  |TAMS 0x00000000e9300000| PB 0x00000000e93fffb0| Untracked 
| 660|0x00000000e9400000, 0x00000000e94fffd8, 0x00000000e9500000| 99%| O|  |TAMS 0x00000000e9400000| PB 0x00000000e94fffd8| Untracked 
| 661|0x00000000e9500000, 0x00000000e95ffff8, 0x00000000e9600000| 99%| O|  |TAMS 0x00000000e9500000| PB 0x00000000e95ffff8| Untracked 
| 662|0x00000000e9600000, 0x00000000e96ffff8, 0x00000000e9700000| 99%| O|  |TAMS 0x00000000e9600000| PB 0x00000000e96ffff8| Untracked 
| 663|0x00000000e9700000, 0x00000000e97ffff0, 0x00000000e9800000| 99%| O|  |TAMS 0x00000000e9700000| PB 0x00000000e97ffff0| Untracked 
| 664|0x00000000e9800000, 0x00000000e98fffc8, 0x00000000e9900000| 99%| O|  |TAMS 0x00000000e9800000| PB 0x00000000e98fffc8| Untracked 
| 665|0x00000000e9900000, 0x00000000e9a00000, 0x00000000e9a00000|100%| O|  |TAMS 0x00000000e9900000| PB 0x00000000e9a00000| Untracked 
| 666|0x00000000e9a00000, 0x00000000e9afff68, 0x00000000e9b00000| 99%| O|  |TAMS 0x00000000e9a00000| PB 0x00000000e9afff68| Untracked 
| 667|0x00000000e9b00000, 0x00000000e9bffff8, 0x00000000e9c00000| 99%| O|  |TAMS 0x00000000e9b00000| PB 0x00000000e9bffff8| Untracked 
| 668|0x00000000e9c00000, 0x00000000e9cfff88, 0x00000000e9d00000| 99%| O|  |TAMS 0x00000000e9c00000| PB 0x00000000e9cfff88| Untracked 
| 669|0x00000000e9d00000, 0x00000000e9dffff0, 0x00000000e9e00000| 99%| O|  |TAMS 0x00000000e9d00000| PB 0x00000000e9dffff0| Untracked 
| 670|0x00000000e9e00000, 0x00000000e9efffb8, 0x00000000e9f00000| 99%| O|  |TAMS 0x00000000e9e00000| PB 0x00000000e9efffb8| Untracked 
| 671|0x00000000e9f00000, 0x00000000e9ffffc0, 0x00000000ea000000| 99%| O|  |TAMS 0x00000000e9f00000| PB 0x00000000e9ffffc0| Untracked 
| 672|0x00000000ea000000, 0x00000000ea0fffc0, 0x00000000ea100000| 99%| O|  |TAMS 0x00000000ea000000| PB 0x00000000ea0fffc0| Untracked 
| 673|0x00000000ea100000, 0x00000000ea1ffff0, 0x00000000ea200000| 99%| O|  |TAMS 0x00000000ea100000| PB 0x00000000ea1ffff0| Untracked 
| 674|0x00000000ea200000, 0x00000000ea2fff88, 0x00000000ea300000| 99%| O|  |TAMS 0x00000000ea200000| PB 0x00000000ea2fff88| Untracked 
| 675|0x00000000ea300000, 0x00000000ea3ffff0, 0x00000000ea400000| 99%| O|  |TAMS 0x00000000ea300000| PB 0x00000000ea3ffff0| Untracked 
| 676|0x00000000ea400000, 0x00000000ea500000, 0x00000000ea500000|100%| O|  |TAMS 0x00000000ea400000| PB 0x00000000ea500000| Untracked 
| 677|0x00000000ea500000, 0x00000000ea5ffff8, 0x00000000ea600000| 99%| O|  |TAMS 0x00000000ea500000| PB 0x00000000ea5ffff8| Untracked 
| 678|0x00000000ea600000, 0x00000000ea6ffff8, 0x00000000ea700000| 99%| O|  |TAMS 0x00000000ea600000| PB 0x00000000ea6ffff8| Untracked 
| 679|0x00000000ea700000, 0x00000000ea7ffff0, 0x00000000ea800000| 99%| O|  |TAMS 0x00000000ea700000| PB 0x00000000ea7ffff0| Untracked 
| 680|0x00000000ea800000, 0x00000000ea900000, 0x00000000ea900000|100%| O|  |TAMS 0x00000000ea800000| PB 0x00000000ea900000| Untracked 
| 681|0x00000000ea900000, 0x00000000ea9ffff8, 0x00000000eaa00000| 99%| O|  |TAMS 0x00000000ea900000| PB 0x00000000ea9ffff8| Untracked 
| 682|0x00000000eaa00000, 0x00000000eaafffb8, 0x00000000eab00000| 99%| O|  |TAMS 0x00000000eaa00000| PB 0x00000000eaafffb8| Untracked 
| 683|0x00000000eab00000, 0x00000000eabfff70, 0x00000000eac00000| 99%| O|  |TAMS 0x00000000eab00000| PB 0x00000000eabfff70| Untracked 
| 684|0x00000000eac00000, 0x00000000eacffff0, 0x00000000ead00000| 99%| O|  |TAMS 0x00000000eac00000| PB 0x00000000eacffff0| Untracked 
| 685|0x00000000ead00000, 0x00000000eadfffd0, 0x00000000eae00000| 99%| O|  |TAMS 0x00000000ead00000| PB 0x00000000eadfffd0| Untracked 
| 686|0x00000000eae00000, 0x00000000eaeffff0, 0x00000000eaf00000| 99%| O|  |TAMS 0x00000000eae00000| PB 0x00000000eaeffff0| Untracked 
| 687|0x00000000eaf00000, 0x00000000eafffff0, 0x00000000eb000000| 99%| O|  |TAMS 0x00000000eaf00000| PB 0x00000000eafffff0| Untracked 
| 688|0x00000000eb000000, 0x00000000eb0fff50, 0x00000000eb100000| 99%| O|  |TAMS 0x00000000eb000000| PB 0x00000000eb0fff50| Untracked 
| 689|0x00000000eb100000, 0x00000000eb1fffc0, 0x00000000eb200000| 99%| O|  |TAMS 0x00000000eb100000| PB 0x00000000eb1fffc0| Untracked 
| 690|0x00000000eb200000, 0x00000000eb2ffff0, 0x00000000eb300000| 99%| O|  |TAMS 0x00000000eb200000| PB 0x00000000eb2ffff0| Untracked 
| 691|0x00000000eb300000, 0x00000000eb3fffe8, 0x00000000eb400000| 99%| O|  |TAMS 0x00000000eb300000| PB 0x00000000eb3fffe8| Untracked 
| 692|0x00000000eb400000, 0x00000000eb4ffff0, 0x00000000eb500000| 99%| O|  |TAMS 0x00000000eb400000| PB 0x00000000eb4ffff0| Untracked 
| 693|0x00000000eb500000, 0x00000000eb600000, 0x00000000eb600000|100%| O|  |TAMS 0x00000000eb500000| PB 0x00000000eb600000| Untracked 
| 694|0x00000000eb600000, 0x00000000eb6fff68, 0x00000000eb700000| 99%| O|  |TAMS 0x00000000eb600000| PB 0x00000000eb6fff68| Untracked 
| 695|0x00000000eb700000, 0x00000000eb800000, 0x00000000eb800000|100%| O|  |TAMS 0x00000000eb700000| PB 0x00000000eb800000| Untracked 
| 696|0x00000000eb800000, 0x00000000eb8ffff8, 0x00000000eb900000| 99%| O|  |TAMS 0x00000000eb800000| PB 0x00000000eb8ffff8| Untracked 
| 697|0x00000000eb900000, 0x00000000eb9ffff8, 0x00000000eba00000| 99%| O|  |TAMS 0x00000000eb900000| PB 0x00000000eb9ffff8| Untracked 
| 698|0x00000000eba00000, 0x00000000ebafff88, 0x00000000ebb00000| 99%| O|  |TAMS 0x00000000eba00000| PB 0x00000000ebafff88| Untracked 
| 699|0x00000000ebb00000, 0x00000000ebbfffd0, 0x00000000ebc00000| 99%| O|  |TAMS 0x00000000ebb00000| PB 0x00000000ebbfffd0| Untracked 
| 700|0x00000000ebc00000, 0x00000000ebcffff0, 0x00000000ebd00000| 99%| O|  |TAMS 0x00000000ebc00000| PB 0x00000000ebcffff0| Untracked 
| 701|0x00000000ebd00000, 0x00000000ebdffff0, 0x00000000ebe00000| 99%| O|  |TAMS 0x00000000ebd00000| PB 0x00000000ebdffff0| Untracked 
| 702|0x00000000ebe00000, 0x00000000ebefff50, 0x00000000ebf00000| 99%| O|  |TAMS 0x00000000ebe00000| PB 0x00000000ebefff50| Untracked 
| 703|0x00000000ebf00000, 0x00000000ebffff60, 0x00000000ec000000| 99%| O|  |TAMS 0x00000000ebf00000| PB 0x00000000ebffff60| Untracked 
| 704|0x00000000ec000000, 0x00000000ec0ffff0, 0x00000000ec100000| 99%| O|  |TAMS 0x00000000ec000000| PB 0x00000000ec0ffff0| Untracked 
| 705|0x00000000ec100000, 0x00000000ec1fffa8, 0x00000000ec200000| 99%| O|  |TAMS 0x00000000ec100000| PB 0x00000000ec1fffa8| Untracked 
| 706|0x00000000ec200000, 0x00000000ec2ffff0, 0x00000000ec300000| 99%| O|  |TAMS 0x00000000ec200000| PB 0x00000000ec2ffff0| Untracked 
| 707|0x00000000ec300000, 0x00000000ec3fff68, 0x00000000ec400000| 99%| O|  |TAMS 0x00000000ec300000| PB 0x00000000ec3fff68| Untracked 
| 708|0x00000000ec400000, 0x00000000ec500000, 0x00000000ec500000|100%| O|  |TAMS 0x00000000ec400000| PB 0x00000000ec500000| Untracked 
| 709|0x00000000ec500000, 0x00000000ec5fffe8, 0x00000000ec600000| 99%| O|  |TAMS 0x00000000ec500000| PB 0x00000000ec5fffe8| Untracked 
| 710|0x00000000ec600000, 0x00000000ec6ffff8, 0x00000000ec700000| 99%| O|  |TAMS 0x00000000ec600000| PB 0x00000000ec6ffff8| Untracked 
| 711|0x00000000ec700000, 0x00000000ec7ffff8, 0x00000000ec800000| 99%| O|  |TAMS 0x00000000ec700000| PB 0x00000000ec7ffff8| Untracked 
| 712|0x00000000ec800000, 0x00000000ec8fff58, 0x00000000ec900000| 99%| O|  |TAMS 0x00000000ec800000| PB 0x00000000ec8fff58| Untracked 
| 713|0x00000000ec900000, 0x00000000ec9fffc8, 0x00000000eca00000| 99%| O|  |TAMS 0x00000000ec900000| PB 0x00000000ec9fffc8| Untracked 
| 714|0x00000000eca00000, 0x00000000ecaffff0, 0x00000000ecb00000| 99%| O|  |TAMS 0x00000000eca00000| PB 0x00000000ecaffff0| Untracked 
| 715|0x00000000ecb00000, 0x00000000ecbfff78, 0x00000000ecc00000| 99%| O|  |TAMS 0x00000000ecb00000| PB 0x00000000ecbfff78| Untracked 
| 716|0x00000000ecc00000, 0x00000000eccfffe0, 0x00000000ecd00000| 99%| O|  |TAMS 0x00000000ecc00000| PB 0x00000000eccfffe0| Untracked 
| 717|0x00000000ecd00000, 0x00000000ecdffff8, 0x00000000ece00000| 99%| O|  |TAMS 0x00000000ecd00000| PB 0x00000000ecdffff8| Untracked 
| 718|0x00000000ece00000, 0x00000000ecefffa0, 0x00000000ecf00000| 99%| O|  |TAMS 0x00000000ece00000| PB 0x00000000ecefffa0| Untracked 
| 719|0x00000000ecf00000, 0x00000000ecffffb8, 0x00000000ed000000| 99%| O|  |TAMS 0x00000000ecf00000| PB 0x00000000ecffffb8| Untracked 
| 720|0x00000000ed000000, 0x00000000ed0fffe8, 0x00000000ed100000| 99%| O|  |TAMS 0x00000000ed000000| PB 0x00000000ed0fffe8| Untracked 
| 721|0x00000000ed100000, 0x00000000ed1ffff0, 0x00000000ed200000| 99%| O|  |TAMS 0x00000000ed100000| PB 0x00000000ed1ffff0| Untracked 
| 722|0x00000000ed200000, 0x00000000ed2ffff0, 0x00000000ed300000| 99%| O|  |TAMS 0x00000000ed200000| PB 0x00000000ed2ffff0| Untracked 
| 723|0x00000000ed300000, 0x00000000ed400000, 0x00000000ed400000|100%| O|  |TAMS 0x00000000ed300000| PB 0x00000000ed400000| Untracked 
| 724|0x00000000ed400000, 0x00000000ed4ffff0, 0x00000000ed500000| 99%| O|  |TAMS 0x00000000ed400000| PB 0x00000000ed4ffff0| Untracked 
| 725|0x00000000ed500000, 0x00000000ed5fffc0, 0x00000000ed600000| 99%| O|  |TAMS 0x00000000ed500000| PB 0x00000000ed5fffc0| Untracked 
| 726|0x00000000ed600000, 0x00000000ed6ffff8, 0x00000000ed700000| 99%| O|  |TAMS 0x00000000ed600000| PB 0x00000000ed6ffff8| Untracked 
| 727|0x00000000ed700000, 0x00000000ed800000, 0x00000000ed800000|100%| O|  |TAMS 0x00000000ed700000| PB 0x00000000ed800000| Untracked 
| 728|0x00000000ed800000, 0x00000000ed8fff98, 0x00000000ed900000| 99%| O|  |TAMS 0x00000000ed800000| PB 0x00000000ed8fff98| Untracked 
| 729|0x00000000ed900000, 0x00000000eda00000, 0x00000000eda00000|100%| O|  |TAMS 0x00000000ed900000| PB 0x00000000eda00000| Untracked 
| 730|0x00000000eda00000, 0x00000000edaffff8, 0x00000000edb00000| 99%| O|  |TAMS 0x00000000eda00000| PB 0x00000000edaffff8| Untracked 
| 731|0x00000000edb00000, 0x00000000edbfff68, 0x00000000edc00000| 99%| O|  |TAMS 0x00000000edb00000| PB 0x00000000edbfff68| Untracked 
| 732|0x00000000edc00000, 0x00000000edcffff8, 0x00000000edd00000| 99%| O|  |TAMS 0x00000000edc00000| PB 0x00000000edcffff8| Untracked 
| 733|0x00000000edd00000, 0x00000000ede00000, 0x00000000ede00000|100%| O|  |TAMS 0x00000000edd00000| PB 0x00000000ede00000| Untracked 
| 734|0x00000000ede00000, 0x00000000edefff60, 0x00000000edf00000| 99%| O|  |TAMS 0x00000000ede00000| PB 0x00000000edefff60| Untracked 
| 735|0x00000000edf00000, 0x00000000ee000000, 0x00000000ee000000|100%| O|  |TAMS 0x00000000edf00000| PB 0x00000000ee000000| Untracked 
| 736|0x00000000ee000000, 0x00000000ee0ffff0, 0x00000000ee100000| 99%| O|  |TAMS 0x00000000ee000000| PB 0x00000000ee0ffff0| Untracked 
| 737|0x00000000ee100000, 0x00000000ee1ffff8, 0x00000000ee200000| 99%| O|  |TAMS 0x00000000ee100000| PB 0x00000000ee1ffff8| Untracked 
| 738|0x00000000ee200000, 0x00000000ee300000, 0x00000000ee300000|100%| O|  |TAMS 0x00000000ee200000| PB 0x00000000ee300000| Untracked 
| 739|0x00000000ee300000, 0x00000000ee3fffc8, 0x00000000ee400000| 99%| O|  |TAMS 0x00000000ee300000| PB 0x00000000ee3fffc8| Untracked 
| 740|0x00000000ee400000, 0x00000000ee4ffff0, 0x00000000ee500000| 99%| O|  |TAMS 0x00000000ee400000| PB 0x00000000ee4ffff0| Untracked 
| 741|0x00000000ee500000, 0x00000000ee5ffff0, 0x00000000ee600000| 99%| O|  |TAMS 0x00000000ee500000| PB 0x00000000ee5ffff0| Untracked 
| 742|0x00000000ee600000, 0x00000000ee6fff70, 0x00000000ee700000| 99%| O|  |TAMS 0x00000000ee600000| PB 0x00000000ee6fff70| Untracked 
| 743|0x00000000ee700000, 0x00000000ee800000, 0x00000000ee800000|100%| O|  |TAMS 0x00000000ee700000| PB 0x00000000ee800000| Untracked 
| 744|0x00000000ee800000, 0x00000000ee8ffff8, 0x00000000ee900000| 99%| O|  |TAMS 0x00000000ee800000| PB 0x00000000ee8ffff8| Untracked 
| 745|0x00000000ee900000, 0x00000000ee9fffe8, 0x00000000eea00000| 99%| O|  |TAMS 0x00000000ee900000| PB 0x00000000ee9fffe8| Untracked 
| 746|0x00000000eea00000, 0x00000000eeafffb0, 0x00000000eeb00000| 99%| O|  |TAMS 0x00000000eea00000| PB 0x00000000eeafffb0| Untracked 
| 747|0x00000000eeb00000, 0x00000000eec00000, 0x00000000eec00000|100%| O|  |TAMS 0x00000000eeb00000| PB 0x00000000eec00000| Untracked 
| 748|0x00000000eec00000, 0x00000000eecffff0, 0x00000000eed00000| 99%| O|  |TAMS 0x00000000eec00000| PB 0x00000000eecffff0| Untracked 
| 749|0x00000000eed00000, 0x00000000eee00000, 0x00000000eee00000|100%| O|  |TAMS 0x00000000eed00000| PB 0x00000000eee00000| Untracked 
| 750|0x00000000eee00000, 0x00000000eeefff80, 0x00000000eef00000| 99%| O|  |TAMS 0x00000000eee00000| PB 0x00000000eeefff80| Untracked 
| 751|0x00000000eef00000, 0x00000000eeffff60, 0x00000000ef000000| 99%| O|  |TAMS 0x00000000eef00000| PB 0x00000000eeffff60| Untracked 
| 752|0x00000000ef000000, 0x00000000ef0fffe0, 0x00000000ef100000| 99%| O|  |TAMS 0x00000000ef000000| PB 0x00000000ef0fffe0| Untracked 
| 753|0x00000000ef100000, 0x00000000ef1fffa0, 0x00000000ef200000| 99%| O|  |TAMS 0x00000000ef100000| PB 0x00000000ef1fffa0| Untracked 
| 754|0x00000000ef200000, 0x00000000ef2fffd8, 0x00000000ef300000| 99%| O|  |TAMS 0x00000000ef200000| PB 0x00000000ef2fffd8| Untracked 
| 755|0x00000000ef300000, 0x00000000ef400000, 0x00000000ef400000|100%| O|  |TAMS 0x00000000ef300000| PB 0x00000000ef400000| Untracked 
| 756|0x00000000ef400000, 0x00000000ef4ffff0, 0x00000000ef500000| 99%| O|  |TAMS 0x00000000ef400000| PB 0x00000000ef4ffff0| Untracked 
| 757|0x00000000ef500000, 0x00000000ef5ffff8, 0x00000000ef600000| 99%| O|  |TAMS 0x00000000ef500000| PB 0x00000000ef5ffff8| Untracked 
| 758|0x00000000ef600000, 0x00000000ef6ffff0, 0x00000000ef700000| 99%| O|  |TAMS 0x00000000ef600000| PB 0x00000000ef6ffff0| Untracked 
| 759|0x00000000ef700000, 0x00000000ef800000, 0x00000000ef800000|100%| O|  |TAMS 0x00000000ef700000| PB 0x00000000ef800000| Untracked 
| 760|0x00000000ef800000, 0x00000000ef8ffff8, 0x00000000ef900000| 99%| O|  |TAMS 0x00000000ef800000| PB 0x00000000ef8ffff8| Untracked 
| 761|0x00000000ef900000, 0x00000000ef9ffff0, 0x00000000efa00000| 99%| O|  |TAMS 0x00000000ef900000| PB 0x00000000ef9ffff0| Untracked 
| 762|0x00000000efa00000, 0x00000000efaffff0, 0x00000000efb00000| 99%| O|  |TAMS 0x00000000efa00000| PB 0x00000000efaffff0| Untracked 
| 763|0x00000000efb00000, 0x00000000efbfffa8, 0x00000000efc00000| 99%| O|  |TAMS 0x00000000efb00000| PB 0x00000000efbfffa8| Untracked 
| 764|0x00000000efc00000, 0x00000000efcfff98, 0x00000000efd00000| 99%| O|  |TAMS 0x00000000efc00000| PB 0x00000000efcfff98| Untracked 
| 765|0x00000000efd00000, 0x00000000efdfffb0, 0x00000000efe00000| 99%| O|  |TAMS 0x00000000efd00000| PB 0x00000000efdfffb0| Untracked 
| 766|0x00000000efe00000, 0x00000000eff00000, 0x00000000eff00000|100%| O|  |TAMS 0x00000000efe00000| PB 0x00000000eff00000| Untracked 
| 767|0x00000000eff00000, 0x00000000effffff0, 0x00000000f0000000| 99%| O|  |TAMS 0x00000000eff00000| PB 0x00000000effffff0| Untracked 
| 768|0x00000000f0000000, 0x00000000f00fff58, 0x00000000f0100000| 99%| O|  |TAMS 0x00000000f0000000| PB 0x00000000f00fff58| Untracked 
| 769|0x00000000f0100000, 0x00000000f01ffff0, 0x00000000f0200000| 99%| O|  |TAMS 0x00000000f0100000| PB 0x00000000f01ffff0| Untracked 
| 770|0x00000000f0200000, 0x00000000f02fff90, 0x00000000f0300000| 99%| O|  |TAMS 0x00000000f0200000| PB 0x00000000f02fff90| Untracked 
| 771|0x00000000f0300000, 0x00000000f03fffe8, 0x00000000f0400000| 99%| O|  |TAMS 0x00000000f0300000| PB 0x00000000f03fffe8| Untracked 
| 772|0x00000000f0400000, 0x00000000f04fffa0, 0x00000000f0500000| 99%| O|  |TAMS 0x00000000f0400000| PB 0x00000000f04fffa0| Untracked 
| 773|0x00000000f0500000, 0x00000000f05fffa0, 0x00000000f0600000| 99%| O|  |TAMS 0x00000000f0500000| PB 0x00000000f05fffa0| Untracked 
| 774|0x00000000f0600000, 0x00000000f06ffff8, 0x00000000f0700000| 99%| O|  |TAMS 0x00000000f0600000| PB 0x00000000f06ffff8| Untracked 
| 775|0x00000000f0700000, 0x00000000f07ffff8, 0x00000000f0800000| 99%| O|  |TAMS 0x00000000f0700000| PB 0x00000000f07ffff8| Untracked 
| 776|0x00000000f0800000, 0x00000000f08ffff0, 0x00000000f0900000| 99%| O|  |TAMS 0x00000000f0800000| PB 0x00000000f08ffff0| Untracked 
| 777|0x00000000f0900000, 0x00000000f09ffff8, 0x00000000f0a00000| 99%| O|  |TAMS 0x00000000f0900000| PB 0x00000000f09ffff8| Untracked 
| 778|0x00000000f0a00000, 0x00000000f0afff48, 0x00000000f0b00000| 99%| O|  |TAMS 0x00000000f0a00000| PB 0x00000000f0afff48| Untracked 
| 779|0x00000000f0b00000, 0x00000000f0bfffc0, 0x00000000f0c00000| 99%| O|  |TAMS 0x00000000f0b00000| PB 0x00000000f0bfffc0| Untracked 
| 780|0x00000000f0c00000, 0x00000000f0d00000, 0x00000000f0d00000|100%| O|  |TAMS 0x00000000f0c00000| PB 0x00000000f0d00000| Untracked 
| 781|0x00000000f0d00000, 0x00000000f0dffff0, 0x00000000f0e00000| 99%| O|  |TAMS 0x00000000f0d00000| PB 0x00000000f0dffff0| Untracked 
| 782|0x00000000f0e00000, 0x00000000f0effff8, 0x00000000f0f00000| 99%| O|  |TAMS 0x00000000f0e00000| PB 0x00000000f0effff8| Untracked 
| 783|0x00000000f0f00000, 0x00000000f0fffff8, 0x00000000f1000000| 99%| O|  |TAMS 0x00000000f0f00000| PB 0x00000000f0fffff8| Untracked 
| 784|0x00000000f1000000, 0x00000000f1100000, 0x00000000f1100000|100%| O|  |TAMS 0x00000000f1000000| PB 0x00000000f1100000| Untracked 
| 785|0x00000000f1100000, 0x00000000f11ffff8, 0x00000000f1200000| 99%| O|  |TAMS 0x00000000f1100000| PB 0x00000000f11ffff8| Untracked 
| 786|0x00000000f1200000, 0x00000000f12ffff8, 0x00000000f1300000| 99%| O|  |TAMS 0x00000000f1200000| PB 0x00000000f12ffff8| Untracked 
| 787|0x00000000f1300000, 0x00000000f13fffe8, 0x00000000f1400000| 99%| O|  |TAMS 0x00000000f1300000| PB 0x00000000f13fffe8| Untracked 
| 788|0x00000000f1400000, 0x00000000f14fffa8, 0x00000000f1500000| 99%| O|  |TAMS 0x00000000f1400000| PB 0x00000000f14fffa8| Untracked 
| 789|0x00000000f1500000, 0x00000000f15fffd0, 0x00000000f1600000| 99%| O|  |TAMS 0x00000000f1500000| PB 0x00000000f15fffd0| Untracked 
| 790|0x00000000f1600000, 0x00000000f16ffff8, 0x00000000f1700000| 99%| O|  |TAMS 0x00000000f1600000| PB 0x00000000f16ffff8| Untracked 
| 791|0x00000000f1700000, 0x00000000f1800000, 0x00000000f1800000|100%| O|  |TAMS 0x00000000f1700000| PB 0x00000000f1800000| Untracked 
| 792|0x00000000f1800000, 0x00000000f1900000, 0x00000000f1900000|100%| O|  |TAMS 0x00000000f1800000| PB 0x00000000f1900000| Untracked 
| 793|0x00000000f1900000, 0x00000000f1a00000, 0x00000000f1a00000|100%| O|  |TAMS 0x00000000f1900000| PB 0x00000000f1a00000| Untracked 
| 794|0x00000000f1a00000, 0x00000000f1afff70, 0x00000000f1b00000| 99%| O|  |TAMS 0x00000000f1a00000| PB 0x00000000f1afff70| Untracked 
| 795|0x00000000f1b00000, 0x00000000f1bffff0, 0x00000000f1c00000| 99%| O|  |TAMS 0x00000000f1b00000| PB 0x00000000f1bffff0| Untracked 
| 796|0x00000000f1c00000, 0x00000000f1cffff0, 0x00000000f1d00000| 99%| O|  |TAMS 0x00000000f1c00000| PB 0x00000000f1cffff0| Untracked 
| 797|0x00000000f1d00000, 0x00000000f1e00000, 0x00000000f1e00000|100%| O|  |TAMS 0x00000000f1d00000| PB 0x00000000f1e00000| Untracked 
| 798|0x00000000f1e00000, 0x00000000f1f00000, 0x00000000f1f00000|100%| O|  |TAMS 0x00000000f1e00000| PB 0x00000000f1f00000| Untracked 
| 799|0x00000000f1f00000, 0x00000000f1ffff90, 0x00000000f2000000| 99%| O|  |TAMS 0x00000000f1f00000| PB 0x00000000f1ffff90| Untracked 
| 800|0x00000000f2000000, 0x00000000f20fffa8, 0x00000000f2100000| 99%| O|  |TAMS 0x00000000f2000000| PB 0x00000000f20fffa8| Untracked 
| 801|0x00000000f2100000, 0x00000000f21ffff0, 0x00000000f2200000| 99%| O|  |TAMS 0x00000000f2100000| PB 0x00000000f21ffff0| Untracked 
| 802|0x00000000f2200000, 0x00000000f22ffff8, 0x00000000f2300000| 99%| O|  |TAMS 0x00000000f2200000| PB 0x00000000f22ffff8| Untracked 
| 803|0x00000000f2300000, 0x00000000f2400000, 0x00000000f2400000|100%| O|  |TAMS 0x00000000f2300000| PB 0x00000000f2400000| Untracked 
| 804|0x00000000f2400000, 0x00000000f24fffe0, 0x00000000f2500000| 99%| O|  |TAMS 0x00000000f2400000| PB 0x00000000f24fffe0| Untracked 
| 805|0x00000000f2500000, 0x00000000f25fffb8, 0x00000000f2600000| 99%| O|  |TAMS 0x00000000f2500000| PB 0x00000000f25fffb8| Untracked 
| 806|0x00000000f2600000, 0x00000000f26fffd8, 0x00000000f2700000| 99%| O|  |TAMS 0x00000000f2600000| PB 0x00000000f26fffd8| Untracked 
| 807|0x00000000f2700000, 0x00000000f2800000, 0x00000000f2800000|100%| O|  |TAMS 0x00000000f2700000| PB 0x00000000f2800000| Untracked 
| 808|0x00000000f2800000, 0x00000000f2900000, 0x00000000f2900000|100%| O|  |TAMS 0x00000000f2800000| PB 0x00000000f2900000| Untracked 
| 809|0x00000000f2900000, 0x00000000f29fffe8, 0x00000000f2a00000| 99%| O|  |TAMS 0x00000000f2900000| PB 0x00000000f29fffe8| Untracked 
| 810|0x00000000f2a00000, 0x00000000f2affff0, 0x00000000f2b00000| 99%| O|  |TAMS 0x00000000f2a00000| PB 0x00000000f2affff0| Untracked 
| 811|0x00000000f2b00000, 0x00000000f2bffff0, 0x00000000f2c00000| 99%| O|  |TAMS 0x00000000f2b00000| PB 0x00000000f2bffff0| Untracked 
| 812|0x00000000f2c00000, 0x00000000f2cffff8, 0x00000000f2d00000| 99%| O|  |TAMS 0x00000000f2c00000| PB 0x00000000f2cffff8| Untracked 
| 813|0x00000000f2d00000, 0x00000000f2dfff50, 0x00000000f2e00000| 99%| O|  |TAMS 0x00000000f2d00000| PB 0x00000000f2dfff50| Untracked 
| 814|0x00000000f2e00000, 0x00000000f2efff58, 0x00000000f2f00000| 99%| O|  |TAMS 0x00000000f2e00000| PB 0x00000000f2efff58| Untracked 
| 815|0x00000000f2f00000, 0x00000000f2ffffe8, 0x00000000f3000000| 99%| O|  |TAMS 0x00000000f2f00000| PB 0x00000000f2ffffe8| Untracked 
| 816|0x00000000f3000000, 0x00000000f30fff70, 0x00000000f3100000| 99%| O|  |TAMS 0x00000000f3000000| PB 0x00000000f30fff70| Untracked 
| 817|0x00000000f3100000, 0x00000000f31fffd8, 0x00000000f3200000| 99%| O|  |TAMS 0x00000000f3100000| PB 0x00000000f31fffd8| Untracked 
| 818|0x00000000f3200000, 0x00000000f3300000, 0x00000000f3300000|100%| O|  |TAMS 0x00000000f3200000| PB 0x00000000f3300000| Untracked 
| 819|0x00000000f3300000, 0x00000000f33fffc0, 0x00000000f3400000| 99%| O|  |TAMS 0x00000000f3300000| PB 0x00000000f33fffc0| Untracked 
| 820|0x00000000f3400000, 0x00000000f34fffd0, 0x00000000f3500000| 99%| O|  |TAMS 0x00000000f3400000| PB 0x00000000f34fffd0| Untracked 
| 821|0x00000000f3500000, 0x00000000f35fff60, 0x00000000f3600000| 99%| O|  |TAMS 0x00000000f3500000| PB 0x00000000f35fff60| Untracked 
| 822|0x00000000f3600000, 0x00000000f36fff28, 0x00000000f3700000| 99%| O|  |TAMS 0x00000000f3600000| PB 0x00000000f36fff28| Untracked 
| 823|0x00000000f3700000, 0x00000000f37fffa0, 0x00000000f3800000| 99%| O|  |TAMS 0x00000000f3700000| PB 0x00000000f37fffa0| Untracked 
| 824|0x00000000f3800000, 0x00000000f38ffff0, 0x00000000f3900000| 99%| O|  |TAMS 0x00000000f3800000| PB 0x00000000f38ffff0| Untracked 
| 825|0x00000000f3900000, 0x00000000f39fffe0, 0x00000000f3a00000| 99%| O|  |TAMS 0x00000000f3900000| PB 0x00000000f39fffe0| Untracked 
| 826|0x00000000f3a00000, 0x00000000f3b00000, 0x00000000f3b00000|100%| O|  |TAMS 0x00000000f3a00000| PB 0x00000000f3b00000| Untracked 
| 827|0x00000000f3b00000, 0x00000000f3bfffa8, 0x00000000f3c00000| 99%| O|  |TAMS 0x00000000f3b00000| PB 0x00000000f3bfffa8| Untracked 
| 828|0x00000000f3c00000, 0x00000000f3cffff8, 0x00000000f3d00000| 99%| O|  |TAMS 0x00000000f3c00000| PB 0x00000000f3cffff8| Untracked 
| 829|0x00000000f3d00000, 0x00000000f3dfffd8, 0x00000000f3e00000| 99%| O|  |TAMS 0x00000000f3d00000| PB 0x00000000f3dfffd8| Untracked 
| 830|0x00000000f3e00000, 0x00000000f3efffc8, 0x00000000f3f00000| 99%| O|  |TAMS 0x00000000f3e00000| PB 0x00000000f3efffc8| Untracked 
| 831|0x00000000f3f00000, 0x00000000f3ffffe0, 0x00000000f4000000| 99%| O|  |TAMS 0x00000000f3f00000| PB 0x00000000f3ffffe0| Untracked 
| 832|0x00000000f4000000, 0x00000000f4100000, 0x00000000f4100000|100%| O|  |TAMS 0x00000000f4000000| PB 0x00000000f4100000| Untracked 
| 833|0x00000000f4100000, 0x00000000f41ffff8, 0x00000000f4200000| 99%| O|  |TAMS 0x00000000f4100000| PB 0x00000000f41ffff8| Untracked 
| 834|0x00000000f4200000, 0x00000000f4300000, 0x00000000f4300000|100%| O|  |TAMS 0x00000000f4200000| PB 0x00000000f4300000| Untracked 
| 835|0x00000000f4300000, 0x00000000f43fffc0, 0x00000000f4400000| 99%| O|  |TAMS 0x00000000f4300000| PB 0x00000000f43fffc0| Untracked 
| 836|0x00000000f4400000, 0x00000000f44fffa0, 0x00000000f4500000| 99%| O|  |TAMS 0x00000000f4400000| PB 0x00000000f44fffa0| Untracked 
| 837|0x00000000f4500000, 0x00000000f45ffff8, 0x00000000f4600000| 99%| O|  |TAMS 0x00000000f4500000| PB 0x00000000f45ffff8| Untracked 
| 838|0x00000000f4600000, 0x00000000f4700000, 0x00000000f4700000|100%| O|  |TAMS 0x00000000f4600000| PB 0x00000000f4700000| Untracked 
| 839|0x00000000f4700000, 0x00000000f4800000, 0x00000000f4800000|100%| O|  |TAMS 0x00000000f4700000| PB 0x00000000f4800000| Untracked 
| 840|0x00000000f4800000, 0x00000000f48ffff0, 0x00000000f4900000| 99%| O|  |TAMS 0x00000000f4800000| PB 0x00000000f48ffff0| Untracked 
| 841|0x00000000f4900000, 0x00000000f49fffe0, 0x00000000f4a00000| 99%| O|  |TAMS 0x00000000f4900000| PB 0x00000000f49fffe0| Untracked 
| 842|0x00000000f4a00000, 0x00000000f4afffc8, 0x00000000f4b00000| 99%| O|  |TAMS 0x00000000f4a00000| PB 0x00000000f4afffc8| Untracked 
| 843|0x00000000f4b00000, 0x00000000f4bffff8, 0x00000000f4c00000| 99%| O|  |TAMS 0x00000000f4b00000| PB 0x00000000f4bffff8| Untracked 
| 844|0x00000000f4c00000, 0x00000000f4d00000, 0x00000000f4d00000|100%| O|  |TAMS 0x00000000f4c00000| PB 0x00000000f4d00000| Untracked 
| 845|0x00000000f4d00000, 0x00000000f4dfff38, 0x00000000f4e00000| 99%| O|  |TAMS 0x00000000f4d00000| PB 0x00000000f4dfff38| Untracked 
| 846|0x00000000f4e00000, 0x00000000f4effff8, 0x00000000f4f00000| 99%| O|  |TAMS 0x00000000f4e00000| PB 0x00000000f4effff8| Untracked 
| 847|0x00000000f4f00000, 0x00000000f4fffff8, 0x00000000f5000000| 99%| O|  |TAMS 0x00000000f4f00000| PB 0x00000000f4fffff8| Untracked 
| 848|0x00000000f5000000, 0x00000000f5100000, 0x00000000f5100000|100%| O|  |TAMS 0x00000000f5000000| PB 0x00000000f5100000| Untracked 
| 849|0x00000000f5100000, 0x00000000f51fff88, 0x00000000f5200000| 99%| O|  |TAMS 0x00000000f5100000| PB 0x00000000f51fff88| Untracked 
| 850|0x00000000f5200000, 0x00000000f5300000, 0x00000000f5300000|100%| O|  |TAMS 0x00000000f5200000| PB 0x00000000f5300000| Untracked 
| 851|0x00000000f5300000, 0x00000000f53fff40, 0x00000000f5400000| 99%| O|  |TAMS 0x00000000f5300000| PB 0x00000000f53fff40| Untracked 
| 852|0x00000000f5400000, 0x00000000f54fff60, 0x00000000f5500000| 99%| O|  |TAMS 0x00000000f5400000| PB 0x00000000f54fff60| Untracked 
| 853|0x00000000f5500000, 0x00000000f55ffff0, 0x00000000f5600000| 99%| O|  |TAMS 0x00000000f5500000| PB 0x00000000f55ffff0| Untracked 
| 854|0x00000000f5600000, 0x00000000f56fffe0, 0x00000000f5700000| 99%| O|  |TAMS 0x00000000f5600000| PB 0x00000000f56fffe0| Untracked 
| 855|0x00000000f5700000, 0x00000000f57fff68, 0x00000000f5800000| 99%| O|  |TAMS 0x00000000f5700000| PB 0x00000000f57fff68| Untracked 
| 856|0x00000000f5800000, 0x00000000f58fff90, 0x00000000f5900000| 99%| O|  |TAMS 0x00000000f5800000| PB 0x00000000f58fff90| Untracked 
| 857|0x00000000f5900000, 0x00000000f5a00000, 0x00000000f5a00000|100%| O|  |TAMS 0x00000000f5900000| PB 0x00000000f5a00000| Untracked 
| 858|0x00000000f5a00000, 0x00000000f5afffd8, 0x00000000f5b00000| 99%| O|  |TAMS 0x00000000f5a00000| PB 0x00000000f5afffd8| Untracked 
| 859|0x00000000f5b00000, 0x00000000f5bffff8, 0x00000000f5c00000| 99%| O|  |TAMS 0x00000000f5b00000| PB 0x00000000f5bffff8| Untracked 
| 860|0x00000000f5c00000, 0x00000000f5cffff0, 0x00000000f5d00000| 99%| O|  |TAMS 0x00000000f5c00000| PB 0x00000000f5cffff0| Untracked 
| 861|0x00000000f5d00000, 0x00000000f5dfffa0, 0x00000000f5e00000| 99%| O|  |TAMS 0x00000000f5d00000| PB 0x00000000f5dfffa0| Untracked 
| 862|0x00000000f5e00000, 0x00000000f5effff0, 0x00000000f5f00000| 99%| O|  |TAMS 0x00000000f5e00000| PB 0x00000000f5effff0| Untracked 
| 863|0x00000000f5f00000, 0x00000000f5fffff8, 0x00000000f6000000| 99%| O|  |TAMS 0x00000000f5f00000| PB 0x00000000f5fffff8| Untracked 
| 864|0x00000000f6000000, 0x00000000f60fffa8, 0x00000000f6100000| 99%| O|  |TAMS 0x00000000f6000000| PB 0x00000000f60fffa8| Untracked 
| 865|0x00000000f6100000, 0x00000000f6200000, 0x00000000f6200000|100%| O|  |TAMS 0x00000000f6100000| PB 0x00000000f6200000| Untracked 
| 866|0x00000000f6200000, 0x00000000f6300000, 0x00000000f6300000|100%| O|  |TAMS 0x00000000f6200000| PB 0x00000000f6300000| Untracked 
| 867|0x00000000f6300000, 0x00000000f63ffff0, 0x00000000f6400000| 99%| O|  |TAMS 0x00000000f6300000| PB 0x00000000f63ffff0| Untracked 
| 868|0x00000000f6400000, 0x00000000f64ffff0, 0x00000000f6500000| 99%| O|  |TAMS 0x00000000f6400000| PB 0x00000000f64ffff0| Untracked 
| 869|0x00000000f6500000, 0x00000000f65ffff0, 0x00000000f6600000| 99%| O|  |TAMS 0x00000000f6500000| PB 0x00000000f65ffff0| Untracked 
| 870|0x00000000f6600000, 0x00000000f6700000, 0x00000000f6700000|100%| O|  |TAMS 0x00000000f6600000| PB 0x00000000f6700000| Untracked 
| 871|0x00000000f6700000, 0x00000000f67ffff0, 0x00000000f6800000| 99%| O|  |TAMS 0x00000000f6700000| PB 0x00000000f67ffff0| Untracked 
| 872|0x00000000f6800000, 0x00000000f68fffe8, 0x00000000f6900000| 99%| O|  |TAMS 0x00000000f6800000| PB 0x00000000f68fffe8| Untracked 
| 873|0x00000000f6900000, 0x00000000f69ffff8, 0x00000000f6a00000| 99%| O|  |TAMS 0x00000000f6900000| PB 0x00000000f69ffff8| Untracked 
| 874|0x00000000f6a00000, 0x00000000f6affff8, 0x00000000f6b00000| 99%| O|  |TAMS 0x00000000f6a00000| PB 0x00000000f6affff8| Untracked 
| 875|0x00000000f6b00000, 0x00000000f6bfffd8, 0x00000000f6c00000| 99%| O|  |TAMS 0x00000000f6b00000| PB 0x00000000f6bfffd8| Untracked 
| 876|0x00000000f6c00000, 0x00000000f6cffff0, 0x00000000f6d00000| 99%| O|  |TAMS 0x00000000f6c00000| PB 0x00000000f6cffff0| Untracked 
| 877|0x00000000f6d00000, 0x00000000f6dffff0, 0x00000000f6e00000| 99%| O|  |TAMS 0x00000000f6d00000| PB 0x00000000f6dffff0| Untracked 
| 878|0x00000000f6e00000, 0x00000000f6efffe8, 0x00000000f6f00000| 99%| O|  |TAMS 0x00000000f6e00000| PB 0x00000000f6efffe8| Untracked 
| 879|0x00000000f6f00000, 0x00000000f6ffff88, 0x00000000f7000000| 99%| O|  |TAMS 0x00000000f6f00000| PB 0x00000000f6ffff88| Untracked 
| 880|0x00000000f7000000, 0x00000000f7100000, 0x00000000f7100000|100%| O|  |TAMS 0x00000000f7000000| PB 0x00000000f7100000| Untracked 
| 881|0x00000000f7100000, 0x00000000f71ffff0, 0x00000000f7200000| 99%| O|  |TAMS 0x00000000f7100000| PB 0x00000000f71ffff0| Untracked 
| 882|0x00000000f7200000, 0x00000000f72fff28, 0x00000000f7300000| 99%| O|  |TAMS 0x00000000f7200000| PB 0x00000000f72fff28| Untracked 
| 883|0x00000000f7300000, 0x00000000f73fffd0, 0x00000000f7400000| 99%| O|  |TAMS 0x00000000f7300000| PB 0x00000000f73fffd0| Untracked 
| 884|0x00000000f7400000, 0x00000000f74fff58, 0x00000000f7500000| 99%| O|  |TAMS 0x00000000f7400000| PB 0x00000000f74fff58| Untracked 
| 885|0x00000000f7500000, 0x00000000f75fffe0, 0x00000000f7600000| 99%| O|  |TAMS 0x00000000f7500000| PB 0x00000000f75fffe0| Untracked 
| 886|0x00000000f7600000, 0x00000000f76ffff8, 0x00000000f7700000| 99%| O|  |TAMS 0x00000000f7600000| PB 0x00000000f76ffff8| Untracked 
| 887|0x00000000f7700000, 0x00000000f77fff90, 0x00000000f7800000| 99%| O|  |TAMS 0x00000000f7700000| PB 0x00000000f77fff90| Untracked 
| 888|0x00000000f7800000, 0x00000000f78ffff0, 0x00000000f7900000| 99%| O|  |TAMS 0x00000000f7800000| PB 0x00000000f78ffff0| Untracked 
| 889|0x00000000f7900000, 0x00000000f79fffe8, 0x00000000f7a00000| 99%| O|  |TAMS 0x00000000f7900000| PB 0x00000000f79fffe8| Untracked 
| 890|0x00000000f7a00000, 0x00000000f7affff8, 0x00000000f7b00000| 99%| O|  |TAMS 0x00000000f7a00000| PB 0x00000000f7affff8| Untracked 
| 891|0x00000000f7b00000, 0x00000000f7bfffa0, 0x00000000f7c00000| 99%| O|  |TAMS 0x00000000f7b00000| PB 0x00000000f7bfffa0| Untracked 
| 892|0x00000000f7c00000, 0x00000000f7cfffc0, 0x00000000f7d00000| 99%| O|  |TAMS 0x00000000f7c00000| PB 0x00000000f7cfffc0| Untracked 
| 893|0x00000000f7d00000, 0x00000000f7dfff50, 0x00000000f7e00000| 99%| O|  |TAMS 0x00000000f7d00000| PB 0x00000000f7dfff50| Untracked 
| 894|0x00000000f7e00000, 0x00000000f7effff0, 0x00000000f7f00000| 99%| O|  |TAMS 0x00000000f7e00000| PB 0x00000000f7effff0| Untracked 
| 895|0x00000000f7f00000, 0x00000000f7ffff90, 0x00000000f8000000| 99%| O|  |TAMS 0x00000000f7f00000| PB 0x00000000f7ffff90| Untracked 
| 896|0x00000000f8000000, 0x00000000f80ffff8, 0x00000000f8100000| 99%| O|  |TAMS 0x00000000f8000000| PB 0x00000000f80ffff8| Untracked 
| 897|0x00000000f8100000, 0x00000000f81fffc8, 0x00000000f8200000| 99%| O|  |TAMS 0x00000000f8100000| PB 0x00000000f81fffc8| Untracked 
| 898|0x00000000f8200000, 0x00000000f82fff78, 0x00000000f8300000| 99%| O|  |TAMS 0x00000000f8200000| PB 0x00000000f82fff78| Untracked 
| 899|0x00000000f8300000, 0x00000000f83fffe8, 0x00000000f8400000| 99%| O|  |TAMS 0x00000000f8300000| PB 0x00000000f83fffe8| Untracked 
| 900|0x00000000f8400000, 0x00000000f84fff50, 0x00000000f8500000| 99%| O|  |TAMS 0x00000000f8400000| PB 0x00000000f84fff50| Untracked 
| 901|0x00000000f8500000, 0x00000000f85fffd0, 0x00000000f8600000| 99%| O|  |TAMS 0x00000000f8500000| PB 0x00000000f85fffd0| Untracked 
| 902|0x00000000f8600000, 0x00000000f86fffa8, 0x00000000f8700000| 99%| O|  |TAMS 0x00000000f8600000| PB 0x00000000f86fffa8| Untracked 
| 903|0x00000000f8700000, 0x00000000f87ffff0, 0x00000000f8800000| 99%| O|  |TAMS 0x00000000f8700000| PB 0x00000000f87ffff0| Untracked 
| 904|0x00000000f8800000, 0x00000000f88fffb0, 0x00000000f8900000| 99%| O|  |TAMS 0x00000000f8800000| PB 0x00000000f88fffb0| Untracked 
| 905|0x00000000f8900000, 0x00000000f89fff68, 0x00000000f8a00000| 99%| O|  |TAMS 0x00000000f8900000| PB 0x00000000f89fff68| Untracked 
| 906|0x00000000f8a00000, 0x00000000f8b00000, 0x00000000f8b00000|100%| O|  |TAMS 0x00000000f8a00000| PB 0x00000000f8b00000| Untracked 
| 907|0x00000000f8b00000, 0x00000000f8c00000, 0x00000000f8c00000|100%| O|  |TAMS 0x00000000f8b00000| PB 0x00000000f8c00000| Untracked 
| 908|0x00000000f8c00000, 0x00000000f8d00000, 0x00000000f8d00000|100%| O|  |TAMS 0x00000000f8c00000| PB 0x00000000f8d00000| Untracked 
| 909|0x00000000f8d00000, 0x00000000f8e00000, 0x00000000f8e00000|100%| O|  |TAMS 0x00000000f8d00000| PB 0x00000000f8e00000| Untracked 
| 910|0x00000000f8e00000, 0x00000000f8effff8, 0x00000000f8f00000| 99%| O|  |TAMS 0x00000000f8e00000| PB 0x00000000f8effff8| Untracked 
| 911|0x00000000f8f00000, 0x00000000f8fffff8, 0x00000000f9000000| 99%| O|  |TAMS 0x00000000f8f00000| PB 0x00000000f8fffff8| Untracked 
| 912|0x00000000f9000000, 0x00000000f90fffe0, 0x00000000f9100000| 99%| O|  |TAMS 0x00000000f9000000| PB 0x00000000f90fffe0| Untracked 
| 913|0x00000000f9100000, 0x00000000f91fff78, 0x00000000f9200000| 99%| O|  |TAMS 0x00000000f9100000| PB 0x00000000f91fff78| Untracked 
| 914|0x00000000f9200000, 0x00000000f92ffff0, 0x00000000f9300000| 99%| O|  |TAMS 0x00000000f9200000| PB 0x00000000f92ffff0| Untracked 
| 915|0x00000000f9300000, 0x00000000f93ffff8, 0x00000000f9400000| 99%| O|  |TAMS 0x00000000f9300000| PB 0x00000000f93ffff8| Untracked 
| 916|0x00000000f9400000, 0x00000000f94fffc0, 0x00000000f9500000| 99%| O|  |TAMS 0x00000000f9400000| PB 0x00000000f94fffc0| Untracked 
| 917|0x00000000f9500000, 0x00000000f95fffe0, 0x00000000f9600000| 99%| O|  |TAMS 0x00000000f9500000| PB 0x00000000f95fffe0| Untracked 
| 918|0x00000000f9600000, 0x00000000f96ffff8, 0x00000000f9700000| 99%| O|  |TAMS 0x00000000f9600000| PB 0x00000000f96ffff8| Untracked 
| 919|0x00000000f9700000, 0x00000000f97ffff8, 0x00000000f9800000| 99%| O|  |TAMS 0x00000000f9700000| PB 0x00000000f97ffff8| Untracked 
| 920|0x00000000f9800000, 0x00000000f9900000, 0x00000000f9900000|100%| O|  |TAMS 0x00000000f9800000| PB 0x00000000f9900000| Untracked 
| 921|0x00000000f9900000, 0x00000000f99ffff0, 0x00000000f9a00000| 99%| O|  |TAMS 0x00000000f9900000| PB 0x00000000f99ffff0| Untracked 
| 922|0x00000000f9a00000, 0x00000000f9affff8, 0x00000000f9b00000| 99%| O|  |TAMS 0x00000000f9a00000| PB 0x00000000f9affff8| Untracked 
| 923|0x00000000f9b00000, 0x00000000f9bffff0, 0x00000000f9c00000| 99%| O|  |TAMS 0x00000000f9b00000| PB 0x00000000f9bffff0| Untracked 
| 924|0x00000000f9c00000, 0x00000000f9cffff8, 0x00000000f9d00000| 99%| O|  |TAMS 0x00000000f9c00000| PB 0x00000000f9cffff8| Untracked 
| 925|0x00000000f9d00000, 0x00000000f9e00000, 0x00000000f9e00000|100%| O|  |TAMS 0x00000000f9d00000| PB 0x00000000f9e00000| Untracked 
| 926|0x00000000f9e00000, 0x00000000f9efff88, 0x00000000f9f00000| 99%| O|  |TAMS 0x00000000f9e00000| PB 0x00000000f9efff88| Untracked 
| 927|0x00000000f9f00000, 0x00000000fa000000, 0x00000000fa000000|100%| O|  |TAMS 0x00000000f9f00000| PB 0x00000000fa000000| Untracked 
| 928|0x00000000fa000000, 0x00000000fa100000, 0x00000000fa100000|100%| O|  |TAMS 0x00000000fa000000| PB 0x00000000fa100000| Untracked 
| 929|0x00000000fa100000, 0x00000000fa1fff58, 0x00000000fa200000| 99%| O|  |TAMS 0x00000000fa100000| PB 0x00000000fa1fff58| Untracked 
| 930|0x00000000fa200000, 0x00000000fa2ffff0, 0x00000000fa300000| 99%| O|  |TAMS 0x00000000fa200000| PB 0x00000000fa2ffff0| Untracked 
| 931|0x00000000fa300000, 0x00000000fa400000, 0x00000000fa400000|100%| O|  |TAMS 0x00000000fa300000| PB 0x00000000fa400000| Untracked 
| 932|0x00000000fa400000, 0x00000000fa4fb2f8, 0x00000000fa500000| 98%| O|  |TAMS 0x00000000fa400000| PB 0x00000000fa4fb2f8| Untracked 
| 933|0x00000000fa500000, 0x00000000fa5fffa8, 0x00000000fa600000| 99%| O|  |TAMS 0x00000000fa500000| PB 0x00000000fa5fffa8| Untracked 
| 934|0x00000000fa600000, 0x00000000fa700000, 0x00000000fa700000|100%| O|  |TAMS 0x00000000fa600000| PB 0x00000000fa700000| Untracked 
| 935|0x00000000fa700000, 0x00000000fa7fffc0, 0x00000000fa800000| 99%| O|  |TAMS 0x00000000fa700000| PB 0x00000000fa7fffc0| Untracked 
| 936|0x00000000fa800000, 0x00000000fa8fffe8, 0x00000000fa900000| 99%| O|  |TAMS 0x00000000fa800000| PB 0x00000000fa8fffe8| Untracked 
| 937|0x00000000fa900000, 0x00000000faa00000, 0x00000000faa00000|100%| O|  |TAMS 0x00000000fa900000| PB 0x00000000faa00000| Untracked 
| 938|0x00000000faa00000, 0x00000000faafffc8, 0x00000000fab00000| 99%| O|  |TAMS 0x00000000faa00000| PB 0x00000000faafffc8| Untracked 
| 939|0x00000000fab00000, 0x00000000fabfffd0, 0x00000000fac00000| 99%| O|  |TAMS 0x00000000fab00000| PB 0x00000000fabfffd0| Untracked 
| 940|0x00000000fac00000, 0x00000000facffff0, 0x00000000fad00000| 99%| O|  |TAMS 0x00000000fac00000| PB 0x00000000facffff0| Untracked 
| 941|0x00000000fad00000, 0x00000000fadffff0, 0x00000000fae00000| 99%| O|  |TAMS 0x00000000fad00000| PB 0x00000000fadffff0| Untracked 
| 942|0x00000000fae00000, 0x00000000faeffff0, 0x00000000faf00000| 99%| O|  |TAMS 0x00000000fae00000| PB 0x00000000faeffff0| Untracked 
| 943|0x00000000faf00000, 0x00000000fb000000, 0x00000000fb000000|100%| O|  |TAMS 0x00000000faf00000| PB 0x00000000fb000000| Untracked 
| 944|0x00000000fb000000, 0x00000000fb0ffff0, 0x00000000fb100000| 99%| O|  |TAMS 0x00000000fb000000| PB 0x00000000fb0ffff0| Untracked 
| 945|0x00000000fb100000, 0x00000000fb200000, 0x00000000fb200000|100%| O|  |TAMS 0x00000000fb100000| PB 0x00000000fb200000| Untracked 
| 946|0x00000000fb200000, 0x00000000fb2fffd8, 0x00000000fb300000| 99%| O|  |TAMS 0x00000000fb200000| PB 0x00000000fb2fffd8| Untracked 
| 947|0x00000000fb300000, 0x00000000fb400000, 0x00000000fb400000|100%| O|  |TAMS 0x00000000fb300000| PB 0x00000000fb400000| Untracked 
| 948|0x00000000fb400000, 0x00000000fb4fff68, 0x00000000fb500000| 99%| O|  |TAMS 0x00000000fb400000| PB 0x00000000fb4fff68| Untracked 
| 949|0x00000000fb500000, 0x00000000fb5ffff8, 0x00000000fb600000| 99%| O|  |TAMS 0x00000000fb500000| PB 0x00000000fb5ffff8| Untracked 
| 950|0x00000000fb600000, 0x00000000fb700000, 0x00000000fb700000|100%| O|  |TAMS 0x00000000fb600000| PB 0x00000000fb700000| Untracked 
| 951|0x00000000fb700000, 0x00000000fb7ffff8, 0x00000000fb800000| 99%| O|  |TAMS 0x00000000fb700000| PB 0x00000000fb7ffff8| Untracked 
| 952|0x00000000fb800000, 0x00000000fb8fff80, 0x00000000fb900000| 99%| O|  |TAMS 0x00000000fb800000| PB 0x00000000fb8fff80| Untracked 
| 953|0x00000000fb900000, 0x00000000fba00000, 0x00000000fba00000|100%| O|  |TAMS 0x00000000fb900000| PB 0x00000000fba00000| Untracked 
| 954|0x00000000fba00000, 0x00000000fbaffff0, 0x00000000fbb00000| 99%| O|  |TAMS 0x00000000fba00000| PB 0x00000000fbaffff0| Untracked 
| 955|0x00000000fbb00000, 0x00000000fbbffff8, 0x00000000fbc00000| 99%| O|  |TAMS 0x00000000fbb00000| PB 0x00000000fbbffff8| Untracked 
| 956|0x00000000fbc00000, 0x00000000fbcffff8, 0x00000000fbd00000| 99%| O|  |TAMS 0x00000000fbc00000| PB 0x00000000fbcffff8| Untracked 
| 957|0x00000000fbd00000, 0x00000000fbdfff80, 0x00000000fbe00000| 99%| O|  |TAMS 0x00000000fbd00000| PB 0x00000000fbdfff80| Untracked 
| 958|0x00000000fbe00000, 0x00000000fbeffff8, 0x00000000fbf00000| 99%| O|  |TAMS 0x00000000fbe00000| PB 0x00000000fbeffff8| Untracked 
| 959|0x00000000fbf00000, 0x00000000fbfffff0, 0x00000000fc000000| 99%| O|  |TAMS 0x00000000fbf00000| PB 0x00000000fbfffff0| Untracked 
| 960|0x00000000fc000000, 0x00000000fc0ffff8, 0x00000000fc100000| 99%| O|  |TAMS 0x00000000fc000000| PB 0x00000000fc0ffff8| Untracked 
| 961|0x00000000fc100000, 0x00000000fc1fff98, 0x00000000fc200000| 99%| O|  |TAMS 0x00000000fc100000| PB 0x00000000fc1fff98| Untracked 
| 962|0x00000000fc200000, 0x00000000fc300000, 0x00000000fc300000|100%| O|  |TAMS 0x00000000fc200000| PB 0x00000000fc300000| Untracked 
| 963|0x00000000fc300000, 0x00000000fc3fffe8, 0x00000000fc400000| 99%| O|  |TAMS 0x00000000fc300000| PB 0x00000000fc3fffe8| Untracked 
| 964|0x00000000fc400000, 0x00000000fc500000, 0x00000000fc500000|100%| O|  |TAMS 0x00000000fc400000| PB 0x00000000fc500000| Untracked 
| 965|0x00000000fc500000, 0x00000000fc5ffff8, 0x00000000fc600000| 99%| O|  |TAMS 0x00000000fc500000| PB 0x00000000fc5ffff8| Untracked 
| 966|0x00000000fc600000, 0x00000000fc700000, 0x00000000fc700000|100%| O|  |TAMS 0x00000000fc600000| PB 0x00000000fc700000| Untracked 
| 967|0x00000000fc700000, 0x00000000fc7ffff0, 0x00000000fc800000| 99%| O|  |TAMS 0x00000000fc700000| PB 0x00000000fc7ffff0| Untracked 
| 968|0x00000000fc800000, 0x00000000fc8ffff8, 0x00000000fc900000| 99%| O|  |TAMS 0x00000000fc800000| PB 0x00000000fc8ffff8| Untracked 
| 969|0x00000000fc900000, 0x00000000fca00000, 0x00000000fca00000|100%| O|  |TAMS 0x00000000fc900000| PB 0x00000000fca00000| Untracked 
| 970|0x00000000fca00000, 0x00000000fcb00000, 0x00000000fcb00000|100%| O|  |TAMS 0x00000000fca00000| PB 0x00000000fcb00000| Untracked 
| 971|0x00000000fcb00000, 0x00000000fcc00000, 0x00000000fcc00000|100%| O|  |TAMS 0x00000000fcb00000| PB 0x00000000fcc00000| Untracked 
| 972|0x00000000fcc00000, 0x00000000fccfffc8, 0x00000000fcd00000| 99%| O|  |TAMS 0x00000000fcc00000| PB 0x00000000fccfffc8| Untracked 
| 973|0x00000000fcd00000, 0x00000000fce00000, 0x00000000fce00000|100%| O|  |TAMS 0x00000000fcd00000| PB 0x00000000fce00000| Untracked 
| 974|0x00000000fce00000, 0x00000000fcf00000, 0x00000000fcf00000|100%| O|  |TAMS 0x00000000fce00000| PB 0x00000000fcf00000| Untracked 
| 975|0x00000000fcf00000, 0x00000000fcffffe8, 0x00000000fd000000| 99%| O|  |TAMS 0x00000000fcf00000| PB 0x00000000fcffffe8| Untracked 
| 976|0x00000000fd000000, 0x00000000fd0fffc0, 0x00000000fd100000| 99%| O|  |TAMS 0x00000000fd000000| PB 0x00000000fd0fffc0| Untracked 
| 977|0x00000000fd100000, 0x00000000fd1fffe0, 0x00000000fd200000| 99%| O|  |TAMS 0x00000000fd100000| PB 0x00000000fd1fffe0| Untracked 
| 978|0x00000000fd200000, 0x00000000fd2ffff0, 0x00000000fd300000| 99%| O|  |TAMS 0x00000000fd200000| PB 0x00000000fd2ffff0| Untracked 
| 979|0x00000000fd300000, 0x00000000fd3ffff8, 0x00000000fd400000| 99%| O|  |TAMS 0x00000000fd300000| PB 0x00000000fd3ffff8| Untracked 
| 980|0x00000000fd400000, 0x00000000fd500000, 0x00000000fd500000|100%| O|  |TAMS 0x00000000fd400000| PB 0x00000000fd500000| Untracked 
| 981|0x00000000fd500000, 0x00000000fd5fffe8, 0x00000000fd600000| 99%| O|  |TAMS 0x00000000fd500000| PB 0x00000000fd5fffe8| Untracked 
| 982|0x00000000fd600000, 0x00000000fd6ffff0, 0x00000000fd700000| 99%| O|  |TAMS 0x00000000fd600000| PB 0x00000000fd6ffff0| Untracked 
| 983|0x00000000fd700000, 0x00000000fd7ffff0, 0x00000000fd800000| 99%| O|  |TAMS 0x00000000fd700000| PB 0x00000000fd7ffff0| Untracked 
| 984|0x00000000fd800000, 0x00000000fd8fff40, 0x00000000fd900000| 99%| O|  |TAMS 0x00000000fd800000| PB 0x00000000fd8fff40| Untracked 
| 985|0x00000000fd900000, 0x00000000fd9fff80, 0x00000000fda00000| 99%| O|  |TAMS 0x00000000fd900000| PB 0x00000000fd9fff80| Untracked 
| 986|0x00000000fda00000, 0x00000000fdafffa8, 0x00000000fdb00000| 99%| O|  |TAMS 0x00000000fda00000| PB 0x00000000fdafffa8| Untracked 
| 987|0x00000000fdb00000, 0x00000000fdc00000, 0x00000000fdc00000|100%| O|  |TAMS 0x00000000fdb00000| PB 0x00000000fdc00000| Untracked 
| 988|0x00000000fdc00000, 0x00000000fdcfffa0, 0x00000000fdd00000| 99%| O|  |TAMS 0x00000000fdc00000| PB 0x00000000fdcfffa0| Untracked 
| 989|0x00000000fdd00000, 0x00000000fddfffa0, 0x00000000fde00000| 99%| O|  |TAMS 0x00000000fdd00000| PB 0x00000000fddfffa0| Untracked 
| 990|0x00000000fde00000, 0x00000000fdefffb8, 0x00000000fdf00000| 99%| O|  |TAMS 0x00000000fde00000| PB 0x00000000fdefffb8| Untracked 
| 991|0x00000000fdf00000, 0x00000000fdffffa8, 0x00000000fe000000| 99%| O|  |TAMS 0x00000000fdf00000| PB 0x00000000fdffffa8| Untracked 
| 992|0x00000000fe000000, 0x00000000fe0fffc8, 0x00000000fe100000| 99%| O|  |TAMS 0x00000000fe000000| PB 0x00000000fe0fffc8| Untracked 
| 993|0x00000000fe100000, 0x00000000fe1ffff8, 0x00000000fe200000| 99%| O|  |TAMS 0x00000000fe100000| PB 0x00000000fe1ffff8| Untracked 
| 994|0x00000000fe200000, 0x00000000fe2fffd0, 0x00000000fe300000| 99%| O|  |TAMS 0x00000000fe200000| PB 0x00000000fe2fffd0| Untracked 
| 995|0x00000000fe300000, 0x00000000fe3ffff0, 0x00000000fe400000| 99%| O|  |TAMS 0x00000000fe300000| PB 0x00000000fe3ffff0| Untracked 
| 996|0x00000000fe400000, 0x00000000fe4ffff0, 0x00000000fe500000| 99%| O|  |TAMS 0x00000000fe400000| PB 0x00000000fe4ffff0| Untracked 
| 997|0x00000000fe500000, 0x00000000fe600000, 0x00000000fe600000|100%| O|  |TAMS 0x00000000fe500000| PB 0x00000000fe600000| Untracked 
| 998|0x00000000fe600000, 0x00000000fe6fff88, 0x00000000fe700000| 99%| O|  |TAMS 0x00000000fe600000| PB 0x00000000fe6fff88| Untracked 
| 999|0x00000000fe700000, 0x00000000fe7ffff8, 0x00000000fe800000| 99%| O|  |TAMS 0x00000000fe700000| PB 0x00000000fe7ffff8| Untracked 
|1000|0x00000000fe800000, 0x00000000fe8ffff8, 0x00000000fe900000| 99%| O|  |TAMS 0x00000000fe800000| PB 0x00000000fe8ffff8| Untracked 
|1001|0x00000000fe900000, 0x00000000fe9ffff0, 0x00000000fea00000| 99%| O|  |TAMS 0x00000000fe900000| PB 0x00000000fe9ffff0| Untracked 
|1002|0x00000000fea00000, 0x00000000feb00000, 0x00000000feb00000|100%| O|  |TAMS 0x00000000fea00000| PB 0x00000000feb00000| Untracked 
|1003|0x00000000feb00000, 0x00000000fec00000, 0x00000000fec00000|100%| O|  |TAMS 0x00000000feb00000| PB 0x00000000fec00000| Untracked 
|1004|0x00000000fec00000, 0x00000000fed00000, 0x00000000fed00000|100%| O|  |TAMS 0x00000000fec00000| PB 0x00000000fed00000| Untracked 
|1005|0x00000000fed00000, 0x00000000fedffff0, 0x00000000fee00000| 99%| O|  |TAMS 0x00000000fed00000| PB 0x00000000fedffff0| Untracked 
|1006|0x00000000fee00000, 0x00000000feeffff8, 0x00000000fef00000| 99%| O|  |TAMS 0x00000000fee00000| PB 0x00000000feeffff8| Untracked 
|1007|0x00000000fef00000, 0x00000000ff000000, 0x00000000ff000000|100%| O|  |TAMS 0x00000000fef00000| PB 0x00000000ff000000| Untracked 
|1008|0x00000000ff000000, 0x00000000ff0ffff8, 0x00000000ff100000| 99%| O|  |TAMS 0x00000000ff000000| PB 0x00000000ff0ffff8| Untracked 
|1009|0x00000000ff100000, 0x00000000ff1ffff8, 0x00000000ff200000| 99%| O|  |TAMS 0x00000000ff100000| PB 0x00000000ff1ffff8| Untracked 
|1010|0x00000000ff200000, 0x00000000ff300000, 0x00000000ff300000|100%| O|  |TAMS 0x00000000ff200000| PB 0x00000000ff300000| Untracked 
|1011|0x00000000ff300000, 0x00000000ff3ffff8, 0x00000000ff400000| 99%| O|  |TAMS 0x00000000ff300000| PB 0x00000000ff3ffff8| Untracked 
|1012|0x00000000ff400000, 0x00000000ff4fffc8, 0x00000000ff500000| 99%| O|  |TAMS 0x00000000ff400000| PB 0x00000000ff4fffc8| Untracked 
|1013|0x00000000ff500000, 0x00000000ff5fffe8, 0x00000000ff600000| 99%| O|  |TAMS 0x00000000ff500000| PB 0x00000000ff5fffe8| Untracked 
|1014|0x00000000ff600000, 0x00000000ff6fff70, 0x00000000ff700000| 99%| O|  |TAMS 0x00000000ff600000| PB 0x00000000ff6fff70| Untracked 
|1015|0x00000000ff700000, 0x00000000ff7ffff8, 0x00000000ff800000| 99%| O|  |TAMS 0x00000000ff700000| PB 0x00000000ff7ffff8| Untracked 
|1016|0x00000000ff800000, 0x00000000ff8fffe8, 0x00000000ff900000| 99%| O|  |TAMS 0x00000000ff800000| PB 0x00000000ff8fffe8| Untracked 
|1017|0x00000000ff900000, 0x00000000ff9fff80, 0x00000000ffa00000| 99%| O|  |TAMS 0x00000000ff900000| PB 0x00000000ff9fff80| Untracked 
|1018|0x00000000ffa00000, 0x00000000ffafff80, 0x00000000ffb00000| 99%| O|  |TAMS 0x00000000ffa00000| PB 0x00000000ffafff80| Untracked 
|1019|0x00000000ffb00000, 0x00000000ffc00000, 0x00000000ffc00000|100%| O|  |TAMS 0x00000000ffb00000| PB 0x00000000ffc00000| Untracked 
|1020|0x00000000ffc00000, 0x00000000ffcfff80, 0x00000000ffd00000| 99%| O|  |TAMS 0x00000000ffc00000| PB 0x00000000ffcfff80| Untracked 
|1021|0x00000000ffd00000, 0x00000000ffe00000, 0x00000000ffe00000|100%| O|  |TAMS 0x00000000ffd00000| PB 0x00000000ffe00000| Untracked 
|1022|0x00000000ffe00000, 0x00000000ffefff60, 0x00000000fff00000| 99%| O|  |TAMS 0x00000000ffe00000| PB 0x00000000ffefff60| Untracked 
|1023|0x00000000fff00000, 0x00000000fff04de8, 0x0000000100000000|  1%| O|  |TAMS 0x00000000fff00000| PB 0x00000000fff04de8| Untracked 

Card table byte_map: [0x0000022d8f000000,0x0000022d8f200000] _byte_map_base: 0x0000022d8ea00000

Marking Bits: (CMBitMap*) 0x0000022df6f44890
 Bits: [0x0000022d8f200000, 0x0000022d90200000)

Polling page: 0x0000022df4bf0000

Metaspace:

Usage:
  Non-class:     84.21 MB used.
      Class:     12.48 MB used.
       Both:     96.69 MB used.

Virtual space:
  Non-class space:      128.00 MB reserved,      86.62 MB ( 68%) committed,  2 nodes.
      Class space:        1.00 GB reserved,      14.56 MB (  1%) committed,  1 nodes.
             Both:        1.12 GB reserved,     101.19 MB (  9%) committed. 

Chunk freelists:
   Non-Class:  11.28 MB
       Class:  3.02 MB
        Both:  14.30 MB

MaxMetaspaceSize: unlimited
CompressedClassSpaceSize: 1.00 GB
Initial GC threshold: 21.00 MB
Current GC threshold: 170.31 MB
CDS: on
 - commit_granule_bytes: 65536.
 - commit_granule_words: 8192.
 - virtual_space_node_default_size: 8388608.
 - enlarge_chunks_in_place: 1.
 - use_allocation_guard: 0.


Internal statistics:

num_allocs_failed_limit: 12.
num_arena_births: 13362.
num_arena_deaths: 11478.
num_vsnodes_births: 3.
num_vsnodes_deaths: 0.
num_space_committed: 1679.
num_space_uncommitted: 39.
num_chunks_returned_to_freelist: 15819.
num_chunks_taken_from_freelist: 22590.
num_chunk_merges: 4855.
num_chunk_splits: 11108.
num_chunks_enlarged: 5653.
num_inconsistent_stats: 0.

CodeHeap 'non-profiled nmethods': size=119168Kb used=15743Kb max_used=16539Kb free=103424Kb
 bounds [0x0000022d87ba0000, 0x0000022d88c20000, 0x0000022d8f000000]
CodeHeap 'profiled nmethods': size=119104Kb used=22829Kb max_used=36070Kb free=96274Kb
 bounds [0x0000022d80000000, 0x0000022d823d0000, 0x0000022d87450000]
CodeHeap 'non-nmethods': size=7488Kb used=2190Kb max_used=3978Kb free=5297Kb
 bounds [0x0000022d87450000, 0x0000022d87840000, 0x0000022d87ba0000]
 total_blobs=12101 nmethods=11209 adapters=795
 compilation: enabled
              stopped_count=0, restarted_count=0
 full_count=0

Compilation events (20 events):
Event: 33738.453 Thread 0x0000022d933f02c0 32981       3       java.util.concurrent.LinkedBlockingDeque$Node::<init> (10 bytes)
Event: 33738.453 Thread 0x0000022d933f02c0 nmethod 32981 0x0000022d808d1510 code [0x0000022d808d16c0, 0x0000022d808d1878]
Event: 33753.447 Thread 0x0000022d933d8360 32982       4       java.util.stream.Collectors$CollectorImpl::<init> (13 bytes)
Event: 33753.450 Thread 0x0000022d933d8360 nmethod 32982 0x0000022d8852d810 code [0x0000022d8852d9a0, 0x0000022d8852dec8]
Event: 33791.444 Thread 0x0000022d933d8360 32983       4       java.util.stream.Collectors::toList (26 bytes)
Event: 33791.445 Thread 0x0000022d933d8360 nmethod 32983 0x0000022d881b7590 code [0x0000022d881b7720, 0x0000022d881b7808]
Event: 33854.446 Thread 0x0000022d933f02c0 32984   !   3       org.gradle.launcher.daemon.server.health.gc.DefaultSlidingWindow::slideAndInsert (50 bytes)
Event: 33854.447 Thread 0x0000022d933f02c0 nmethod 32984 0x0000022d8130a190 code [0x0000022d8130a4e0, 0x0000022d8130b978]
Event: 33855.444 Thread 0x0000022d933f02c0 32985       3       java.lang.management.MemoryUsage::<init> (170 bytes)
Event: 33855.444 Thread 0x0000022d933f02c0 nmethod 32985 0x0000022d80291210 code [0x0000022d802914c0, 0x0000022d80291f08]
Event: 33855.444 Thread 0x0000022d933f02c0 32990   !   3       java.util.concurrent.LinkedBlockingDeque::peekLast (41 bytes)
Event: 33855.444 Thread 0x0000022d933f02c0 nmethod 32990 0x0000022d8039dc90 code [0x0000022d8039dec0, 0x0000022d8039e828]
Event: 33855.444 Thread 0x0000022d933f02c0 32989       3       java.util.concurrent.LinkedBlockingDeque::unlinkFirst (74 bytes)
Event: 33855.444 Thread 0x0000022d933f02c0 nmethod 32989 0x0000022d803dbf10 code [0x0000022d803dc120, 0x0000022d803dc748]
Event: 33855.444 Thread 0x0000022d933f02c0 32986       3       java.util.concurrent.LinkedBlockingDeque::remove (5 bytes)
Event: 33855.445 Thread 0x0000022d933f02c0 nmethod 32986 0x0000022d80768e10 code [0x0000022d80769080, 0x0000022d80769b90]
Event: 33855.445 Thread 0x0000022d933f02c0 32987       3       java.util.concurrent.LinkedBlockingDeque::removeFirst (19 bytes)
Event: 33855.445 Thread 0x0000022d933f02c0 nmethod 32987 0x0000022d81829c90 code [0x0000022d81829f00, 0x0000022d8182a9b8]
Event: 33855.445 Thread 0x0000022d933f02c0 32988   !   3       java.util.concurrent.LinkedBlockingDeque::pollFirst (27 bytes)
Event: 33855.445 Thread 0x0000022d933f02c0 nmethod 32988 0x0000022d80aa7d10 code [0x0000022d80aa7f60, 0x0000022d80aa8898]

GC Heap History (20 events):
Event: 34111.962 GC heap after
{Heap after GC invocations=354 (full 102):
 garbage-first heap   total 1048576K, used 1047454K [0x00000000c0000000, 0x0000000100000000)
  region size 1024K, 0 young (0K), 0 survivors (0K)
 Metaspace       used 99009K, committed 103616K, reserved 1179648K
  class space    used 12776K, committed 14912K, reserved 1048576K
}
Event: 34111.962 GC heap before
{Heap before GC invocations=354 (full 102):
 garbage-first heap   total 1048576K, used 1047454K [0x00000000c0000000, 0x0000000100000000)
  region size 1024K, 0 young (0K), 0 survivors (0K)
 Metaspace       used 99009K, committed 103616K, reserved 1179648K
  class space    used 12776K, committed 14912K, reserved 1048576K
}
Event: 34112.589 GC heap after
{Heap after GC invocations=355 (full 103):
 garbage-first heap   total 1048576K, used 1047454K [0x00000000c0000000, 0x0000000100000000)
  region size 1024K, 0 young (0K), 0 survivors (0K)
 Metaspace       used 99009K, committed 103616K, reserved 1179648K
  class space    used 12776K, committed 14912K, reserved 1048576K
}
Event: 34112.589 GC heap before
{Heap before GC invocations=355 (full 103):
 garbage-first heap   total 1048576K, used 1047454K [0x00000000c0000000, 0x0000000100000000)
  region size 1024K, 0 young (0K), 0 survivors (0K)
 Metaspace       used 99009K, committed 103616K, reserved 1179648K
  class space    used 12776K, committed 14912K, reserved 1048576K
}
Event: 34113.281 GC heap after
{Heap after GC invocations=356 (full 104):
 garbage-first heap   total 1048576K, used 1047454K [0x00000000c0000000, 0x0000000100000000)
  region size 1024K, 0 young (0K), 0 survivors (0K)
 Metaspace       used 99009K, committed 103616K, reserved 1179648K
  class space    used 12776K, committed 14912K, reserved 1048576K
}
Event: 34113.281 GC heap before
{Heap before GC invocations=356 (full 104):
 garbage-first heap   total 1048576K, used 1047454K [0x00000000c0000000, 0x0000000100000000)
  region size 1024K, 0 young (0K), 0 survivors (0K)
 Metaspace       used 99009K, committed 103616K, reserved 1179648K
  class space    used 12776K, committed 14912K, reserved 1048576K
}
Event: 34113.282 GC heap after
{Heap after GC invocations=357 (full 104):
 garbage-first heap   total 1048576K, used 1047454K [0x00000000c0000000, 0x0000000100000000)
  region size 1024K, 0 young (0K), 0 survivors (0K)
 Metaspace       used 99009K, committed 103616K, reserved 1179648K
  class space    used 12776K, committed 14912K, reserved 1048576K
}
Event: 34113.282 GC heap before
{Heap before GC invocations=357 (full 104):
 garbage-first heap   total 1048576K, used 1047454K [0x00000000c0000000, 0x0000000100000000)
  region size 1024K, 0 young (0K), 0 survivors (0K)
 Metaspace       used 99009K, committed 103616K, reserved 1179648K
  class space    used 12776K, committed 14912K, reserved 1048576K
}
Event: 34113.933 GC heap after
{Heap after GC invocations=358 (full 105):
 garbage-first heap   total 1048576K, used 1047454K [0x00000000c0000000, 0x0000000100000000)
  region size 1024K, 0 young (0K), 0 survivors (0K)
 Metaspace       used 99009K, committed 103616K, reserved 1179648K
  class space    used 12776K, committed 14912K, reserved 1048576K
}
Event: 34113.933 GC heap before
{Heap before GC invocations=358 (full 105):
 garbage-first heap   total 1048576K, used 1047454K [0x00000000c0000000, 0x0000000100000000)
  region size 1024K, 0 young (0K), 0 survivors (0K)
 Metaspace       used 99009K, committed 103616K, reserved 1179648K
  class space    used 12776K, committed 14912K, reserved 1048576K
}
Event: 34114.617 GC heap after
{Heap after GC invocations=359 (full 106):
 garbage-first heap   total 1048576K, used 1047454K [0x00000000c0000000, 0x0000000100000000)
  region size 1024K, 0 young (0K), 0 survivors (0K)
 Metaspace       used 99009K, committed 103616K, reserved 1179648K
  class space    used 12776K, committed 14912K, reserved 1048576K
}
Event: 34114.617 GC heap before
{Heap before GC invocations=359 (full 106):
 garbage-first heap   total 1048576K, used 1047454K [0x00000000c0000000, 0x0000000100000000)
  region size 1024K, 0 young (0K), 0 survivors (0K)
 Metaspace       used 99009K, committed 103616K, reserved 1179648K
  class space    used 12776K, committed 14912K, reserved 1048576K
}
Event: 34114.618 GC heap after
{Heap after GC invocations=360 (full 106):
 garbage-first heap   total 1048576K, used 1047454K [0x00000000c0000000, 0x0000000100000000)
  region size 1024K, 0 young (0K), 0 survivors (0K)
 Metaspace       used 99009K, committed 103616K, reserved 1179648K
  class space    used 12776K, committed 14912K, reserved 1048576K
}
Event: 34114.618 GC heap before
{Heap before GC invocations=360 (full 106):
 garbage-first heap   total 1048576K, used 1047454K [0x00000000c0000000, 0x0000000100000000)
  region size 1024K, 0 young (0K), 0 survivors (0K)
 Metaspace       used 99009K, committed 103616K, reserved 1179648K
  class space    used 12776K, committed 14912K, reserved 1048576K
}
Event: 34115.247 GC heap after
{Heap after GC invocations=361 (full 107):
 garbage-first heap   total 1048576K, used 1047454K [0x00000000c0000000, 0x0000000100000000)
  region size 1024K, 0 young (0K), 0 survivors (0K)
 Metaspace       used 99009K, committed 103616K, reserved 1179648K
  class space    used 12776K, committed 14912K, reserved 1048576K
}
Event: 34115.247 GC heap before
{Heap before GC invocations=361 (full 107):
 garbage-first heap   total 1048576K, used 1047454K [0x00000000c0000000, 0x0000000100000000)
  region size 1024K, 0 young (0K), 0 survivors (0K)
 Metaspace       used 99009K, committed 103616K, reserved 1179648K
  class space    used 12776K, committed 14912K, reserved 1048576K
}
Event: 34115.936 GC heap after
{Heap after GC invocations=362 (full 108):
 garbage-first heap   total 1048576K, used 1047454K [0x00000000c0000000, 0x0000000100000000)
  region size 1024K, 0 young (0K), 0 survivors (0K)
 Metaspace       used 99009K, committed 103616K, reserved 1179648K
  class space    used 12776K, committed 14912K, reserved 1048576K
}
Event: 34115.936 GC heap before
{Heap before GC invocations=362 (full 108):
 garbage-first heap   total 1048576K, used 1047454K [0x00000000c0000000, 0x0000000100000000)
  region size 1024K, 0 young (0K), 0 survivors (0K)
 Metaspace       used 99009K, committed 103616K, reserved 1179648K
  class space    used 12776K, committed 14912K, reserved 1048576K
}
Event: 34115.937 GC heap after
{Heap after GC invocations=363 (full 108):
 garbage-first heap   total 1048576K, used 1047454K [0x00000000c0000000, 0x0000000100000000)
  region size 1024K, 0 young (0K), 0 survivors (0K)
 Metaspace       used 99009K, committed 103616K, reserved 1179648K
  class space    used 12776K, committed 14912K, reserved 1048576K
}
Event: 34115.937 GC heap before
{Heap before GC invocations=363 (full 108):
 garbage-first heap   total 1048576K, used 1047454K [0x00000000c0000000, 0x0000000100000000)
  region size 1024K, 0 young (0K), 0 survivors (0K)
 Metaspace       used 99009K, committed 103616K, reserved 1179648K
  class space    used 12776K, committed 14912K, reserved 1048576K
}

Dll operation events (15 events):
Event: 0.010 Loaded shared library C:\Program Files\Java\jdk-21.0.10\bin\java.dll
Event: 0.034 Loaded shared library C:\Program Files\Java\jdk-21.0.10\bin\jsvml.dll
Event: 0.061 Loaded shared library C:\Program Files\Java\jdk-21.0.10\bin\zip.dll
Event: 0.064 Loaded shared library C:\Program Files\Java\jdk-21.0.10\bin\instrument.dll
Event: 0.067 Loaded shared library C:\Program Files\Java\jdk-21.0.10\bin\net.dll
Event: 0.069 Loaded shared library C:\Program Files\Java\jdk-21.0.10\bin\nio.dll
Event: 0.071 Loaded shared library C:\Program Files\Java\jdk-21.0.10\bin\zip.dll
Event: 0.289 Loaded shared library C:\Program Files\Java\jdk-21.0.10\bin\jimage.dll
Event: 0.521 Loaded shared library C:\Program Files\Java\jdk-21.0.10\bin\verify.dll
Event: 0.548 Loaded shared library C:\Users\Travis\.gradle\native\660c5614fbf4a5f2a75b1949f50a0caf5cd603558e7d8a26e50b933a0cfb79d1\windows-amd64\native-platform.dll
Event: 0.559 Loaded shared library C:\Users\Travis\.gradle\native\0.2.8\x86_64-windows-gnu\gradle-fileevents.dll
Event: 1.410 Loaded shared library C:\Program Files\Java\jdk-21.0.10\bin\management.dll
Event: 1.412 Loaded shared library C:\Program Files\Java\jdk-21.0.10\bin\management_ext.dll
Event: 1.514 Loaded shared library C:\Program Files\Java\jdk-21.0.10\bin\extnet.dll
Event: 1.667 Loaded shared library C:\Program Files\Java\jdk-21.0.10\bin\sunmscapi.dll

Deoptimization events (20 events):
Event: 34090.837 Thread 0x0000022ddc041ea0 DEOPT PACKING pc=0x0000022d87e68ca8 sp=0x000000d63f7fc6c0
Event: 34090.837 Thread 0x0000022ddc041ea0 DEOPT UNPACKING pc=0x0000022d874a4e42 sp=0x000000d63f7fbac8 mode 1
Event: 34096.115 Thread 0x0000022ddd47c070 DEOPT PACKING pc=0x0000022d87c67fc4 sp=0x000000d6479ff000
Event: 34096.115 Thread 0x0000022ddd47c070 DEOPT UNPACKING pc=0x0000022d874a4e42 sp=0x000000d6479fe4b0 mode 1
Event: 34097.401 Thread 0x0000022dda5b2850 DEOPT PACKING pc=0x0000022d87c67fc4 sp=0x000000d640bff150
Event: 34097.401 Thread 0x0000022dda5b2850 DEOPT UNPACKING pc=0x0000022d874a4e42 sp=0x000000d640bfe600 mode 1
Event: 34101.377 Thread 0x0000022ddd47c070 DEOPT PACKING pc=0x0000022d87c67fc4 sp=0x000000d6479ff000
Event: 34101.377 Thread 0x0000022ddd47c070 DEOPT UNPACKING pc=0x0000022d874a4e42 sp=0x000000d6479fe4b0 mode 1
Event: 34102.708 Thread 0x0000022dda598ff0 DEOPT PACKING pc=0x0000022d880d35dc sp=0x000000d63fcff4d0
Event: 34102.708 Thread 0x0000022dda598ff0 DEOPT UNPACKING pc=0x0000022d874a4e42 sp=0x000000d63fcfe890 mode 1
Event: 34103.989 Thread 0x0000022dda598ff0 Uncommon trap: trap_request=0xffffff45 fr.pc=0x0000022d88603dc8 relative=0x00000000000012e8
Event: 34103.989 Thread 0x0000022dda598ff0 Uncommon trap: reason=unstable_if action=reinterpret pc=0x0000022d88603dc8 method=java.util.concurrent.FutureTask.runAndReset()Z @ 112 c2
Event: 34105.316 Thread 0x0000022dda598ff0 DEOPT PACKING pc=0x0000022d88603dc8 sp=0x000000d63fcff550
Event: 34105.316 Thread 0x0000022dda598ff0 DEOPT UNPACKING pc=0x0000022d874a46a2 sp=0x000000d63fcff4c0 mode 2
Event: 34108.017 Thread 0x0000022d93800570 DEOPT PACKING pc=0x0000022d87c67fc4 sp=0x000000d63f9fed30
Event: 34108.017 Thread 0x0000022d93800570 DEOPT UNPACKING pc=0x0000022d874a4e42 sp=0x000000d63f9fe1e0 mode 1
Event: 34110.639 Thread 0x0000022ddd47c070 DEOPT PACKING pc=0x0000022d87c67fc4 sp=0x000000d6479ff000
Event: 34110.639 Thread 0x0000022ddd47c070 DEOPT UNPACKING pc=0x0000022d874a4e42 sp=0x000000d6479fe4b0 mode 1
Event: 34115.936 Thread 0x0000022ddc03fdd0 DEOPT PACKING pc=0x0000022d87d1dcf0 sp=0x000000d63fbff220
Event: 34115.936 Thread 0x0000022ddc03fdd0 DEOPT UNPACKING pc=0x0000022d874a4e42 sp=0x000000d63fbfe640 mode 1

Classes loaded (20 events):
Event: 6282.909 Loading class com/sun/crypto/provider/GaloisCounterMode$GCMDecrypt
Event: 6282.909 Loading class com/sun/crypto/provider/GaloisCounterMode$GCMDecrypt done
Event: 6282.909 Loading class com/sun/crypto/provider/GaloisCounterMode$DecryptOp
Event: 6282.909 Loading class com/sun/crypto/provider/GaloisCounterMode$DecryptOp done
Event: 6282.910 Loading class jdk/internal/event/TLSHandshakeEvent
Event: 6282.910 Loading class jdk/internal/event/TLSHandshakeEvent done
Event: 6282.910 Loading class javax/net/ssl/SSLEngineResult$HandshakeStatus
Event: 6282.910 Loading class javax/net/ssl/SSLEngineResult$HandshakeStatus done
Event: 6283.169 Loading class sun/security/ssl/Alert
Event: 6283.170 Loading class sun/security/ssl/Alert done
Event: 6283.171 Loading class sun/security/ssl/Alert$AlertConsumer
Event: 6283.171 Loading class sun/security/ssl/Alert$AlertConsumer done
Event: 6283.172 Loading class sun/security/ssl/Alert$Level
Event: 6283.172 Loading class sun/security/ssl/Alert$Level done
Event: 8264.441 Loading class java/net/URLDecoder
Event: 8264.441 Loading class java/net/URLDecoder done
Event: 8265.109 Loading class java/util/zip/GZIPInputStream$1
Event: 8265.110 Loading class java/util/zip/GZIPInputStream$1 done
Event: 15442.927 Loading class java/lang/invoke/MethodHandleImpl$CountingWrapper$1
Event: 15442.928 Loading class java/lang/invoke/MethodHandleImpl$CountingWrapper$1 done

Classes unloaded (20 events):
Event: 30215.945 Thread 0x0000022d933948c0 Unloading class 0x0000022d95966800 'jdk/internal/reflect/GeneratedSerializationConstructorAccessor756'
Event: 30215.945 Thread 0x0000022d933948c0 Unloading class 0x0000022d95852000 'jdk/internal/reflect/GeneratedSerializationConstructorAccessor755'
Event: 30215.945 Thread 0x0000022d933948c0 Unloading class 0x0000022d958d8400 'jdk/internal/reflect/GeneratedSerializationConstructorAccessor754'
Event: 30215.945 Thread 0x0000022d933948c0 Unloading class 0x0000022d95e68000 'jdk/internal/reflect/GeneratedSerializationConstructorAccessor753'
Event: 30215.945 Thread 0x0000022d933948c0 Unloading class 0x0000022d953ec400 'jdk/internal/reflect/GeneratedSerializationConstructorAccessor752'
Event: 30215.945 Thread 0x0000022d933948c0 Unloading class 0x0000022d95439800 'jdk/internal/reflect/GeneratedSerializationConstructorAccessor751'
Event: 30215.945 Thread 0x0000022d933948c0 Unloading class 0x0000022d95480400 'jdk/internal/reflect/GeneratedSerializationConstructorAccessor750'
Event: 30215.945 Thread 0x0000022d933948c0 Unloading class 0x0000022d95883c00 'jdk/internal/reflect/GeneratedSerializationConstructorAccessor749'
Event: 30215.945 Thread 0x0000022d933948c0 Unloading class 0x0000022d953f4000 'jdk/internal/reflect/GeneratedSerializationConstructorAccessor748'
Event: 30215.945 Thread 0x0000022d933948c0 Unloading class 0x0000022d9523b000 'jdk/internal/reflect/GeneratedSerializationConstructorAccessor747'
Event: 30215.945 Thread 0x0000022d933948c0 Unloading class 0x0000022d9523bc00 'jdk/internal/reflect/GeneratedSerializationConstructorAccessor746'
Event: 30215.945 Thread 0x0000022d933948c0 Unloading class 0x0000022d951c5000 'jdk/internal/reflect/GeneratedSerializationConstructorAccessor745'
Event: 30215.945 Thread 0x0000022d933948c0 Unloading class 0x0000022d951c5c00 'jdk/internal/reflect/GeneratedSerializationConstructorAccessor744'
Event: 30215.945 Thread 0x0000022d933948c0 Unloading class 0x0000022d95692000 'java/lang/invoke/LambdaForm$MH+0x0000022d95692000'
Event: 30215.945 Thread 0x0000022d933948c0 Unloading class 0x0000022d95d59800 'jdk/internal/reflect/GeneratedSerializationConstructorAccessor743'
Event: 30215.945 Thread 0x0000022d933948c0 Unloading class 0x0000022d95d2ac00 'jdk/internal/reflect/GeneratedSerializationConstructorAccessor742'
Event: 30215.945 Thread 0x0000022d933948c0 Unloading class 0x0000022d95d03000 'jdk/internal/reflect/GeneratedSerializationConstructorAccessor741'
Event: 30215.945 Thread 0x0000022d933948c0 Unloading class 0x0000022d95cc2800 'jdk/internal/reflect/GeneratedSerializationConstructorAccessor740'
Event: 30215.945 Thread 0x0000022d933948c0 Unloading class 0x0000022d95cc1800 'jdk/internal/reflect/GeneratedSerializationConstructorAccessor739'
Event: 30215.945 Thread 0x0000022d933948c0 Unloading class 0x0000022d959f2400 'java/lang/invoke/LambdaForm$MH+0x0000022d959f2400'

Classes redefined (0 events):
No events

Internal exceptions (20 events):
Event: 27263.871 Thread 0x0000022ddc045320 Exception <a 'sun/nio/fs/WindowsException'{0x00000000d286aed8}> (0x00000000d286aed8) 
thrown [s\open\src\hotspot\share\prims\jni.cpp, line 520]
Event: 27264.016 Thread 0x0000022ddc044c90 Exception <a 'sun/nio/fs/WindowsException'{0x00000000d153bd50}> (0x00000000d153bd50) 
thrown [s\open\src\hotspot\share\prims\jni.cpp, line 520]
Event: 34072.295 Thread 0x0000022dde199ad0 Exception <a 'java/lang/OutOfMemoryError'{0x00000000c07548c8}> (0x00000000c07548c8) 
thrown [s\open\src\hotspot\share\gc\shared\memAllocator.cpp, line 136]
Event: 34074.970 Thread 0x0000022dda5b2850 Exception <a 'java/lang/OutOfMemoryError'{0x00000000c0754ba0}> (0x00000000c0754ba0) 
thrown [s\open\src\hotspot\share\gc\shared\memAllocator.cpp, line 136]
Event: 34077.580 Thread 0x0000022dda5b2850 Implicit null exception at 0x0000022d885fa9f5 to 0x0000022d885fba48
Event: 34078.916 Thread 0x0000022ddc041ea0 Exception <a 'java/lang/OutOfMemoryError'{0x00000000c0754ba0}> (0x00000000c0754ba0) 
thrown [s\open\src\hotspot\share\gc\shared\memAllocator.cpp, line 136]
Event: 34081.589 Thread 0x0000022ddd47c070 Exception <a 'java/lang/OutOfMemoryError'{0x00000000c0754e78}> (0x00000000c0754e78) 
thrown [s\open\src\hotspot\share\gc\shared\memAllocator.cpp, line 136]
Event: 34084.229 Thread 0x0000022dde199ad0 Exception <a 'java/lang/OutOfMemoryError'{0x00000000c0755440}> (0x00000000c0755440) 
thrown [s\open\src\hotspot\share\gc\shared\memAllocator.cpp, line 136]
Event: 34088.220 Thread 0x0000022dde199ad0 Exception <a 'java/lang/OutOfMemoryError'{0x00000000c0754e90}> (0x00000000c0754e90) 
thrown [s\open\src\hotspot\share\gc\shared\memAllocator.cpp, line 136]
Event: 34090.836 Thread 0x0000022ddc041ea0 Exception <a 'java/lang/OutOfMemoryError'{0x00000000c0754e90}> (0x00000000c0754e90) 
thrown [s\open\src\hotspot\share\gc\shared\memAllocator.cpp, line 136]
Event: 34094.815 Thread 0x0000022ddc041ea0 Exception <a 'java/lang/OutOfMemoryError'{0x00000000c0754bb8}> (0x00000000c0754bb8) 
thrown [s\open\src\hotspot\share\gc\shared\memAllocator.cpp, line 136]
Event: 34096.115 Thread 0x0000022ddd47c070 Exception <a 'java/lang/OutOfMemoryError'{0x00000000c0754bb8}> (0x00000000c0754bb8) 
thrown [s\open\src\hotspot\share\gc\shared\memAllocator.cpp, line 136]
Event: 34097.401 Thread 0x0000022dda5b2850 Exception <a 'java/lang/OutOfMemoryError'{0x00000000c0754bb8}> (0x00000000c0754bb8) 
thrown [s\open\src\hotspot\share\gc\shared\memAllocator.cpp, line 136]
Event: 34101.377 Thread 0x0000022ddd47c070 Exception <a 'java/lang/OutOfMemoryError'{0x00000000c0754bb8}> (0x00000000c0754bb8) 
thrown [s\open\src\hotspot\share\gc\shared\memAllocator.cpp, line 136]
Event: 34102.708 Thread 0x0000022dda598ff0 Exception <a 'java/lang/OutOfMemoryError'{0x00000000c0754bb8}> (0x00000000c0754bb8) 
thrown [s\open\src\hotspot\share\gc\shared\memAllocator.cpp, line 136]
Event: 34105.316 Thread 0x0000022ddc041ea0 Exception <a 'java/lang/OutOfMemoryError'{0x00000000c0754bb8}> (0x00000000c0754bb8) 
thrown [s\open\src\hotspot\share\gc\shared\memAllocator.cpp, line 136]
Event: 34108.017 Thread 0x0000022d93800570 Exception <a 'java/lang/OutOfMemoryError'{0x00000000c0754bb8}> (0x00000000c0754bb8) 
thrown [s\open\src\hotspot\share\gc\shared\memAllocator.cpp, line 136]
Event: 34110.639 Thread 0x0000022ddd47c070 Exception <a 'java/lang/OutOfMemoryError'{0x00000000c0754bb8}> (0x00000000c0754bb8) 
thrown [s\open\src\hotspot\share\gc\shared\memAllocator.cpp, line 136]
Event: 34113.281 Thread 0x0000022ddc041ea0 Exception <a 'java/lang/OutOfMemoryError'{0x00000000c0754bb8}> (0x00000000c0754bb8) 
thrown [s\open\src\hotspot\share\gc\shared\memAllocator.cpp, line 136]
Event: 34115.936 Thread 0x0000022ddc03fdd0 Exception <a 'java/lang/OutOfMemoryError'{0x00000000c0754bb8}> (0x00000000c0754bb8) 
thrown [s\open\src\hotspot\share\gc\shared\memAllocator.cpp, line 136]

ZGC Phase Switch (0 events):
No events

VM Operations (20 events):
Event: 34103.989 Executing VM operation: G1CollectForAllocation (G1 Evacuation Pause) done
Event: 34103.989 Executing VM operation: G1CollectForAllocation (G1 Evacuation Pause)
Event: 34105.316 Executing VM operation: G1CollectForAllocation (G1 Evacuation Pause) done
Event: 34105.316 Executing VM operation: G1CollectForAllocation (G1 Evacuation Pause)
Event: 34106.651 Executing VM operation: G1CollectForAllocation (G1 Evacuation Pause) done
Event: 34106.651 Executing VM operation: G1CollectForAllocation (G1 Evacuation Pause)
Event: 34108.017 Executing VM operation: G1CollectForAllocation (G1 Evacuation Pause) done
Event: 34108.017 Executing VM operation: G1CollectForAllocation (G1 Evacuation Pause)
Event: 34109.328 Executing VM operation: G1CollectForAllocation (G1 Evacuation Pause) done
Event: 34109.328 Executing VM operation: G1CollectForAllocation (G1 Evacuation Pause)
Event: 34110.639 Executing VM operation: G1CollectForAllocation (G1 Evacuation Pause) done
Event: 34110.639 Executing VM operation: G1CollectForAllocation (G1 Evacuation Pause)
Event: 34111.960 Executing VM operation: G1CollectForAllocation (G1 Evacuation Pause) done
Event: 34111.960 Executing VM operation: G1CollectForAllocation (G1 Evacuation Pause)
Event: 34113.281 Executing VM operation: G1CollectForAllocation (G1 Evacuation Pause) done
Event: 34113.281 Executing VM operation: G1CollectForAllocation (G1 Evacuation Pause)
Event: 34114.617 Executing VM operation: G1CollectForAllocation (G1 Evacuation Pause) done
Event: 34114.617 Executing VM operation: G1CollectForAllocation (G1 Evacuation Pause)
Event: 34115.936 Executing VM operation: G1CollectForAllocation (G1 Evacuation Pause) done
Event: 34115.936 Executing VM operation: G1CollectForAllocation (G1 Evacuation Pause)

Events (20 events):
Event: 30561.252 Thread 0x0000022d933948c0 flushing nmethod 0x0000022d802ef290
Event: 30561.252 Thread 0x0000022d933948c0 flushing nmethod 0x0000022d803ff390
Event: 30561.252 Thread 0x0000022d933948c0 flushing nmethod 0x0000022d805e4810
Event: 30561.252 Thread 0x0000022d933948c0 flushing nmethod 0x0000022d80659b10
Event: 30561.252 Thread 0x0000022d933948c0 flushing nmethod 0x0000022d806ec390
Event: 30561.252 Thread 0x0000022d933948c0 flushing nmethod 0x0000022d81846a90
Event: 31117.586 Thread 0x0000022d933948c0 flushing nmethod 0x0000022d81700d90
Event: 31476.660 Thread 0x0000022d933948c0 flushing nmethod 0x0000022d80687390
Event: 31912.432 Thread 0x0000022d933948c0 flushing nmethod 0x0000022d8039dc90
Event: 31912.432 Thread 0x0000022d933948c0 flushing nmethod 0x0000022d8026e890
Event: 32923.748 Thread 0x0000022d933948c0 flushing nmethod 0x0000022d80238a10
Event: 32923.748 Thread 0x0000022d933948c0 flushing nmethod 0x0000022d809abe90
Event: 32923.748 Thread 0x0000022d933948c0 flushing nmethod 0x0000022d81166d90
Event: 32923.748 Thread 0x0000022d933948c0 flushing nmethod 0x0000022d8052f410
Event: 33411.830 Thread 0x0000022d933948c0 flushing nmethod 0x0000022d80bad110
Event: 33862.103 Thread 0x0000022d933948c0 flushing nmethod 0x0000022d80cd9e10
Event: 33862.103 Thread 0x0000022d933948c0 flushing nmethod 0x0000022d885d5f90
Event: 33862.103 Thread 0x0000022d933948c0 flushing nmethod 0x0000022d8860bd10
Event: 33862.103 Thread 0x0000022d933948c0 flushing nmethod 0x0000022d80ca4b10
Event: 34106.517 Thread 0x0000022d933948c0 flushing nmethod 0x0000022d88602710


Dynamic libraries:
0x00007ff74cd30000 - 0x00007ff74cd40000 	C:\Program Files\Java\jdk-21.0.10\bin\java.exe
0x00007ffc6fe60000 - 0x00007ffc700c7000 	C:\WINDOWS\SYSTEM32\ntdll.dll
0x00007ffc6e740000 - 0x00007ffc6e809000 	C:\WINDOWS\System32\KERNEL32.DLL
0x00007ffc6c740000 - 0x00007ffc6cb31000 	C:\WINDOWS\System32\KERNELBASE.dll
0x00007ffc6d0e0000 - 0x00007ffc6d22b000 	C:\WINDOWS\System32\ucrtbase.dll
0x00007ffc19420000 - 0x00007ffc1943e000 	C:\Program Files\Java\jdk-21.0.10\bin\VCRUNTIME140.dll
0x00007ffc19400000 - 0x00007ffc19419000 	C:\Program Files\Java\jdk-21.0.10\bin\jli.dll
0x00007ffc6e5d0000 - 0x00007ffc6e68b000 	C:\WINDOWS\System32\ADVAPI32.dll
0x00007ffc6df30000 - 0x00007ffc6dfd9000 	C:\WINDOWS\System32\msvcrt.dll
0x00007ffc6e690000 - 0x00007ffc6e737000 	C:\WINDOWS\System32\sechost.dll
0x00007ffc6e8b0000 - 0x00007ffc6e9c8000 	C:\WINDOWS\System32\RPCRT4.dll
0x00007ffc6dd60000 - 0x00007ffc6df25000 	C:\WINDOWS\System32\USER32.dll
0x00007ffc6cd00000 - 0x00007ffc6cd27000 	C:\WINDOWS\System32\win32u.dll
0x00007ffc53470000 - 0x00007ffc53703000 	C:\WINDOWS\WinSxS\amd64_microsoft.windows.common-controls_6595b64144ccf1df_6.0.26100.7922_none_3e089e1ee3342171\COMCTL32.dll
0x00007ffc6f5e0000 - 0x00007ffc6f60b000 	C:\WINDOWS\System32\GDI32.dll
0x00007ffc6cbd0000 - 0x00007ffc6ccfa000 	C:\WINDOWS\System32\gdi32full.dll
0x00007ffc6daa0000 - 0x00007ffc6db43000 	C:\WINDOWS\System32\msvcp_win.dll
0x00007ffc6b0a0000 - 0x00007ffc6b0ab000 	C:\WINDOWS\SYSTEM32\VERSION.dll
0x00007ffc6f3c0000 - 0x00007ffc6f3f1000 	C:\WINDOWS\System32\IMM32.DLL
0x00007ffc67f00000 - 0x00007ffc67f0c000 	C:\Program Files\Java\jdk-21.0.10\bin\vcruntime140_1.dll
0x00007ffc01910000 - 0x00007ffc0199d000 	C:\Program Files\Java\jdk-21.0.10\bin\msvcp140.dll
0x00007ffb55960000 - 0x00007ffb56687000 	C:\Program Files\Java\jdk-21.0.10\bin\server\jvm.dll
0x00007ffc6f130000 - 0x00007ffc6f1a4000 	C:\WINDOWS\System32\WS2_32.dll
0x00007ffc6c3f0000 - 0x00007ffc6c44e000 	C:\WINDOWS\SYSTEM32\POWRPROF.dll
0x00007ffc5fd30000 - 0x00007ffc5fd65000 	C:\WINDOWS\SYSTEM32\WINMM.dll
0x00007ffc6c3d0000 - 0x00007ffc6c3e4000 	C:\WINDOWS\SYSTEM32\UMPDC.dll
0x00007ffc6b490000 - 0x00007ffc6b4ab000 	C:\WINDOWS\SYSTEM32\kernel.appcore.dll
0x00007ffc5f650000 - 0x00007ffc5f65a000 	C:\Program Files\Java\jdk-21.0.10\bin\jimage.dll
0x00007ffc6a3e0000 - 0x00007ffc6a622000 	C:\WINDOWS\SYSTEM32\DBGHELP.DLL
0x00007ffc6ead0000 - 0x00007ffc6ee52000 	C:\WINDOWS\System32\combase.dll
0x00007ffc6ee70000 - 0x00007ffc6ef47000 	C:\WINDOWS\System32\OLEAUT32.dll
0x00007ffc49d40000 - 0x00007ffc49d7b000 	C:\WINDOWS\SYSTEM32\dbgcore.DLL
0x00007ffc6db50000 - 0x00007ffc6dbf5000 	C:\WINDOWS\System32\bcryptPrimitives.dll
0x00007ffc5f540000 - 0x00007ffc5f550000 	C:\Program Files\Java\jdk-21.0.10\bin\instrument.dll
0x00007ffc16230000 - 0x00007ffc16251000 	C:\Program Files\Java\jdk-21.0.10\bin\java.dll
0x00007ffc6f610000 - 0x00007ffc6fd6f000 	C:\WINDOWS\System32\SHELL32.dll
0x00007ffc6cf70000 - 0x00007ffc6d0da000 	C:\WINDOWS\System32\wintypes.dll
0x00007ffc6d230000 - 0x00007ffc6da94000 	C:\WINDOWS\System32\windows.storage.dll
0x00007ffc6f4e0000 - 0x00007ffc6f5d7000 	C:\WINDOWS\System32\SHCORE.dll
0x00007ffc6fd80000 - 0x00007ffc6fde7000 	C:\WINDOWS\System32\shlwapi.dll
0x00007ffc6c660000 - 0x00007ffc6c689000 	C:\WINDOWS\SYSTEM32\profapi.dll
0x00007ffc01830000 - 0x00007ffc01907000 	C:\Program Files\Java\jdk-21.0.10\bin\jsvml.dll
0x00007ffc16210000 - 0x00007ffc16228000 	C:\Program Files\Java\jdk-21.0.10\bin\zip.dll
0x00007ffc15c30000 - 0x00007ffc15c41000 	C:\Program Files\Java\jdk-21.0.10\bin\net.dll
0x00007ffc65de0000 - 0x00007ffc65f07000 	C:\WINDOWS\SYSTEM32\WINHTTP.dll
0x00007ffc6b9e0000 - 0x00007ffc6ba4b000 	C:\WINDOWS\system32\mswsock.dll
0x00007ffc01810000 - 0x00007ffc01826000 	C:\Program Files\Java\jdk-21.0.10\bin\nio.dll
0x00007ffc58d20000 - 0x00007ffc58d30000 	C:\Program Files\Java\jdk-21.0.10\bin\verify.dll
0x00007ffc196a0000 - 0x00007ffc196c7000 	C:\Users\Travis\.gradle\native\660c5614fbf4a5f2a75b1949f50a0caf5cd603558e7d8a26e50b933a0cfb79d1\windows-amd64\native-platform.dll
0x00007ffbffd20000 - 0x00007ffbffd97000 	C:\Users\Travis\.gradle\native\0.2.8\x86_64-windows-gnu\gradle-fileevents.dll
0x00007ffc48960000 - 0x00007ffc4896a000 	C:\Program Files\Java\jdk-21.0.10\bin\management.dll
0x00007ffc41e10000 - 0x00007ffc41e1c000 	C:\Program Files\Java\jdk-21.0.10\bin\management_ext.dll
0x00007ffc6f4d0000 - 0x00007ffc6f4d8000 	C:\WINDOWS\System32\PSAPI.DLL
0x00007ffc6aca0000 - 0x00007ffc6acd3000 	C:\WINDOWS\SYSTEM32\IPHLPAPI.DLL
0x00007ffc6f350000 - 0x00007ffc6f35a000 	C:\WINDOWS\System32\NSI.dll
0x00007ffc38ed0000 - 0x00007ffc38ed9000 	C:\Program Files\Java\jdk-21.0.10\bin\extnet.dll
0x00007ffc6bde0000 - 0x00007ffc6bdfb000 	C:\WINDOWS\SYSTEM32\CRYPTSP.dll
0x00007ffc6b3f0000 - 0x00007ffc6b429000 	C:\WINDOWS\system32\rsaenh.dll
0x00007ffc6ba90000 - 0x00007ffc6bac2000 	C:\WINDOWS\SYSTEM32\USERENV.dll
0x00007ffc6c630000 - 0x00007ffc6c65a000 	C:\WINDOWS\SYSTEM32\bcrypt.dll
0x00007ffc6bc40000 - 0x00007ffc6bc4c000 	C:\WINDOWS\SYSTEM32\CRYPTBASE.dll
0x00007ffc193f0000 - 0x00007ffc193fe000 	C:\Program Files\Java\jdk-21.0.10\bin\sunmscapi.dll
0x00007ffc6cdf0000 - 0x00007ffc6cf67000 	C:\WINDOWS\System32\CRYPT32.dll
0x00007ffc6bfb0000 - 0x00007ffc6bfe0000 	C:\WINDOWS\SYSTEM32\ncrypt.dll
0x00007ffc6bf60000 - 0x00007ffc6bf9f000 	C:\WINDOWS\SYSTEM32\NTASN1.dll
0x00007ffc0a500000 - 0x00007ffc0a508000 	C:\WINDOWS\system32\wshunix.dll
0x00007ffc69a90000 - 0x00007ffc69b2f000 	C:\WINDOWS\system32\apphelp.dll
0x00007ffc6b5b0000 - 0x00007ffc6b5e6000 	C:\WINDOWS\SYSTEM32\ntmarta.dll
0x00007ffc6ad90000 - 0x00007ffc6aeba000 	C:\WINDOWS\SYSTEM32\DNSAPI.dll
0x00007ffc66990000 - 0x00007ffc6699b000 	C:\Windows\System32\rasadhlp.dll
0x00007ffc60860000 - 0x00007ffc608e6000 	C:\WINDOWS\System32\fwpuclnt.dll

dbghelp: loaded successfully - version: 4.0.5 - missing functions: none
symbol engine: initialized successfully - sym options: 0x614 - pdb path: .;C:\Program Files\Java\jdk-21.0.10\bin;C:\WINDOWS\SYSTEM32;C:\WINDOWS\WinSxS\amd64_microsoft.windows.common-controls_6595b64144ccf1df_6.0.26100.7922_none_3e089e1ee3342171;C:\Program Files\Java\jdk-21.0.10\bin\server;C:\Users\Travis\.gradle\native\660c5614fbf4a5f2a75b1949f50a0caf5cd603558e7d8a26e50b933a0cfb79d1\windows-amd64;C:\Users\Travis\.gradle\native\0.2.8\x86_64-windows-gnu

VM Arguments:
jvm_args: --add-opens=java.base/java.lang=ALL-UNNAMED --add-opens=java.base/java.lang.invoke=ALL-UNNAMED --add-opens=java.base/java.util=ALL-UNNAMED --add-opens=java.prefs/java.util.prefs=ALL-UNNAMED --add-exports=jdk.compiler/com.sun.tools.javac.api=ALL-UNNAMED --add-exports=jdk.compiler/com.sun.tools.javac.util=ALL-UNNAMED --add-opens=java.base/java.util=ALL-UNNAMED --add-opens=java.prefs/java.util.prefs=ALL-UNNAMED --add-opens=java.base/java.nio.charset=ALL-UNNAMED --add-opens=java.base/java.net=ALL-UNNAMED --add-opens=java.base/java.util.concurrent=ALL-UNNAMED --add-opens=java.base/java.util.concurrent.atomic=ALL-UNNAMED --add-opens=java.xml/javax.xml.namespace=ALL-UNNAMED --add-opens=java.base/java.time=ALL-UNNAMED -Xmx1G -Dfile.encoding=UTF-8 -Duser.country=US -Duser.language=en -Duser.variant -javaagent:C:\Users\Travis\.gradle\wrapper\dists\gradle-9.2.1-bin\2t0n5ozlw9xmuyvbp7dnzaxug\gradle-9.2.1\lib\agents\gradle-instrumentation-agent-9.2.1.jar 
java_command: org.gradle.launcher.daemon.bootstrap.GradleDaemon 9.2.1
java_class_path (initial): C:\Users\Travis\.gradle\wrapper\dists\gradle-9.2.1-bin\2t0n5ozlw9xmuyvbp7dnzaxug\gradle-9.2.1\lib\gradle-daemon-main-9.2.1.jar
Launcher Type: SUN_STANDARD

[Global flags]
     intx CICompilerCount                          = 12                                        {product} {ergonomic}
     uint ConcGCThreads                            = 3                                         {product} {ergonomic}
     uint G1ConcRefinementThreads                  = 13                                        {product} {ergonomic}
   size_t G1HeapRegionSize                         = 1048576                                   {product} {ergonomic}
    uintx GCDrainStackTargetSize                   = 64                                        {product} {ergonomic}
   size_t InitialHeapSize                          = 1073741824                                {product} {ergonomic}
   size_t MarkStackSize                            = 4194304                                   {product} {ergonomic}
   size_t MaxHeapSize                              = 1073741824                                {product} {command line}
   size_t MaxNewSize                               = 643825664                                 {product} {ergonomic}
   size_t MinHeapDeltaBytes                        = 1048576                                   {product} {ergonomic}
   size_t MinHeapSize                              = 8388608                                   {product} {ergonomic}
    uintx NonNMethodCodeHeapSize                   = 7602480                                {pd product} {ergonomic}
    uintx NonProfiledCodeHeapSize                  = 122027880                              {pd product} {ergonomic}
    uintx ProfiledCodeHeapSize                     = 122027880                              {pd product} {ergonomic}
    uintx ReservedCodeCacheSize                    = 251658240                              {pd product} {ergonomic}
     bool SegmentedCodeCache                       = true                                      {product} {ergonomic}
   size_t SoftMaxHeapSize                          = 1073741824                             {manageable} {ergonomic}
     bool UseCompressedOops                        = true                           {product lp64_product} {ergonomic}
     bool UseG1GC                                  = true                                      {product} {ergonomic}
     bool UseLargePagesIndividualAllocation        = false                                  {pd product} {ergonomic}

Logging:
Log output configuration:
 #0: stdout all=warning uptime,level,tags foldmultilines=false
 #1: stderr all=off uptime,level,tags foldmultilines=false

Environment Variables:
PATH=C:\Program Files\Common Files\Oracle\Java\javapath;C:\Program Files (x86)\Common Files\Oracle\Java\java8path;C:\Program Files (x86)\Common Files\Oracle\Java\javapath;C:\Program Files (x86)\Razer Chroma SDK\bin;C:\Program Files\Razer Chroma SDK\bin;C:\Program Files (x86)\Razer\ChromaBroadcast\bin;C:\Program Files\Razer\ChromaBroadcast\bin;C:\WINDOWS\system32;C:\WINDOWS;C:\WINDOWS\System32\Wbem;C:\WINDOWS\System32\WindowsPowerShell\v1.0\;C:\WINDOWS\System32\OpenSSH\;C:\Program Files (x86)\Intel\Intel(R) Management Engine Components\DAL;C:\Program Files\Intel\Intel(R) Management Engine Components\DAL;C:\WINDOWS\system32\config\systemprofile\AppData\Local\Microsoft\WindowsApps;C:\Program Files (x86)\NVIDIA Corporation\PhysX\Common;;C:\Users\Travis\AppData\Local\Microsoft\WindowsApps;C:\adb;C:\Program Files (x86)\dotnet\;C:\Program Files\PuTTY\;C:\Program Files\dotnet\;C:\Program Files\Microsoft VS Code\bin;C:\WINDOWS\system32;C:\WINDOWS;C:\WINDOWS\System32\Wbem;C:\WINDOWS\System32\WindowsPowerShell\v1.0\;C:\WINDOWS\System32\OpenSSH\;C:\Program Files\NVIDIA Corporation\NVIDIA app\NvDLISR;C:\Program Files\PowerToys\DSCModules\;C:\Program Files\nodejs\;C:\ProgramData\chocolatey\bin;C:\Users\Travis\AppData\Local\Microsoft\WindowsApps;C:\Users\Travis\AppData\Roaming\npm;C:\Users\Travis\.lmstudio\bin;C:\Users\Travis\AppData\Local\Programs\Ollama
USERNAME=Travis
OS=Windows_NT
PROCESSOR_IDENTIFIER=Intel64 Family 6 Model 158 Stepping 12, GenuineIntel
TMP=C:\Users\Travis\AppData\Local\Temp
TEMP=C:\Users\Travis\AppData\Local\Temp




Periodic native trim disabled

---------------  S Y S T E M  ---------------

OS:
 Windows 11 , 64 bit Build 26100 (10.0.26100.7920)
OS uptime: 0 days 18:16 hours
Hyper-V role detected

CPU: total 16 (initial active 16) (8 cores per cpu, 2 threads per core) family 6 model 158 stepping 12 microcode 0xde, cx8, cmov, fxsr, ht, mmx, 3dnowpref, sse, sse2, sse3, ssse3, sse4.1, sse4.2, popcnt, lzcnt, tsc, tscinvbit, avx, avx2, aes, erms, clmul, bmi1, bmi2, rtm, adx, fma, vzeroupper, clflush, clflushopt, hv, rdtscp, f16c
Processor Information for all 16 processors :
  Max Mhz: 3600, Current Mhz: 3600, Mhz Limit: 3600

Memory: 4k page, system-wide physical 65465M (39609M free)
TotalPageFile size 69561M (AvailPageFile size 40608M)
current process WorkingSet (physical memory assigned to process): 1447M, peak: 1449M
current process commit charge ("private bytes"): 1502M, peak: 1502M

vm_info: Java HotSpot(TM) 64-Bit Server VM (21.0.10+8-LTS-217) for windows-amd64 JRE (21.0.10+8-LTS-217), built on 2025-12-18T14:59:28Z by "mach5run" with MS VC++ 17.13 (VS2022)

END.
